schema_version,run_id,created_at_utc,prediction_date,as_of_date,data_snapshot_hash,config_hash,target_mode,band,imputed_features,macro_snapshot_hash,macro_history_mode,prediction,p_down,p_flat,p_up,model,record_id,kind,horizon_days,target_date,horizon,trading_days,current_close,signal,predicted_return,predicted_close,center_close,low_close,high_close,band_coverage,vol_model,model_mae,zero_baseline_mae,mae_diff_lo,mae_diff_hi,oof_slope,actual_open,actual_close,actual_return,actual_class,direction_correct,price_error,absolute_price_error,price_ape,return_error,interval_hit,center_price_error,log_loss,brier,status,is_prospective,actual_updated_at_utc,runtime,versions_hash,raw_predicted_return,predicted_open,center_open,low_open,high_open,gap_sign_auc,gap_corr,event_flags,source_model,information_cutoff,gap,gap_rule_label,gap_clamped,open_price
2,20260906T070239_383ae9a0bc9c,2026-09-06 07:02:46.507827+00:00,2026-09-07,2026-09-04,d3974f1cd0399082f1f7,0464a8f5fe0430d37f44,close_to_close,0.0142953828943315,{},7ed3ebee8562f01fbf17,lagged_latest_vintage,상승,0.2248209873593668,0.3605971006677941,0.414581911972839,Logistic,20260906T070239_383ae9a0bc9c:direction:Logistic,direction,1,2026-09-07,,,,,,,,,,,,,,,,,1737000.0,1783000.0,0.08257437765634479,2.0,1.0,,,,,,,0.8804847075905436,0.5232890831566366,scored,True,2026-09-24T03:22:24.627208+00:00,,,,,,,,,,,,,,,,
2,20260906T070239_383ae9a0bc9c,2026-09-06 07:02:46.507827+00:00,2026-09-07,2026-09-04,d3974f1cd0399082f1f7,0464a8f5fe0430d37f44,close_to_close,0.0142953828943315,{},7ed3ebee8562f01fbf17,lagged_latest_vintage,상승,0.1716078599345654,0.2628268255034225,0.5655653145620121,LightGBM,20260906T070239_383ae9a0bc9c:direction:LightGBM,direction,1,2026-09-07,,,,,,,,,,,,,,,,,1737000.0,1783000.0,0.08257437765634479,2.0,1.0,,,,,,,0.569929491312034,0.2872606937071314,scored,True,2026-09-24T03:22:24.627208+00:00,,,,,,,,,,,,,,,,
2,20260906T070239_383ae9a0bc9c,2026-09-06 07:02:46.507827+00:00,2026-09-07,2026-09-04,d3974f1cd0399082f1f7,0464a8f5fe0430d37f44,close_to_close,0.0142953828943315,{},7ed3ebee8562f01fbf17,lagged_latest_vintage,상승,0.1982144236469661,0.3117119630856083,0.4900736132674256,Mean ensemble,20260906T070239_383ae9a0bc9c:direction:Mean ensemble,direction,1,2026-09-07,,,,,,,,,,,,,,,,,1737000.0,1783000.0,0.08257437765634479,2.0,1.0,,,,,,,0.7131996680030237,0.3964782255585216,scored,True,2026-09-24T03:22:24.627208+00:00,,,,,,,,,,,,,,,,
2,20260906T070239_383ae9a0bc9c,2026-09-06 07:02:46.507827+00:00,2026-09-07,2026-09-04,d3974f1cd0399082f1f7,0464a8f5fe0430d37f44,close_to_close,0.0142953828943315,{},7ed3ebee8562f01fbf17,lagged_latest_vintage,상승,0.171086708762461,0.2975677083379072,0.5313455828996319,No macro ensemble,20260906T070239_383ae9a0bc9c:direction:No macro ensemble,direction,1,2026-09-07,,,,,,,,,,,,,,,,,1737000.0,1783000.0,0.08257437765634479,2.0,1.0,,,,,,,0.6323426541750596,0.33745416562833075,scored,True,2026-09-24T03:22:24.627208+00:00,,,,,,,,,,,,,,,,
2,20260906T070239_383ae9a0bc9c,2026-09-06 07:02:46.507827+00:00,2026-09-07,2026-09-04,d3974f1cd0399082f1f7,0464a8f5fe0430d37f44,close_to_close,0.0142953828943315,{},7ed3ebee8562f01fbf17,lagged_latest_vintage,,,,,Ridge,20260906T070239_383ae9a0bc9c:price:1,price,1,2026-09-07,1거래일,1.0,1647000.0,있음,0.0135688904993412,1669347.962652415,1669347.962652415,1571376.066801102,1767319.8585037277,0.8050314465408805,simple,0.0308032088707645,0.0336644703129622,-0.0038927575871441,-0.0019121128263163,1.0,1737000.0,1783000.0,0.08257437765634479,,,-113652.03734758496,113652.03734758496,0.06374202879842118,-0.06900548715700358,0.0,-113652.03734758496,,,scored,True,2026-09-24T03:22:24.627208+00:00,,,,,,,,,,,,,,,,
2,20260906T070239_383ae9a0bc9c,2026-09-06 07:02:46.507827+00:00,2026-09-07,2026-09-04,d3974f1cd0399082f1f7,0464a8f5fe0430d37f44,close_to_close,0.0142953828943315,{},7ed3ebee8562f01fbf17,lagged_latest_vintage,,,,,Ridge,20260906T070239_383ae9a0bc9c:price:5,price,5,2026-09-11,1주일,5.0,1647000.0,없음,,,1647000.0,1424175.2606330032,1869824.7393669968,0.7494736842105263,simple,0.0765736141161254,0.0787935772918985,0.0,0.0,0.0,1773000.0,1812000.0,0.10018214936247727,,,,,,,1.0,-165000.0,,,scored,True,2026-09-24T03:22:24.627208+00:00,,,,,,,,,,,,,,,,
2,20260906T070239_383ae9a0bc9c,2026-09-06 07:02:46.507827+00:00,2026-09-07,2026-09-04,d3974f1cd0399082f1f7,0464a8f5fe0430d37f44,close_to_close,0.0142953828943315,{},7ed3ebee8562f01fbf17,lagged_latest_vintage,,,,,Ridge,20260906T070239_383ae9a0bc9c:price:20,price,20,2026-10-07,1개월,20.0,1647000.0,있음,0.0440980067097748,1719629.417050999,1719629.417050999,1236766.748975163,2202492.0851268345,0.6801705756929638,simple,0.2006015354844252,0.199479058883374,-0.0059553818983713,0.0056006870470355,0.4396075113307627,1728000.0,1723000.0,0.04614450516089863,,,-3370.5829490011092,3370.5829490011092,0.00195622922170697,-0.0020464984511238335,1.0,-3370.5829490011092,,,scored,True,2026-10-07T07:11:06.056567+00:00,,,,,,,,,,,,,,,,
3,20260906T234747_8ecf765973f1,2026-09-06 23:47:54.568313+00:00,2026-09-07,2026-09-04,d15fe5eb92df79d15f75,cb6a70d1f50a0681a9bb,close_to_close,0.0142953828943315,{},7ed3ebee8562f01fbf17,lagged_latest_vintage,상승,0.2298438699716853,0.3562763336175149,0.4138797964107998,Logistic,20260906T234747_8ecf765973f1:direction:Logistic,direction,1,2026-09-07,,,,,,,,,,,,,,,,,1737000.0,1783000.0,0.08257437765634479,2.0,1.0,,,,,,,0.8821796941494422,0.5232979235149452,scored,True,2026-09-24T03:22:24.627208+00:00,github-actions,7fa00c14b86e,,,,,,,,,,,,,,
3,20260906T234747_8ecf765973f1,2026-09-06 23:47:54.568313+00:00,2026-09-07,2026-09-04,d15fe5eb92df79d15f75,cb6a70d1f50a0681a9bb,close_to_close,0.0142953828943315,{},7ed3ebee8562f01fbf17,lagged_latest_vintage,상승,0.15856580677699,0.2688104292612815,0.5726237639617285,LightGBM,20260906T234747_8ecf765973f1:direction:LightGBM,direction,1,2026-09-07,,,,,,,,,,,,,,,,,1737000.0,1783000.0,0.08257437765634479,2.0,1.0,,,,,,,0.5575263853250767,0.28005260908871243,scored,True,2026-09-24T03:22:24.627208+00:00,github-actions,7fa00c14b86e,,,,,,,,,,,,,,
3,20260906T234747_8ecf765973f1,2026-09-06 23:47:54.568313+00:00,2026-09-07,2026-09-04,d15fe5eb92df79d15f75,cb6a70d1f50a0681a9bb,close_to_close,0.0142953828943315,{},7ed3ebee8562f01fbf17,lagged_latest_vintage,상승,0.1942048383743377,0.3125433814393982,0.4932517801862641,Mean ensemble,20260906T234747_8ecf765973f1:direction:Mean ensemble,direction,1,2026-09-07,,,,,,,,,,,,,,,,,1737000.0,1783000.0,0.08257437765634479,2.0,1.0,,,,,,,0.7067355249906102,0.39219264281396615,scored,True,2026-09-24T03:22:24.627208+00:00,github-actions,7fa00c14b86e,,,,,,,,,,,,,,
3,20260906T234747_8ecf765973f1,2026-09-06 23:47:54.568313+00:00,2026-09-07,2026-09-04,d15fe5eb92df79d15f75,cb6a70d1f50a0681a9bb,close_to_close,0.0142953828943315,{},7ed3ebee8562f01fbf17,lagged_latest_vintage,상승,0.1886637315961989,0.3417613374030909,0.46957493100071,No macro ensemble,20260906T234747_8ecf765973f1:direction:No macro ensemble,direction,1,2026-09-07,,,,,,,,,,,,,,,,,1737000.0,1783000.0,0.08257437765634479,2.0,1.0,,,,,,,0.7559273956225349,0.4337455691862534,scored,True,2026-09-24T03:22:24.627208+00:00,github-actions,7fa00c14b86e,,,,,,,,,,,,,,
3,20260906T234747_8ecf765973f1,2026-09-06 23:47:54.568313+00:00,2026-09-07,2026-09-04,d15fe5eb92df79d15f75,cb6a70d1f50a0681a9bb,close_to_close,0.0142953828943315,{},7ed3ebee8562f01fbf17,lagged_latest_vintage,,,,,Ridge,20260906T234747_8ecf765973f1:price:1,price,1,2026-09-07,1거래일,1.0,1647000.0,있음,0.0128873556540735,1668225.4747622593,1668225.4747622593,1570180.8619951636,1766270.0875293547,0.8029350104821803,simple,0.0307446777343643,0.0336644703129622,-0.0039229285342414,-0.0019679892153234,1.0,1737000.0,1783000.0,0.08257437765634479,,,-114774.52523774072,114774.52523774072,0.06437157893311313,-0.06968702200227128,0.0,-114774.52523774072,,,scored,True,2026-09-24T03:22:24.627208+00:00,github-actions,7fa00c14b86e,,,,,,,,,,,,,,
3,20260906T234747_8ecf765973f1,2026-09-06 23:47:54.568313+00:00,2026-09-07,2026-09-04,d15fe5eb92df79d15f75,cb6a70d1f50a0681a9bb,close_to_close,0.0142953828943315,{},7ed3ebee8562f01fbf17,lagged_latest_vintage,,,,,Ridge,20260906T234747_8ecf765973f1:price:5,price,5,2026-09-11,1주일,5.0,1647000.0,없음,,,1647000.0,1424175.239992926,1869824.760007074,0.7494736842105263,simple,0.0758787140145595,0.0787935772918985,0.0,0.0,0.0,1773000.0,1812000.0,0.10018214936247727,,,,,,,1.0,-165000.0,,,scored,True,2026-09-24T03:22:24.627208+00:00,github-actions,7fa00c14b86e,,,,,,,,,,,,,,
3,20260906T234747_8ecf765973f1,2026-09-06 23:47:54.568313+00:00,2026-09-07,2026-09-04,d15fe5eb92df79d15f75,cb6a70d1f50a0681a9bb,close_to_close,0.0142953828943315,{},7ed3ebee8562f01fbf17,lagged_latest_vintage,,,,,Ridge,20260906T234747_8ecf765973f1:price:20,price,20,2026-10-07,1개월,20.0,1647000.0,있음,0.0340024573455885,1703002.0472481844,1703002.0472481844,1220377.52476492,2185626.569731449,0.6801705756929638,simple,0.1978842734450201,0.199479058883374,-0.0060353264782457,0.0034123388615011,0.4176506823446645,1728000.0,1723000.0,0.04614450516089863,,,-19997.952751815552,19997.952751815552,0.011606472868145996,-0.012142047815310128,1.0,-19997.952751815552,,,scored,True,2026-10-07T07:11:06.056567+00:00,github-actions,7fa00c14b86e,,,,,,,,,,,,,,
3,20260907T081235_13f5df5a2f7f,2026-09-07 08:12:44.664958+00:00,2026-09-08,2026-09-07,c92e110ee9e1271ae7ec,a5cc2a709bb33ff3d7f7,close_to_close,0.0146249079769912,{},7ed3ebee8562f01fbf17,lagged_latest_vintage,보합,0.3110442344514789,0.3675884584190455,0.3213673071294756,Logistic,20260907T081235_13f5df5a2f7f:direction:Logistic,direction,1,2026-09-08,,,,,,,,,,,,,,,,,1799000.0,1793000.0,0.005608524957936067,1.0,1.0,,,,,,,1.0007912861125323,0.5999698198019566,scored,True,2026-09-24T03:22:24.627208+00:00,github-actions,7fa00c14b86e,,,,,,,,,,,,,,
3,20260907T081235_13f5df5a2f7f,2026-09-07 08:12:44.664958+00:00,2026-09-08,2026-09-07,c92e110ee9e1271ae7ec,a5cc2a709bb33ff3d7f7,close_to_close,0.0146249079769912,{},7ed3ebee8562f01fbf17,lagged_latest_vintage,상승,0.1472751319193161,0.240757349965917,0.6119675181147668,LightGBM,20260907T081235_13f5df5a2f7f:direction:LightGBM,direction,1,2026-09-08,,,,,,,,,,,,,,,,,1799000.0,1793000.0,0.005608524957936067,1.0,0.0,,,,,,,1.4239656993164709,0.9726436093401765,scored,True,2026-09-24T03:22:24.627208+00:00,github-actions,7fa00c14b86e,,,,,,,,,,,,,,
3,20260907T081235_13f5df5a2f7f,2026-09-07 08:12:44.664958+00:00,2026-09-08,2026-09-07,c92e110ee9e1271ae7ec,a5cc2a709bb33ff3d7f7,close_to_close,0.0146249079769912,{},7ed3ebee8562f01fbf17,lagged_latest_vintage,상승,0.2291596831853975,0.3041729041924813,0.4666674126221212,Mean ensemble,20260907T081235_13f5df5a2f7f:direction:Mean ensemble,direction,1,2026-09-08,,,,,,,,,,,,,,,,,1799000.0,1793000.0,0.005608524957936067,1.0,0.0,,,,,,,1.1901589754696795,0.7544679816609828,scored,True,2026-09-24T03:22:24.627208+00:00,github-actions,7fa00c14b86e,,,,,,,,,,,,,,
3,20260907T081235_13f5df5a2f7f,2026-09-07 08:12:44.664958+00:00,2026-09-08,2026-09-07,c92e110ee9e1271ae7ec,a5cc2a709bb33ff3d7f7,close_to_close,0.0146249079769912,{},7ed3ebee8562f01fbf17,lagged_latest_vintage,상승,0.2159024867432961,0.37124940011737,0.4128481131393339,No macro ensemble,20260907T081235_13f5df5a2f7f:direction:No macro ensemble,direction,1,2026-09-08,,,,,,,,,,,,,,,,,1799000.0,1793000.0,0.005608524957936067,1.0,0.0,,,,,,,0.9908812047120011,0.6123847651574144,scored,True,2026-09-24T03:22:24.627208+00:00,github-actions,7fa00c14b86e,,,,,,,,,,,,,,
3,20260907T081235_13f5df5a2f7f,2026-09-07 08:12:44.664958+00:00,2026-09-08,2026-09-07,c92e110ee9e1271ae7ec,a5cc2a709bb33ff3d7f7,close_to_close,0.0146249079769912,{},7ed3ebee8562f01fbf17,lagged_latest_vintage,상승,0.234143007222939,0.3687363535876677,0.3971206391893932,No NSI ensemble,20260907T081235_13f5df5a2f7f:direction:No NSI ensemble,direction,1,2026-09-08,,,,,,,,,,,,,,,,,1799000.0,1793000.0,0.005608524957936067,1.0,0.0,,,,,,,0.9976733792327755,0.6110215411833876,scored,True,2026-09-24T03:22:24.627208+00:00,github-actions,7fa00c14b86e,,,,,,,,,,,,,,
3,20260907T081235_13f5df5a2f7f,2026-09-07 08:12:44.664958+00:00,2026-09-08,2026-09-07,c92e110ee9e1271ae7ec,a5cc2a709bb33ff3d7f7,close_to_close,0.0146249079769912,{},7ed3ebee8562f01fbf17,lagged_latest_vintage,,,,,Ridge,20260907T081235_13f5df5a2f7f:price:1,price,1,2026-09-08,1거래일,1.0,1783000.0,있음,0.0091094313699438,1799242.1161326098,1799242.1161326098,1690000.9125613966,1908483.319703823,0.805439330543933,simple,0.0308618521202377,0.0337667922948522,-0.0040154924684027,-0.0019085102392527,1.0,1799000.0,1793000.0,0.005608524957936067,,,6242.116132609779,6242.116132609779,0.003481380999782364,0.0035009064120077333,1.0,6242.116132609779,,,scored,True,2026-09-24T03:22:24.627208+00:00,github-actions,7fa00c14b86e,0.0091094313699438,,,,,,,,,,,,,
3,20260907T081235_13f5df5a2f7f,2026-09-07 08:12:44.664958+00:00,2026-09-08,2026-09-07,c92e110ee9e1271ae7ec,a5cc2a709bb33ff3d7f7,close_to_close,0.0146249079769912,{},7ed3ebee8562f01fbf17,lagged_latest_vintage,,,,,Ridge,20260907T081235_13f5df5a2f7f:price:5,price,5,2026-09-14,1주일,5.0,1783000.0,없음,,,1783000.0,1536214.8813855038,2029785.118614496,0.7494736842105263,simple,0.0759779118802995,0.0786702677599089,0.0,0.0,0.0,1707000.0,1697000.0,-0.04823331463825009,,,,,,,1.0,86000.0,,,scored,True,2026-09-24T03:22:24.627208+00:00,github-actions,7fa00c14b86e,0.0204092486816326,,,,,,,,,,,,,
3,20260907T081235_13f5df5a2f7f,2026-09-07 08:12:44.664958+00:00,2026-09-08,2026-09-07,c92e110ee9e1271ae7ec,a5cc2a709bb33ff3d7f7,close_to_close,0.0146249079769912,{},7ed3ebee8562f01fbf17,lagged_latest_vintage,,,,,Ridge,20260907T081235_13f5df5a2f7f:price:20,price,20,2026-10-08,1개월,20.0,1783000.0,있음,0.037065099732602,1849087.0728232288,1849087.0728232288,1314633.838506174,2383540.307140285,0.6801705756929638,simple,0.1982815301659695,0.1999044321157107,-0.0056765419398158,0.0035471561636459,0.4204144323337561,,,,,,,,,,,,,,pending,True,2026-09-24T03:22:24.627208+00:00,github-actions,7fa00c14b86e,0.0881632429382847,,,,,,,,,,,,,
3,20260907T081235_13f5df5a2f7f,2026-09-07 08:12:44.664958+00:00,2026-09-08,2026-09-07,c92e110ee9e1271ae7ec,a5cc2a709bb33ff3d7f7,close_to_close,0.0146249079769912,{},7ed3ebee8562f01fbf17,lagged_latest_vintage,,,,,Ridge,20260907T081235_13f5df5a2f7f:open:1,open,1,2026-09-08,시초가,1.0,1783000.0,있음,0.0180536638945341,,,,,0.8170731707317073,,0.017652751458377,0.0232668343306176,-0.0070561269872334,-0.0042524368893377,1.0,1799000.0,1793000.0,0.008973639932697619,,,16189.68272395432,16189.68272395432,0.008999267773181946,0.009080023961836482,1.0,16189.68272395432,,,scored,True,2026-09-24T03:22:24.627208+00:00,github-actions,7fa00c14b86e,0.0180536638945341,1815189.6827239543,1815189.6827239543,1738225.3648092858,1892154.000638623,0.8067343489894594,0.6267964947001252,,,,,,,
3,20260908T185203_b1a35df25f77,2026-09-08 18:52:16.900947+00:00,2026-09-09,2026-09-08,b6b368fc0150b35b266b,15c2fee718d49a56adee,close_to_close,0.0146008571740445,{},7ed3ebee8562f01fbf17,lagged_latest_vintage,상승,0.2464557549263129,0.3084938664061069,0.4450503786675801,Logistic,20260908T185203_b1a35df25f77:direction:Logistic,direction,1,2026-09-09,,,,,,,,,,,,,,,,,1795000.0,1856000.0,0.03513664249860571,2.0,1.0,,,,,,,0.8095677927347764,0.463877986963484,scored,True,2026-09-24T03:22:24.627208+00:00,github-actions,7fa00c14b86e,,,,,,,,,,,,,,
3,20260908T185203_b1a35df25f77,2026-09-08 18:52:16.900947+00:00,2026-09-09,2026-09-08,b6b368fc0150b35b266b,15c2fee718d49a56adee,close_to_close,0.0146008571740445,{},7ed3ebee8562f01fbf17,lagged_latest_vintage,상승,0.1748430521066109,0.3041650969407271,0.520991850952662,LightGBM,20260908T185203_b1a35df25f77:direction:LightGBM,direction,1,2026-09-09,,,,,,,,,,,,,,,,,1795000.0,1856000.0,0.03513664249860571,2.0,1.0,,,,,,,0.6520208785168105,0.3525353059206737,scored,True,2026-09-24T03:22:24.627208+00:00,github-actions,7fa00c14b86e,,,,,,,,,,,,,,
3,20260908T185203_b1a35df25f77,2026-09-08 18:52:16.900947+00:00,2026-09-09,2026-09-08,b6b368fc0150b35b266b,15c2fee718d49a56adee,close_to_close,0.0146008571740445,{},7ed3ebee8562f01fbf17,lagged_latest_vintage,상승,0.2106494035164619,0.306329481673417,0.483021114810121,Mean ensemble,20260908T185203_b1a35df25f77:direction:Mean ensemble,direction,1,2026-09-09,,,,,,,,,,,,,,,,,1795000.0,1856000.0,0.03513664249860571,2.0,1.0,,,,,,,0.7276949103220957,0.40547809027631554,scored,True,2026-09-24T03:22:24.627208+00:00,github-actions,7fa00c14b86e,,,,,,,,,,,,,,
3,20260908T185203_b1a35df25f77,2026-09-08 18:52:16.900947+00:00,2026-09-09,2026-09-08,b6b368fc0150b35b266b,15c2fee718d49a56adee,close_to_close,0.0146008571740445,{},7ed3ebee8562f01fbf17,lagged_latest_vintage,상승,0.1876499160051132,0.3431444441560523,0.4692056398388345,No macro ensemble,20260908T185203_b1a35df25f77:direction:No macro ensemble,direction,1,2026-09-09,,,,,,,,,,,,,,,,,1795000.0,1856000.0,0.03513664249860571,2.0,1.0,,,,,,,0.7567141421581896,0.4347032533107933,scored,True,2026-09-24T03:22:24.627208+00:00,github-actions,7fa00c14b86e,,,,,,,,,,,,,,
3,20260908T185203_b1a35df25f77,2026-09-08 18:52:16.900947+00:00,2026-09-09,2026-09-08,b6b368fc0150b35b266b,15c2fee718d49a56adee,close_to_close,0.0146008571740445,{},7ed3ebee8562f01fbf17,lagged_latest_vintage,상승,0.2021464657706582,0.3182234384419865,0.4796300957873551,No NSI ensemble,20260908T185203_b1a35df25f77:direction:No NSI ensemble,direction,1,2026-09-09,,,,,,,,,,,,,,,,,1795000.0,1856000.0,0.03513664249860571,2.0,1.0,,,,,,,0.7347401059473944,0.4129141876076859,scored,True,2026-09-24T03:22:24.627208+00:00,github-actions,7fa00c14b86e,,,,,,,,,,,,,,
3,20260908T185203_b1a35df25f77,2026-09-08 18:52:16.900947+00:00,2026-09-09,2026-09-08,b6b368fc0150b35b266b,15c2fee718d49a56adee,close_to_close,0.0146008571740445,{},7ed3ebee8562f01fbf17,lagged_latest_vintage,상승,0.2064617278152601,0.3109572806086104,0.4825809915761294,No flow ensemble,20260908T185203_b1a35df25f77:direction:No flow ensemble,direction,1,2026-09-09,,,,,,,,,,,,,,,,,1795000.0,1856000.0,0.03513664249860571,2.0,1.0,,,,,,,0.7286065141008364,0.4070433056943061,scored,True,2026-09-24T03:22:24.627208+00:00,github-actions,7fa00c14b86e,,,,,,,,,,,,,,
3,20260908T185203_b1a35df25f77,2026-09-08 18:52:16.900947+00:00,2026-09-09,2026-09-08,b6b368fc0150b35b266b,15c2fee718d49a56adee,close_to_close,0.0146008571740445,{},7ed3ebee8562f01fbf17,lagged_latest_vintage,,,,,Ridge,20260908T185203_b1a35df25f77:price:1,price,1,2026-09-09,1거래일,1.0,1793000.0,있음,0.0114175443221908,1813471.6569696884,1813471.6569696884,1704307.6587500942,1922635.6551892825,0.8050314465408805,simple,0.0305600642426634,0.0334702688579773,-0.0040072305048314,-0.00192449547535,1.0,1795000.0,1856000.0,0.03513664249860571,,,-42528.34303031163,42528.34303031163,0.02291397792581446,-0.023719098176414908,1.0,-42528.34303031163,,,scored,True,2026-09-24T03:22:24.627208+00:00,github-actions,7fa00c14b86e,0.0114175443221908,,,,,,,,,,,,,
3,20260908T185203_b1a35df25f77,2026-09-08 18:52:16.900947+00:00,2026-09-09,2026-09-08,b6b368fc0150b35b266b,15c2fee718d49a56adee,close_to_close,0.0146008571740445,{},7ed3ebee8562f01fbf17,lagged_latest_vintage,,,,,Ridge,20260908T185203_b1a35df25f77:price:5,price,5,2026-09-15,1주일,5.0,1793000.0,없음,,,1793000.0,1544043.097073254,2041956.902926746,0.7531645569620253,simple,0.0758066715227372,0.0784897406026514,0.0,0.0,0.0,1690000.0,1690000.0,-0.05744562186279978,,,,,,,1.0,103000.0,,,scored,True,2026-09-24T03:22:24.627208+00:00,github-actions,7fa00c14b86e,0.0246133027749339,,,,,,,,,,,,,
3,20260908T185203_b1a35df25f77,2026-09-08 18:52:16.900947+00:00,2026-09-09,2026-09-08,b6b368fc0150b35b266b,15c2fee718d49a56adee,close_to_close,0.0146008571740445,{},7ed3ebee8562f01fbf17,lagged_latest_vintage,,,,,Ridge,20260908T185203_b1a35df25f77:price:20,price,20,2026-10-12,1개월,20.0,1793000.0,없음,,,1793000.0,1268354.3828032934,2317645.6171967066,0.6645299145299145,simple,0.1980119041442818,0.1996150519143617,0.0,0.0,0.0,,,,,,,,,,,,,,pending,True,2026-09-24T03:22:24.627208+00:00,github-actions,7fa00c14b86e,0.0876869376819715,,,,,,,,,,,,,
3,20260908T185203_b1a35df25f77,2026-09-08 18:52:16.900947+00:00,2026-09-09,2026-09-08,b6b368fc0150b35b266b,15c2fee718d49a56adee,close_to_close,0.0146008571740445,{},7ed3ebee8562f01fbf17,lagged_latest_vintage,,,,,Ridge,20260908T185203_b1a35df25f77:open:1,open,1,2026-09-09,시초가예측,1.0,1793000.0,있음,0.0198382996022701,,,,,0.8237347294938918,,0.0173296085454922,0.0229989907294005,-0.007089475327811,-0.0042920209826196,1.0,1795000.0,1856000.0,0.001115448968209698,,,33570.07118687034,33570.07118687034,0.01870198951914782,0.0187228506340604,1.0,33570.07118687034,,,scored,True,2026-09-24T03:22:24.627208+00:00,github-actions,7fa00c14b86e,0.0198382996022701,1828570.0711868703,1828570.0711868703,1751431.6859286136,1905708.456445127,0.8077454132435334,0.6309856762871185,,,,,,,
3,20260909T115114_beb5592a94d9,2026-09-09 11:51:30.537803+00:00,2026-09-10,2026-09-09,29e8ceb7612c46774a80,4f89248afed926b75d78,close_to_close,0.0146590562815621,{},7ed3ebee8562f01fbf17,lagged_latest_vintage,하락,0.4587962764142834,0.2712350270520158,0.2699686965337007,Logistic,20260909T115114_beb5592a94d9:direction:Logistic,direction,1,2026-09-10,,,,,,,,,,,,,,,,,1879000.0,1853000.0,-0.001616379310344862,1.0,0.0,,,,,,,1.3047695754592696,0.814475506155593,scored,True,2026-09-24T03:22:24.627208+00:00,github-actions,7fa00c14b86e,,,,,,,,,,,,,,
3,20260909T115114_beb5592a94d9,2026-09-09 11:51:30.537803+00:00,2026-09-10,2026-09-09,29e8ceb7612c46774a80,4f89248afed926b75d78,close_to_close,0.0146590562815621,{},7ed3ebee8562f01fbf17,lagged_latest_vintage,하락,0.3962099050316892,0.3165661666914238,0.287223928276887,LightGBM,20260909T115114_beb5592a94d9:direction:LightGBM,direction,1,2026-09-10,,,,,,,,,,,,,,,,,1879000.0,1853000.0,-0.001616379310344862,1.0,0.0,,,,,,,1.1502230017705228,0.7065616783308812,scored,True,2026-09-24T03:22:24.627208+00:00,github-actions,7fa00c14b86e,,,,,,,,,,,,,,
3,20260909T115114_beb5592a94d9,2026-09-09 11:51:30.537803+00:00,2026-09-10,2026-09-09,29e8ceb7612c46774a80,4f89248afed926b75d78,close_to_close,0.0146590562815621,{},7ed3ebee8562f01fbf17,lagged_latest_vintage,하락,0.4275030907229863,0.2939005968717199,0.2785963124052938,Mean ensemble,20260909T115114_beb5592a94d9:direction:Mean ensemble,direction,1,2026-09-10,,,,,,,,,,,,,,,,,1879000.0,1853000.0,-0.001616379310344862,1.0,0.0,,,,,,,1.2245136746926386,0.7589511649616474,scored,True,2026-09-24T03:22:24.627208+00:00,github-actions,7fa00c14b86e,,,,,,,,,,,,,,
3,20260909T115114_beb5592a94d9,2026-09-09 11:51:30.537803+00:00,2026-09-10,2026-09-09,29e8ceb7612c46774a80,4f89248afed926b75d78,close_to_close,0.0146590562815621,{},7ed3ebee8562f01fbf17,lagged_latest_vintage,하락,0.4161283819261587,0.3134017854837042,0.270469832590137,No macro ensemble,20260909T115114_beb5592a94d9:direction:No macro ensemble,direction,1,2026-09-10,,,,,,,,,,,,,,,,,1879000.0,1853000.0,-0.001616379310344862,1.0,0.0,,,,,,,1.160269251936355,0.7177338687627851,scored,True,2026-09-24T03:22:24.627208+00:00,github-actions,7fa00c14b86e,,,,,,,,,,,,,,
3,20260909T115114_beb5592a94d9,2026-09-09 11:51:30.537803+00:00,2026-09-10,2026-09-09,29e8ceb7612c46774a80,4f89248afed926b75d78,close_to_close,0.0146590562815621,{},7ed3ebee8562f01fbf17,lagged_latest_vintage,하락,0.4171369385938052,0.3023672751012106,0.2804957863049842,No NSI ensemble,20260909T115114_beb5592a94d9:direction:No NSI ensemble,direction,1,2026-09-10,,,,,,,,,,,,,,,,,1879000.0,1853000.0,-0.001616379310344862,1.0,0.0,,,,,,,1.1961128577905706,0.7393725305239734,scored,True,2026-09-24T03:22:24.627208+00:00,github-actions,7fa00c14b86e,,,,,,,,,,,,,,
3,20260909T115114_beb5592a94d9,2026-09-09 11:51:30.537803+00:00,2026-09-10,2026-09-09,29e8ceb7612c46774a80,4f89248afed926b75d78,close_to_close,0.0146590562815621,{},7ed3ebee8562f01fbf17,lagged_latest_vintage,하락,0.4244968618550381,0.2886060257054652,0.2868971124394966,No flow ensemble,20260909T115114_beb5592a94d9:direction:No flow ensemble,direction,1,2026-09-10,,,,,,,,,,,,,,,,,1879000.0,1853000.0,-0.001616379310344862,1.0,0.0,,,,,,,1.2426927537700156,0.7685889255134698,scored,True,2026-09-24T03:22:24.627208+00:00,github-actions,7fa00c14b86e,,,,,,,,,,,,,,
3,20260909T115114_beb5592a94d9,2026-09-09 11:51:30.537803+00:00,2026-09-10,2026-09-09,29e8ceb7612c46774a80,4f89248afed926b75d78,close_to_close,0.0146590562815621,{},7ed3ebee8562f01fbf17,lagged_latest_vintage,하락,0.3844641216440937,0.2917353157435436,0.3238005626123625,No macro price ensemble,20260909T115114_beb5592a94d9:direction:No macro price ensemble,direction,1,2026-09-10,,,,,,,,,,,,,,,,,1879000.0,1853000.0,-0.001616379310344862,1.0,0.0,,,,,,,1.2319083407238183,0.754298328144545,scored,True,2026-09-24T03:22:24.627208+00:00,github-actions,7fa00c14b86e,,,,,,,,,,,,,,
3,20260909T115114_beb5592a94d9,2026-09-09 11:51:30.537803+00:00,2026-09-10,2026-09-09,29e8ceb7612c46774a80,4f89248afed926b75d78,close_to_close,0.0146590562815621,{},7ed3ebee8562f01fbf17,lagged_latest_vintage,,,,,Ridge,20260909T115114_beb5592a94d9:price:1,price,1,2026-09-10,1거래일,1.0,1856000.0,있음,-0.000500145643087,1855071.7296864304,1855071.7296864304,1741263.8588314697,1968879.600541392,0.8071278825995807,simple,0.0305635922198886,0.0334824965585949,-0.0040188440790339,-0.0019180476951592,1.0,1879000.0,1853000.0,-0.001616379310344862,,,2071.7296864304226,2071.7296864304226,0.0011180408453483122,0.0011162336672578621,1.0,2071.7296864304226,,,scored,True,2026-09-24T03:22:24.627208+00:00,github-actions,7fa00c14b86e,-0.000500145643087,,,,,,,,,,,,,
3,20260909T115114_beb5592a94d9,2026-09-09 11:51:30.537803+00:00,2026-09-10,2026-09-09,29e8ceb7612c46774a80,4f89248afed926b75d78,close_to_close,0.0146590562815621,{},7ed3ebee8562f01fbf17,lagged_latest_vintage,,,,,Ridge,20260909T115114_beb5592a94d9:price:5,price,5,2026-09-16,1주일,5.0,1856000.0,없음,,,1856000.0,1598510.8219786107,2113489.178021389,0.751578947368421,simple,0.0759991783439827,0.0786416589612613,0.0,0.0,0.0,1686000.0,1759000.0,-0.05226293103448276,,,,,,,1.0,97000.0,,,scored,True,2026-09-24T03:22:24.627208+00:00,github-actions,7fa00c14b86e,0.009374302862183,,,,,,,,,,,,,
3,20260909T115114_beb5592a94d9,2026-09-09 11:51:30.537803+00:00,2026-09-10,2026-09-09,29e8ceb7612c46774a80,4f89248afed926b75d78,close_to_close,0.0146590562815621,{},7ed3ebee8562f01fbf17,lagged_latest_vintage,,,,,Ridge,20260909T115114_beb5592a94d9:price:20,price,20,2026-10-13,1개월,20.0,1856000.0,없음,,,1856000.0,1311758.8993569545,2400241.1006430457,0.6652452025586354,simple,0.1986179099299154,0.1998343292884267,0.0,0.0,0.0,,,,,,,,,,,,,,pending,True,2026-09-24T03:22:24.627208+00:00,github-actions,7fa00c14b86e,0.0788802292577237,,,,,,,,,,,,,
3,20260909T115114_beb5592a94d9,2026-09-09 11:51:30.537803+00:00,2026-09-10,2026-09-09,29e8ceb7612c46774a80,4f89248afed926b75d78,close_to_close,0.0146590562815621,{},7ed3ebee8562f01fbf17,lagged_latest_vintage,,,,,Ridge,20260909T115114_beb5592a94d9:open:1,open,1,2026-09-10,시초가예측,1.0,1856000.0,있음,0.0017751195700839,,,,,0.8237347294938918,,0.0172872993978105,0.0229606563435395,-0.0071023467392669,-0.0042827897423475,1.0,1879000.0,1853000.0,0.012392241379310276,,,-19705.37807792402,19705.37807792402,0.010487162361854188,-0.010617121809226375,1.0,-19705.37807792402,,,scored,True,2026-09-24T03:22:24.627208+00:00,github-actions,7fa00c14b86e,0.0017751195700839,1859294.621922076,1859294.621922076,1779917.314547762,1938671.9292963888,0.8070759039970963,0.6311504357200937,,,,,,,
3,20260910T114347_850acd9ddb81,2026-09-10 11:44:03.486963+00:00,2026-09-11,2026-09-10,1e8b3ffc73f3d2e1b139,ebdbaad363d27a26ad73,close_to_close,0.0144004404487031,{},7ed3ebee8562f01fbf17,lagged_latest_vintage,상승,0.3657573407030502,0.2444405370289007,0.3898021222680491,Logistic,20260910T114347_850acd9ddb81:direction:Logistic,direction,1,2026-09-11,,,,,,,,,,,,,,,,,1773000.0,1812000.0,-0.0221262817053427,0.0,0.0,,,,,,,1.0057851690083934,0.6139606215397192,scored,True,2026-09-24T03:22:24.627208+00:00,github-actions,7fa00c14b86e,,,,,,,,미국지표:미국 생산자물가(PPI),,,,,,
3,20260910T114347_850acd9ddb81,2026-09-10 11:44:03.486963+00:00,2026-09-11,2026-09-10,1e8b3ffc73f3d2e1b139,ebdbaad363d27a26ad73,close_to_close,0.0144004404487031,{},7ed3ebee8562f01fbf17,lagged_latest_vintage,상승,0.2149864396984998,0.3484601509644148,0.4365534093370855,LightGBM,20260910T114347_850acd9ddb81:direction:LightGBM,direction,1,2026-09-11,,,,,,,,,,,,,,,,,1773000.0,1812000.0,-0.0221262817053427,0.0,0.0,,,,,,,1.5371803240133126,0.9282496458712128,scored,True,2026-09-24T03:22:24.627208+00:00,github-actions,7fa00c14b86e,,,,,,,,미국지표:미국 생산자물가(PPI),,,,,,
3,20260910T114347_850acd9ddb81,2026-09-10 11:44:03.486963+00:00,2026-09-11,2026-09-10,1e8b3ffc73f3d2e1b139,ebdbaad363d27a26ad73,close_to_close,0.0144004404487031,{},7ed3ebee8562f01fbf17,lagged_latest_vintage,상승,0.290371890200775,0.2964503439966577,0.4131777658025672,Mean ensemble,20260910T114347_850acd9ddb81:direction:Mean ensemble,direction,1,2026-09-11,,,,,,,,,,,,,,,,,1773000.0,1812000.0,-0.0221262817053427,0.0,0.0,,,,,,,1.2365927975458988,0.7621707268265585,scored,True,2026-09-24T03:22:24.627208+00:00,github-actions,7fa00c14b86e,,,,,,,,미국지표:미국 생산자물가(PPI),,,,,,
3,20260910T114347_850acd9ddb81,2026-09-10 11:44:03.486963+00:00,2026-09-11,2026-09-10,1e8b3ffc73f3d2e1b139,ebdbaad363d27a26ad73,close_to_close,0.0144004404487031,{},7ed3ebee8562f01fbf17,lagged_latest_vintage,상승,0.2810184145372765,0.334598177311193,0.3843834081515304,No macro ensemble,20260910T114347_850acd9ddb81:direction:No macro ensemble,direction,1,2026-09-11,,,,,,,,,,,,,,,,,1773000.0,1812000.0,-0.0221262817053427,0.0,0.0,,,,,,,1.269335079634403,0.7766410649566502,scored,True,2026-09-24T03:22:24.627208+00:00,github-actions,7fa00c14b86e,,,,,,,,미국지표:미국 생산자물가(PPI),,,,,,
3,20260910T114347_850acd9ddb81,2026-09-10 11:44:03.486963+00:00,2026-09-11,2026-09-10,1e8b3ffc73f3d2e1b139,ebdbaad363d27a26ad73,close_to_close,0.0144004404487031,{},7ed3ebee8562f01fbf17,lagged_latest_vintage,상승,0.2392902945461277,0.2960792361722106,0.4646304692816616,Candidate expanding,20260910T114347_850acd9ddb81:direction:Candidate expanding,direction,1,2026-09-11,,,,,,,,,,,,,,,,,1773000.0,1812000.0,-0.0221262817053427,0.0,0.0,,,,,,,1.4300778425746752,0.8822236430489339,scored,True,2026-09-24T03:22:24.627208+00:00,github-actions,7fa00c14b86e,,,,,,,,미국지표:미국 생산자물가(PPI),,,,,,
3,20260910T114347_850acd9ddb81,2026-09-10 11:44:03.486963+00:00,2026-09-11,2026-09-10,1e8b3ffc73f3d2e1b139,ebdbaad363d27a26ad73,close_to_close,0.0144004404487031,{},7ed3ebee8562f01fbf17,lagged_latest_vintage,상승,0.2842233636442836,0.3080815119537371,0.4076951244019793,No NSI ensemble,20260910T114347_850acd9ddb81:direction:No NSI ensemble,direction,1,2026-09-11,,,,,,,,,,,,,,,,,1773000.0,1812000.0,-0.0221262817053427,0.0,0.0,,,,,,,1.2579948582382374,0.7734657256215496,scored,True,2026-09-24T03:22:24.627208+00:00,github-actions,7fa00c14b86e,,,,,,,,미국지표:미국 생산자물가(PPI),,,,,,
3,20260910T114347_850acd9ddb81,2026-09-10 11:44:03.486963+00:00,2026-09-11,2026-09-10,1e8b3ffc73f3d2e1b139,ebdbaad363d27a26ad73,close_to_close,0.0144004404487031,{},7ed3ebee8562f01fbf17,lagged_latest_vintage,상승,0.2941384458785142,0.3027012530221553,0.4031603010993305,No flow ensemble,20260910T114347_850acd9ddb81:direction:No flow ensemble,direction,1,2026-09-11,,,,,,,,,,,,,,,,,1773000.0,1812000.0,-0.0221262817053427,0.0,0.0,,,,,,,1.223704718135425,0.7524068105504851,scored,True,2026-09-24T03:22:24.627208+00:00,github-actions,7fa00c14b86e,,,,,,,,미국지표:미국 생산자물가(PPI),,,,,,
3,20260910T114347_850acd9ddb81,2026-09-10 11:44:03.486963+00:00,2026-09-11,2026-09-10,1e8b3ffc73f3d2e1b139,ebdbaad363d27a26ad73,close_to_close,0.0144004404487031,{},7ed3ebee8562f01fbf17,lagged_latest_vintage,상승,0.2715435163467364,0.2793710693825981,0.4490854142706654,No macro price ensemble,20260910T114347_850acd9ddb81:direction:No macro price ensemble,direction,1,2026-09-11,,,,,,,,,,,,,,,,,1773000.0,1812000.0,-0.0221262817053427,0.0,0.0,,,,,,,1.3036328712483574,0.8103747522951091,scored,True,2026-09-24T03:22:24.627208+00:00,github-actions,7fa00c14b86e,,,,,,,,미국지표:미국 생산자물가(PPI),,,,,,
3,20260910T114347_850acd9ddb81,2026-09-10 11:44:03.486963+00:00,2026-09-11,2026-09-10,1e8b3ffc73f3d2e1b139,ebdbaad363d27a26ad73,close_to_close,0.0144004404487031,{},7ed3ebee8562f01fbf17,lagged_latest_vintage,,,,,Ridge,20260910T114347_850acd9ddb81:price:1,price,1,2026-09-11,1거래일,1.0,1853000.0,있음,0.003556003018764,1859589.2735937696,1859589.2735937696,1748668.4483788342,1970510.0988087056,0.8071278825995807,simple,0.030492599847818,0.0334192060961027,-0.0040253120528239,-0.0019342786753214,1.0,1773000.0,1812000.0,-0.0221262817053427,,,47589.27359376964,47589.27359376964,0.02626339602305168,0.025682284724106698,1.0,47589.27359376964,,,scored,True,2026-09-24T03:22:24.627208+00:00,github-actions,7fa00c14b86e,0.003556003018764,,,,,,,미국지표:미국 생산자물가(PPI),,,,,,
3,20260910T114347_850acd9ddb81,2026-09-10 11:44:03.486963+00:00,2026-09-11,2026-09-10,1e8b3ffc73f3d2e1b139,ebdbaad363d27a26ad73,close_to_close,0.0144004404487031,{},7ed3ebee8562f01fbf17,lagged_latest_vintage,,,,,Ridge,20260910T114347_850acd9ddb81:price:5,price,5,2026-09-17,1주일,5.0,1853000.0,없음,,,1853000.0,1600462.9683620266,2105537.031637973,0.7494736842105263,simple,0.0761858456126585,0.0788352853456351,0.0,0.0,0.0,1770000.0,1745000.0,-0.05828386400431729,,,,,,,1.0,108000.0,,,scored,True,2026-09-24T03:22:24.627208+00:00,github-actions,7fa00c14b86e,0.0162351262822623,,,,,,,미국지표:미국 생산자물가(PPI),,,,,,
3,20260910T114347_850acd9ddb81,2026-09-10 11:44:03.486963+00:00,2026-09-11,2026-09-10,1e8b3ffc73f3d2e1b139,ebdbaad363d27a26ad73,close_to_close,0.0144004404487031,{},7ed3ebee8562f01fbf17,lagged_latest_vintage,,,,,Ridge,20260910T114347_850acd9ddb81:price:20,price,20,2026-10-14,1개월,20.0,1853000.0,없음,,,1853000.0,1319224.7503993376,2386775.2496006624,0.6652452025586354,simple,0.1991040127409867,0.200204418402227,0.0,0.0,0.0,,,,,,,,,,,,,,pending,True,2026-09-24T03:22:24.627208+00:00,github-actions,7fa00c14b86e,0.0838947856802976,,,,,,,미국지표:미국 생산자물가(PPI),,,,,,
3,20260910T114347_850acd9ddb81,2026-09-10 11:44:03.486963+00:00,2026-09-11,2026-09-10,1e8b3ffc73f3d2e1b139,ebdbaad363d27a26ad73,close_to_close,0.0144004404487031,{},7ed3ebee8562f01fbf17,lagged_latest_vintage,,,,,Candidate HAR interval,20260910T114347_850acd9ddb81:price_candidate:har_interval:5,price,5,2026-09-17,1주일,5.0,1853000.0,없음,,,1853000.0,1658606.840053955,2047393.159946045,0.6168421052631579,har,0.0761858456126585,0.0788352853456351,0.0,0.0,0.0,1770000.0,1745000.0,-0.05828386400431729,,,,,,,1.0,108000.0,,,scored,True,2026-09-24T03:22:24.627208+00:00,github-actions,7fa00c14b86e,0.0162351262822623,,,,,,,미국지표:미국 생산자물가(PPI),,,,,,
3,20260910T114347_850acd9ddb81,2026-09-10 11:44:03.486963+00:00,2026-09-11,2026-09-10,1e8b3ffc73f3d2e1b139,ebdbaad363d27a26ad73,close_to_close,0.0144004404487031,{},7ed3ebee8562f01fbf17,lagged_latest_vintage,,,,,Candidate strict gate,20260910T114347_850acd9ddb81:price_candidate:strict_gate:5,price,5,2026-09-17,1주일,5.0,1853000.0,없음,,,1853000.0,1600462.9683620268,2105537.031637973,0.7494736842105263,simple,0.0761858456126585,0.0788352853456351,0.0,0.0,0.0,1770000.0,1745000.0,-0.05828386400431729,,,,,,,1.0,108000.0,,,scored,True,2026-09-24T03:22:24.627208+00:00,github-actions,7fa00c14b86e,0.0162351262822623,,,,,,,미국지표:미국 생산자물가(PPI),,,,,,
3,20260910T114347_850acd9ddb81,2026-09-10 11:44:03.486963+00:00,2026-09-11,2026-09-10,1e8b3ffc73f3d2e1b139,ebdbaad363d27a26ad73,close_to_close,0.0144004404487031,{},7ed3ebee8562f01fbf17,lagged_latest_vintage,,,,,Candidate HAR interval,20260910T114347_850acd9ddb81:price_candidate:har_interval:20,price,20,2026-10-14,1개월,20.0,1853000.0,없음,,,1853000.0,1437724.8398295604,2268275.16017044,0.5543710021321961,har,0.1991040127409867,0.200204418402227,0.0,0.0,0.0,,,,,,,,,,,,,,pending,True,2026-09-24T03:22:24.627208+00:00,github-actions,7fa00c14b86e,0.0838947856802976,,,,,,,미국지표:미국 생산자물가(PPI),,,,,,
3,20260910T114347_850acd9ddb81,2026-09-10 11:44:03.486963+00:00,2026-09-11,2026-09-10,1e8b3ffc73f3d2e1b139,ebdbaad363d27a26ad73,close_to_close,0.0144004404487031,{},7ed3ebee8562f01fbf17,lagged_latest_vintage,,,,,Ridge,20260910T114347_850acd9ddb81:open:1,open,1,2026-09-11,시초가예측,1.0,1853000.0,있음,0.0049143149517476,,,,,0.8254799301919721,,0.0172554945424626,0.022931641307303,-0.0071088952823906,-0.0042909437932305,1.0,1773000.0,1812000.0,-0.043173232595790645,,,89106.2256055884,89106.2256055884,0.050257318446468364,0.048087547547538245,0.0,89106.2256055884,,,scored,True,2026-09-24T03:22:24.627208+00:00,github-actions,7fa00c14b86e,0.0049143149517476,1862106.2256055884,1862106.2256055884,1783028.8856880409,1941183.565523136,0.8065473219131706,0.6308381246805869,미국지표:미국 생산자물가(PPI),,,,,,
3,20260911T093354_509662e2f5d0,2026-09-11 09:34:15.044184+00:00,2026-09-14,2026-09-11,9923d7beb5e89dddd985,53c9db3770b61e827785,close_to_close,0.0141583556112875,{},7ed3ebee8562f01fbf17,lagged_latest_vintage,하락,0.6216553131485871,0.2104039435269211,0.1679407433244918,Logistic,20260911T093354_509662e2f5d0:direction:Logistic,direction,1,2026-09-14,,,,,,,,,,,,,,,,,1707000.0,1697000.0,-0.06346578366445921,0.0,1.0,,,,,,,0.4753694987708654,0.2156186147887563,scored,True,2026-09-24T03:22:24.627208+00:00,github-actions,7fa00c14b86e,,,,,,,,미국지표:미국 소비자물가(CPI)|미국지표:미국 생산자물가(PPI),,,,,,
3,20260911T093354_509662e2f5d0,2026-09-11 09:34:15.044184+00:00,2026-09-14,2026-09-11,9923d7beb5e89dddd985,53c9db3770b61e827785,close_to_close,0.0141583556112875,{},7ed3ebee8562f01fbf17,lagged_latest_vintage,하락,0.4761947423924358,0.3325187004565074,0.1912865571510567,LightGBM,20260911T093354_509662e2f5d0:direction:LightGBM,direction,1,2026-09-14,,,,,,,,,,,,,,,,,1707000.0,1697000.0,-0.06346578366445921,0.0,1.0,,,,,,,0.7419283857453938,0.4215311809973156,scored,True,2026-09-24T03:22:24.627208+00:00,github-actions,7fa00c14b86e,,,,,,,,미국지표:미국 소비자물가(CPI)|미국지표:미국 생산자물가(PPI),,,,,,
3,20260911T093354_509662e2f5d0,2026-09-11 09:34:15.044184+00:00,2026-09-14,2026-09-11,9923d7beb5e89dddd985,53c9db3770b61e827785,close_to_close,0.0141583556112875,{},7ed3ebee8562f01fbf17,lagged_latest_vintage,하락,0.5489250277705116,0.2714613219917142,0.1796136502377743,Mean ensemble,20260911T093354_509662e2f5d0:direction:Mean ensemble,direction,1,2026-09-14,,,,,,,,,,,,,,,,,1707000.0,1697000.0,-0.06346578366445921,0.0,1.0,,,,,,,0.5997934082360168,0.3094209432610604,scored,True,2026-09-24T03:22:24.627208+00:00,github-actions,7fa00c14b86e,,,,,,,,미국지표:미국 소비자물가(CPI)|미국지표:미국 생산자물가(PPI),,,,,,
3,20260911T093354_509662e2f5d0,2026-09-11 09:34:15.044184+00:00,2026-09-14,2026-09-11,9923d7beb5e89dddd985,53c9db3770b61e827785,close_to_close,0.0141583556112875,{},7ed3ebee8562f01fbf17,lagged_latest_vintage,하락,0.5420856634552189,0.3056225652367366,0.1522917713080446,No macro ensemble,20260911T093354_509662e2f5d0:direction:No macro ensemble,direction,1,2026-09-14,,,,,,,,,,,,,,,,,1707000.0,1697000.0,-0.06346578366445921,0.0,1.0,,,,,,,0.6123312393757944,0.3262834756032721,scored,True,2026-09-24T03:22:24.627208+00:00,github-actions,7fa00c14b86e,,,,,,,,미국지표:미국 소비자물가(CPI)|미국지표:미국 생산자물가(PPI),,,,,,
3,20260911T093354_509662e2f5d0,2026-09-11 09:34:15.044184+00:00,2026-09-14,2026-09-11,9923d7beb5e89dddd985,53c9db3770b61e827785,close_to_close,0.0141583556112875,{},7ed3ebee8562f01fbf17,lagged_latest_vintage,하락,0.5335666182333918,0.2951057451618067,0.1713276366048015,Candidate expanding,20260911T093354_509662e2f5d0:direction:Candidate expanding,direction,1,2026-09-14,,,,,,,,,,,,,,,,,1707000.0,1697000.0,-0.06346578366445921,0.0,1.0,,,,,,,0.6281713458702763,0.3340006595183266,scored,True,2026-09-24T03:22:24.627208+00:00,github-actions,7fa00c14b86e,,,,,,,,미국지표:미국 소비자물가(CPI)|미국지표:미국 생산자물가(PPI),,,,,,
3,20260911T093354_509662e2f5d0,2026-09-11 09:34:15.044184+00:00,2026-09-14,2026-09-11,9923d7beb5e89dddd985,53c9db3770b61e827785,close_to_close,0.0141583556112875,{},7ed3ebee8562f01fbf17,lagged_latest_vintage,하락,0.5302185192907176,0.2856810811410832,0.1841003995681993,No NSI ensemble,20260911T093354_509662e2f5d0:direction:No NSI ensemble,direction,1,2026-09-14,,,,,,,,,,,,,,,,,1707000.0,1697000.0,-0.06346578366445921,0.0,1.0,,,,,,,0.6344660568599617,0.3362012768605147,scored,True,2026-09-24T03:22:24.627208+00:00,github-actions,7fa00c14b86e,,,,,,,,미국지표:미국 소비자물가(CPI)|미국지표:미국 생산자물가(PPI),,,,,,
3,20260911T093354_509662e2f5d0,2026-09-11 09:34:15.044184+00:00,2026-09-14,2026-09-11,9923d7beb5e89dddd985,53c9db3770b61e827785,close_to_close,0.0141583556112875,{},7ed3ebee8562f01fbf17,lagged_latest_vintage,하락,0.5916510067335793,0.2540817847004007,0.1542672085660201,No flow ensemble,20260911T093354_509662e2f5d0:direction:No flow ensemble,direction,1,2026-09-14,,,,,,,,,,,,,,,,,1707000.0,1697000.0,-0.06346578366445921,0.0,1.0,,,,,,,0.524838333583543,0.2551048252569921,scored,True,2026-09-24T03:22:24.627208+00:00,github-actions,7fa00c14b86e,,,,,,,,미국지표:미국 소비자물가(CPI)|미국지표:미국 생산자물가(PPI),,,,,,
3,20260911T093354_509662e2f5d0,2026-09-11 09:34:15.044184+00:00,2026-09-14,2026-09-11,9923d7beb5e89dddd985,53c9db3770b61e827785,close_to_close,0.0141583556112875,{},7ed3ebee8562f01fbf17,lagged_latest_vintage,하락,0.5257836001591397,0.277467820294109,0.1967485795467513,No macro price ensemble,20260911T093354_509662e2f5d0:direction:No macro price ensemble,direction,1,2026-09-14,,,,,,,,,,,,,,,,,1707000.0,1697000.0,-0.06346578366445921,0.0,1.0,,,,,,,0.642865557436876,0.34057958873045496,scored,True,2026-09-24T03:22:24.627208+00:00,github-actions,7fa00c14b86e,,,,,,,,미국지표:미국 소비자물가(CPI)|미국지표:미국 생산자물가(PPI),,,,,,
3,20260911T093354_509662e2f5d0,2026-09-11 09:34:15.044184+00:00,2026-09-14,2026-09-11,9923d7beb5e89dddd985,53c9db3770b61e827785,close_to_close,0.0141583556112875,{},7ed3ebee8562f01fbf17,lagged_latest_vintage,,,,,Ridge,20260911T093354_509662e2f5d0:price:1,price,1,2026-09-14,1거래일,1.0,1812000.0,있음,-0.0092005889768502,1795328.532773947,1795328.532773947,1689622.0171516796,1901035.0483962155,0.7987421383647799,simple,0.030437223049232,0.0334118975207253,-0.0040973339786128,-0.0019968401746501,1.0,1707000.0,1697000.0,-0.06346578366445921,,,98328.53277394711,98328.53277394711,0.057942564981701306,0.05426519468760901,1.0,98328.53277394711,,,scored,True,2026-09-24T03:22:24.627208+00:00,github-actions,7fa00c14b86e,-0.0092005889768502,,,,,,,미국지표:미국 소비자물가(CPI)|미국지표:미국 생산자물가(PPI),,,,,,
3,20260911T093354_509662e2f5d0,2026-09-11 09:34:15.044184+00:00,2026-09-14,2026-09-11,9923d7beb5e89dddd985,53c9db3770b61e827785,close_to_close,0.0141583556112875,{},7ed3ebee8562f01fbf17,lagged_latest_vintage,,,,,Ridge,20260911T093354_509662e2f5d0:price:5,price,5,2026-09-18,1주일,5.0,1812000.0,없음,,,1812000.0,1569201.4841205713,2054798.5158794287,0.7494736842105263,simple,0.0761845756208712,0.07881044091305,0.0,0.0,0.0,1810000.0,1857000.0,0.024834437086092676,,,,,,,1.0,-45000.0,,,scored,True,2026-09-24T03:22:24.627208+00:00,github-actions,7fa00c14b86e,0.0014125208569122,,,,,,,미국지표:미국 소비자물가(CPI)|미국지표:미국 생산자물가(PPI),,,,,,
3,20260911T093354_509662e2f5d0,2026-09-11 09:34:15.044184+00:00,2026-09-14,2026-09-11,9923d7beb5e89dddd985,53c9db3770b61e827785,close_to_close,0.0141583556112875,{},7ed3ebee8562f01fbf17,lagged_latest_vintage,,,,,Ridge,20260911T093354_509662e2f5d0:price:20,price,20,2026-10-15,1개월,20.0,1812000.0,없음,,,1812000.0,1298809.9206083936,2325190.0793916066,0.6652452025586354,simple,0.199550246416501,0.2004062026287251,0.0,0.0,0.0,,,,,,,,,,,,,,pending,True,2026-09-24T03:22:24.627208+00:00,github-actions,7fa00c14b86e,0.0585015223193027,,,,,,,미국지표:미국 소비자물가(CPI)|미국지표:미국 생산자물가(PPI),,,,,,
3,20260911T093354_509662e2f5d0,2026-09-11 09:34:15.044184+00:00,2026-09-14,2026-09-11,9923d7beb5e89dddd985,53c9db3770b61e827785,close_to_close,0.0141583556112875,{},7ed3ebee8562f01fbf17,lagged_latest_vintage,,,,,Candidate IV interval,20260911T093354_509662e2f5d0:price_candidate:iv_interval:1,price,1,2026-09-14,1거래일,1.0,1812000.0,있음,-0.0092005889768502,1795328.532773947,1795328.532773947,1693618.3142814862,1897038.7512664087,0.8197064989517819,iv,0.030437223049232,0.0334118975207253,-0.0040973339786128,-0.0019968401746501,1.0,1707000.0,1697000.0,-0.06346578366445921,,,98328.53277394711,98328.53277394711,0.057942564981701306,0.05426519468760901,1.0,98328.53277394711,,,scored,True,2026-09-24T03:22:24.627208+00:00,github-actions,7fa00c14b86e,-0.0092005889768502,,,,,,,미국지표:미국 소비자물가(CPI)|미국지표:미국 생산자물가(PPI),,,,,,
3,20260911T093354_509662e2f5d0,2026-09-11 09:34:15.044184+00:00,2026-09-14,2026-09-11,9923d7beb5e89dddd985,53c9db3770b61e827785,close_to_close,0.0141583556112875,{},7ed3ebee8562f01fbf17,lagged_latest_vintage,,,,,Candidate HAR interval,20260911T093354_509662e2f5d0:price_candidate:har_interval:5,price,5,2026-09-18,1주일,5.0,1812000.0,없음,,,1812000.0,1623444.5674487874,2000555.4325512128,0.6189473684210526,har,0.0761845756208712,0.07881044091305,0.0,0.0,0.0,1810000.0,1857000.0,0.024834437086092676,,,,,,,1.0,-45000.0,,,scored,True,2026-09-24T03:22:24.627208+00:00,github-actions,7fa00c14b86e,0.0014125208569122,,,,,,,미국지표:미국 소비자물가(CPI)|미국지표:미국 생산자물가(PPI),,,,,,
3,20260911T093354_509662e2f5d0,2026-09-11 09:34:15.044184+00:00,2026-09-14,2026-09-11,9923d7beb5e89dddd985,53c9db3770b61e827785,close_to_close,0.0141583556112875,{},7ed3ebee8562f01fbf17,lagged_latest_vintage,,,,,Candidate strict gate,20260911T093354_509662e2f5d0:price_candidate:strict_gate:5,price,5,2026-09-18,1주일,5.0,1812000.0,없음,,,1812000.0,1569201.4841205713,2054798.5158794287,0.7494736842105263,simple,0.0761845756208712,0.07881044091305,0.0,0.0,0.0,1810000.0,1857000.0,0.024834437086092676,,,,,,,1.0,-45000.0,,,scored,True,2026-09-24T03:22:24.627208+00:00,github-actions,7fa00c14b86e,0.0014125208569122,,,,,,,미국지표:미국 소비자물가(CPI)|미국지표:미국 생산자물가(PPI),,,,,,
3,20260911T093354_509662e2f5d0,2026-09-11 09:34:15.044184+00:00,2026-09-14,2026-09-11,9923d7beb5e89dddd985,53c9db3770b61e827785,close_to_close,0.0141583556112875,{},7ed3ebee8562f01fbf17,lagged_latest_vintage,,,,,Candidate IV interval,20260911T093354_509662e2f5d0:price_candidate:iv_interval:5,price,5,2026-09-18,1주일,5.0,1812000.0,없음,,,1812000.0,1584697.8911707788,2039302.1088292208,0.76,iv,0.0761845756208712,0.07881044091305,0.0,0.0,0.0,1810000.0,1857000.0,0.024834437086092676,,,,,,,1.0,-45000.0,,,scored,True,2026-09-24T03:22:24.627208+00:00,github-actions,7fa00c14b86e,0.0014125208569122,,,,,,,미국지표:미국 소비자물가(CPI)|미국지표:미국 생산자물가(PPI),,,,,,
3,20260911T093354_509662e2f5d0,2026-09-11 09:34:15.044184+00:00,2026-09-14,2026-09-11,9923d7beb5e89dddd985,53c9db3770b61e827785,close_to_close,0.0141583556112875,{},7ed3ebee8562f01fbf17,lagged_latest_vintage,,,,,Candidate HAR interval,20260911T093354_509662e2f5d0:price_candidate:har_interval:20,price,20,2026-10-15,1개월,20.0,1812000.0,없음,,,1812000.0,1402865.1915663057,2221134.8084336943,0.5565031982942431,har,0.199550246416501,0.2004062026287251,0.0,0.0,0.0,,,,,,,,,,,,,,pending,True,2026-09-24T03:22:24.627208+00:00,github-actions,7fa00c14b86e,0.0585015223193027,,,,,,,미국지표:미국 소비자물가(CPI)|미국지표:미국 생산자물가(PPI),,,,,,
3,20260911T093354_509662e2f5d0,2026-09-11 09:34:15.044184+00:00,2026-09-14,2026-09-11,9923d7beb5e89dddd985,53c9db3770b61e827785,close_to_close,0.0141583556112875,{},7ed3ebee8562f01fbf17,lagged_latest_vintage,,,,,Candidate IV interval,20260911T093354_509662e2f5d0:price_candidate:iv_interval:20,price,20,2026-10-15,1개월,20.0,1812000.0,없음,,,1812000.0,1307480.7291204925,2316519.2708795075,0.697228144989339,iv,0.199550246416501,0.2004062026287251,0.0,0.0,0.0,,,,,,,,,,,,,,pending,True,2026-09-24T03:22:24.627208+00:00,github-actions,7fa00c14b86e,0.0585015223193027,,,,,,,미국지표:미국 소비자물가(CPI)|미국지표:미국 생산자물가(PPI),,,,,,
3,20260911T093354_509662e2f5d0,2026-09-11 09:34:15.044184+00:00,2026-09-14,2026-09-11,9923d7beb5e89dddd985,53c9db3770b61e827785,close_to_close,0.0141583556112875,{},7ed3ebee8562f01fbf17,lagged_latest_vintage,,,,,Ridge,20260911T093354_509662e2f5d0:open:1,open,1,2026-09-14,시초가예측,1.0,1812000.0,있음,-0.0167642086744308,,,,,0.8257839721254355,,0.0172139548368466,0.0229669054036244,-0.007240202542672,-0.0042892162550715,1.0,1707000.0,1697000.0,-0.05794701986754969,,,74623.2538819313,74623.2538819313,0.043716024535402055,0.04118281119311889,1.0,74623.2538819313,,,scored,True,2026-09-24T03:22:24.627208+00:00,github-actions,7fa00c14b86e,-0.0167642086744308,1781623.2538819313,1781623.2538819313,1703288.6555157057,1859957.852248157,0.809697951458774,0.6339488726813315,미국지표:미국 소비자물가(CPI)|미국지표:미국 생산자물가(PPI),,,,,,
3,20260911T114642_88bd18931d9b,2026-09-11 11:47:04.218959+00:00,2026-09-14,2026-09-11,3bef327a52b89a901f7b,53c9db3770b61e827785,close_to_close,0.0141583556112875,{},7ed3ebee8562f01fbf17,lagged_latest_vintage,하락,0.5417689849833239,0.3030377571802091,0.1551932578364669,Candidate evening forecast,20260911T114642_88bd18931d9b:direction:Candidate evening forecast,direction,1,2026-09-14,,,,,,,,,,,,,,,,,1707000.0,1697000.0,-0.06346578366445921,0.0,1.0,,,,,,,0.6129155953710609,0.32589249267792064,scored,True,2026-09-24T03:22:24.627208+00:00,github-actions,7fa00c14b86e,,,,,,,,미국지표:미국 소비자물가(CPI)|미국지표:미국 생산자물가(PPI),No macro ensemble,,,,,
3,20260914T082046_95a3a495560e,2026-09-14 08:21:06.417932+00:00,2026-09-15,2026-09-14,c4cb9e96a8f2e85b726c,53c9db3770b61e827785,close_to_close,0.0148036084650641,{},7ed3ebee8562f01fbf17,lagged_latest_vintage,상승,0.1902271187427676,0.2773050495424854,0.5324678317147469,Candidate evening forecast,20260914T082046_95a3a495560e:direction:Candidate evening forecast,direction,1,2026-09-15,,,,,,,,,,,,,,,,,1690000.0,1690000.0,-0.004124926340601021,1.0,0.0,,,,,,,1.2826371168526125,0.8419963399329685,scored,True,2026-09-24T03:22:24.627208+00:00,github-actions,7fa00c14b86e,,,,,,,,미국지표:미국 소비자물가(CPI),No macro ensemble,,,,,
3,20260914T235856_ca953c799b3f,2026-09-14 23:59:13.269130+00:00,2026-09-15,2026-09-14,d476f39771f78c30ab64,53c9db3770b61e827785,close_to_close,0.0148036084650641,{},7ed3ebee8562f01fbf17,lagged_latest_vintage,하락,0.6408115529893107,0.2080444662564327,0.1511439807542565,Logistic,20260914T235856_ca953c799b3f:direction:Logistic,direction,1,2026-09-15,,,,,,,,,,,,,,,,,1690000.0,1690000.0,-0.004124926340601021,1.0,0.0,,,,,,,1.5700034420495206,1.060677516789874,scored,True,2026-09-24T03:22:24.627208+00:00,github-actions,7fa00c14b86e,,,,,,,,미국지표:미국 소비자물가(CPI),,,,,,
3,20260914T235856_ca953c799b3f,2026-09-14 23:59:13.269130+00:00,2026-09-15,2026-09-14,d476f39771f78c30ab64,53c9db3770b61e827785,close_to_close,0.0148036084650641,{},7ed3ebee8562f01fbf17,lagged_latest_vintage,하락,0.4873104824977339,0.277195889288307,0.2354936282139591,LightGBM,20260914T235856_ca953c799b3f:direction:LightGBM,direction,1,2026-09-15,,,,,,,,,,,,,,,,,1690000.0,1690000.0,-0.004124926340601021,1.0,0.0,,,,,,,1.2830308411836076,0.8153745377432698,scored,True,2026-09-24T03:22:24.627208+00:00,github-actions,7fa00c14b86e,,,,,,,,미국지표:미국 소비자물가(CPI),,,,,,
3,20260914T235856_ca953c799b3f,2026-09-14 23:59:13.269130+00:00,2026-09-15,2026-09-14,d476f39771f78c30ab64,53c9db3770b61e827785,close_to_close,0.0148036084650641,{},7ed3ebee8562f01fbf17,lagged_latest_vintage,하락,0.5640610177435222,0.2426201777723698,0.1933188044841078,Mean ensemble,20260914T235856_ca953c799b3f:direction:Mean ensemble,direction,1,2026-09-15,,,,,,,,,,,,,,,,,1690000.0,1690000.0,-0.004124926340601021,1.0,0.0,,,,,,,1.4162581129202774,0.9291611870225795,scored,True,2026-09-24T03:22:24.627208+00:00,github-actions,7fa00c14b86e,,,,,,,,미국지표:미국 소비자물가(CPI),,,,,,
3,20260914T235856_ca953c799b3f,2026-09-14 23:59:13.269130+00:00,2026-09-15,2026-09-14,d476f39771f78c30ab64,53c9db3770b61e827785,close_to_close,0.0148036084650641,{},7ed3ebee8562f01fbf17,lagged_latest_vintage,하락,0.5209376014762866,0.2821829922787093,0.1968794062450041,No macro ensemble,20260914T235856_ca953c799b3f:direction:No macro ensemble,direction,1,2026-09-15,,,,,,,,,,,,,,,,,1690000.0,1690000.0,-0.004124926340601021,1.0,0.0,,,,,,,1.2651995097045459,0.8253987418091991,scored,True,2026-09-24T03:22:24.627208+00:00,github-actions,7fa00c14b86e,,,,,,,,미국지표:미국 소비자물가(CPI),,,,,,
3,20260914T235856_ca953c799b3f,2026-09-14 23:59:13.269130+00:00,2026-09-15,2026-09-14,d476f39771f78c30ab64,53c9db3770b61e827785,close_to_close,0.0148036084650641,{},7ed3ebee8562f01fbf17,lagged_latest_vintage,하락,0.4942578540609635,0.2805033553454654,0.225238790593571,Candidate expanding,20260914T235856_ca953c799b3f:direction:Candidate expanding,direction,1,2026-09-15,,,,,,,,,,,,,,,,,1690000.0,1690000.0,-0.004124926340601021,1.0,0.0,,,,,,,1.2711695920750108,0.812698760758137,scored,True,2026-09-24T03:22:24.627208+00:00,github-actions,7fa00c14b86e,,,,,,,,미국지표:미국 소비자물가(CPI),,,,,,
3,20260914T235856_ca953c799b3f,2026-09-14 23:59:13.269130+00:00,2026-09-15,2026-09-14,d476f39771f78c30ab64,53c9db3770b61e827785,close_to_close,0.0148036084650641,{},7ed3ebee8562f01fbf17,lagged_latest_vintage,하락,0.5524855879825052,0.2642562313648747,0.18325818065262,No NSI ensemble,20260914T235856_ca953c799b3f:direction:No NSI ensemble,direction,1,2026-09-15,,,,,,,,,,,,,,,,,1690000.0,1690000.0,-0.004124926340601021,1.0,0.0,,,,,,,1.3308360731857958,0.8801427787898997,scored,True,2026-09-24T03:22:24.627208+00:00,github-actions,7fa00c14b86e,,,,,,,,미국지표:미국 소비자물가(CPI),,,,,,
3,20260914T235856_ca953c799b3f,2026-09-14 23:59:13.269130+00:00,2026-09-15,2026-09-14,d476f39771f78c30ab64,53c9db3770b61e827785,close_to_close,0.0148036084650641,{},7ed3ebee8562f01fbf17,lagged_latest_vintage,하락,0.569873050490503,0.2343309357350051,0.195796013774492,No flow ensemble,20260914T235856_ca953c799b3f:direction:No flow ensemble,direction,1,2026-09-15,,,,,,,,,,,,,,,,,1690000.0,1690000.0,-0.004124926340601021,1.0,0.0,,,,,,,1.451020907463738,0.9493404886577653,scored,True,2026-09-24T03:22:24.627208+00:00,github-actions,7fa00c14b86e,,,,,,,,미국지표:미국 소비자물가(CPI),,,,,,
3,20260914T235856_ca953c799b3f,2026-09-14 23:59:13.269130+00:00,2026-09-15,2026-09-14,d476f39771f78c30ab64,53c9db3770b61e827785,close_to_close,0.0148036084650641,{},7ed3ebee8562f01fbf17,lagged_latest_vintage,하락,0.5585645380134833,0.238240205596785,0.2031952563897316,No macro price ensemble,20260914T235856_ca953c799b3f:direction:No macro price ensemble,direction,1,2026-09-15,,,,,,,,,,,,,,,,,1690000.0,1690000.0,-0.004124926340601021,1.0,0.0,,,,,,,1.4344758470650065,0.9335606397147331,scored,True,2026-09-24T03:22:24.627208+00:00,github-actions,7fa00c14b86e,,,,,,,,미국지표:미국 소비자물가(CPI),,,,,,
3,20260914T235856_ca953c799b3f,2026-09-14 23:59:13.269130+00:00,2026-09-15,2026-09-14,d476f39771f78c30ab64,53c9db3770b61e827785,close_to_close,0.0148036084650641,{},7ed3ebee8562f01fbf17,lagged_latest_vintage,,,,,Ridge,20260914T235856_ca953c799b3f:price:1,price,1,2026-09-15,1거래일,1.0,1697000.0,있음,-0.0140985532985633,1673074.755052338,1673074.755052338,1569465.339310485,1776684.170794191,0.7987421383647799,simple,0.0305270315171464,0.0334934370492222,-0.0040702490808801,-0.0019690511888521,1.0,1690000.0,1690000.0,-0.004124926340601021,,,-16925.24494766211,16925.24494766211,0.01001493783885332,-0.00997362695796228,1.0,-16925.24494766211,,,scored,True,2026-09-24T03:22:24.627208+00:00,github-actions,7fa00c14b86e,-0.0140985532985633,,,,,,,미국지표:미국 소비자물가(CPI),,,,,,
3,20260914T235856_ca953c799b3f,2026-09-14 23:59:13.269130+00:00,2026-09-15,2026-09-14,d476f39771f78c30ab64,53c9db3770b61e827785,close_to_close,0.0148036084650641,{},7ed3ebee8562f01fbf17,lagged_latest_vintage,,,,,Ridge,20260914T235856_ca953c799b3f:price:5,price,5,2026-09-21,1주일,5.0,1697000.0,없음,,,1697000.0,1457335.2319196053,1936664.7680803947,0.7536842105263157,simple,0.076082892178758,0.0787780650284183,0.0,0.0,0.0,1872000.0,1868000.0,0.10076605774896885,,,,,,,1.0,-171000.0,,,scored,True,2026-09-24T03:22:24.627208+00:00,github-actions,7fa00c14b86e,1.3465898977767945e-05,,,,,,,미국지표:미국 소비자물가(CPI),,,,,,
3,20260914T235856_ca953c799b3f,2026-09-14 23:59:13.269130+00:00,2026-09-15,2026-09-14,d476f39771f78c30ab64,53c9db3770b61e827785,close_to_close,0.0148036084650641,{},7ed3ebee8562f01fbf17,lagged_latest_vintage,,,,,Ridge,20260914T235856_ca953c799b3f:price:20,price,20,2026-10-16,1개월,20.0,1697000.0,없음,,,1697000.0,1194476.870324565,2199523.1296754344,0.6652452025586354,simple,0.199608885958154,0.2002933302135715,0.0,0.0,0.0,,,,,,,,,,,,,,pending,True,2026-09-24T03:22:24.627208+00:00,github-actions,7fa00c14b86e,0.0416114693317614,,,,,,,미국지표:미국 소비자물가(CPI),,,,,,
3,20260914T235856_ca953c799b3f,2026-09-14 23:59:13.269130+00:00,2026-09-15,2026-09-14,d476f39771f78c30ab64,53c9db3770b61e827785,close_to_close,0.0148036084650641,{},7ed3ebee8562f01fbf17,lagged_latest_vintage,,,,,Candidate IV interval,20260914T235856_ca953c799b3f:price_candidate:iv_interval:1,price,1,2026-09-15,1거래일,1.0,1697000.0,있음,-0.0140985532985633,1673074.755052338,1673074.755052338,1579083.891504438,1767065.618600238,0.8176100628930818,iv,0.0305270315171464,0.0334934370492222,-0.0040702490808801,-0.0019690511888521,1.0,1690000.0,1690000.0,-0.004124926340601021,,,-16925.24494766211,16925.24494766211,0.01001493783885332,-0.00997362695796228,1.0,-16925.24494766211,,,scored,True,2026-09-24T03:22:24.627208+00:00,github-actions,7fa00c14b86e,-0.0140985532985633,,,,,,,미국지표:미국 소비자물가(CPI),,,,,,
3,20260914T235856_ca953c799b3f,2026-09-14 23:59:13.269130+00:00,2026-09-15,2026-09-14,d476f39771f78c30ab64,53c9db3770b61e827785,close_to_close,0.0148036084650641,{},7ed3ebee8562f01fbf17,lagged_latest_vintage,,,,,Candidate HAR interval,20260914T235856_ca953c799b3f:price_candidate:har_interval:5,price,5,2026-09-21,1주일,5.0,1697000.0,없음,,,1697000.0,1522438.7835043916,1871561.2164956084,0.6189473684210526,har,0.076082892178758,0.0787780650284183,0.0,0.0,0.0,1872000.0,1868000.0,0.10076605774896885,,,,,,,1.0,-171000.0,,,scored,True,2026-09-24T03:22:24.627208+00:00,github-actions,7fa00c14b86e,1.3465898977767945e-05,,,,,,,미국지표:미국 소비자물가(CPI),,,,,,
3,20260914T235856_ca953c799b3f,2026-09-14 23:59:13.269130+00:00,2026-09-15,2026-09-14,d476f39771f78c30ab64,53c9db3770b61e827785,close_to_close,0.0148036084650641,{},7ed3ebee8562f01fbf17,lagged_latest_vintage,,,,,Candidate strict gate,20260914T235856_ca953c799b3f:price_candidate:strict_gate:5,price,5,2026-09-21,1주일,5.0,1697000.0,없음,,,1697000.0,1457335.2319196053,1936664.7680803947,0.7536842105263157,simple,0.076082892178758,0.0787780650284183,0.0,0.0,0.0,1872000.0,1868000.0,0.10076605774896885,,,,,,,1.0,-171000.0,,,scored,True,2026-09-24T03:22:24.627208+00:00,github-actions,7fa00c14b86e,1.3465898977767945e-05,,,,,,,미국지표:미국 소비자물가(CPI),,,,,,
3,20260914T235856_ca953c799b3f,2026-09-14 23:59:13.269130+00:00,2026-09-15,2026-09-14,d476f39771f78c30ab64,53c9db3770b61e827785,close_to_close,0.0148036084650641,{},7ed3ebee8562f01fbf17,lagged_latest_vintage,,,,,Candidate IV interval,20260914T235856_ca953c799b3f:price_candidate:iv_interval:5,price,5,2026-09-21,1주일,5.0,1697000.0,없음,,,1697000.0,1486801.4299314052,1907198.5700685948,0.76,iv,0.076082892178758,0.0787780650284183,0.0,0.0,0.0,1872000.0,1868000.0,0.10076605774896885,,,,,,,1.0,-171000.0,,,scored,True,2026-09-24T03:22:24.627208+00:00,github-actions,7fa00c14b86e,1.3465898977767945e-05,,,,,,,미국지표:미국 소비자물가(CPI),,,,,,
3,20260914T235856_ca953c799b3f,2026-09-14 23:59:13.269130+00:00,2026-09-15,2026-09-14,d476f39771f78c30ab64,53c9db3770b61e827785,close_to_close,0.0148036084650641,{},7ed3ebee8562f01fbf17,lagged_latest_vintage,,,,,Candidate HAR interval,20260914T235856_ca953c799b3f:price_candidate:har_interval:20,price,20,2026-10-16,1개월,20.0,1697000.0,없음,,,1697000.0,1317139.2471956587,2076860.7528043413,0.5565031982942431,har,0.199608885958154,0.2002933302135715,0.0,0.0,0.0,,,,,,,,,,,,,,pending,True,2026-09-24T03:22:24.627208+00:00,github-actions,7fa00c14b86e,0.0416114693317614,,,,,,,미국지표:미국 소비자물가(CPI),,,,,,
3,20260914T235856_ca953c799b3f,2026-09-14 23:59:13.269130+00:00,2026-09-15,2026-09-14,d476f39771f78c30ab64,53c9db3770b61e827785,close_to_close,0.0148036084650641,{},7ed3ebee8562f01fbf17,lagged_latest_vintage,,,,,Candidate IV interval,20260914T235856_ca953c799b3f:price_candidate:iv_interval:20,price,20,2026-10-16,1개월,20.0,1697000.0,없음,,,1697000.0,1229654.3995487958,2164345.600451204,0.6993603411513859,iv,0.199608885958154,0.2002933302135715,0.0,0.0,0.0,,,,,,,,,,,,,,pending,True,2026-09-24T03:22:24.627208+00:00,github-actions,7fa00c14b86e,0.0416114693317614,,,,,,,미국지표:미국 소비자물가(CPI),,,,,,
3,20260914T235856_ca953c799b3f,2026-09-14 23:59:13.269130+00:00,2026-09-15,2026-09-14,d476f39771f78c30ab64,53c9db3770b61e827785,close_to_close,0.0148036084650641,{},7ed3ebee8562f01fbf17,lagged_latest_vintage,,,,,Ridge,20260914T235856_ca953c799b3f:open:1,open,1,2026-09-15,시초가예측,1.0,1697000.0,있음,-0.0268913265317678,,,,,0.8240418118466899,,0.0173309754584405,0.0230382046079307,-0.0072189955788607,-0.004260459337486,1.0,1690000.0,1690000.0,-0.004124926340601021,,,-38634.58112441003,38634.58112441003,0.02286069889018345,-0.02276640019116678,1.0,-38634.58112441003,,,scored,True,2026-09-24T03:22:24.627208+00:00,github-actions,7fa00c14b86e,-0.0268913265317678,1651365.41887559,1651365.41887559,1577991.6361889082,1724739.2015622717,0.8089190087061398,0.6305215994559777,미국지표:미국 소비자물가(CPI),,,,,,
3,20260915T115743_527547320e06,2026-09-15 11:57:59.282629+00:00,2026-09-16,2026-09-15,c42366e0e07aedce8272,53c9db3770b61e827785,close_to_close,0.0148001116361266,{},7ed3ebee8562f01fbf17,lagged_latest_vintage,하락,0.5790444658550649,0.2693659008441841,0.151589633300751,Candidate evening forecast,20260915T115743_527547320e06:direction:Candidate evening forecast,direction,1,2026-09-16,,,,,,,,,,,,,,,,,1686000.0,1759000.0,0.040828402366863914,2.0,0.0,,,,,,,1.8865781900331835,1.1276506322977302,scored,True,2026-09-24T03:22:24.627208+00:00,github-actions,7fa00c14b86e,,,,,,,,,No macro ensemble,,,,,
3,20260915T213456_0264e5f15e8e,2026-09-15 21:35:17.835860+00:00,2026-09-16,2026-09-15,f6c005f839278369ae5a,53c9db3770b61e827785,close_to_close,0.0148001116361266,{},7ed3ebee8562f01fbf17,lagged_latest_vintage,하락,0.3637219965457916,0.3073241710662841,0.3289538323879241,Logistic,20260915T213456_0264e5f15e8e:direction:Logistic,direction,1,2026-09-16,,,,,,,,,,,,,,,,,1686000.0,1759000.0,0.040828402366863914,2.0,0.0,,,,,,,1.1118378651519087,0.6770447959596897,scored,True,2026-09-24T03:22:24.627208+00:00,github-actions,7fa00c14b86e,,,,,,,,,,,,,,
3,20260915T213456_0264e5f15e8e,2026-09-15 21:35:17.835860+00:00,2026-09-16,2026-09-15,f6c005f839278369ae5a,53c9db3770b61e827785,close_to_close,0.0148001116361266,{},7ed3ebee8562f01fbf17,lagged_latest_vintage,상승,0.3022010229874743,0.3454086519235606,0.352390325088965,LightGBM,20260915T213456_0264e5f15e8e:direction:LightGBM,direction,1,2026-09-16,,,,,,,,,,,,,,,,,1686000.0,1759000.0,0.040828402366863914,2.0,1.0,,,,,,,1.0430158396415843,0.6300308861567037,scored,True,2026-09-24T03:22:24.627208+00:00,github-actions,7fa00c14b86e,,,,,,,,,,,,,,
3,20260915T213456_0264e5f15e8e,2026-09-15 21:35:17.835860+00:00,2026-09-16,2026-09-15,f6c005f839278369ae5a,53c9db3770b61e827785,close_to_close,0.0148001116361266,{},7ed3ebee8562f01fbf17,lagged_latest_vintage,상승,0.332961509766633,0.3263664114949224,0.3406720787384447,Mean ensemble,20260915T213456_0264e5f15e8e:direction:Mean ensemble,direction,1,2026-09-16,,,,,,,,,,,,,,,,,1686000.0,1759000.0,0.040828402366863914,2.0,1.0,,,,,,,1.0768349103050263,0.6520917092932323,scored,True,2026-09-24T03:22:24.627208+00:00,github-actions,7fa00c14b86e,,,,,,,,,,,,,,
3,20260915T213456_0264e5f15e8e,2026-09-15 21:35:17.835860+00:00,2026-09-16,2026-09-15,f6c005f839278369ae5a,53c9db3770b61e827785,close_to_close,0.0148001116361266,{},7ed3ebee8562f01fbf17,lagged_latest_vintage,보합,0.30076609767062,0.3612487600364006,0.3379851422929794,No macro ensemble,20260915T213456_0264e5f15e8e:direction:No macro ensemble,direction,1,2026-09-16,,,,,,,,,,,,,,,,,1686000.0,1759000.0,0.040828402366863914,2.0,0.0,,,,,,,1.0847533421783657,0.6592245839606966,scored,True,2026-09-24T03:22:24.627208+00:00,github-actions,7fa00c14b86e,,,,,,,,,,,,,,
3,20260915T213456_0264e5f15e8e,2026-09-15 21:35:17.835860+00:00,2026-09-16,2026-09-15,f6c005f839278369ae5a,53c9db3770b61e827785,close_to_close,0.0148001116361266,{},7ed3ebee8562f01fbf17,lagged_latest_vintage,상승,0.2759821550301801,0.3298538187200776,0.3941640262497423,Candidate expanding,20260915T213456_0264e5f15e8e:direction:Candidate expanding,direction,1,2026-09-16,,,,,,,,,,,,,,,,,1686000.0,1759000.0,0.040828402366863914,2.0,1.0,,,,,,,0.9309881460387502,0.552006918709243,scored,True,2026-09-24T03:22:24.627208+00:00,github-actions,7fa00c14b86e,,,,,,,,,,,,,,
3,20260915T213456_0264e5f15e8e,2026-09-15 21:35:17.835860+00:00,2026-09-16,2026-09-15,f6c005f839278369ae5a,53c9db3770b61e827785,close_to_close,0.0148001116361266,{},7ed3ebee8562f01fbf17,lagged_latest_vintage,보합,0.3062955683580556,0.3494010566716123,0.3443033749703321,No NSI ensemble,20260915T213456_0264e5f15e8e:direction:No NSI ensemble,direction,1,2026-09-16,,,,,,,,,,,,,,,,,1686000.0,1759000.0,0.040828402366863914,2.0,0.0,,,,,,,1.0662321062740494,0.6458361376743204,scored,True,2026-09-24T03:22:24.627208+00:00,github-actions,7fa00c14b86e,,,,,,,,,,,,,,
3,20260915T213456_0264e5f15e8e,2026-09-15 21:35:17.835860+00:00,2026-09-16,2026-09-15,f6c005f839278369ae5a,53c9db3770b61e827785,close_to_close,0.0148001116361266,{},7ed3ebee8562f01fbf17,lagged_latest_vintage,상승,0.3285522700388761,0.3335441124965599,0.337903617464564,No flow ensemble,20260915T213456_0264e5f15e8e:direction:No flow ensemble,direction,1,2026-09-16,,,,,,,,,,,,,,,,,1686000.0,1759000.0,0.040828402366863914,2.0,1.0,,,,,,,1.0849945795939426,0.6575698888953267,scored,True,2026-09-24T03:22:24.627208+00:00,github-actions,7fa00c14b86e,,,,,,,,,,,,,,
3,20260915T213456_0264e5f15e8e,2026-09-15 21:35:17.835860+00:00,2026-09-16,2026-09-15,f6c005f839278369ae5a,53c9db3770b61e827785,close_to_close,0.0148001116361266,{},7ed3ebee8562f01fbf17,lagged_latest_vintage,상승,0.3286467123937557,0.321963908600188,0.3493893790060564,No macro price ensemble,20260915T213456_0264e5f15e8e:direction:No macro price ensemble,direction,1,2026-09-16,,,,,,,,,,,,,,,,,1686000.0,1759000.0,0.040828402366863914,2.0,1.0,,,,,,,1.0515682795517125,0.6349636001584591,scored,True,2026-09-24T03:22:24.627208+00:00,github-actions,7fa00c14b86e,,,,,,,,,,,,,,
3,20260915T213456_0264e5f15e8e,2026-09-15 21:35:17.835860+00:00,2026-09-16,2026-09-15,f6c005f839278369ae5a,53c9db3770b61e827785,close_to_close,0.0148001116361266,{},7ed3ebee8562f01fbf17,lagged_latest_vintage,,,,,Ridge,20260915T213456_0264e5f15e8e:price:1,price,1,2026-09-16,1거래일,1.0,1690000.0,있음,0.0025747815074564,1694351.3807476014,1694351.3807476014,1590952.79679316,1797749.9647020428,0.801255230125523,simple,0.0304823678701611,0.0334319966502502,-0.0040499078874549,-0.001954939672982,1.0,1686000.0,1759000.0,0.040828402366863914,,,-64648.61925239861,64648.61925239861,0.0367530524459344,-0.03825362085940751,1.0,-64648.61925239861,,,scored,True,2026-09-24T03:22:24.627208+00:00,github-actions,7fa00c14b86e,0.0025747815074564,,,,,,,,,,,,,
3,20260915T213456_0264e5f15e8e,2026-09-15 21:35:17.835860+00:00,2026-09-16,2026-09-15,f6c005f839278369ae5a,53c9db3770b61e827785,close_to_close,0.0148001116361266,{},7ed3ebee8562f01fbf17,lagged_latest_vintage,,,,,Ridge,20260915T213456_0264e5f15e8e:price:5,price,5,2026-09-22,1주일,5.0,1690000.0,없음,,,1690000.0,1451380.154250682,1928619.845749318,0.7536842105263157,simple,0.0760815519708646,0.0788333602304645,0.0,0.0,0.0,1909000.0,1840000.0,0.08875739644970415,,,,,,,1.0,-150000.0,,,scored,True,2026-09-24T03:22:24.627208+00:00,github-actions,7fa00c14b86e,0.0179042792545891,,,,,,,,,,,,,
3,20260915T213456_0264e5f15e8e,2026-09-15 21:35:17.835860+00:00,2026-09-16,2026-09-15,f6c005f839278369ae5a,53c9db3770b61e827785,close_to_close,0.0148001116361266,{},7ed3ebee8562f01fbf17,lagged_latest_vintage,,,,,Ridge,20260915T213456_0264e5f15e8e:price:20,price,20,2026-10-19,1개월,20.0,1690000.0,없음,,,1690000.0,1189667.613186657,2190332.3868133435,0.6652452025586354,simple,0.1994936548816441,0.20007025611022,0.0,0.0,0.0,,,,,,,,,,,,,,pending,True,2026-09-24T03:22:24.627208+00:00,github-actions,7fa00c14b86e,0.056366983877667,,,,,,,,,,,,,
3,20260915T213456_0264e5f15e8e,2026-09-15 21:35:17.835860+00:00,2026-09-16,2026-09-15,f6c005f839278369ae5a,53c9db3770b61e827785,close_to_close,0.0148001116361266,{},7ed3ebee8562f01fbf17,lagged_latest_vintage,,,,,Candidate IV interval,20260915T213456_0264e5f15e8e:price_candidate:iv_interval:1,price,1,2026-09-16,1거래일,1.0,1690000.0,있음,0.0025747815074564,1694351.3807476014,1694351.3807476014,1599525.5993111257,1789177.1621840768,0.8200836820083682,iv,0.0304823678701611,0.0334319966502502,-0.0040499078874549,-0.001954939672982,1.0,1686000.0,1759000.0,0.040828402366863914,,,-64648.61925239861,64648.61925239861,0.0367530524459344,-0.03825362085940751,1.0,-64648.61925239861,,,scored,True,2026-09-24T03:22:24.627208+00:00,github-actions,7fa00c14b86e,0.0025747815074564,,,,,,,,,,,,,
3,20260915T213456_0264e5f15e8e,2026-09-15 21:35:17.835860+00:00,2026-09-16,2026-09-15,f6c005f839278369ae5a,53c9db3770b61e827785,close_to_close,0.0148001116361266,{},7ed3ebee8562f01fbf17,lagged_latest_vintage,,,,,Candidate HAR interval,20260915T213456_0264e5f15e8e:price_candidate:har_interval:5,price,5,2026-09-22,1주일,5.0,1690000.0,없음,,,1690000.0,1518339.6647995792,1861660.335200421,0.6189473684210526,har,0.0760815519708646,0.0788333602304645,0.0,0.0,0.0,1909000.0,1840000.0,0.08875739644970415,,,,,,,1.0,-150000.0,,,scored,True,2026-09-24T03:22:24.627208+00:00,github-actions,7fa00c14b86e,0.0179042792545891,,,,,,,,,,,,,
3,20260915T213456_0264e5f15e8e,2026-09-15 21:35:17.835860+00:00,2026-09-16,2026-09-15,f6c005f839278369ae5a,53c9db3770b61e827785,close_to_close,0.0148001116361266,{},7ed3ebee8562f01fbf17,lagged_latest_vintage,,,,,Candidate strict gate,20260915T213456_0264e5f15e8e:price_candidate:strict_gate:5,price,5,2026-09-22,1주일,5.0,1690000.0,없음,,,1690000.0,1451380.154250682,1928619.845749318,0.7536842105263157,simple,0.0760815519708646,0.0788333602304645,0.0,0.0,0.0,1909000.0,1840000.0,0.08875739644970415,,,,,,,1.0,-150000.0,,,scored,True,2026-09-24T03:22:24.627208+00:00,github-actions,7fa00c14b86e,0.0179042792545891,,,,,,,,,,,,,
3,20260915T213456_0264e5f15e8e,2026-09-15 21:35:17.835860+00:00,2026-09-16,2026-09-15,f6c005f839278369ae5a,53c9db3770b61e827785,close_to_close,0.0148001116361266,{},7ed3ebee8562f01fbf17,lagged_latest_vintage,,,,,Candidate IV interval,20260915T213456_0264e5f15e8e:price_candidate:iv_interval:5,price,5,2026-09-22,1주일,5.0,1690000.0,없음,,,1690000.0,1478724.439468921,1901275.560531079,0.76,iv,0.0760815519708646,0.0788333602304645,0.0,0.0,0.0,1909000.0,1840000.0,0.08875739644970415,,,,,,,1.0,-150000.0,,,scored,True,2026-09-24T03:22:24.627208+00:00,github-actions,7fa00c14b86e,0.0179042792545891,,,,,,,,,,,,,
3,20260915T213456_0264e5f15e8e,2026-09-15 21:35:17.835860+00:00,2026-09-16,2026-09-15,f6c005f839278369ae5a,53c9db3770b61e827785,close_to_close,0.0148001116361266,{},7ed3ebee8562f01fbf17,lagged_latest_vintage,,,,,Candidate HAR interval,20260915T213456_0264e5f15e8e:price_candidate:har_interval:20,price,20,2026-10-19,1개월,20.0,1690000.0,없음,,,1690000.0,1321585.1786223024,2058414.8213776967,0.5565031982942431,har,0.1994936548816441,0.20007025611022,0.0,0.0,0.0,,,,,,,,,,,,,,pending,True,2026-09-24T03:22:24.627208+00:00,github-actions,7fa00c14b86e,0.056366983877667,,,,,,,,,,,,,
3,20260915T213456_0264e5f15e8e,2026-09-15 21:35:17.835860+00:00,2026-09-16,2026-09-15,f6c005f839278369ae5a,53c9db3770b61e827785,close_to_close,0.0148001116361266,{},7ed3ebee8562f01fbf17,lagged_latest_vintage,,,,,Candidate IV interval,20260915T213456_0264e5f15e8e:price_candidate:iv_interval:20,price,20,2026-10-19,1개월,20.0,1690000.0,없음,,,1690000.0,1219677.9580883128,2160322.0419116872,0.7014925373134329,iv,0.1994936548816441,0.20007025611022,0.0,0.0,0.0,,,,,,,,,,,,,,pending,True,2026-09-24T03:22:24.627208+00:00,github-actions,7fa00c14b86e,0.056366983877667,,,,,,,,,,,,,
3,20260915T213456_0264e5f15e8e,2026-09-15 21:35:17.835860+00:00,2026-09-16,2026-09-15,f6c005f839278369ae5a,53c9db3770b61e827785,close_to_close,0.0148001116361266,{},7ed3ebee8562f01fbf17,lagged_latest_vintage,,,,,Ridge,20260915T213456_0264e5f15e8e:open:1,open,1,2026-09-16,시초가예측,1.0,1690000.0,있음,0.0007017874158918,,,,,0.8240418118466899,,0.0173748894814423,0.0230349074317463,-0.0071918043113815,-0.0042128680675409,1.0,1686000.0,1759000.0,-0.002366863905325478,,,5186.020732857287,5186.020732857287,0.0030759316327741916,0.003068651321217278,1.0,5186.020732857287,,,scored,True,2026-09-24T03:22:24.627208+00:00,github-actions,7fa00c14b86e,0.0007017874158918,1691186.0207328573,1691186.0207328573,1622022.439875037,1760349.601590678,0.8077616807074686,0.6296716456361042,,,,,,,
3,20260916T120703_2abb96b32b5d,2026-09-16 12:07:23.540492+00:00,2026-09-17,2026-09-16,846f1b1c97ec295a8c18,53c9db3770b61e827785,close_to_close,0.0132212167836358,{},7ed3ebee8562f01fbf17,lagged_latest_vintage,하락,0.4061370105984506,0.3748649675752605,0.2189980218262886,Candidate evening forecast,20260916T120703_2abb96b32b5d:direction:Candidate evening forecast,direction,1,2026-09-17,,,,,,,,,,,,,,,,,1770000.0,1745000.0,-0.007959067652074991,1.0,0.0,,,,,,,0.9811894043243968,0.6037012137063537,scored,True,2026-09-24T03:22:24.627208+00:00,github-actions,7fa00c14b86e,,,,,,,,미국지표:FOMC 금리 결정,No macro ensemble,,,,,
3,20260916T120703_2abb96b32b5d,2026-09-16 12:07:23.540492+00:00,2026-09-17,2026-09-16,846f1b1c97ec295a8c18,53c9db3770b61e827785,close_to_close,0.0132212167836358,{},7ed3ebee8562f01fbf17,lagged_latest_vintage,,,,,Candidate evening open,20260916T120703_2abb96b32b5d:open:Candidate evening open,open,1,2026-09-17,시초가예측,1.0,1759000.0,있음,-0.0025193763431161,,,,,0.8240418118466899,,0.0173639633864785,0.0230284548598451,-0.0072010844565957,-0.0042183478687879,1.0,1770000.0,1745000.0,0.00625355315520193,,,-15431.5829875411,15431.5829875411,0.008718408467537344,-0.00877292949831803,1.0,-15431.5829875411,,,scored,True,2026-09-24T03:22:24.627208+00:00,github-actions,7fa00c14b86e,-0.0025193763431161,1754568.417012459,1754568.417012459,1689000.7112052075,1820136.1228197096,0.8074944661305524,0.6297938794992268,미국지표:FOMC 금리 결정,,,,,,
3,20260916T213033_48f8fec553ce,2026-09-16 21:30:53.416093+00:00,2026-09-17,2026-09-16,2a5ebb4761fcf4cee8d7,53c9db3770b61e827785,close_to_close,0.0132212167836358,{},7ed3ebee8562f01fbf17,lagged_latest_vintage,하락,0.4001549601601052,0.3195106184336728,0.280334421406222,Logistic,20260916T213033_48f8fec553ce:direction:Logistic,direction,1,2026-09-17,,,,,,,,,,,,,,,,,1770000.0,1745000.0,-0.007959067652074991,1.0,0.0,,,,,,,1.1409647711826154,0.7017771783904191,scored,True,2026-09-24T03:22:24.627208+00:00,github-actions,7fa00c14b86e,,,,,,,,미국지표:FOMC 금리 결정,,,,,,
3,20260916T213033_48f8fec553ce,2026-09-16 21:30:53.416093+00:00,2026-09-17,2026-09-16,2a5ebb4761fcf4cee8d7,53c9db3770b61e827785,close_to_close,0.0132212167836358,{},7ed3ebee8562f01fbf17,lagged_latest_vintage,보합,0.3669414324019734,0.408183268617536,0.2248752989804904,LightGBM,20260916T213033_48f8fec553ce:direction:LightGBM,direction,1,2026-09-17,,,,,,,,,,,,,,,,,1770000.0,1745000.0,-0.007959067652074991,1.0,1.0,,,,,,,0.8960390176445306,0.5354619584490006,scored,True,2026-09-24T03:22:24.627208+00:00,github-actions,7fa00c14b86e,,,,,,,,미국지표:FOMC 금리 결정,,,,,,
3,20260916T213033_48f8fec553ce,2026-09-16 21:30:53.416093+00:00,2026-09-17,2026-09-16,2a5ebb4761fcf4cee8d7,53c9db3770b61e827785,close_to_close,0.0132212167836358,{},7ed3ebee8562f01fbf17,lagged_latest_vintage,하락,0.3835481962810393,0.3638469435256044,0.2526048601933562,Mean ensemble,20260916T213033_48f8fec553ce:direction:Mean ensemble,direction,1,2026-09-17,,,,,,,,,,,,,,,,,1770000.0,1745000.0,-0.007959067652074991,1.0,0.0,,,,,,,1.0110219845936956,0.6156091455254591,scored,True,2026-09-24T03:22:24.627208+00:00,github-actions,7fa00c14b86e,,,,,,,,미국지표:FOMC 금리 결정,,,,,,
3,20260916T213033_48f8fec553ce,2026-09-16 21:30:53.416093+00:00,2026-09-17,2026-09-16,2a5ebb4761fcf4cee8d7,53c9db3770b61e827785,close_to_close,0.0132212167836358,{},7ed3ebee8562f01fbf17,lagged_latest_vintage,보합,0.3406578870101959,0.4248820091975663,0.2344601037922377,No macro ensemble,20260916T213033_48f8fec553ce:direction:No macro ensemble,direction,1,2026-09-17,,,,,,,,,,,,,,,,,1770000.0,1745000.0,-0.007959067652074991,1.0,1.0,,,,,,,0.8559437740202815,0.5017800395971465,scored,True,2026-09-24T03:22:24.627208+00:00,github-actions,7fa00c14b86e,,,,,,,,미국지표:FOMC 금리 결정,,,,,,
3,20260916T213033_48f8fec553ce,2026-09-16 21:30:53.416093+00:00,2026-09-17,2026-09-16,2a5ebb4761fcf4cee8d7,53c9db3770b61e827785,close_to_close,0.0132212167836358,{},7ed3ebee8562f01fbf17,lagged_latest_vintage,보합,0.3520330172778635,0.388290426511685,0.2596765562104514,Candidate expanding,20260916T213033_48f8fec553ce:direction:Candidate expanding,direction,1,2026-09-17,,,,,,,,,,,,,,,,,1770000.0,1745000.0,-0.007959067652074991,1.0,1.0,,,,,,,0.9460016974243596,0.5655477613963324,scored,True,2026-09-24T03:22:24.627208+00:00,github-actions,7fa00c14b86e,,,,,,,,미국지표:FOMC 금리 결정,,,,,,
3,20260916T213033_48f8fec553ce,2026-09-16 21:30:53.416093+00:00,2026-09-17,2026-09-16,2a5ebb4761fcf4cee8d7,53c9db3770b61e827785,close_to_close,0.0132212167836358,{},7ed3ebee8562f01fbf17,lagged_latest_vintage,보합,0.3479211189273321,0.4078550126659763,0.2442238684066915,No NSI ensemble,20260916T213033_48f8fec553ce:direction:No NSI ensemble,direction,1,2026-09-17,,,,,,,,,,,,,,,,,1770000.0,1745000.0,-0.007959067652074991,1.0,1.0,,,,,,,0.8968435288465012,0.5313300889199868,scored,True,2026-09-24T03:22:24.627208+00:00,github-actions,7fa00c14b86e,,,,,,,,미국지표:FOMC 금리 결정,,,,,,
3,20260916T213033_48f8fec553ce,2026-09-16 21:30:53.416093+00:00,2026-09-17,2026-09-16,2a5ebb4761fcf4cee8d7,53c9db3770b61e827785,close_to_close,0.0132212167836358,{},7ed3ebee8562f01fbf17,lagged_latest_vintage,하락,0.3774710712952768,0.3711392431293919,0.2513896855753314,No flow ensemble,20260916T213033_48f8fec553ce:direction:No flow ensemble,direction,1,2026-09-17,,,,,,,,,,,,,,,,,1770000.0,1745000.0,-0.007959067652074991,1.0,0.0,,,,,,,0.9911779683809734,0.601147035210342,scored,True,2026-09-24T03:22:24.627208+00:00,github-actions,7fa00c14b86e,,,,,,,,미국지표:FOMC 금리 결정,,,,,,
3,20260916T213033_48f8fec553ce,2026-09-16 21:30:53.416093+00:00,2026-09-17,2026-09-16,2a5ebb4761fcf4cee8d7,53c9db3770b61e827785,close_to_close,0.0132212167836358,{},7ed3ebee8562f01fbf17,lagged_latest_vintage,하락,0.383716801760604,0.3558954140995709,0.260387784139825,No macro price ensemble,20260916T213033_48f8fec553ce:direction:No macro price ensemble,direction,1,2026-09-17,,,,,,,,,,,,,,,,,1770000.0,1745000.0,-0.007959067652074991,1.0,0.0,,,,,,,1.033118371911269,0.6299110996605981,scored,True,2026-09-24T03:22:24.627208+00:00,github-actions,7fa00c14b86e,,,,,,,,미국지표:FOMC 금리 결정,,,,,,
3,20260916T213033_48f8fec553ce,2026-09-16 21:30:53.416093+00:00,2026-09-17,2026-09-16,2a5ebb4761fcf4cee8d7,53c9db3770b61e827785,close_to_close,0.0132212167836358,{},7ed3ebee8562f01fbf17,lagged_latest_vintage,,,,,Ridge,20260916T213033_48f8fec553ce:price:1,price,1,2026-09-17,1거래일,1.0,1759000.0,있음,0.0001180804737818,1759207.703553382,1759207.703553382,1663063.3863846343,1855352.0207221296,0.799163179916318,simple,0.0304842524998813,0.0334054001060929,-0.0040280512652152,-0.0019171912884414,1.0,1770000.0,1745000.0,-0.007959067652074991,,,14207.703553382074,14207.703553382074,0.008141950460390873,0.008077148125856791,1.0,14207.703553382074,,,scored,True,2026-09-24T03:22:24.627208+00:00,github-actions,7fa00c14b86e,0.0001180804737818,,,,,,,미국지표:FOMC 금리 결정,,,,,,
3,20260916T213033_48f8fec553ce,2026-09-16 21:30:53.416093+00:00,2026-09-17,2026-09-16,2a5ebb4761fcf4cee8d7,53c9db3770b61e827785,close_to_close,0.0132212167836358,{},7ed3ebee8562f01fbf17,lagged_latest_vintage,,,,,Ridge,20260916T213033_48f8fec553ce:price:5,price,5,2026-09-23,1주일,5.0,1759000.0,없음,,,1759000.0,1536548.2622157286,1981451.737784272,0.7557894736842106,simple,0.0760197509040457,0.0788627859499356,0.0,0.0,0.0,1899000.0,1862000.0,0.058555997725980635,,,,,,,1.0,-103000.0,,,scored,True,2026-09-24T03:22:24.627208+00:00,github-actions,7fa00c14b86e,0.0139990875877174,,,,,,,미국지표:FOMC 금리 결정,,,,,,
3,20260916T213033_48f8fec553ce,2026-09-16 21:30:53.416093+00:00,2026-09-17,2026-09-16,2a5ebb4761fcf4cee8d7,53c9db3770b61e827785,close_to_close,0.0132212167836358,{},7ed3ebee8562f01fbf17,lagged_latest_vintage,,,,,Ridge,20260916T213033_48f8fec553ce:price:20,price,20,2026-10-20,1개월,20.0,1759000.0,없음,,,1759000.0,1293794.9378489098,2224205.0621510902,0.6652452025586354,simple,0.1996707998284009,0.2001488867534384,0.0,0.0,0.0,,,,,,,,,,,,,,pending,True,2026-09-24T03:22:24.627208+00:00,github-actions,7fa00c14b86e,0.0515970191543394,,,,,,,미국지표:FOMC 금리 결정,,,,,,
3,20260916T213033_48f8fec553ce,2026-09-16 21:30:53.416093+00:00,2026-09-17,2026-09-16,2a5ebb4761fcf4cee8d7,53c9db3770b61e827785,close_to_close,0.0132212167836358,{},7ed3ebee8562f01fbf17,lagged_latest_vintage,,,,,Candidate IV interval,20260916T213033_48f8fec553ce:price_candidate:iv_interval:1,price,1,2026-09-17,1거래일,1.0,1759000.0,있음,0.0001180804737818,1759207.703553382,1759207.703553382,1670266.4022817002,1848149.004825064,0.8200836820083682,iv,0.0304842524998813,0.0334054001060929,-0.0040280512652152,-0.0019171912884414,1.0,1770000.0,1745000.0,-0.007959067652074991,,,14207.703553382074,14207.703553382074,0.008141950460390873,0.008077148125856791,1.0,14207.703553382074,,,scored,True,2026-09-24T03:22:24.627208+00:00,github-actions,7fa00c14b86e,0.0001180804737818,,,,,,,미국지표:FOMC 금리 결정,,,,,,
3,20260916T213033_48f8fec553ce,2026-09-16 21:30:53.416093+00:00,2026-09-17,2026-09-16,2a5ebb4761fcf4cee8d7,53c9db3770b61e827785,close_to_close,0.0132212167836358,{},7ed3ebee8562f01fbf17,lagged_latest_vintage,,,,,Candidate HAR interval,20260916T213033_48f8fec553ce:price_candidate:har_interval:5,price,5,2026-09-23,1주일,5.0,1759000.0,없음,,,1759000.0,1580617.5153026287,1937382.4846973715,0.6189473684210526,har,0.0760197509040457,0.0788627859499356,0.0,0.0,0.0,1899000.0,1862000.0,0.058555997725980635,,,,,,,1.0,-103000.0,,,scored,True,2026-09-24T03:22:24.627208+00:00,github-actions,7fa00c14b86e,0.0139990875877174,,,,,,,미국지표:FOMC 금리 결정,,,,,,
3,20260916T213033_48f8fec553ce,2026-09-16 21:30:53.416093+00:00,2026-09-17,2026-09-16,2a5ebb4761fcf4cee8d7,53c9db3770b61e827785,close_to_close,0.0132212167836358,{},7ed3ebee8562f01fbf17,lagged_latest_vintage,,,,,Candidate strict gate,20260916T213033_48f8fec553ce:price_candidate:strict_gate:5,price,5,2026-09-23,1주일,5.0,1759000.0,없음,,,1759000.0,1536548.2622157286,1981451.737784272,0.7557894736842106,simple,0.0760197509040457,0.0788627859499356,0.0,0.0,0.0,1899000.0,1862000.0,0.058555997725980635,,,,,,,1.0,-103000.0,,,scored,True,2026-09-24T03:22:24.627208+00:00,github-actions,7fa00c14b86e,0.0139990875877174,,,,,,,미국지표:FOMC 금리 결정,,,,,,
3,20260916T213033_48f8fec553ce,2026-09-16 21:30:53.416093+00:00,2026-09-17,2026-09-16,2a5ebb4761fcf4cee8d7,53c9db3770b61e827785,close_to_close,0.0132212167836358,{},7ed3ebee8562f01fbf17,lagged_latest_vintage,,,,,Candidate IV interval,20260916T213033_48f8fec553ce:price_candidate:iv_interval:5,price,5,2026-09-23,1주일,5.0,1759000.0,없음,,,1759000.0,1560350.7902925285,1957649.2097074715,0.76,iv,0.0760197509040457,0.0788627859499356,0.0,0.0,0.0,1899000.0,1862000.0,0.058555997725980635,,,,,,,1.0,-103000.0,,,scored,True,2026-09-24T03:22:24.627208+00:00,github-actions,7fa00c14b86e,0.0139990875877174,,,,,,,미국지표:FOMC 금리 결정,,,,,,
3,20260916T213033_48f8fec553ce,2026-09-16 21:30:53.416093+00:00,2026-09-17,2026-09-16,2a5ebb4761fcf4cee8d7,53c9db3770b61e827785,close_to_close,0.0132212167836358,{},7ed3ebee8562f01fbf17,lagged_latest_vintage,,,,,Candidate HAR interval,20260916T213033_48f8fec553ce:price_candidate:har_interval:20,price,20,2026-10-20,1개월,20.0,1759000.0,없음,,,1759000.0,1370562.611019064,2147437.3889809363,0.55863539445629,har,0.1996707998284009,0.2001488867534384,0.0,0.0,0.0,,,,,,,,,,,,,,pending,True,2026-09-24T03:22:24.627208+00:00,github-actions,7fa00c14b86e,0.0515970191543394,,,,,,,미국지표:FOMC 금리 결정,,,,,,
3,20260916T213033_48f8fec553ce,2026-09-16 21:30:53.416093+00:00,2026-09-17,2026-09-16,2a5ebb4761fcf4cee8d7,53c9db3770b61e827785,close_to_close,0.0132212167836358,{},7ed3ebee8562f01fbf17,lagged_latest_vintage,,,,,Candidate IV interval,20260916T213033_48f8fec553ce:price_candidate:iv_interval:20,price,20,2026-10-20,1개월,20.0,1759000.0,없음,,,1759000.0,1318074.8923655346,2199925.1076344657,0.7014925373134329,iv,0.1996707998284009,0.2001488867534384,0.0,0.0,0.0,,,,,,,,,,,,,,pending,True,2026-09-24T03:22:24.627208+00:00,github-actions,7fa00c14b86e,0.0515970191543394,,,,,,,미국지표:FOMC 금리 결정,,,,,,
3,20260916T213033_48f8fec553ce,2026-09-16 21:30:53.416093+00:00,2026-09-17,2026-09-16,2a5ebb4761fcf4cee8d7,53c9db3770b61e827785,close_to_close,0.0132212167836358,{},7ed3ebee8562f01fbf17,lagged_latest_vintage,,,,,Ridge,20260916T213033_48f8fec553ce:open:1,open,1,2026-09-17,시초가예측,1.0,1759000.0,있음,-0.0012248121201992,,,,,0.8240418118466899,,0.0173639631731005,0.0230284548598451,-0.0072010834593512,-0.004218349168739,1.0,1770000.0,1745000.0,0.00625355315520193,,,-13154.444519430399,13154.444519430399,0.007431889559000225,-0.00747836527540113,1.0,-13154.444519430399,,,scored,True,2026-09-24T03:22:24.627208+00:00,github-actions,7fa00c14b86e,-0.0012248121201992,1756845.5554805696,1756845.5554805696,1691277.865710314,1822413.245250825,0.8074944661305524,0.6297938249986667,미국지표:FOMC 금리 결정,,,,,,
3,20260917T115711_30dd05af4a40,2026-09-17 11:57:31.050031+00:00,2026-09-18,2026-09-17,8d26df4632ace29e3536,53c9db3770b61e827785,close_to_close,0.0102651871773348,{},7ed3ebee8562f01fbf17,lagged_latest_vintage,보합,0.339939012762507,0.3826295209481599,0.2774314662893329,Candidate evening forecast,20260917T115711_30dd05af4a40:direction:Candidate evening forecast,direction,1,2026-09-18,,,,,,,,,,,,,,,,,1810000.0,1857000.0,0.06418338108882526,2.0,0.0,,,,,,,1.2821813446240753,0.7840691686077499,scored,True,2026-09-24T03:22:24.627208+00:00,github-actions,7fa00c14b86e,,,,,,,,미국지표:FOMC 금리 결정,No macro ensemble,,,,,
3,20260917T115711_30dd05af4a40,2026-09-17 11:57:31.050031+00:00,2026-09-18,2026-09-17,8d26df4632ace29e3536,53c9db3770b61e827785,close_to_close,0.0102651871773348,{},7ed3ebee8562f01fbf17,lagged_latest_vintage,,,,,Candidate evening open,20260917T115711_30dd05af4a40:open:Candidate evening open,open,1,2026-09-18,시초가예측,1.0,1745000.0,있음,-0.0012688307324424,,,,,0.8240418118466899,,0.0173752535229263,0.0230393495517531,-0.0072186028791568,-0.004217225103989,1.0,1810000.0,1857000.0,0.0372492836676217,,,-67214.10962811206,67214.10962811206,0.037134867197851966,-0.0385181144000641,0.0,-67214.10962811206,,,scored,True,2026-09-24T03:22:24.627208+00:00,github-actions,7fa00c14b86e,-0.0012688307324424,1742785.890371888,1742785.890371888,1686495.8217001492,1799075.959043627,0.8067434722895679,0.629708494134807,미국지표:FOMC 금리 결정,,,,,,
3,20260917T213329_56c8cce7930f,2026-09-17 21:33:42.939751+00:00,2026-09-18,2026-09-17,519ab2e7d96e3ecfdbaa,53c9db3770b61e827785,close_to_close,0.0102651871773348,{},7ed3ebee8562f01fbf17,lagged_latest_vintage,상승,0.135057246762093,0.2475066146630025,0.6174361385749044,Logistic,20260917T213329_56c8cce7930f:direction:Logistic,direction,1,2026-09-18,,,,,,,,,,,,,,,,,1810000.0,1857000.0,0.06418338108882526,2.0,1.0,,,,,,,0.482179635140046,0.22585509227337655,scored,True,2026-09-24T03:22:24.627208+00:00,github-actions,7fa00c14b86e,,,,,,,,미국지표:FOMC 금리 결정,,,,,,
3,20260917T213329_56c8cce7930f,2026-09-17 21:33:42.939751+00:00,2026-09-18,2026-09-17,519ab2e7d96e3ecfdbaa,53c9db3770b61e827785,close_to_close,0.0102651871773348,{},7ed3ebee8562f01fbf17,lagged_latest_vintage,상승,0.1285117771845943,0.2865633957652776,0.584924827050128,LightGBM,20260917T213329_56c8cce7930f:direction:LightGBM,direction,1,2026-09-18,,,,,,,,,,,,,,,,,1810000.0,1857000.0,0.06418338108882526,2.0,1.0,,,,,,,0.5362719407762236,0.2709212558670361,scored,True,2026-09-24T03:22:24.627208+00:00,github-actions,7fa00c14b86e,,,,,,,,미국지표:FOMC 금리 결정,,,,,,
3,20260917T213329_56c8cce7930f,2026-09-17 21:33:42.939751+00:00,2026-09-18,2026-09-17,519ab2e7d96e3ecfdbaa,53c9db3770b61e827785,close_to_close,0.0102651871773348,{},7ed3ebee8562f01fbf17,lagged_latest_vintage,상승,0.1317845119733436,0.2670350052141401,0.6011804828125162,Mean ensemble,20260917T213329_56c8cce7930f:direction:Mean ensemble,direction,1,2026-09-18,,,,,,,,,,,,,,,,,1810000.0,1857000.0,0.06418338108882526,2.0,1.0,,,,,,,0.5088600853486449,0.2477318588954258,scored,True,2026-09-24T03:22:24.627208+00:00,github-actions,7fa00c14b86e,,,,,,,,미국지표:FOMC 금리 결정,,,,,,
3,20260917T213329_56c8cce7930f,2026-09-17 21:33:42.939751+00:00,2026-09-18,2026-09-17,519ab2e7d96e3ecfdbaa,53c9db3770b61e827785,close_to_close,0.0102651871773348,{},7ed3ebee8562f01fbf17,lagged_latest_vintage,상승,0.1263295304010852,0.3004265326671406,0.5732439369317742,No macro ensemble,20260917T213329_56c8cce7930f:direction:No macro ensemble,direction,1,2026-09-18,,,,,,,,,,,,,,,,,1810000.0,1857000.0,0.06418338108882526,2.0,1.0,,,,,,,0.5564439339563596,0.28833598914725067,scored,True,2026-09-24T03:22:24.627208+00:00,github-actions,7fa00c14b86e,,,,,,,,미국지표:FOMC 금리 결정,,,,,,
3,20260917T213329_56c8cce7930f,2026-09-17 21:33:42.939751+00:00,2026-09-18,2026-09-17,519ab2e7d96e3ecfdbaa,53c9db3770b61e827785,close_to_close,0.0102651871773348,{},7ed3ebee8562f01fbf17,lagged_latest_vintage,상승,0.1110475739110894,0.2409071684180588,0.6480452576708517,Candidate expanding,20260917T213329_56c8cce7930f:direction:Candidate expanding,direction,1,2026-09-18,,,,,,,,,,,,,,,,,1810000.0,1857000.0,0.06418338108882526,2.0,1.0,,,,,,,0.43379474298405946,0.19423996811472294,scored,True,2026-09-24T03:22:24.627208+00:00,github-actions,7fa00c14b86e,,,,,,,,미국지표:FOMC 금리 결정,,,,,,
3,20260917T213329_56c8cce7930f,2026-09-17 21:33:42.939751+00:00,2026-09-18,2026-09-17,519ab2e7d96e3ecfdbaa,53c9db3770b61e827785,close_to_close,0.0102651871773348,{},7ed3ebee8562f01fbf17,lagged_latest_vintage,상승,0.1246455173158052,0.2834187589998694,0.5919357236843253,No NSI ensemble,20260917T213329_56c8cce7930f:direction:No NSI ensemble,direction,1,2026-09-18,,,,,,,,,,,,,,,,,1810000.0,1857000.0,0.06418338108882526,2.0,1.0,,,,,,,0.5243572248503664,0.26237915154498603,scored,True,2026-09-24T03:22:24.627208+00:00,github-actions,7fa00c14b86e,,,,,,,,미국지표:FOMC 금리 결정,,,,,,
3,20260917T213329_56c8cce7930f,2026-09-17 21:33:42.939751+00:00,2026-09-18,2026-09-17,519ab2e7d96e3ecfdbaa,53c9db3770b61e827785,close_to_close,0.0102651871773348,{},7ed3ebee8562f01fbf17,lagged_latest_vintage,상승,0.1352032644180294,0.2747322858107476,0.590064449771223,No flow ensemble,20260917T213329_56c8cce7930f:direction:No flow ensemble,direction,1,2026-09-18,,,,,,,,,,,,,,,,,1810000.0,1857000.0,0.06418338108882526,2.0,1.0,,,,,,,0.5275235111479097,0.26180490691746006,scored,True,2026-09-24T03:22:24.627208+00:00,github-actions,7fa00c14b86e,,,,,,,,미국지표:FOMC 금리 결정,,,,,,
3,20260917T213329_56c8cce7930f,2026-09-17 21:33:42.939751+00:00,2026-09-18,2026-09-17,519ab2e7d96e3ecfdbaa,53c9db3770b61e827785,close_to_close,0.0102651871773348,{},7ed3ebee8562f01fbf17,lagged_latest_vintage,상승,0.1403317054228041,0.2543868718673748,0.605281422709821,No macro price ensemble,20260917T213329_56c8cce7930f:direction:No macro price ensemble,direction,1,2026-09-18,,,,,,,,,,,,,,,,,1810000.0,1857000.0,0.06418338108882526,2.0,1.0,,,,,,,0.5020617676015333,0.2402084233833238,scored,True,2026-09-24T03:22:24.627208+00:00,github-actions,7fa00c14b86e,,,,,,,,미국지표:FOMC 금리 결정,,,,,,
3,20260917T213329_56c8cce7930f,2026-09-17 21:33:42.939751+00:00,2026-09-18,2026-09-17,519ab2e7d96e3ecfdbaa,53c9db3770b61e827785,close_to_close,0.0102651871773348,{},7ed3ebee8562f01fbf17,lagged_latest_vintage,,,,,Ridge,20260917T213329_56c8cce7930f:price:1,price,1,2026-09-18,1거래일,1.0,1745000.0,있음,0.0146281775853467,1770526.16988643,1770526.16988643,1696718.0799095675,1844334.2598632928,0.797071129707113,simple,0.0304455320676745,0.033372739143732,-0.0039349497190121,-0.0019017103486183,1.0,1810000.0,1857000.0,0.06418338108882526,,,-86473.83011356997,86473.83011356997,0.0465664136314324,-0.04955520350347856,0.0,-86473.83011356997,,,scored,True,2026-09-24T03:22:24.627208+00:00,github-actions,7fa00c14b86e,0.0146281775853467,,,,,,,미국지표:FOMC 금리 결정,,,,,,
3,20260917T213329_56c8cce7930f,2026-09-17 21:33:42.939751+00:00,2026-09-18,2026-09-17,519ab2e7d96e3ecfdbaa,53c9db3770b61e827785,close_to_close,0.0102651871773348,{},7ed3ebee8562f01fbf17,lagged_latest_vintage,,,,,Ridge,20260917T213329_56c8cce7930f:price:5,price,5,2026-09-28,1주일,5.0,1745000.0,없음,,,1745000.0,1574655.5552536591,1915344.4447463409,0.7526205450733753,simple,0.0758646110763034,0.0787345763197263,0.0,0.0,0.0,1825000.0,1768000.0,0.013180515759312339,,,,,,,1.0,-23000.0,,,scored,True,2026-09-28T08:31:40.265638+00:00,github-actions,7fa00c14b86e,0.0241669734180497,,,,,,,미국지표:FOMC 금리 결정,,,,,,
3,20260917T213329_56c8cce7930f,2026-09-17 21:33:42.939751+00:00,2026-09-18,2026-09-17,519ab2e7d96e3ecfdbaa,53c9db3770b61e827785,close_to_close,0.0102651871773348,{},7ed3ebee8562f01fbf17,lagged_latest_vintage,,,,,Ridge,20260917T213329_56c8cce7930f:price:20,price,20,2026-10-21,1개월,20.0,1745000.0,없음,,,1745000.0,1387672.2970806342,2102327.702919366,0.6638297872340425,simple,0.1996958539708752,0.1997909822433285,0.0,0.0,0.0,,,,,,,,,,,,,,pending,True,2026-09-24T03:22:24.627208+00:00,github-actions,7fa00c14b86e,0.0490147537970814,,,,,,,미국지표:FOMC 금리 결정,,,,,,
3,20260917T213329_56c8cce7930f,2026-09-17 21:33:42.939751+00:00,2026-09-18,2026-09-17,519ab2e7d96e3ecfdbaa,53c9db3770b61e827785,close_to_close,0.0102651871773348,{},7ed3ebee8562f01fbf17,lagged_latest_vintage,,,,,Candidate IV interval,20260917T213329_56c8cce7930f:price_candidate:iv_interval:1,price,1,2026-09-18,1거래일,1.0,1745000.0,있음,0.0146281775853467,1770526.16988643,1770526.16988643,1709990.991178552,1831061.348594308,0.8158995815899581,iv,0.0304455320676745,0.033372739143732,-0.0039349497190121,-0.0019017103486183,1.0,1810000.0,1857000.0,0.06418338108882526,,,-86473.83011356997,86473.83011356997,0.0465664136314324,-0.04955520350347856,0.0,-86473.83011356997,,,scored,True,2026-09-24T03:22:24.627208+00:00,github-actions,7fa00c14b86e,0.0146281775853467,,,,,,,미국지표:FOMC 금리 결정,,,,,,
3,20260917T213329_56c8cce7930f,2026-09-17 21:33:42.939751+00:00,2026-09-18,2026-09-17,519ab2e7d96e3ecfdbaa,53c9db3770b61e827785,close_to_close,0.0102651871773348,{},7ed3ebee8562f01fbf17,lagged_latest_vintage,,,,,Candidate HAR interval,20260917T213329_56c8cce7930f:price_candidate:har_interval:5,price,5,2026-09-28,1주일,5.0,1745000.0,없음,,,1745000.0,1567024.958372288,1922975.0416277123,0.6205450733752621,har,0.0758646110763034,0.0787345763197263,0.0,0.0,0.0,1825000.0,1768000.0,0.013180515759312339,,,,,,,1.0,-23000.0,,,scored,True,2026-09-28T08:31:40.265638+00:00,github-actions,7fa00c14b86e,0.0241669734180497,,,,,,,미국지표:FOMC 금리 결정,,,,,,
3,20260917T213329_56c8cce7930f,2026-09-17 21:33:42.939751+00:00,2026-09-18,2026-09-17,519ab2e7d96e3ecfdbaa,53c9db3770b61e827785,close_to_close,0.0102651871773348,{},7ed3ebee8562f01fbf17,lagged_latest_vintage,,,,,Candidate strict gate,20260917T213329_56c8cce7930f:price_candidate:strict_gate:5,price,5,2026-09-28,1주일,5.0,1745000.0,없음,,,1745000.0,1574655.5552536591,1915344.4447463409,0.7526205450733753,simple,0.0758646110763034,0.0787345763197263,0.0,0.0,0.0,1825000.0,1768000.0,0.013180515759312339,,,,,,,1.0,-23000.0,,,scored,True,2026-09-28T08:31:40.265638+00:00,github-actions,7fa00c14b86e,0.0241669734180497,,,,,,,미국지표:FOMC 금리 결정,,,,,,
3,20260917T213329_56c8cce7930f,2026-09-17 21:33:42.939751+00:00,2026-09-18,2026-09-17,519ab2e7d96e3ecfdbaa,53c9db3770b61e827785,close_to_close,0.0102651871773348,{},7ed3ebee8562f01fbf17,lagged_latest_vintage,,,,,Candidate IV interval,20260917T213329_56c8cce7930f:price_candidate:iv_interval:5,price,5,2026-09-28,1주일,5.0,1745000.0,없음,,,1745000.0,1609330.368417621,1880669.63158238,0.7610062893081762,iv,0.0758646110763034,0.0787345763197263,0.0,0.0,0.0,1825000.0,1768000.0,0.013180515759312339,,,,,,,1.0,-23000.0,,,scored,True,2026-09-28T08:31:40.265638+00:00,github-actions,7fa00c14b86e,0.0241669734180497,,,,,,,미국지표:FOMC 금리 결정,,,,,,
3,20260917T213329_56c8cce7930f,2026-09-17 21:33:42.939751+00:00,2026-09-18,2026-09-17,519ab2e7d96e3ecfdbaa,53c9db3770b61e827785,close_to_close,0.0102651871773348,{},7ed3ebee8562f01fbf17,lagged_latest_vintage,,,,,Candidate HAR interval,20260917T213329_56c8cce7930f:price_candidate:har_interval:20,price,20,2026-10-21,1개월,20.0,1745000.0,없음,,,1745000.0,1364532.4937408653,2125467.5062591345,0.5595744680851064,har,0.1996958539708752,0.1997909822433285,0.0,0.0,0.0,,,,,,,,,,,,,,pending,True,2026-09-24T03:22:24.627208+00:00,github-actions,7fa00c14b86e,0.0490147537970814,,,,,,,미국지표:FOMC 금리 결정,,,,,,
3,20260917T213329_56c8cce7930f,2026-09-17 21:33:42.939751+00:00,2026-09-18,2026-09-17,519ab2e7d96e3ecfdbaa,53c9db3770b61e827785,close_to_close,0.0102651871773348,{},7ed3ebee8562f01fbf17,lagged_latest_vintage,,,,,Candidate IV interval,20260917T213329_56c8cce7930f:price_candidate:iv_interval:20,price,20,2026-10-21,1개월,20.0,1745000.0,없음,,,1745000.0,1444324.1917798736,2045675.8082201264,0.6978723404255319,iv,0.1996958539708752,0.1997909822433285,0.0,0.0,0.0,,,,,,,,,,,,,,pending,True,2026-09-24T03:22:24.627208+00:00,github-actions,7fa00c14b86e,0.0490147537970814,,,,,,,미국지표:FOMC 금리 결정,,,,,,
3,20260917T213329_56c8cce7930f,2026-09-17 21:33:42.939751+00:00,2026-09-18,2026-09-17,519ab2e7d96e3ecfdbaa,53c9db3770b61e827785,close_to_close,0.0102651871773348,{},7ed3ebee8562f01fbf17,lagged_latest_vintage,,,,,Ridge,20260917T213329_56c8cce7930f:open:1,open,1,2026-09-18,시초가예측,1.0,1745000.0,있음,0.0235619656741619,,,,,0.8240418118466899,,0.01737525067822,0.0230393495517531,-0.0072186089750418,-0.004217227569867,1.0,1810000.0,1857000.0,0.0372492836676217,,,-23884.369898587698,23884.369898587698,0.013195784474357845,-0.013687317993459801,1.0,-23884.369898587698,,,scored,True,2026-09-24T03:22:24.627208+00:00,github-actions,7fa00c14b86e,0.0235619656741619,1786115.6301014123,1786115.6301014123,1729825.5503433454,1842405.70985948,0.8067425693313865,0.6297085673399794,미국지표:FOMC 금리 결정,,,,,,
3,20260918T114151_6d19218b8e9b,2026-09-18 11:42:11.863145+00:00,2026-09-21,2026-09-18,4fcece256087f1994bd0,53c9db3770b61e827785,close_to_close,0.0110061153637702,{},7ed3ebee8562f01fbf17,lagged_latest_vintage,상승,0.174882930984054,0.3809821539396743,0.4441349150762717,Candidate evening forecast,20260918T114151_6d19218b8e9b:direction:Candidate evening forecast,direction,1,2026-09-21,,,,,,,,,,,,,,,,,1872000.0,1868000.0,0.005923532579429125,1.0,0.0,,,,,,,0.965002745005814,0.6110229560805456,scored,True,2026-09-24T03:22:24.627208+00:00,github-actions,7fa00c14b86e,,,,,,,,,No macro ensemble,,,,,
3,20260918T114151_6d19218b8e9b,2026-09-18 11:42:11.863145+00:00,2026-09-21,2026-09-18,4fcece256087f1994bd0,53c9db3770b61e827785,close_to_close,0.0110061153637702,{},7ed3ebee8562f01fbf17,lagged_latest_vintage,,,,,Candidate evening open,20260918T114151_6d19218b8e9b:open:Candidate evening open,open,1,2026-09-21,시초가예측,1.0,1857000.0,있음,0.0226473156362772,,,,,0.8240418118466899,,0.01738387721317,0.0231014696335993,-0.0072653304063686,-0.0042646433722829,1.0,1872000.0,1868000.0,0.008077544426494443,,,27056.065136566758,27056.065136566758,0.014453026248166004,0.014569771209782756,1.0,27056.065136566758,,,scored,True,2026-09-24T03:22:24.627208+00:00,github-actions,7fa00c14b86e,0.0226473156362772,1899056.0651365668,1899056.0651365668,1836588.295528945,1961523.8347441885,0.8082369651214343,0.6305641318807796,,,,,,,
3,20260918T211716_52358730e0e0,2026-09-18 21:17:36.146056+00:00,2026-09-21,2026-09-18,9c8af188dcda9619d547,53c9db3770b61e827785,close_to_close,0.0110061153637702,{},e01ef2214b2f64572f6d,lagged_latest_vintage,상승,0.2524787633133671,0.3114534728852824,0.4360677638013503,Logistic,20260918T211716_52358730e0e0:direction:Logistic,direction,1,2026-09-21,,,,,,,,,,,,,,,,,1872000.0,1868000.0,0.005923532579429125,1.0,0.0,,,,,,,1.1665053166448978,0.727996940552696,scored,True,2026-09-24T03:22:24.627208+00:00,github-actions,7fa00c14b86e,,,,,,,,,,,,,,
3,20260918T211716_52358730e0e0,2026-09-18 21:17:36.146056+00:00,2026-09-21,2026-09-18,9c8af188dcda9619d547,53c9db3770b61e827785,close_to_close,0.0110061153637702,{},e01ef2214b2f64572f6d,lagged_latest_vintage,보합,0.2008672007563948,0.4314372326174858,0.3676955666261193,LightGBM,20260918T211716_52358730e0e0:direction:LightGBM,direction,1,2026-09-21,,,,,,,,,,,,,,,,,1872000.0,1868000.0,0.005923532579429125,1.0,1.0,,,,,,,0.8406332422666031,0.49881128250987566,scored,True,2026-09-24T03:22:24.627208+00:00,github-actions,7fa00c14b86e,,,,,,,,,,,,,,
3,20260918T211716_52358730e0e0,2026-09-18 21:17:36.146056+00:00,2026-09-21,2026-09-18,9c8af188dcda9619d547,53c9db3770b61e827785,close_to_close,0.0110061153637702,{},e01ef2214b2f64572f6d,lagged_latest_vintage,상승,0.226672982034881,0.3714453527513842,0.4018816652137348,Mean ensemble,20260918T211716_52358730e0e0:direction:Mean ensemble,direction,1,2026-09-21,,,,,,,,,,,,,,,,,1872000.0,1868000.0,0.005923532579429125,1.0,0.0,,,,,,,0.9903535245639884,0.6079704581973818,scored,True,2026-09-24T03:22:24.627208+00:00,github-actions,7fa00c14b86e,,,,,,,,,,,,,,
3,20260918T211716_52358730e0e0,2026-09-18 21:17:36.146056+00:00,2026-09-21,2026-09-18,9c8af188dcda9619d547,53c9db3770b61e827785,close_to_close,0.0110061153637702,{},e01ef2214b2f64572f6d,lagged_latest_vintage,보합,0.1998401565728911,0.4420329955378703,0.3581268478892385,No macro ensemble,20260918T211716_52358730e0e0:direction:No macro ensemble,direction,1,2026-09-21,,,,,,,,,,,,,,,,,1872000.0,1868000.0,0.005923532579429125,1.0,1.0,,,,,,,0.8163707491524834,0.47951810542660167,scored,True,2026-09-24T03:22:24.627208+00:00,github-actions,7fa00c14b86e,,,,,,,,,,,,,,
3,20260918T211716_52358730e0e0,2026-09-18 21:17:36.146056+00:00,2026-09-21,2026-09-18,9c8af188dcda9619d547,53c9db3770b61e827785,close_to_close,0.0110061153637702,{},e01ef2214b2f64572f6d,lagged_latest_vintage,상승,0.1891318508119529,0.3639969063217687,0.4468712428662783,Candidate expanding,20260918T211716_52358730e0e0:direction:Candidate expanding,direction,1,2026-09-21,,,,,,,,,,,,,,,,,1872000.0,1868000.0,0.005923532579429125,1.0,0.0,,,,,,,1.0106099104975341,0.6399646998606883,scored,True,2026-09-24T03:22:24.627208+00:00,github-actions,7fa00c14b86e,,,,,,,,,,,,,,
3,20260918T211716_52358730e0e0,2026-09-18 21:17:36.146056+00:00,2026-09-21,2026-09-18,9c8af188dcda9619d547,53c9db3770b61e827785,close_to_close,0.0110061153637702,{},e01ef2214b2f64572f6d,lagged_latest_vintage,상승,0.2185221278641645,0.3899087680193189,0.3915691041165166,No NSI ensemble,20260918T211716_52358730e0e0:direction:No NSI ensemble,direction,1,2026-09-21,,,,,,,,,,,,,,,,,1872000.0,1868000.0,0.005923532579429125,1.0,0.0,,,,,,,0.9418424953794963,0.5732895950045989,scored,True,2026-09-24T03:22:24.627208+00:00,github-actions,7fa00c14b86e,,,,,,,,,,,,,,
3,20260918T211716_52358730e0e0,2026-09-18 21:17:36.146056+00:00,2026-09-21,2026-09-18,9c8af188dcda9619d547,53c9db3770b61e827785,close_to_close,0.0110061153637702,{},e01ef2214b2f64572f6d,lagged_latest_vintage,상승,0.2266575072801065,0.3669893026769192,0.4063531900429742,No flow ensemble,20260918T211716_52358730e0e0:direction:No flow ensemble,direction,1,2026-09-21,,,,,,,,,,,,,,,,,1872000.0,1868000.0,0.005923532579429125,1.0,0.0,,,,,,,1.0024225793716721,0.617199083589986,scored,True,2026-09-24T03:22:24.627208+00:00,github-actions,7fa00c14b86e,,,,,,,,,,,,,,
3,20260918T211716_52358730e0e0,2026-09-18 21:17:36.146056+00:00,2026-09-21,2026-09-18,9c8af188dcda9619d547,53c9db3770b61e827785,close_to_close,0.0110061153637702,{},e01ef2214b2f64572f6d,lagged_latest_vintage,상승,0.2357965959941591,0.3597287081175788,0.404474695888262,No macro price ensemble,20260918T211716_52358730e0e0:direction:No macro price ensemble,direction,1,2026-09-21,,,,,,,,,,,,,,,,,1872000.0,1868000.0,0.005923532579429125,1.0,0.0,,,,,,,1.022405120184857,0.6291471415051193,scored,True,2026-09-24T03:22:24.627208+00:00,github-actions,7fa00c14b86e,,,,,,,,,,,,,,
3,20260918T211716_52358730e0e0,2026-09-18 21:17:36.146056+00:00,2026-09-21,2026-09-18,9c8af188dcda9619d547,53c9db3770b61e827785,close_to_close,0.0110061153637702,{},e01ef2214b2f64572f6d,lagged_latest_vintage,,,,,Ridge,20260918T211716_52358730e0e0:price:1,price,1,2026-09-21,1거래일,1.0,1857000.0,있음,0.0082813003526093,1872378.374754796,1872378.374754796,1788137.5528954123,1956619.1966141784,0.7949790794979079,simple,0.0305525279601105,0.0335034007867698,-0.0039541621766722,-0.0019411219456903,1.0,1872000.0,1868000.0,0.005923532579429125,,,4378.374754796037,4378.374754796037,0.002343883701710941,0.0023577677731801746,1.0,4378.374754796037,,,scored,True,2026-09-24T03:22:24.627208+00:00,github-actions,7fa00c14b86e,0.0082813003526093,,,,,,,,,,,,,
3,20260918T211716_52358730e0e0,2026-09-18 21:17:36.146056+00:00,2026-09-21,2026-09-18,9c8af188dcda9619d547,53c9db3770b61e827785,close_to_close,0.0110061153637702,{},e01ef2214b2f64572f6d,lagged_latest_vintage,,,,,Ridge,20260918T211716_52358730e0e0:price:5,price,5,2026-09-29,1주일,5.0,1857000.0,없음,,,1857000.0,1662638.129751254,2051361.870248746,0.7526205450733753,simple,0.0757962479910537,0.0787063765771694,0.0,0.0,0.0,1755000.0,1765000.0,-0.04954227248249865,,,,,,,1.0,92000.0,,,scored,True,2026-09-29T07:49:50.830267+00:00,github-actions,7fa00c14b86e,0.0213922280246396,,,,,,,,,,,,,
3,20260918T211716_52358730e0e0,2026-09-18 21:17:36.146056+00:00,2026-09-21,2026-09-18,9c8af188dcda9619d547,53c9db3770b61e827785,close_to_close,0.0110061153637702,{},e01ef2214b2f64572f6d,lagged_latest_vintage,,,,,Ridge,20260918T211716_52358730e0e0:price:20,price,20,2026-10-22,1개월,20.0,1857000.0,없음,,,1857000.0,1449292.1726606544,2264707.8273393456,0.6638297872340425,simple,0.1997092222863376,0.1997431836649213,0.0,0.0,0.0,,,,,,,,,,,,,,pending,True,2026-09-24T03:22:24.627208+00:00,github-actions,7fa00c14b86e,0.0575415760398785,,,,,,,,,,,,,
3,20260918T211716_52358730e0e0,2026-09-18 21:17:36.146056+00:00,2026-09-21,2026-09-18,9c8af188dcda9619d547,53c9db3770b61e827785,close_to_close,0.0110061153637702,{},e01ef2214b2f64572f6d,lagged_latest_vintage,,,,,Candidate IV interval,20260918T211716_52358730e0e0:price_candidate:iv_interval:1,price,1,2026-09-21,1거래일,1.0,1857000.0,있음,0.0082813003526093,1872378.374754796,1872378.374754796,1805383.031435461,1939373.7180741287,0.8158995815899581,iv,0.0305525279601105,0.0335034007867698,-0.0039541621766722,-0.0019411219456903,1.0,1872000.0,1868000.0,0.005923532579429125,,,4378.374754796037,4378.374754796037,0.002343883701710941,0.0023577677731801746,1.0,4378.374754796037,,,scored,True,2026-09-24T03:22:24.627208+00:00,github-actions,7fa00c14b86e,0.0082813003526093,,,,,,,,,,,,,
3,20260918T211716_52358730e0e0,2026-09-18 21:17:36.146056+00:00,2026-09-21,2026-09-18,9c8af188dcda9619d547,53c9db3770b61e827785,close_to_close,0.0110061153637702,{},e01ef2214b2f64572f6d,lagged_latest_vintage,,,,,Candidate HAR interval,20260918T211716_52358730e0e0:price_candidate:har_interval:5,price,5,2026-09-29,1주일,5.0,1857000.0,없음,,,1857000.0,1672831.4124159182,2041168.5875840816,0.6205450733752621,har,0.0757962479910537,0.0787063765771694,0.0,0.0,0.0,1755000.0,1765000.0,-0.04954227248249865,,,,,,,1.0,92000.0,,,scored,True,2026-09-29T07:49:50.830267+00:00,github-actions,7fa00c14b86e,0.0213922280246396,,,,,,,,,,,,,
3,20260918T211716_52358730e0e0,2026-09-18 21:17:36.146056+00:00,2026-09-21,2026-09-18,9c8af188dcda9619d547,53c9db3770b61e827785,close_to_close,0.0110061153637702,{},e01ef2214b2f64572f6d,lagged_latest_vintage,,,,,Candidate strict gate,20260918T211716_52358730e0e0:price_candidate:strict_gate:5,price,5,2026-09-29,1주일,5.0,1857000.0,없음,,,1857000.0,1662638.129751254,2051361.870248746,0.7526205450733753,simple,0.0757962479910537,0.0787063765771694,0.0,0.0,0.0,1755000.0,1765000.0,-0.04954227248249865,,,,,,,1.0,92000.0,,,scored,True,2026-09-29T07:49:50.830267+00:00,github-actions,7fa00c14b86e,0.0213922280246396,,,,,,,,,,,,,
3,20260918T211716_52358730e0e0,2026-09-18 21:17:36.146056+00:00,2026-09-21,2026-09-18,9c8af188dcda9619d547,53c9db3770b61e827785,close_to_close,0.0110061153637702,{},e01ef2214b2f64572f6d,lagged_latest_vintage,,,,,Candidate IV interval,20260918T211716_52358730e0e0:price_candidate:iv_interval:5,price,5,2026-09-29,1주일,5.0,1857000.0,없음,,,1857000.0,1707397.5946464858,2006602.4053535145,0.7610062893081762,iv,0.0757962479910537,0.0787063765771694,0.0,0.0,0.0,1755000.0,1765000.0,-0.04954227248249865,,,,,,,1.0,92000.0,,,scored,True,2026-09-29T07:49:50.830267+00:00,github-actions,7fa00c14b86e,0.0213922280246396,,,,,,,,,,,,,
3,20260918T211716_52358730e0e0,2026-09-18 21:17:36.146056+00:00,2026-09-21,2026-09-18,9c8af188dcda9619d547,53c9db3770b61e827785,close_to_close,0.0110061153637702,{},e01ef2214b2f64572f6d,lagged_latest_vintage,,,,,Candidate HAR interval,20260918T211716_52358730e0e0:price_candidate:har_interval:20,price,20,2026-10-22,1개월,20.0,1857000.0,없음,,,1857000.0,1454646.399303634,2259353.6006963663,0.5595744680851064,har,0.1997092222863376,0.1997431836649213,0.0,0.0,0.0,,,,,,,,,,,,,,pending,True,2026-09-24T03:22:24.627208+00:00,github-actions,7fa00c14b86e,0.0575415760398785,,,,,,,,,,,,,
3,20260918T211716_52358730e0e0,2026-09-18 21:17:36.146056+00:00,2026-09-21,2026-09-18,9c8af188dcda9619d547,53c9db3770b61e827785,close_to_close,0.0110061153637702,{},e01ef2214b2f64572f6d,lagged_latest_vintage,,,,,Candidate IV interval,20260918T211716_52358730e0e0:price_candidate:iv_interval:20,price,20,2026-10-22,1개월,20.0,1857000.0,없음,,,1857000.0,1525120.002012669,2188879.9979873304,0.6978723404255319,iv,0.1997092222863376,0.1997431836649213,0.0,0.0,0.0,,,,,,,,,,,,,,pending,True,2026-09-24T03:22:24.627208+00:00,github-actions,7fa00c14b86e,0.0575415760398785,,,,,,,,,,,,,
3,20260918T211716_52358730e0e0,2026-09-18 21:17:36.146056+00:00,2026-09-21,2026-09-18,9c8af188dcda9619d547,53c9db3770b61e827785,close_to_close,0.0110061153637702,{},e01ef2214b2f64572f6d,lagged_latest_vintage,,,,,Ridge,20260918T211716_52358730e0e0:open:1,open,1,2026-09-21,시초가예측,1.0,1857000.0,있음,0.0124837942421436,,,,,0.8240418118466899,,0.0173838621448104,0.0231014696335993,-0.0072653562060648,-0.0042646549802136,1.0,1872000.0,1868000.0,0.008077544426494443,,,8182.405907660723,8182.405907660723,0.004370943326741839,0.004406249815649157,1.0,8182.405907660723,,,scored,True,2026-09-24T03:22:24.627208+00:00,github-actions,7fa00c14b86e,0.0124837942421436,1880182.4059076607,1880182.4059076607,1817714.6298911336,1942650.181924188,0.8082369651214343,0.6305646251778632,,,,,,,
3,20260921T101137_084f9135aca7,2026-09-21 10:12:00.566781+00:00,2026-09-22,2026-09-21,8f929bb7b656e5f034b1,53c9db3770b61e827785,close_to_close,0.0106687184071917,{},e01ef2214b2f64572f6d,lagged_latest_vintage,상승,0.2458575516251129,0.3440034932904349,0.4101389550844522,Candidate evening forecast,20260921T101137_084f9135aca7:direction:Candidate evening forecast,direction,1,2026-09-22,,,,,,,,,,,,,,,,,1909000.0,1840000.0,-0.01498929336188437,0.0,0.0,,,,,,,1.4030029692033592,0.8552831983146578,scored,True,2026-09-24T03:22:24.627208+00:00,github-actions,7fa00c14b86e,,,,,,,,,No macro ensemble,,,,,
3,20260921T101137_084f9135aca7,2026-09-21 10:12:00.566781+00:00,2026-09-22,2026-09-21,8f929bb7b656e5f034b1,53c9db3770b61e827785,close_to_close,0.0106687184071917,{},e01ef2214b2f64572f6d,lagged_latest_vintage,,,,,Candidate evening open,20260921T101137_084f9135aca7:open:Candidate evening open,open,1,2026-09-22,시초가예측,1.0,1868000.0,있음,0.0090843606740236,,,,,0.8173913043478261,,0.0173606267921999,0.0230753410680217,-0.0072615829758837,-0.0042664376250294,1.0,1909000.0,1840000.0,0.021948608137045023,,,-24030.414260924095,24030.414260924095,0.012587959277592507,-0.012864247463021422,1.0,-24030.414260924095,,,scored,True,2026-09-24T03:22:24.627208+00:00,github-actions,7fa00c14b86e,0.0090843606740236,1884969.585739076,1884969.585739076,1831371.9314535616,1938567.2400245904,0.8090895530971224,0.6302507185284398,,,,,,,
3,20260921T223136_40517eaed363,2026-09-21 22:31:59.158999+00:00,2026-09-22,2026-09-21,51a44d7e88c23e0a720c,53c9db3770b61e827785,close_to_close,0.0106687184071917,{},e01ef2214b2f64572f6d,lagged_latest_vintage,상승,0.1316790541506095,0.2564447147713686,0.6118762310780218,Logistic,20260921T223136_40517eaed363:direction:Logistic,direction,1,2026-09-22,,,,,,,,,,,,,,,,,1909000.0,1840000.0,-0.01498929336188437,0.0,0.0,,,,,,,2.0273877250180456,1.1941376788931937,scored,True,2026-09-24T03:22:24.627208+00:00,github-actions,7fa00c14b86e,,,,,,,,,,,,,,
3,20260921T223136_40517eaed363,2026-09-21 22:31:59.158999+00:00,2026-09-22,2026-09-21,51a44d7e88c23e0a720c,53c9db3770b61e827785,close_to_close,0.0106687184071917,{},e01ef2214b2f64572f6d,lagged_latest_vintage,상승,0.1942949692099608,0.2861361447132199,0.5195688860768193,LightGBM,20260921T223136_40517eaed363:direction:LightGBM,direction,1,2026-09-22,,,,,,,,,,,,,,,,,1909000.0,1840000.0,-0.01498929336188437,0.0,0.0,,,,,,,1.6383778148023895,1.0009863173308295,scored,True,2026-09-24T03:22:24.627208+00:00,github-actions,7fa00c14b86e,,,,,,,,,,,,,,
3,20260921T223136_40517eaed363,2026-09-21 22:31:59.158999+00:00,2026-09-22,2026-09-21,51a44d7e88c23e0a720c,53c9db3770b61e827785,close_to_close,0.0106687184071917,{},e01ef2214b2f64572f6d,lagged_latest_vintage,상승,0.1629870116802851,0.2712904297422943,0.5657225585774206,Mean ensemble,20260921T223136_40517eaed363:direction:Mean ensemble,direction,1,2026-09-22,,,,,,,,,,,,,,,,,1909000.0,1840000.0,-0.01498929336188437,0.0,0.0,,,,,,,1.8140847642932654,1.094231253169041,scored,True,2026-09-24T03:22:24.627208+00:00,github-actions,7fa00c14b86e,,,,,,,,,,,,,,
3,20260921T223136_40517eaed363,2026-09-21 22:31:59.158999+00:00,2026-09-22,2026-09-21,51a44d7e88c23e0a720c,53c9db3770b61e827785,close_to_close,0.0106687184071917,{},e01ef2214b2f64572f6d,lagged_latest_vintage,상승,0.1325583711568945,0.2641398364563052,0.6033017923868003,No macro ensemble,20260921T223136_40517eaed363:direction:No macro ensemble,direction,1,2026-09-22,,,,,,,,,,,,,,,,,1909000.0,1840000.0,-0.01498929336188437,0.0,0.0,,,,,,,2.0207321935306437,1.1861978853502695,scored,True,2026-09-24T03:22:24.627208+00:00,github-actions,7fa00c14b86e,,,,,,,,,,,,,,
3,20260921T223136_40517eaed363,2026-09-21 22:31:59.158999+00:00,2026-09-22,2026-09-21,51a44d7e88c23e0a720c,53c9db3770b61e827785,close_to_close,0.0106687184071917,{},e01ef2214b2f64572f6d,lagged_latest_vintage,상승,0.1838010498406867,0.2788082183100818,0.5373907318492315,Candidate expanding,20260921T223136_40517eaed363:direction:Candidate expanding,direction,1,2026-09-22,,,,,,,,,,,,,,,,,1909000.0,1840000.0,-0.01498929336188437,0.0,0.0,,,,,,,1.6939013572124086,1.0327035475158601,scored,True,2026-09-24T03:22:24.627208+00:00,github-actions,7fa00c14b86e,,,,,,,,,,,,,,
3,20260921T223136_40517eaed363,2026-09-21 22:31:59.158999+00:00,2026-09-22,2026-09-21,51a44d7e88c23e0a720c,53c9db3770b61e827785,close_to_close,0.0106687184071917,{},e01ef2214b2f64572f6d,lagged_latest_vintage,상승,0.1664906619284544,0.2710634558570856,0.56244588221446,No NSI ensemble,20260921T223136_40517eaed363:direction:No NSI ensemble,direction,1,2026-09-22,,,,,,,,,,,,,,,,,1909000.0,1840000.0,-0.01498929336188437,0.0,0.0,,,,,,,1.792816055648221,1.0845585841736545,scored,True,2026-09-24T03:22:24.627208+00:00,github-actions,7fa00c14b86e,,,,,,,,,,,,,,
3,20260921T223136_40517eaed363,2026-09-21 22:31:59.158999+00:00,2026-09-22,2026-09-21,51a44d7e88c23e0a720c,53c9db3770b61e827785,close_to_close,0.0106687184071917,{},e01ef2214b2f64572f6d,lagged_latest_vintage,상승,0.1694262225272029,0.2650599832064885,0.5655137942663087,No flow ensemble,20260921T223136_40517eaed363:direction:No flow ensemble,direction,1,2026-09-22,,,,,,,,,,,,,,,,,1909000.0,1840000.0,-0.01498929336188437,0.0,0.0,,,,,,,1.7753377122433176,1.0799154460283322,scored,True,2026-09-24T03:22:24.627208+00:00,github-actions,7fa00c14b86e,,,,,,,,,,,,,,
3,20260921T223136_40517eaed363,2026-09-21 22:31:59.158999+00:00,2026-09-22,2026-09-21,51a44d7e88c23e0a720c,53c9db3770b61e827785,close_to_close,0.0106687184071917,{},e01ef2214b2f64572f6d,lagged_latest_vintage,상승,0.1790816852013865,0.2500991377681002,0.5708191770305133,No macro price ensemble,20260921T223136_40517eaed363:direction:No macro price ensemble,direction,1,2026-09-22,,,,,,,,,,,,,,,,,1909000.0,1840000.0,-0.01498929336188437,0.0,0.0,,,,,,,1.7199132353264963,1.0622909911499352,scored,True,2026-09-24T03:22:24.627208+00:00,github-actions,7fa00c14b86e,,,,,,,,,,,,,,
3,20260921T223136_40517eaed363,2026-09-21 22:31:59.158999+00:00,2026-09-22,2026-09-21,51a44d7e88c23e0a720c,53c9db3770b61e827785,close_to_close,0.0106687184071917,{},e01ef2214b2f64572f6d,lagged_latest_vintage,,,,,Ridge,20260921T223136_40517eaed363:price:1,price,1,2026-09-22,1거래일,1.0,1868000.0,있음,0.0120023603523147,1890420.409138124,1890420.409138124,1808202.285458458,1972638.5328177896,0.7949790794979079,simple,0.0304762753799366,0.0334472604350747,-0.0039693048485831,-0.0019622370838046,1.0,1909000.0,1840000.0,-0.01498929336188437,,,50420.40913812397,50420.40913812397,0.02740239627071955,0.026991653714199072,1.0,50420.40913812397,,,scored,True,2026-09-24T03:22:24.627208+00:00,github-actions,7fa00c14b86e,0.0120023603523147,,,,,,,,,,,,,
3,20260921T223136_40517eaed363,2026-09-21 22:31:59.158999+00:00,2026-09-22,2026-09-21,51a44d7e88c23e0a720c,53c9db3770b61e827785,close_to_close,0.0106687184071917,{},e01ef2214b2f64572f6d,lagged_latest_vintage,,,,,Ridge,20260921T223136_40517eaed363:price:5,price,5,2026-09-30,1주일,5.0,1868000.0,없음,,,1868000.0,1677572.27653761,2058427.72346239,0.7589098532494759,simple,0.0757489834326437,0.0786311639128996,0.0,0.0,0.0,1789000.0,1776000.0,-0.04925053533190582,,,,,,,1.0,92000.0,,,scored,True,2026-09-30T07:05:03.490208+00:00,github-actions,7fa00c14b86e,0.0180637364348051,,,,,,,,,,,,,
3,20260921T223136_40517eaed363,2026-09-21 22:31:59.158999+00:00,2026-09-22,2026-09-21,51a44d7e88c23e0a720c,53c9db3770b61e827785,close_to_close,0.0106687184071917,{},e01ef2214b2f64572f6d,lagged_latest_vintage,,,,,Ridge,20260921T223136_40517eaed363:price:20,price,20,2026-10-23,1개월,20.0,1868000.0,없음,,,1868000.0,1470448.556405913,2265551.443594087,0.6638297872340425,simple,0.1995379743809563,0.1996008779440943,0.0,0.0,0.0,,,,,,,,,,,,,,pending,True,2026-09-24T03:22:24.627208+00:00,github-actions,7fa00c14b86e,0.0551846719135261,,,,,,,,,,,,,
3,20260921T223136_40517eaed363,2026-09-21 22:31:59.158999+00:00,2026-09-22,2026-09-21,51a44d7e88c23e0a720c,53c9db3770b61e827785,close_to_close,0.0106687184071917,{},e01ef2214b2f64572f6d,lagged_latest_vintage,,,,,Candidate IV interval,20260921T223136_40517eaed363:price_candidate:iv_interval:1,price,1,2026-09-22,1거래일,1.0,1868000.0,있음,0.0120023603523147,1890420.409138124,1890420.409138124,1821428.6783287025,1959412.1399475448,0.8158995815899581,iv,0.0304762753799366,0.0334472604350747,-0.0039693048485831,-0.0019622370838046,1.0,1909000.0,1840000.0,-0.01498929336188437,,,50420.40913812397,50420.40913812397,0.02740239627071955,0.026991653714199072,1.0,50420.40913812397,,,scored,True,2026-09-24T03:22:24.627208+00:00,github-actions,7fa00c14b86e,0.0120023603523147,,,,,,,,,,,,,
3,20260921T223136_40517eaed363,2026-09-21 22:31:59.158999+00:00,2026-09-22,2026-09-21,51a44d7e88c23e0a720c,53c9db3770b61e827785,close_to_close,0.0106687184071917,{},e01ef2214b2f64572f6d,lagged_latest_vintage,,,,,Candidate HAR interval,20260921T223136_40517eaed363:price_candidate:har_interval:5,price,5,2026-09-30,1주일,5.0,1868000.0,없음,,,1868000.0,1709394.4025221418,2026605.5974778584,0.6226415094339622,har,0.0757489834326437,0.0786311639128996,0.0,0.0,0.0,1789000.0,1776000.0,-0.04925053533190582,,,,,,,1.0,92000.0,,,scored,True,2026-09-30T07:05:03.490208+00:00,github-actions,7fa00c14b86e,0.0180637364348051,,,,,,,,,,,,,
3,20260921T223136_40517eaed363,2026-09-21 22:31:59.158999+00:00,2026-09-22,2026-09-21,51a44d7e88c23e0a720c,53c9db3770b61e827785,close_to_close,0.0106687184071917,{},e01ef2214b2f64572f6d,lagged_latest_vintage,,,,,Candidate strict gate,20260921T223136_40517eaed363:price_candidate:strict_gate:5,price,5,2026-09-30,1주일,5.0,1868000.0,없음,,,1868000.0,1677572.27653761,2058427.72346239,0.7589098532494759,simple,0.0757489834326437,0.0786311639128996,0.0,0.0,0.0,1789000.0,1776000.0,-0.04925053533190582,,,,,,,1.0,92000.0,,,scored,True,2026-09-30T07:05:03.490208+00:00,github-actions,7fa00c14b86e,0.0180637364348051,,,,,,,,,,,,,
3,20260921T223136_40517eaed363,2026-09-21 22:31:59.158999+00:00,2026-09-22,2026-09-21,51a44d7e88c23e0a720c,53c9db3770b61e827785,close_to_close,0.0106687184071917,{},e01ef2214b2f64572f6d,lagged_latest_vintage,,,,,Candidate IV interval,20260921T223136_40517eaed363:price_candidate:iv_interval:5,price,5,2026-09-30,1주일,5.0,1868000.0,없음,,,1868000.0,1713512.930555097,2022487.069444903,0.7610062893081762,iv,0.0757489834326437,0.0786311639128996,0.0,0.0,0.0,1789000.0,1776000.0,-0.04925053533190582,,,,,,,1.0,92000.0,,,scored,True,2026-09-30T07:05:03.490208+00:00,github-actions,7fa00c14b86e,0.0180637364348051,,,,,,,,,,,,,
3,20260921T223136_40517eaed363,2026-09-21 22:31:59.158999+00:00,2026-09-22,2026-09-21,51a44d7e88c23e0a720c,53c9db3770b61e827785,close_to_close,0.0106687184071917,{},e01ef2214b2f64572f6d,lagged_latest_vintage,,,,,Candidate HAR interval,20260921T223136_40517eaed363:price_candidate:har_interval:20,price,20,2026-10-23,1개월,20.0,1868000.0,없음,,,1868000.0,1522505.6081945952,2213494.391805405,0.5617021276595745,har,0.1995379743809563,0.1996008779440943,0.0,0.0,0.0,,,,,,,,,,,,,,pending,True,2026-09-24T03:22:24.627208+00:00,github-actions,7fa00c14b86e,0.0551846719135261,,,,,,,,,,,,,
3,20260921T223136_40517eaed363,2026-09-21 22:31:59.158999+00:00,2026-09-22,2026-09-21,51a44d7e88c23e0a720c,53c9db3770b61e827785,close_to_close,0.0106687184071917,{},e01ef2214b2f64572f6d,lagged_latest_vintage,,,,,Candidate IV interval,20260921T223136_40517eaed363:price_candidate:iv_interval:20,price,20,2026-10-23,1개월,20.0,1868000.0,없음,,,1868000.0,1525350.7727871155,2210649.2272128845,0.7,iv,0.1995379743809563,0.1996008779440943,0.0,0.0,0.0,,,,,,,,,,,,,,pending,True,2026-09-24T03:22:24.627208+00:00,github-actions,7fa00c14b86e,0.0551846719135261,,,,,,,,,,,,,
3,20260921T223136_40517eaed363,2026-09-21 22:31:59.158999+00:00,2026-09-22,2026-09-21,51a44d7e88c23e0a720c,53c9db3770b61e827785,close_to_close,0.0106687184071917,{},e01ef2214b2f64572f6d,lagged_latest_vintage,,,,,Ridge,20260921T223136_40517eaed363:open:1,open,1,2026-09-22,시초가예측,1.0,1868000.0,있음,0.0203503854572772,,,,,0.8173913043478261,,0.0173606293650361,0.0230753410680217,-0.0072615793892722,-0.0042664356327276,1.0,1909000.0,1840000.0,0.021948608137045023,,,-2985.4799658060074,2985.4799658060074,0.0015638973105322196,-0.0015982226797678217,1.0,-2985.4799658060074,,,scored,True,2026-09-24T03:22:24.627208+00:00,github-actions,7fa00c14b86e,0.0203503854572772,1906014.520034194,1906014.520034194,1852416.8260446875,1959612.214023701,0.8090895530971224,0.6302506624019187,,,,,,,
3,postopen_20260922T052052_88459bade18b,2026-09-22 05:20:52.623492+00:00,2026-09-22,2026-09-21,,post-open-grid-v1,close_to_close,0.0106687184071917,,,,상승,0.0719097001082321,0.2450217256187088,0.683068574273059,Post-open,postopen_20260922T052052_88459bade18b:direction:Post-open,direction,1,2026-09-22,,,1868000.0,,,,,,,,,,,,,,1909000.0,1840000.0,-0.01498929336188437,0.0,0.0,,,,,,,2.6323441122528437,1.3879699279377913,scored,True,2026-09-24T03:22:24.627208+00:00,,,,,,,,,,,,post_open,0.021948608137045,상승,False,1909000.0
3,20260922T093551_9255c7a9a2b6,2026-09-22 09:36:16.176412+00:00,2026-09-23,2026-09-22,6959bde8bf49a12411b3,53c9db3770b61e827785,close_to_close,0.0107629559289952,{},e01ef2214b2f64572f6d,lagged_latest_vintage,상승,0.1473489844318805,0.2573275729951338,0.5953234425729855,Candidate evening forecast,20260922T093551_9255c7a9a2b6:direction:Candidate evening forecast,direction,1,2026-09-23,,,,,,,,,,,,,,,,,1899000.0,1862000.0,0.011956521739130421,2.0,1.0,,,,,,,0.5186504201709865,0.25169231916765217,scored,True,2026-09-24T03:22:24.627208+00:00,github-actions,7fa00c14b86e,,,,,,,,,No macro ensemble,,,,,
3,20260922T093551_9255c7a9a2b6,2026-09-22 09:36:16.176412+00:00,2026-09-23,2026-09-22,6959bde8bf49a12411b3,53c9db3770b61e827785,close_to_close,0.0107629559289952,{},e01ef2214b2f64572f6d,lagged_latest_vintage,,,,,Candidate evening open,20260922T093551_9255c7a9a2b6:open:Candidate evening open,open,1,2026-09-23,시초가예측,1.0,1840000.0,있음,0.0211313720792531,,,,,0.8173913043478261,,0.0173621537475869,0.023094951936797,-0.0072752172615156,-0.004285769081983,1.0,1899000.0,1862000.0,0.0320652173913043,,,-20118.27537417435,20118.27537417435,0.010594141850539416,-0.010933845312051202,1.0,-20118.27537417435,,,scored,True,2026-09-24T03:22:24.627208+00:00,github-actions,7fa00c14b86e,0.0211313720792531,1878881.7246258256,1878881.7246258256,1828150.308982648,1929613.140269004,0.8089560958073068,0.6305882062990711,,,,,,,
3,20260922T213315_cbdef7162f3a,2026-09-22 21:33:38.900047+00:00,2026-09-23,2026-09-22,811de2049bdad2db2a36,53c9db3770b61e827785,close_to_close,0.0107629559289952,{},e01ef2214b2f64572f6d,lagged_latest_vintage,상승,0.1294856609634014,0.1975649357930599,0.6729494032435386,Logistic,20260922T213315_cbdef7162f3a:direction:Logistic,direction,1,2026-09-23,,,,,,,,,,,,,,,,,1899000.0,1862000.0,0.011956521739130421,2.0,1.0,,,,,,,0.396085133079626,0.16276053308880228,scored,True,2026-09-24T03:22:24.627208+00:00,github-actions,7fa00c14b86e,,,,,,,,,,,,,,
3,20260922T213315_cbdef7162f3a,2026-09-22 21:33:38.900047+00:00,2026-09-23,2026-09-22,811de2049bdad2db2a36,53c9db3770b61e827785,close_to_close,0.0107629559289952,{},e01ef2214b2f64572f6d,lagged_latest_vintage,상승,0.1898412257796869,0.2630429101214458,0.5471158640988671,LightGBM,20260922T213315_cbdef7162f3a:direction:LightGBM,direction,1,2026-09-23,,,,,,,,,,,,,,,,,1899000.0,1862000.0,0.011956521739130421,2.0,1.0,,,,,,,0.6030946816248987,0.3103353041216088,scored,True,2026-09-24T03:22:24.627208+00:00,github-actions,7fa00c14b86e,,,,,,,,,,,,,,
3,20260922T213315_cbdef7162f3a,2026-09-22 21:33:38.900047+00:00,2026-09-23,2026-09-22,811de2049bdad2db2a36,53c9db3770b61e827785,close_to_close,0.0107629559289952,{},e01ef2214b2f64572f6d,lagged_latest_vintage,상승,0.1596634433715442,0.2303039229572528,0.6100326336712029,Mean ensemble,20260922T213315_cbdef7162f3a:direction:Mean ensemble,direction,1,2026-09-23,,,,,,,,,,,,,,,,,1899000.0,1862000.0,0.011956521739130421,2.0,1.0,,,,,,,0.4942428254240933,0.23060685888017673,scored,True,2026-09-24T03:22:24.627208+00:00,github-actions,7fa00c14b86e,,,,,,,,,,,,,,
3,20260922T213315_cbdef7162f3a,2026-09-22 21:33:38.900047+00:00,2026-09-23,2026-09-22,811de2049bdad2db2a36,53c9db3770b61e827785,close_to_close,0.0107629559289952,{},e01ef2214b2f64572f6d,lagged_latest_vintage,상승,0.1432298892351703,0.2437970688849503,0.6129730418798792,No macro ensemble,20260922T213315_cbdef7162f3a:direction:No macro ensemble,direction,1,2026-09-23,,,,,,,,,,,,,,,,,1899000.0,1862000.0,0.011956521739130421,2.0,1.0,,,,,,,0.4894343213704142,0.22974167827892605,scored,True,2026-09-24T03:22:24.627208+00:00,github-actions,7fa00c14b86e,,,,,,,,,,,,,,
3,20260922T213315_cbdef7162f3a,2026-09-22 21:33:38.900047+00:00,2026-09-23,2026-09-22,811de2049bdad2db2a36,53c9db3770b61e827785,close_to_close,0.0107629559289952,{},e01ef2214b2f64572f6d,lagged_latest_vintage,상승,0.1039729757032711,0.1850720169618197,0.710955007334909,Candidate expanding,20260922T213315_cbdef7162f3a:direction:Candidate expanding,direction,1,2026-09-23,,,,,,,,,,,,,,,,,1899000.0,1862000.0,0.011956521739130421,2.0,1.0,,,,,,,0.3411461320041245,0.12860903892367154,scored,True,2026-09-24T03:22:24.627208+00:00,github-actions,7fa00c14b86e,,,,,,,,,,,,,,
3,20260922T213315_cbdef7162f3a,2026-09-22 21:33:38.900047+00:00,2026-09-23,2026-09-22,811de2049bdad2db2a36,53c9db3770b61e827785,close_to_close,0.0107629559289952,{},e01ef2214b2f64572f6d,lagged_latest_vintage,상승,0.1511575747091474,0.2506201020951218,0.5982223231957309,No NSI ensemble,20260922T213315_cbdef7162f3a:direction:No NSI ensemble,direction,1,2026-09-23,,,,,,,,,,,,,,,,,1899000.0,1862000.0,0.011956521739130421,2.0,1.0,,,,,,,0.5137928162045095,0.24708434954435649,scored,True,2026-09-24T03:22:24.627208+00:00,github-actions,7fa00c14b86e,,,,,,,,,,,,,,
3,20260922T213315_cbdef7162f3a,2026-09-22 21:33:38.900047+00:00,2026-09-23,2026-09-22,811de2049bdad2db2a36,53c9db3770b61e827785,close_to_close,0.0107629559289952,{},e01ef2214b2f64572f6d,lagged_latest_vintage,상승,0.1601226170097923,0.2251598385159403,0.6147175444742673,No flow ensemble,20260922T213315_cbdef7162f3a:direction:No flow ensemble,direction,1,2026-09-23,,,,,,,,,,,,,,,,,1899000.0,1862000.0,0.011956521739130421,2.0,1.0,,,,,,,0.4865923939533458,0.22477877589452708,scored,True,2026-09-24T03:22:24.627208+00:00,github-actions,7fa00c14b86e,,,,,,,,,,,,,,
3,20260922T213315_cbdef7162f3a,2026-09-22 21:33:38.900047+00:00,2026-09-23,2026-09-22,811de2049bdad2db2a36,53c9db3770b61e827785,close_to_close,0.0107629559289952,{},e01ef2214b2f64572f6d,lagged_latest_vintage,상승,0.1776382122399339,0.2268580717008829,0.5955037160591832,No macro price ensemble,20260922T213315_cbdef7162f3a:direction:No macro price ensemble,direction,1,2026-09-23,,,,,,,,,,,,,,,,,1899000.0,1862000.0,0.011956521739130421,2.0,1.0,,,,,,,0.5183476499725276,0.24663716286557263,scored,True,2026-09-24T03:22:24.627208+00:00,github-actions,7fa00c14b86e,,,,,,,,,,,,,,
3,20260922T213315_cbdef7162f3a,2026-09-22 21:33:38.900047+00:00,2026-09-23,2026-09-22,811de2049bdad2db2a36,53c9db3770b61e827785,close_to_close,0.0107629559289952,{},e01ef2214b2f64572f6d,lagged_latest_vintage,,,,,Ridge,20260922T213315_cbdef7162f3a:price:1,price,1,2026-09-23,1거래일,1.0,1840000.0,있음,0.0127803703542427,1863515.8814518063,1863515.8814518063,1781795.4275995658,1945236.335304047,0.797071129707113,simple,0.0303887913876849,0.033310807275281,-0.0039277393110753,-0.0019007340557618,1.0,1899000.0,1862000.0,0.011956521739130421,,,1515.8814518062863,1515.8814518062863,0.0008141146357713675,0.0008238486151122791,1.0,1515.8814518062863,,,scored,True,2026-09-24T03:22:24.627208+00:00,github-actions,7fa00c14b86e,0.0127803703542427,,,,,,,,,,,,,
3,20260922T213315_cbdef7162f3a,2026-09-22 21:33:38.900047+00:00,2026-09-23,2026-09-22,811de2049bdad2db2a36,53c9db3770b61e827785,close_to_close,0.0107629559289952,{},e01ef2214b2f64572f6d,lagged_latest_vintage,,,,,Ridge,20260922T213315_cbdef7162f3a:price:5,price,5,2026-10-01,1주일,5.0,1840000.0,없음,,,1840000.0,1650210.550893248,2029789.449106752,0.7589098532494759,simple,0.0757871096052807,0.0786899942100143,0.0,0.0,0.0,1762000.0,1833000.0,-0.0038043478260869623,,,,,,,1.0,7000.0,,,scored,True,2026-10-01T07:11:00.916667+00:00,github-actions,7fa00c14b86e,0.0199100722590359,,,,,,,,,,,,,
3,20260922T213315_cbdef7162f3a,2026-09-22 21:33:38.900047+00:00,2026-09-23,2026-09-22,811de2049bdad2db2a36,53c9db3770b61e827785,close_to_close,0.0107629559289952,{},e01ef2214b2f64572f6d,lagged_latest_vintage,,,,,Ridge,20260922T213315_cbdef7162f3a:price:20,price,20,2026-10-26,1개월,20.0,1840000.0,없음,,,1840000.0,1444948.4011238215,2235051.5988761783,0.6638297872340425,simple,0.1992435608690587,0.1993553004415308,0.0,0.0,0.0,,,,,,,,,,,,,,pending,True,2026-09-24T03:22:24.627208+00:00,github-actions,7fa00c14b86e,0.0526928450678421,,,,,,,,,,,,,
3,20260922T213315_cbdef7162f3a,2026-09-22 21:33:38.900047+00:00,2026-09-23,2026-09-22,811de2049bdad2db2a36,53c9db3770b61e827785,close_to_close,0.0107629559289952,{},e01ef2214b2f64572f6d,lagged_latest_vintage,,,,,Candidate IV interval,20260922T213315_cbdef7162f3a:price_candidate:iv_interval:1,price,1,2026-09-23,1거래일,1.0,1840000.0,있음,0.0127803703542427,1863515.8814518063,1863515.8814518063,1795607.1142973814,1931424.648606232,0.8179916317991632,iv,0.0303887913876849,0.033310807275281,-0.0039277393110753,-0.0019007340557618,1.0,1899000.0,1862000.0,0.011956521739130421,,,1515.8814518062863,1515.8814518062863,0.0008141146357713675,0.0008238486151122791,1.0,1515.8814518062863,,,scored,True,2026-09-24T03:22:24.627208+00:00,github-actions,7fa00c14b86e,0.0127803703542427,,,,,,,,,,,,,
3,20260922T213315_cbdef7162f3a,2026-09-22 21:33:38.900047+00:00,2026-09-23,2026-09-22,811de2049bdad2db2a36,53c9db3770b61e827785,close_to_close,0.0107629559289952,{},e01ef2214b2f64572f6d,lagged_latest_vintage,,,,,Candidate HAR interval,20260922T213315_cbdef7162f3a:price_candidate:har_interval:5,price,5,2026-10-01,1주일,5.0,1840000.0,없음,,,1840000.0,1683773.153034601,1996226.8469654,0.6226415094339622,har,0.0757871096052807,0.0786899942100143,0.0,0.0,0.0,1762000.0,1833000.0,-0.0038043478260869623,,,,,,,1.0,7000.0,,,scored,True,2026-10-01T07:11:00.916667+00:00,github-actions,7fa00c14b86e,0.0199100722590359,,,,,,,,,,,,,
3,20260922T213315_cbdef7162f3a,2026-09-22 21:33:38.900047+00:00,2026-09-23,2026-09-22,811de2049bdad2db2a36,53c9db3770b61e827785,close_to_close,0.0107629559289952,{},e01ef2214b2f64572f6d,lagged_latest_vintage,,,,,Candidate strict gate,20260922T213315_cbdef7162f3a:price_candidate:strict_gate:5,price,5,2026-10-01,1주일,5.0,1840000.0,없음,,,1840000.0,1650210.550893248,2029789.449106752,0.7589098532494759,simple,0.0757871096052807,0.0786899942100143,0.0,0.0,0.0,1762000.0,1833000.0,-0.0038043478260869623,,,,,,,1.0,7000.0,,,scored,True,2026-10-01T07:11:00.916667+00:00,github-actions,7fa00c14b86e,0.0199100722590359,,,,,,,,,,,,,
3,20260922T213315_cbdef7162f3a,2026-09-22 21:33:38.900047+00:00,2026-09-23,2026-09-22,811de2049bdad2db2a36,53c9db3770b61e827785,close_to_close,0.0107629559289952,{},e01ef2214b2f64572f6d,lagged_latest_vintage,,,,,Candidate IV interval,20260922T213315_cbdef7162f3a:price_candidate:iv_interval:5,price,5,2026-10-01,1주일,5.0,1840000.0,없음,,,1840000.0,1687440.3465117177,1992559.6534882823,0.7610062893081762,iv,0.0757871096052807,0.0786899942100143,0.0,0.0,0.0,1762000.0,1833000.0,-0.0038043478260869623,,,,,,,1.0,7000.0,,,scored,True,2026-10-01T07:11:00.916667+00:00,github-actions,7fa00c14b86e,0.0199100722590359,,,,,,,,,,,,,
3,20260922T213315_cbdef7162f3a,2026-09-22 21:33:38.900047+00:00,2026-09-23,2026-09-22,811de2049bdad2db2a36,53c9db3770b61e827785,close_to_close,0.0107629559289952,{},e01ef2214b2f64572f6d,lagged_latest_vintage,,,,,Candidate HAR interval,20260922T213315_cbdef7162f3a:price_candidate:har_interval:20,price,20,2026-10-26,1개월,20.0,1840000.0,없음,,,1840000.0,1498939.3915495626,2181060.6084504374,0.5638297872340425,har,0.1992435608690587,0.1993553004415308,0.0,0.0,0.0,,,,,,,,,,,,,,pending,True,2026-09-24T03:22:24.627208+00:00,github-actions,7fa00c14b86e,0.0526928450678421,,,,,,,,,,,,,
3,20260922T213315_cbdef7162f3a,2026-09-22 21:33:38.900047+00:00,2026-09-23,2026-09-22,811de2049bdad2db2a36,53c9db3770b61e827785,close_to_close,0.0107629559289952,{},e01ef2214b2f64572f6d,lagged_latest_vintage,,,,,Candidate IV interval,20260922T213315_cbdef7162f3a:price_candidate:iv_interval:20,price,20,2026-10-26,1개월,20.0,1840000.0,없음,,,1840000.0,1502524.5583746887,2177475.441625311,0.7021276595744681,iv,0.1992435608690587,0.1993553004415308,0.0,0.0,0.0,,,,,,,,,,,,,,pending,True,2026-09-24T03:22:24.627208+00:00,github-actions,7fa00c14b86e,0.0526928450678421,,,,,,,,,,,,,
3,20260922T213315_cbdef7162f3a,2026-09-22 21:33:38.900047+00:00,2026-09-23,2026-09-22,811de2049bdad2db2a36,53c9db3770b61e827785,close_to_close,0.0107629559289952,{},e01ef2214b2f64572f6d,lagged_latest_vintage,,,,,Ridge,20260922T213315_cbdef7162f3a:open:1,open,1,2026-09-23,시초가예측,1.0,1840000.0,있음,0.0180855579674243,,,,,0.8173913043478261,,0.0173621532825842,0.023094951936797,-0.0072752170855915,-0.0042857700377288,1.0,1899000.0,1862000.0,0.0320652173913043,,,-25722.573339939117,25722.573339939117,0.01354532561344872,-0.013979659423880002,1.0,-25722.573339939117,,,scored,True,2026-09-24T03:22:24.627208+00:00,github-actions,7fa00c14b86e,0.0180855579674243,1873277.4266600609,1873277.4266600609,1822546.0330194533,1924008.8203006685,0.8089569945625308,0.6305882147595455,,,,,,,
3,postopen_20260923T050816_9fc056e988de,2026-09-23 05:08:16.535917+00:00,2026-09-23,2026-09-22,,post-open-grid-v1,close_to_close,0.0107629559289952,,,,상승,0.0606629365675977,0.1640578531230091,0.7752792103093932,Post-open,postopen_20260923T050816_9fc056e988de:direction:Post-open,direction,1,2026-09-23,,,1840000.0,,,,,,,,,,,,,,1899000.0,1862000.0,0.011956521739130421,2.0,1.0,,,,,,,0.25453204314397704,0.08109440436350515,scored,True,2026-09-24T03:22:24.627208+00:00,,,,,,,,,,,,post_open,0.0320652173913043,상승,False,1899000.0
3,20260923T115424_63214cbd9661,2026-09-23 11:54:42.320070+00:00,2026-09-28,2026-09-23,4b7eeafc690b872f5dec,53c9db3770b61e827785,close_to_close,0.0107723785153016,{},e01ef2214b2f64572f6d,lagged_latest_vintage,상승,0.1794880170638624,0.2533222317017777,0.56718975123436,Candidate evening forecast,20260923T115424_63214cbd9661:direction:Candidate evening forecast,direction,1,2026-09-28,,,,,,,,,,,,,,,,,1825000.0,1768000.0,-0.050483351235230955,0.0,0.0,,,,,,,1.7176468305865593,1.059116281121457,scored,True,2026-09-28T08:31:40.265638+00:00,github-actions,7fa00c14b86e,,,,,,,,,No macro ensemble,,,,,
3,20260923T115424_63214cbd9661,2026-09-23 11:54:42.320070+00:00,2026-09-28,2026-09-23,4b7eeafc690b872f5dec,53c9db3770b61e827785,close_to_close,0.0107723785153016,{},e01ef2214b2f64572f6d,lagged_latest_vintage,,,,,Candidate evening open,20260923T115424_63214cbd9661:open:Candidate evening open,open,1,2026-09-28,시초가예측,1.0,1862000.0,있음,0.0190430097281932,,,,,0.8173913043478261,,0.0173560517544947,0.023115602252493,-0.0072929043078565,-0.0043130582827836,1.0,1825000.0,1768000.0,-0.019871106337271738,,,72458.0841138959,72458.0841138959,0.03970305978843611,0.03891411606546494,0.0,72458.0841138959,,,scored,True,2026-09-28T08:31:40.265638+00:00,github-actions,7fa00c14b86e,0.0190430097281932,1897458.084113896,1897458.084113896,1845481.622270426,1949434.545957366,0.8086999750088548,0.6310735507672033,,,,,,,
3,20260923T214127_a1dd2d48d0ba,2026-09-23 21:41:51.325755+00:00,2026-09-28,2026-09-23,e91b365567f3348e1c87,53c9db3770b61e827785,close_to_close,0.0107723785153015,{},e01ef2214b2f64572f6d,lagged_latest_vintage,하락,0.4430797564065529,0.2494403943586232,0.3074798492348239,Logistic,20260923T214127_a1dd2d48d0ba:direction:Logistic,direction,1,2026-09-28,,,,,,,,,,,,,,,,,1825000.0,1768000.0,-0.050483351235230955,0.0,1.0,,,,,,,0.8140054881066153,0.4669245257474399,scored,True,2026-09-28T08:31:40.265638+00:00,github-actions,7fa00c14b86e,,,,,,,,,,,,,,
3,20260923T214127_a1dd2d48d0ba,2026-09-23 21:41:51.325755+00:00,2026-09-28,2026-09-23,e91b365567f3348e1c87,53c9db3770b61e827785,close_to_close,0.0107723785153015,{},e01ef2214b2f64572f6d,lagged_latest_vintage,하락,0.4004532469268477,0.339602458450654,0.2599442946224983,LightGBM,20260923T214127_a1dd2d48d0ba:direction:LightGBM,direction,1,2026-09-28,,,,,,,,,,,,,,,,,1825000.0,1768000.0,-0.050483351235230955,0.0,1.0,,,,,,,0.9151582560499176,0.5423571752130759,scored,True,2026-09-28T08:31:40.265638+00:00,github-actions,7fa00c14b86e,,,,,,,,,,,,,,
3,20260923T214127_a1dd2d48d0ba,2026-09-23 21:41:51.325755+00:00,2026-09-28,2026-09-23,e91b365567f3348e1c87,53c9db3770b61e827785,close_to_close,0.0107723785153015,{},e01ef2214b2f64572f6d,lagged_latest_vintage,하락,0.4217665016667003,0.2945214264046386,0.2837120719286611,Mean ensemble,20260923T214127_a1dd2d48d0ba:direction:Mean ensemble,direction,1,2026-09-28,,,,,,,,,,,,,,,,,1825000.0,1768000.0,-0.050483351235230955,0.0,1.0,,,,,,,0.8633034316665958,0.5015893889642429,scored,True,2026-09-28T08:31:40.265638+00:00,github-actions,7fa00c14b86e,,,,,,,,,,,,,,
3,20260923T214127_a1dd2d48d0ba,2026-09-23 21:41:51.325755+00:00,2026-09-28,2026-09-23,e91b365567f3348e1c87,53c9db3770b61e827785,close_to_close,0.0107723785153015,{},e01ef2214b2f64572f6d,lagged_latest_vintage,하락,0.4112492799986105,0.3206563447928315,0.2680943752085579,No macro ensemble,20260923T214127_a1dd2d48d0ba:direction:No macro ensemble,direction,1,2026-09-28,,,,,,,,,,,,,,,,,1825000.0,1768000.0,-0.050483351235230955,0.0,1.0,,,,,,,0.8885557276673449,0.5213224957765208,scored,True,2026-09-28T08:31:40.265638+00:00,github-actions,7fa00c14b86e,,,,,,,,,,,,,,
3,20260923T214127_a1dd2d48d0ba,2026-09-23 21:41:51.325755+00:00,2026-09-28,2026-09-23,e91b365567f3348e1c87,53c9db3770b61e827785,close_to_close,0.0107723785153015,{},e01ef2214b2f64572f6d,lagged_latest_vintage,하락,0.497431823225957,0.2540034515389613,0.2485647252350816,Candidate expanding,20260923T214127_a1dd2d48d0ba:direction:Candidate expanding,direction,1,2026-09-28,,,,,,,,,,,,,,,,,1825000.0,1768000.0,-0.050483351235230955,0.0,1.0,,,,,,,0.6982967705159508,0.37887694833088276,scored,True,2026-09-28T08:31:40.265638+00:00,github-actions,7fa00c14b86e,,,,,,,,,,,,,,
3,20260923T214127_a1dd2d48d0ba,2026-09-23 21:41:51.325755+00:00,2026-09-28,2026-09-23,e91b365567f3348e1c87,53c9db3770b61e827785,close_to_close,0.0107723785153015,{},e01ef2214b2f64572f6d,lagged_latest_vintage,하락,0.4132104998637955,0.3002710605754455,0.286518439560759,No NSI ensemble,20260923T214127_a1dd2d48d0ba:direction:No NSI ensemble,direction,1,2026-09-28,,,,,,,,,,,,,,,,,1825000.0,1768000.0,-0.050483351235230955,0.0,1.0,,,,,,,0.8837981309661036,0.5165774434975319,scored,True,2026-09-28T08:31:40.265638+00:00,github-actions,7fa00c14b86e,,,,,,,,,,,,,,
3,20260923T214127_a1dd2d48d0ba,2026-09-23 21:41:51.325755+00:00,2026-09-28,2026-09-23,e91b365567f3348e1c87,53c9db3770b61e827785,close_to_close,0.0107723785153015,{},e01ef2214b2f64572f6d,lagged_latest_vintage,하락,0.4210356990303529,0.3047545463351604,0.2742097546344867,No flow ensemble,20260923T214127_a1dd2d48d0ba:direction:No flow ensemble,direction,1,2026-09-28,,,,,,,,,,,,,,,,,1825000.0,1768000.0,-0.050483351235230955,0.0,1.0,,,,,,,0.8650376530981533,0.503265984845927,scored,True,2026-09-28T08:31:40.265638+00:00,github-actions,7fa00c14b86e,,,,,,,,,,,,,,
3,20260923T214127_a1dd2d48d0ba,2026-09-23 21:41:51.325755+00:00,2026-09-28,2026-09-23,e91b365567f3348e1c87,53c9db3770b61e827785,close_to_close,0.0107723785153015,{},e01ef2214b2f64572f6d,lagged_latest_vintage,하락,0.4493307597591102,0.2765942209435193,0.2740750192973706,No macro price ensemble,20260923T214127_a1dd2d48d0ba:direction:No macro price ensemble,direction,1,2026-09-28,,,,,,,,,,,,,,,,,1825000.0,1768000.0,-0.050483351235230955,0.0,1.0,,,,,,,0.7999960037334694,0.4548580914096853,scored,True,2026-09-28T08:31:40.265638+00:00,github-actions,7fa00c14b86e,,,,,,,,,,,,,,
3,20260923T214127_a1dd2d48d0ba,2026-09-23 21:41:51.325755+00:00,2026-09-28,2026-09-23,e91b365567f3348e1c87,53c9db3770b61e827785,close_to_close,0.0107723785153015,{},e01ef2214b2f64572f6d,lagged_latest_vintage,,,,,Ridge,20260923T214127_a1dd2d48d0ba:price:1,price,1,2026-09-28,1거래일,1.0,1862000.0,있음,-0.0014959385966393,1859214.5623330576,1859214.5623330576,1776016.860406652,1942412.264259464,0.8016701461377871,simple,0.030328744587096,0.0332662263033892,-0.0039346843098908,-0.0019293502880166,1.0,1825000.0,1768000.0,-0.050483351235230955,,,91214.56233305763,91214.56233305763,0.0515919470209602,0.04898741263859165,0.0,91214.56233305763,,,scored,True,2026-09-28T08:31:40.265638+00:00,github-actions,7fa00c14b86e,-0.0014959385966393,,,,,,,,,,,,,
3,20260923T214127_a1dd2d48d0ba,2026-09-23 21:41:51.325755+00:00,2026-09-28,2026-09-23,e91b365567f3348e1c87,53c9db3770b61e827785,close_to_close,0.0107723785153015,{},e01ef2214b2f64572f6d,lagged_latest_vintage,,,,,Ridge,20260923T214127_a1dd2d48d0ba:price:5,price,5,2026-10-02,1주일,5.0,1862000.0,없음,,,1862000.0,1668990.4910948866,2055009.5089051127,0.7589098532494759,simple,0.0757183588643388,0.0786039543596856,0.0,0.0,0.0,1830000.0,1841000.0,-0.011278195488721776,,,,,,,1.0,21000.0,,,scored,True,2026-10-02T07:10:58.814325+00:00,github-actions,7fa00c14b86e,0.0076241752695309,,,,,,,,,,,,,
3,20260923T214127_a1dd2d48d0ba,2026-09-23 21:41:51.325755+00:00,2026-09-28,2026-09-23,e91b365567f3348e1c87,53c9db3770b61e827785,close_to_close,0.0107723785153015,{},e01ef2214b2f64572f6d,lagged_latest_vintage,,,,,Ridge,20260923T214127_a1dd2d48d0ba:price:20,price,20,2026-10-27,1개월,20.0,1862000.0,없음,,,1862000.0,1461876.5162711127,2262123.483728887,0.6638297872340425,simple,0.1990907936671509,0.1991207485027019,0.0,0.0,0.0,,,,,,,,,,,,,,pending,True,2026-09-24T03:22:24.627208+00:00,github-actions,7fa00c14b86e,0.0417176764115022,,,,,,,,,,,,,
3,20260923T214127_a1dd2d48d0ba,2026-09-23 21:41:51.325755+00:00,2026-09-28,2026-09-23,e91b365567f3348e1c87,53c9db3770b61e827785,close_to_close,0.0107723785153015,{},e01ef2214b2f64572f6d,lagged_latest_vintage,,,,,Candidate IV interval,20260923T214127_a1dd2d48d0ba:price_candidate:iv_interval:1,price,1,2026-09-28,1거래일,1.0,1862000.0,있음,-0.0014959385966393,1859214.5623330576,1859214.5623330576,1787875.6430450962,1930553.481621019,0.8225469728601252,iv,0.030328744587096,0.0332662263033892,-0.0039346843098908,-0.0019293502880166,1.0,1825000.0,1768000.0,-0.050483351235230955,,,91214.56233305763,91214.56233305763,0.0515919470209602,0.04898741263859165,0.0,91214.56233305763,,,scored,True,2026-09-28T08:31:40.265638+00:00,github-actions,7fa00c14b86e,-0.0014959385966393,,,,,,,,,,,,,
3,20260923T214127_a1dd2d48d0ba,2026-09-23 21:41:51.325755+00:00,2026-09-28,2026-09-23,e91b365567f3348e1c87,53c9db3770b61e827785,close_to_close,0.0107723785153015,{},e01ef2214b2f64572f6d,lagged_latest_vintage,,,,,Candidate HAR interval,20260923T214127_a1dd2d48d0ba:price_candidate:har_interval:5,price,5,2026-10-02,1주일,5.0,1862000.0,없음,,,1862000.0,1707326.3624263331,2016673.6375736664,0.6247379454926625,har,0.0757183588643388,0.0786039543596856,0.0,0.0,0.0,1830000.0,1841000.0,-0.011278195488721776,,,,,,,1.0,21000.0,,,scored,True,2026-10-02T07:10:58.814325+00:00,github-actions,7fa00c14b86e,0.0076241752695309,,,,,,,,,,,,,
3,20260923T214127_a1dd2d48d0ba,2026-09-23 21:41:51.325755+00:00,2026-09-28,2026-09-23,e91b365567f3348e1c87,53c9db3770b61e827785,close_to_close,0.0107723785153015,{},e01ef2214b2f64572f6d,lagged_latest_vintage,,,,,Candidate strict gate,20260923T214127_a1dd2d48d0ba:price_candidate:strict_gate:5,price,5,2026-10-02,1주일,5.0,1862000.0,없음,,,1862000.0,1668990.4910948866,2055009.5089051127,0.7589098532494759,simple,0.0757183588643388,0.0786039543596856,0.0,0.0,0.0,1830000.0,1841000.0,-0.011278195488721776,,,,,,,1.0,21000.0,,,scored,True,2026-10-02T07:10:58.814325+00:00,github-actions,7fa00c14b86e,0.0076241752695309,,,,,,,,,,,,,
3,20260923T214127_a1dd2d48d0ba,2026-09-23 21:41:51.325755+00:00,2026-09-28,2026-09-23,e91b365567f3348e1c87,53c9db3770b61e827785,close_to_close,0.0107723785153015,{},e01ef2214b2f64572f6d,lagged_latest_vintage,,,,,Candidate IV interval,20260923T214127_a1dd2d48d0ba:price_candidate:iv_interval:5,price,5,2026-10-02,1주일,5.0,1862000.0,없음,,,1862000.0,1702422.821992551,2021577.1780074493,0.7610062893081762,iv,0.0757183588643388,0.0786039543596856,0.0,0.0,0.0,1830000.0,1841000.0,-0.011278195488721776,,,,,,,1.0,21000.0,,,scored,True,2026-10-02T07:10:58.814325+00:00,github-actions,7fa00c14b86e,0.0076241752695309,,,,,,,,,,,,,
3,20260923T214127_a1dd2d48d0ba,2026-09-23 21:41:51.325755+00:00,2026-09-28,2026-09-23,e91b365567f3348e1c87,53c9db3770b61e827785,close_to_close,0.0107723785153015,{},e01ef2214b2f64572f6d,lagged_latest_vintage,,,,,Candidate HAR interval,20260923T214127_a1dd2d48d0ba:price_candidate:har_interval:20,price,20,2026-10-27,1개월,20.0,1862000.0,없음,,,1862000.0,1525307.4137067436,2198692.5862932564,0.5659574468085107,har,0.1990907936671509,0.1991207485027019,0.0,0.0,0.0,,,,,,,,,,,,,,pending,True,2026-09-24T03:22:24.627208+00:00,github-actions,7fa00c14b86e,0.0417176764115022,,,,,,,,,,,,,
3,20260923T214127_a1dd2d48d0ba,2026-09-23 21:41:51.325755+00:00,2026-09-28,2026-09-23,e91b365567f3348e1c87,53c9db3770b61e827785,close_to_close,0.0107723785153015,{},e01ef2214b2f64572f6d,lagged_latest_vintage,,,,,Candidate IV interval,20260923T214127_a1dd2d48d0ba:price_candidate:iv_interval:20,price,20,2026-10-27,1개월,20.0,1862000.0,없음,,,1862000.0,1510225.7739760478,2213774.2260239525,0.7021276595744681,iv,0.1990907936671509,0.1991207485027019,0.0,0.0,0.0,,,,,,,,,,,,,,pending,True,2026-09-24T03:22:24.627208+00:00,github-actions,7fa00c14b86e,0.0417176764115022,,,,,,,,,,,,,
3,20260923T214127_a1dd2d48d0ba,2026-09-23 21:41:51.325755+00:00,2026-09-28,2026-09-23,e91b365567f3348e1c87,53c9db3770b61e827785,close_to_close,0.0107723785153015,{},e01ef2214b2f64572f6d,lagged_latest_vintage,,,,,Ridge,20260923T214127_a1dd2d48d0ba:open:1,open,1,2026-09-28,시초가예측,1.0,1862000.0,있음,-0.0030755929183214,,,,,0.8173913043478261,,0.017355615783547,0.023115602252493,-0.0072931261359667,-0.0043132838450709,1.0,1825000.0,1768000.0,-0.019871106337271738,,,31273.245986084687,31273.245986084687,0.017136025197854624,0.016795513418950338,1.0,31273.245986084687,,,scored,True,2026-09-28T08:31:40.265638+00:00,github-actions,7fa00c14b86e,-0.0030755929183214,1856273.2459860847,1856273.2459860847,1804296.7727433275,1908249.719228844,0.8086999750088548,0.6310765578493902,,,,,,,
3,20260927T213244_8b99db73cbfc,2026-09-27 21:33:06.813236+00:00,2026-09-28,2026-09-23,8616b690ec7be1ce372c,c3efc95d08e699a31d4f,close_to_close,0.0107723785153016,{},e01ef2214b2f64572f6d,lagged_latest_vintage,하락,0.5312584042549133,0.2217234969139099,0.2470180988311767,Logistic,20260927T213244_8b99db73cbfc:direction:Logistic,direction,1,2026-09-28,,,,,,,,,,,,,,,,,1825000.0,1768000.0,-0.050483351235230955,0.0,1.0,,,,,,,0.6325067390946872,0.3298979338155519,scored,True,2026-09-28T08:31:40.265638+00:00,github-actions,7fa00c14b86e,,,,,,,,,,,,,,
3,20260927T213244_8b99db73cbfc,2026-09-27 21:33:06.813236+00:00,2026-09-28,2026-09-23,8616b690ec7be1ce372c,c3efc95d08e699a31d4f,close_to_close,0.0107723785153016,{},e01ef2214b2f64572f6d,lagged_latest_vintage,하락,0.3893932155962227,0.3545360639077289,0.2560707204960483,LightGBM,20260927T213244_8b99db73cbfc:direction:LightGBM,direction,1,2026-09-28,,,,,,,,,,,,,,,,,1825000.0,1768000.0,-0.050483351235230955,0.0,1.0,,,,,,,0.9431656089071073,0.5641086796664715,scored,True,2026-09-28T08:31:40.265638+00:00,github-actions,7fa00c14b86e,,,,,,,,,,,,,,
3,20260927T213244_8b99db73cbfc,2026-09-27 21:33:06.813236+00:00,2026-09-28,2026-09-23,8616b690ec7be1ce372c,c3efc95d08e699a31d4f,close_to_close,0.0107723785153016,{},e01ef2214b2f64572f6d,lagged_latest_vintage,하락,0.460325809925568,0.2881297804108194,0.2515444096636125,Mean ensemble,20260927T213244_8b99db73cbfc:direction:Mean ensemble,direction,1,2026-09-28,,,,,,,,,,,,,,,,,1825000.0,1768000.0,-0.050483351235230955,0.0,1.0,,,,,,,0.7758207577657447,0.43754159182509644,scored,True,2026-09-28T08:31:40.265638+00:00,github-actions,7fa00c14b86e,,,,,,,,,,,,,,
3,20260927T213244_8b99db73cbfc,2026-09-27 21:33:06.813236+00:00,2026-09-28,2026-09-23,8616b690ec7be1ce372c,c3efc95d08e699a31d4f,close_to_close,0.0107723785153016,{},e01ef2214b2f64572f6d,lagged_latest_vintage,하락,0.4667146875684083,0.3075682334083277,0.225717079023264,No macro ensemble,20260927T213244_8b99db73cbfc:direction:No macro ensemble,direction,1,2026-09-28,,,,,,,,,,,,,,,,,1825000.0,1768000.0,-0.050483351235230955,0.0,1.0,,,,,,,0.7620371554086338,0.42993964241997434,scored,True,2026-09-28T08:31:40.265638+00:00,github-actions,7fa00c14b86e,,,,,,,,,,,,,,
3,20260927T213244_8b99db73cbfc,2026-09-27 21:33:06.813236+00:00,2026-09-28,2026-09-23,8616b690ec7be1ce372c,c3efc95d08e699a31d4f,close_to_close,0.0107723785153016,{},e01ef2214b2f64572f6d,lagged_latest_vintage,하락,0.5540206336230423,0.2134511744520363,0.2325281919249213,Candidate expanding,20260927T213244_8b99db73cbfc:direction:Candidate expanding,direction,1,2026-09-28,,,,,,,,,,,,,,,,,1825000.0,1768000.0,-0.050483351235230955,0.0,1.0,,,,,,,0.5905533481214882,0.2985283591488193,scored,True,2026-09-28T08:31:40.265638+00:00,github-actions,7fa00c14b86e,,,,,,,,,,,,,,
3,20260927T213244_8b99db73cbfc,2026-09-27 21:33:06.813236+00:00,2026-09-28,2026-09-23,8616b690ec7be1ce372c,c3efc95d08e699a31d4f,close_to_close,0.0107723785153016,{},e01ef2214b2f64572f6d,lagged_latest_vintage,하락,0.4666609735418138,0.2863968886951901,0.2469421377629961,No NSI ensemble,20260927T213244_8b99db73cbfc:direction:No NSI ensemble,direction,1,2026-09-28,,,,,,,,,,,,,,,,,1825000.0,1768000.0,-0.050483351235230955,0.0,1.0,,,,,,,0.762152251674568,0.4274541144006095,scored,True,2026-09-28T08:31:40.265638+00:00,github-actions,7fa00c14b86e,,,,,,,,,,,,,,
3,20260927T213244_8b99db73cbfc,2026-09-27 21:33:06.813236+00:00,2026-09-28,2026-09-23,8616b690ec7be1ce372c,c3efc95d08e699a31d4f,close_to_close,0.0107723785153016,{},e01ef2214b2f64572f6d,lagged_latest_vintage,하락,0.469573862167822,0.2889128695662869,0.2415132682658911,No flow ensemble,20260927T213244_8b99db73cbfc:direction:No flow ensemble,direction,1,2026-09-28,,,,,,,,,,,,,,,,,1825000.0,1768000.0,-0.050483351235230955,0.0,1.0,,,,,,,0.7559296717962273,0.4231511926450592,scored,True,2026-09-28T08:31:40.265638+00:00,github-actions,7fa00c14b86e,,,,,,,,,,,,,,
3,20260927T213244_8b99db73cbfc,2026-09-27 21:33:06.813236+00:00,2026-09-28,2026-09-23,8616b690ec7be1ce372c,c3efc95d08e699a31d4f,close_to_close,0.0107723785153016,{},e01ef2214b2f64572f6d,lagged_latest_vintage,하락,0.5051100257886549,0.2614854373172978,0.2334045368940473,No macro price ensemble,20260927T213244_8b99db73cbfc:direction:No macro price ensemble,direction,1,2026-09-28,,,,,,,,,,,,,,,,,1825000.0,1768000.0,-0.050483351235230955,0.0,1.0,,,,,,,0.6829790005887979,0.36776839834664893,scored,True,2026-09-28T08:31:40.265638+00:00,github-actions,7fa00c14b86e,,,,,,,,,,,,,,
3,20260927T213244_8b99db73cbfc,2026-09-27 21:33:06.813236+00:00,2026-09-28,2026-09-23,8616b690ec7be1ce372c,c3efc95d08e699a31d4f,close_to_close,0.0107723785153016,{},e01ef2214b2f64572f6d,lagged_latest_vintage,,,,,Ridge,20260927T213244_8b99db73cbfc:price:1,price,1,2026-09-28,1거래일,1.0,1862000.0,있음,-0.0046698989825845,1853304.6480944275,1853304.6480944275,1770835.6640178442,1935773.6321710108,0.7995824634655533,simple,0.0302669737029173,0.0332662263033892,-0.0041005498820749,-0.0019374689970092,1.0,1825000.0,1768000.0,-0.050483351235230955,,,85304.64809442754,85304.64809442754,0.04824923534752689,0.04581345225264646,0.0,85304.64809442754,,,scored,True,2026-09-28T08:31:40.265638+00:00,github-actions,7fa00c14b86e,-0.0046698989825845,,,,,,,,,,,,,
3,20260927T213244_8b99db73cbfc,2026-09-27 21:33:06.813236+00:00,2026-09-28,2026-09-23,8616b690ec7be1ce372c,c3efc95d08e699a31d4f,close_to_close,0.0107723785153016,{},e01ef2214b2f64572f6d,lagged_latest_vintage,,,,,Ridge,20260927T213244_8b99db73cbfc:price:5,price,5,2026-10-02,1주일,5.0,1862000.0,없음,,,1862000.0,1668990.2220012173,2055009.7779987825,0.7589098532494759,simple,0.0754488862238049,0.0786039543596856,0.0,0.0,0.0,1830000.0,1841000.0,-0.011278195488721776,,,,,,,1.0,21000.0,,,scored,True,2026-10-02T07:10:58.814325+00:00,github-actions,7fa00c14b86e,0.00305518336098,,,,,,,,,,,,,
3,20260927T213244_8b99db73cbfc,2026-09-27 21:33:06.813236+00:00,2026-09-28,2026-09-23,8616b690ec7be1ce372c,c3efc95d08e699a31d4f,close_to_close,0.0107723785153016,{},e01ef2214b2f64572f6d,lagged_latest_vintage,,,,,Ridge,20260927T213244_8b99db73cbfc:price:20,price,20,2026-10-27,1개월,20.0,1862000.0,없음,,,1862000.0,1461877.4746340995,2262122.5253659,0.6638297872340425,simple,0.1989517493441512,0.1991207485027019,0.0,0.0,0.0,,,,,,,,,,,,,,pending,True,2026-09-27T21:33:06.847316+00:00,github-actions,7fa00c14b86e,0.0389369413096057,,,,,,,,,,,,,
3,20260927T213244_8b99db73cbfc,2026-09-27 21:33:06.813236+00:00,2026-09-28,2026-09-23,8616b690ec7be1ce372c,c3efc95d08e699a31d4f,close_to_close,0.0107723785153016,{},e01ef2214b2f64572f6d,lagged_latest_vintage,,,,,Candidate IV interval,20260927T213244_8b99db73cbfc:price_candidate:iv_interval:1,price,1,2026-09-28,1거래일,1.0,1862000.0,있음,-0.0046698989825845,1853304.6480944275,1853304.6480944275,1782209.3289867612,1924399.967202094,0.8204592901878914,iv,0.0302669737029173,0.0332662263033892,-0.0041005498820749,-0.0019374689970092,1.0,1825000.0,1768000.0,-0.050483351235230955,,,85304.64809442754,85304.64809442754,0.04824923534752689,0.04581345225264646,0.0,85304.64809442754,,,scored,True,2026-09-28T08:31:40.265638+00:00,github-actions,7fa00c14b86e,-0.0046698989825845,,,,,,,,,,,,,
3,20260927T213244_8b99db73cbfc,2026-09-27 21:33:06.813236+00:00,2026-09-28,2026-09-23,8616b690ec7be1ce372c,c3efc95d08e699a31d4f,close_to_close,0.0107723785153016,{},e01ef2214b2f64572f6d,lagged_latest_vintage,,,,,Candidate HAR interval,20260927T213244_8b99db73cbfc:price_candidate:har_interval:5,price,5,2026-10-02,1주일,5.0,1862000.0,없음,,,1862000.0,1707326.3624263331,2016673.6375736664,0.6247379454926625,har,0.0754488862238049,0.0786039543596856,0.0,0.0,0.0,1830000.0,1841000.0,-0.011278195488721776,,,,,,,1.0,21000.0,,,scored,True,2026-10-02T07:10:58.814325+00:00,github-actions,7fa00c14b86e,0.00305518336098,,,,,,,,,,,,,
3,20260927T213244_8b99db73cbfc,2026-09-27 21:33:06.813236+00:00,2026-09-28,2026-09-23,8616b690ec7be1ce372c,c3efc95d08e699a31d4f,close_to_close,0.0107723785153016,{},e01ef2214b2f64572f6d,lagged_latest_vintage,,,,,Candidate strict gate,20260927T213244_8b99db73cbfc:price_candidate:strict_gate:5,price,5,2026-10-02,1주일,5.0,1862000.0,없음,,,1862000.0,1668990.2220012175,2055009.7779987825,0.7589098532494759,simple,0.0754488862238049,0.0786039543596856,0.0,0.0,0.0,1830000.0,1841000.0,-0.011278195488721776,,,,,,,1.0,21000.0,,,scored,True,2026-10-02T07:10:58.814325+00:00,github-actions,7fa00c14b86e,0.00305518336098,,,,,,,,,,,,,
3,20260927T213244_8b99db73cbfc,2026-09-27 21:33:06.813236+00:00,2026-09-28,2026-09-23,8616b690ec7be1ce372c,c3efc95d08e699a31d4f,close_to_close,0.0107723785153016,{},e01ef2214b2f64572f6d,lagged_latest_vintage,,,,,Candidate IV interval,20260927T213244_8b99db73cbfc:price_candidate:iv_interval:5,price,5,2026-10-02,1주일,5.0,1862000.0,없음,,,1862000.0,1701576.8527632232,2022423.1472367768,0.7610062893081762,iv,0.0754488862238049,0.0786039543596856,0.0,0.0,0.0,1830000.0,1841000.0,-0.011278195488721776,,,,,,,1.0,21000.0,,,scored,True,2026-10-02T07:10:58.814325+00:00,github-actions,7fa00c14b86e,0.00305518336098,,,,,,,,,,,,,
3,20260927T213244_8b99db73cbfc,2026-09-27 21:33:06.813236+00:00,2026-09-28,2026-09-23,8616b690ec7be1ce372c,c3efc95d08e699a31d4f,close_to_close,0.0107723785153016,{},e01ef2214b2f64572f6d,lagged_latest_vintage,,,,,Candidate HAR interval,20260927T213244_8b99db73cbfc:price_candidate:har_interval:20,price,20,2026-10-27,1개월,20.0,1862000.0,없음,,,1862000.0,1524997.4426633203,2199002.55733668,0.5659574468085107,har,0.1989517493441512,0.1991207485027019,0.0,0.0,0.0,,,,,,,,,,,,,,pending,True,2026-09-27T21:33:06.847316+00:00,github-actions,7fa00c14b86e,0.0389369413096057,,,,,,,,,,,,,
3,20260927T213244_8b99db73cbfc,2026-09-27 21:33:06.813236+00:00,2026-09-28,2026-09-23,8616b690ec7be1ce372c,c3efc95d08e699a31d4f,close_to_close,0.0107723785153016,{},e01ef2214b2f64572f6d,lagged_latest_vintage,,,,,Candidate IV interval,20260927T213244_8b99db73cbfc:price_candidate:iv_interval:20,price,20,2026-10-27,1개월,20.0,1862000.0,없음,,,1862000.0,1507630.135064353,2216369.864935647,0.7021276595744681,iv,0.1989517493441512,0.1991207485027019,0.0,0.0,0.0,,,,,,,,,,,,,,pending,True,2026-09-27T21:33:06.847316+00:00,github-actions,7fa00c14b86e,0.0389369413096057,,,,,,,,,,,,,
3,20260927T213244_8b99db73cbfc,2026-09-27 21:33:06.813236+00:00,2026-09-28,2026-09-23,8616b690ec7be1ce372c,c3efc95d08e699a31d4f,close_to_close,0.0107723785153016,{},e01ef2214b2f64572f6d,lagged_latest_vintage,,,,,Ridge,20260927T213244_8b99db73cbfc:open:1,open,1,2026-09-28,시초가예측,1.0,1862000.0,있음,-0.0055305543355643,,,,,0.8191304347826087,,0.0169728077235209,0.023115602252493,-0.0077391765386049,-0.0045484351507371,1.0,1825000.0,1768000.0,-0.019871106337271738,,,26702.107827179134,26702.107827179134,0.014631291960098155,0.014340552001707437,1.0,26702.107827179134,,,scored,True,2026-09-28T08:31:40.265638+00:00,github-actions,7fa00c14b86e,-0.0055305543355643,1851702.1078271791,1851702.1078271791,1800201.26982429,1903202.9458300683,0.8118373525926965,0.649587870107778,,,,,,,
3,postopen_20260928T054848_c85af899dc0b,2026-09-28 05:48:48.288898+00:00,2026-09-28,2026-09-23,,post-open-grid-v1,close_to_close,0.0107723785153016,,,,하락,0.6655352535121178,0.2383970225943293,0.0960677238935527,Post-open,postopen_20260928T054848_c85af899dc0b:direction:Post-open,direction,1,2026-09-28,,,1862000.0,,,,,,,,,,,,,,1825000.0,1768000.0,-0.050483351235230955,0.0,1.0,,,,,,,0.40716366957911304,0.17792881459913226,scored,True,2026-09-28T08:31:40.265638+00:00,,,,,,,,,,,,post_open,-0.0198711063372717,하락,False,1825000.0
3,20260928T084014_b86e59ad1b00,2026-09-28 08:40:38.722932+00:00,2026-09-29,2026-09-28,c7777a11ceebf7d0eaeb,c3efc95d08e699a31d4f,close_to_close,0.0113044845794198,{},e01ef2214b2f64572f6d,lagged_latest_vintage,상승,0.213368184552941,0.2906167206955861,0.496015094751473,Candidate evening forecast,20260928T084014_b86e59ad1b00:direction:Candidate evening forecast,direction,1,2026-09-29,,,,,,,,,,,,,,,,,1755000.0,1765000.0,-0.0016968325791855143,1.0,0.0,,,,,,,1.2357499909754712,0.7947815933574147,scored,True,2026-09-29T07:49:50.830267+00:00,github-actions,7fa00c14b86e,,,,,,,,,No macro ensemble,,,,,
3,20260928T084014_b86e59ad1b00,2026-09-28 08:40:38.722932+00:00,2026-09-29,2026-09-28,c7777a11ceebf7d0eaeb,c3efc95d08e699a31d4f,close_to_close,0.0113044845794198,{},e01ef2214b2f64572f6d,lagged_latest_vintage,,,,,Candidate evening open,20260928T084014_b86e59ad1b00:open:Candidate evening open,open,1,2026-09-29,시초가예측,1.0,1768000.0,있음,0.0053536668419837,,,,,0.8191304347826087,,0.0170047220267651,0.0231453055044534,-0.0077349201627863,-0.0045466488626371,1.0,1755000.0,1765000.0,-0.007352941176470562,,,22465.282976627117,22465.282976627117,0.012800731040813172,0.012706608018454262,1.0,22465.282976627117,,,scored,True,2026-09-29T07:49:50.830267+00:00,github-actions,7fa00c14b86e,0.0053536668419837,1777465.2829766271,1777465.2829766271,1732046.2247154696,1822884.3412377853,0.8116171068883867,0.6496057394251358,,,,,,,
3,20260928T212118_bfb1e56d9cda,2026-09-28 21:21:35.687583+00:00,2026-09-29,2026-09-28,20b00ff7076b558c73f3,c3efc95d08e699a31d4f,close_to_close,0.0113044845794198,{},e01ef2214b2f64572f6d,lagged_latest_vintage,하락,0.452720793919516,0.2675898809677433,0.2796893251127407,Logistic,20260928T212118_bfb1e56d9cda:direction:Logistic,direction,1,2026-09-29,,,,,,,,,,,,,,,,,1755000.0,1765000.0,-0.0016968325791855143,1.0,0.0,,,,,,,1.3182997654649178,0.8196068182899818,scored,True,2026-09-29T07:49:50.830267+00:00,github-actions,7fa00c14b86e,,,,,,,,,,,,,,
3,20260928T212118_bfb1e56d9cda,2026-09-28 21:21:35.687583+00:00,2026-09-29,2026-09-28,20b00ff7076b558c73f3,c3efc95d08e699a31d4f,close_to_close,0.0113044845794198,{},e01ef2214b2f64572f6d,lagged_latest_vintage,상승,0.3724424080580543,0.234490536812076,0.3930670551298698,LightGBM,20260928T212118_bfb1e56d9cda:direction:LightGBM,direction,1,2026-09-29,,,,,,,,,,,,,,,,,1755000.0,1765000.0,-0.0016968325791855143,1.0,0.0,,,,,,,1.4503400466560223,0.8792197953788139,scored,True,2026-09-29T07:49:50.830267+00:00,github-actions,7fa00c14b86e,,,,,,,,,,,,,,
3,20260928T212118_bfb1e56d9cda,2026-09-28 21:21:35.687583+00:00,2026-09-29,2026-09-28,20b00ff7076b558c73f3,c3efc95d08e699a31d4f,close_to_close,0.0113044845794198,{},e01ef2214b2f64572f6d,lagged_latest_vintage,하락,0.4125816009887851,0.2510402088899096,0.3363781901213052,Mean ensemble,20260928T212118_bfb1e56d9cda:direction:Mean ensemble,direction,1,2026-09-29,,,,,,,,,,,,,,,,,1755000.0,1765000.0,-0.0016968325791855143,1.0,0.0,,,,,,,1.3821421578996504,0.8443146329634243,scored,True,2026-09-29T07:49:50.830267+00:00,github-actions,7fa00c14b86e,,,,,,,,,,,,,,
3,20260928T212118_bfb1e56d9cda,2026-09-28 21:21:35.687583+00:00,2026-09-29,2026-09-28,20b00ff7076b558c73f3,c3efc95d08e699a31d4f,close_to_close,0.0113044845794198,{},e01ef2214b2f64572f6d,lagged_latest_vintage,하락,0.3947439844973682,0.2751028512713893,0.3301531642312425,No macro ensemble,20260928T212118_bfb1e56d9cda:direction:No macro ensemble,direction,1,2026-09-29,,,,,,,,,,,,,,,,,1755000.0,1765000.0,-0.0016968325791855143,1.0,0.0,,,,,,,1.2906102466146274,0.7902998013836297,scored,True,2026-09-29T07:49:50.830267+00:00,github-actions,7fa00c14b86e,,,,,,,,,,,,,,
3,20260928T212118_bfb1e56d9cda,2026-09-28 21:21:35.687583+00:00,2026-09-29,2026-09-28,20b00ff7076b558c73f3,c3efc95d08e699a31d4f,close_to_close,0.0113044845794198,{},e01ef2214b2f64572f6d,lagged_latest_vintage,하락,0.41411741289448,0.320529837294719,0.2653527498108009,Candidate expanding,20260928T212118_bfb1e56d9cda:direction:Candidate expanding,direction,1,2026-09-29,,,,,,,,,,,,,,,,,1755000.0,1765000.0,-0.0016968325791855143,1.0,0.0,,,,,,,1.137779910871217,0.7035850155013118,scored,True,2026-09-29T07:49:50.830267+00:00,github-actions,7fa00c14b86e,,,,,,,,,,,,,,
3,20260928T212118_bfb1e56d9cda,2026-09-28 21:21:35.687583+00:00,2026-09-29,2026-09-28,20b00ff7076b558c73f3,c3efc95d08e699a31d4f,close_to_close,0.0113044845794198,{},e01ef2214b2f64572f6d,lagged_latest_vintage,하락,0.3993959580156245,0.2623551683804683,0.3382488736039071,No NSI ensemble,20260928T212118_bfb1e56d9cda:direction:No NSI ensemble,direction,1,2026-09-29,,,,,,,,,,,,,,,,,1755000.0,1765000.0,-0.0016968325791855143,1.0,0.0,,,,,,,1.3380560887176853,0.8180493293885377,scored,True,2026-09-29T07:49:50.830267+00:00,github-actions,7fa00c14b86e,,,,,,,,,,,,,,
3,20260928T212118_bfb1e56d9cda,2026-09-28 21:21:35.687583+00:00,2026-09-29,2026-09-28,20b00ff7076b558c73f3,c3efc95d08e699a31d4f,close_to_close,0.0113044845794198,{},e01ef2214b2f64572f6d,lagged_latest_vintage,하락,0.4155536005400118,0.2532646756744452,0.3311817237855429,No flow ensemble,20260928T212118_bfb1e56d9cda:direction:No flow ensemble,direction,1,2026-09-29,,,,,,,,,,,,,,,,,1755000.0,1765000.0,-0.0016968325791855143,1.0,0.0,,,,,,,1.3733201881761923,0.8399797736869228,scored,True,2026-09-29T07:49:50.830267+00:00,github-actions,7fa00c14b86e,,,,,,,,,,,,,,
3,20260928T212118_bfb1e56d9cda,2026-09-28 21:21:35.687583+00:00,2026-09-29,2026-09-28,20b00ff7076b558c73f3,c3efc95d08e699a31d4f,close_to_close,0.0113044845794198,{},e01ef2214b2f64572f6d,lagged_latest_vintage,하락,0.4191316496798259,0.2341221458496913,0.3467462044704827,No macro price ensemble,20260928T212118_bfb1e56d9cda:direction:No macro price ensemble,direction,1,2026-09-29,,,,,,,,,,,,,,,,,1755000.0,1765000.0,-0.0016968325791855143,1.0,0.0,,,,,,,1.451912309003601,0.8824731575558997,scored,True,2026-09-29T07:49:50.830267+00:00,github-actions,7fa00c14b86e,,,,,,,,,,,,,,
3,20260928T212118_bfb1e56d9cda,2026-09-28 21:21:35.687583+00:00,2026-09-29,2026-09-28,20b00ff7076b558c73f3,c3efc95d08e699a31d4f,close_to_close,0.0113044845794198,{},e01ef2214b2f64572f6d,lagged_latest_vintage,,,,,Ridge,20260928T212118_bfb1e56d9cda:price:1,price,1,2026-09-29,1거래일,1.0,1768000.0,있음,-0.0045760579158525,1759909.5296047728,1759909.5296047728,1677890.3329606152,1841928.7262489304,0.7954070981210856,simple,0.0303055386253906,0.0333095824390078,-0.004086752945026,-0.001945540002507,1.0,1755000.0,1765000.0,-0.0016968325791855143,,,-5090.470395227196,5090.470395227196,0.0028841192040947286,-0.002879225336666986,1.0,-5090.470395227196,,,scored,True,2026-09-29T07:49:50.830267+00:00,github-actions,7fa00c14b86e,-0.0045760579158525,,,,,,,,,,,,,
3,20260928T212118_bfb1e56d9cda,2026-09-28 21:21:35.687583+00:00,2026-09-29,2026-09-28,20b00ff7076b558c73f3,c3efc95d08e699a31d4f,close_to_close,0.0113044845794198,{},e01ef2214b2f64572f6d,lagged_latest_vintage,,,,,Ridge,20260928T212118_bfb1e56d9cda:price:5,price,5,2026-10-06,1주일,5.0,1768000.0,없음,,,1768000.0,1575033.553482102,1960966.446517898,0.7589098532494759,simple,0.0752852385910232,0.0784267622555641,0.0,0.0,0.0,1835000.0,1773000.0,0.002828054298642524,,,,,,,1.0,-5000.0,,,scored,True,2026-10-06T07:10:46.392316+00:00,github-actions,7fa00c14b86e,0.0021472986323053,,,,,,,,,,,,,
3,20260928T212118_bfb1e56d9cda,2026-09-28 21:21:35.687583+00:00,2026-09-29,2026-09-28,20b00ff7076b558c73f3,c3efc95d08e699a31d4f,close_to_close,0.0113044845794198,{},e01ef2214b2f64572f6d,lagged_latest_vintage,,,,,Ridge,20260928T212118_bfb1e56d9cda:price:20,price,20,2026-10-28,1개월,20.0,1768000.0,없음,,,1768000.0,1367465.867721659,2168534.1322783413,0.6659574468085107,simple,0.1986527541185763,0.1988294438500342,0.0,0.0,0.0,,,,,,,,,,,,,,pending,True,2026-09-28T21:21:35.717944+00:00,github-actions,7fa00c14b86e,0.0340053290865667,,,,,,,,,,,,,
3,20260928T212118_bfb1e56d9cda,2026-09-28 21:21:35.687583+00:00,2026-09-29,2026-09-28,20b00ff7076b558c73f3,c3efc95d08e699a31d4f,close_to_close,0.0113044845794198,{},e01ef2214b2f64572f6d,lagged_latest_vintage,,,,,Candidate IV interval,20260928T212118_bfb1e56d9cda:price_candidate:iv_interval:1,price,1,2026-09-29,1거래일,1.0,1768000.0,있음,-0.0045760579158525,1759909.5296047728,1759909.5296047728,1685120.1301877715,1834698.9290217736,0.8183716075156576,iv,0.0303055386253906,0.0333095824390078,-0.004086752945026,-0.001945540002507,1.0,1755000.0,1765000.0,-0.0016968325791855143,,,-5090.470395227196,5090.470395227196,0.0028841192040947286,-0.002879225336666986,1.0,-5090.470395227196,,,scored,True,2026-09-29T07:49:50.830267+00:00,github-actions,7fa00c14b86e,-0.0045760579158525,,,,,,,,,,,,,
3,20260928T212118_bfb1e56d9cda,2026-09-28 21:21:35.687583+00:00,2026-09-29,2026-09-28,20b00ff7076b558c73f3,c3efc95d08e699a31d4f,close_to_close,0.0113044845794198,{},e01ef2214b2f64572f6d,lagged_latest_vintage,,,,,Candidate HAR interval,20260928T212118_bfb1e56d9cda:price_candidate:har_interval:5,price,5,2026-10-06,1주일,5.0,1768000.0,없음,,,1768000.0,1614537.900179132,1921462.099820868,0.6373165618448637,har,0.0752852385910232,0.0784267622555641,0.0,0.0,0.0,1835000.0,1773000.0,0.002828054298642524,,,,,,,1.0,-5000.0,,,scored,True,2026-10-06T07:10:46.392316+00:00,github-actions,7fa00c14b86e,0.0021472986323053,,,,,,,,,,,,,
3,20260928T212118_bfb1e56d9cda,2026-09-28 21:21:35.687583+00:00,2026-09-29,2026-09-28,20b00ff7076b558c73f3,c3efc95d08e699a31d4f,close_to_close,0.0113044845794198,{},e01ef2214b2f64572f6d,lagged_latest_vintage,,,,,Candidate strict gate,20260928T212118_bfb1e56d9cda:price_candidate:strict_gate:5,price,5,2026-10-06,1주일,5.0,1768000.0,없음,,,1768000.0,1575033.553482102,1960966.446517898,0.7589098532494759,simple,0.0752852385910232,0.0784267622555641,0.0,0.0,0.0,1835000.0,1773000.0,0.002828054298642524,,,,,,,1.0,-5000.0,,,scored,True,2026-10-06T07:10:46.392316+00:00,github-actions,7fa00c14b86e,0.0021472986323053,,,,,,,,,,,,,
3,20260928T212118_bfb1e56d9cda,2026-09-28 21:21:35.687583+00:00,2026-09-29,2026-09-28,20b00ff7076b558c73f3,c3efc95d08e699a31d4f,close_to_close,0.0113044845794198,{},e01ef2214b2f64572f6d,lagged_latest_vintage,,,,,Candidate IV interval,20260928T212118_bfb1e56d9cda:price_candidate:iv_interval:5,price,5,2026-10-06,1주일,5.0,1768000.0,없음,,,1768000.0,1598065.641940961,1937934.35805904,0.7631027253668763,iv,0.0752852385910232,0.0784267622555641,0.0,0.0,0.0,1835000.0,1773000.0,0.002828054298642524,,,,,,,1.0,-5000.0,,,scored,True,2026-10-06T07:10:46.392316+00:00,github-actions,7fa00c14b86e,0.0021472986323053,,,,,,,,,,,,,
3,20260928T212118_bfb1e56d9cda,2026-09-28 21:21:35.687583+00:00,2026-09-29,2026-09-28,20b00ff7076b558c73f3,c3efc95d08e699a31d4f,close_to_close,0.0113044845794198,{},e01ef2214b2f64572f6d,lagged_latest_vintage,,,,,Candidate HAR interval,20260928T212118_bfb1e56d9cda:price_candidate:har_interval:20,price,20,2026-10-28,1개월,20.0,1768000.0,없음,,,1768000.0,1432285.37977183,2103714.62022817,0.5680851063829787,har,0.1986527541185763,0.1988294438500342,0.0,0.0,0.0,,,,,,,,,,,,,,pending,True,2026-09-28T21:21:35.717944+00:00,github-actions,7fa00c14b86e,0.0340053290865667,,,,,,,,,,,,,
3,20260928T212118_bfb1e56d9cda,2026-09-28 21:21:35.687583+00:00,2026-09-29,2026-09-28,20b00ff7076b558c73f3,c3efc95d08e699a31d4f,close_to_close,0.0113044845794198,{},e01ef2214b2f64572f6d,lagged_latest_vintage,,,,,Candidate IV interval,20260928T212118_bfb1e56d9cda:price_candidate:iv_interval:20,price,20,2026-10-28,1개월,20.0,1768000.0,없음,,,1768000.0,1393430.7810923187,2142569.218907681,0.7021276595744681,iv,0.1986527541185763,0.1988294438500342,0.0,0.0,0.0,,,,,,,,,,,,,,pending,True,2026-09-28T21:21:35.717944+00:00,github-actions,7fa00c14b86e,0.0340053290865667,,,,,,,,,,,,,
3,20260928T212118_bfb1e56d9cda,2026-09-28 21:21:35.687583+00:00,2026-09-29,2026-09-28,20b00ff7076b558c73f3,c3efc95d08e699a31d4f,close_to_close,0.0113044845794198,{},e01ef2214b2f64572f6d,lagged_latest_vintage,,,,,Ridge,20260928T212118_bfb1e56d9cda:open:1,open,1,2026-09-29,시초가예측,1.0,1768000.0,있음,-0.0067211566492915,,,,,0.8191304347826087,,0.0170047231398011,0.0231453055044534,-0.0077349186792589,-0.0045466483221691,1.0,1755000.0,1765000.0,-0.007352941176470562,,,1116.9950440526009,1116.9950440526009,0.0006364644125655846,0.0006317845271790624,1.0,1116.9950440526009,,,scored,True,2026-09-29T07:49:50.830267+00:00,github-actions,7fa00c14b86e,-0.0067211566492915,1756116.9950440526,1756116.9950440526,1710697.9284216084,1801536.0616664968,0.8116180058504451,0.64960568848187,,,,,,,
3,postopen_20260929T003125_16f7a4a42f98,2026-09-29 00:31:25.807649+00:00,2026-09-29,2026-09-28,,post-open-grid-v1,close_to_close,0.0113044845794198,,,,보합,0.3643968330156928,0.4052308755195736,0.2303722914647335,Post-open,postopen_20260929T003125_16f7a4a42f98:direction:Post-open,direction,1,2026-09-29,,,1768000.0,,,,,,,,,,,,,,1755000.0,1765000.0,-0.0016968325791855143,1.0,1.0,,,,,,,0.9032983112884982,0.5396067560217918,scored,True,2026-09-29T07:49:50.830267+00:00,,,,,,,,,,,,post_open,-0.0073529411764705,보합,False,1755000.0
3,20260929T094604_919fd9061df5,2026-09-29 09:46:27.594886+00:00,2026-09-30,2026-09-29,67c7d2f30b604dacf45c,c3efc95d08e699a31d4f,close_to_close,0.0108335052447406,{},e01ef2214b2f64572f6d,lagged_latest_vintage,보합,0.2759949422061389,0.4005639767342697,0.3234410810595913,Candidate evening forecast,20260929T094604_919fd9061df5:direction:Candidate evening forecast,direction,1,2026-09-30,,,,,,,,,,,,,,,,,1789000.0,1776000.0,0.006232294617563694,1.0,1.0,,,,,,,0.9148817830731664,0.5401108870290002,scored,True,2026-09-30T07:05:03.490208+00:00,github-actions,7fa00c14b86e,,,,,,,,,No macro ensemble,,,,,
3,20260929T094604_919fd9061df5,2026-09-29 09:46:27.594886+00:00,2026-09-30,2026-09-29,67c7d2f30b604dacf45c,c3efc95d08e699a31d4f,close_to_close,0.0108335052447406,{},e01ef2214b2f64572f6d,lagged_latest_vintage,,,,,Candidate evening open,20260929T094604_919fd9061df5:open:Candidate evening open,open,1,2026-09-30,시초가예측,1.0,1765000.0,있음,0.0010357212740927,,,,,0.8191304347826087,,0.0169944259778397,0.0231318164953123,-0.0077356872122432,-0.0045454224578191,1.0,1789000.0,1776000.0,0.013597733711048221,,,-22171.95195122622,22171.95195122622,0.012393489072792745,-0.012562012436955521,1.0,-22171.95195122622,,,scored,True,2026-09-30T07:05:03.490208+00:00,github-actions,7fa00c14b86e,0.0010357212740927,1766828.0480487738,1766828.0480487738,1721771.8843269998,1811884.211770548,0.8120451175122455,0.6495121225108287,,,,,,,
3,20260929T231545_a709fe3602e3,2026-09-29 23:16:03.865592+00:00,2026-09-30,2026-09-29,3bac73d8e349f43c5d63,c3efc95d08e699a31d4f,close_to_close,0.0108335052447406,{},fd9ccc1e44b963ce8914,lagged_latest_vintage,상승,0.269204391884542,0.2964867772765888,0.4343088308388692,Logistic,20260929T231545_a709fe3602e3:direction:Logistic,direction,1,2026-09-30,,,,,,,,,,,,,,,,,1789000.0,1776000.0,0.006232294617563694,1.0,0.0,,,,,,,1.2157526575705304,0.7560260197012316,scored,True,2026-09-30T07:05:03.490208+00:00,github-actions,7fa00c14b86e,,,,,,,,,,,,,,
3,20260929T231545_a709fe3602e3,2026-09-29 23:16:03.865592+00:00,2026-09-30,2026-09-29,3bac73d8e349f43c5d63,c3efc95d08e699a31d4f,close_to_close,0.0108335052447406,{},fd9ccc1e44b963ce8914,lagged_latest_vintage,상승,0.228618055304725,0.3691740436261983,0.4022079010690767,LightGBM,20260929T231545_a709fe3602e3:direction:LightGBM,direction,1,2026-09-30,,,,,,,,,,,,,,,,,1789000.0,1776000.0,0.006232294617563694,1.0,0.0,,,,,,,0.9964870831959852,0.6119787981286281,scored,True,2026-09-30T07:05:03.490208+00:00,github-actions,7fa00c14b86e,,,,,,,,,,,,,,
3,20260929T231545_a709fe3602e3,2026-09-29 23:16:03.865592+00:00,2026-09-30,2026-09-29,3bac73d8e349f43c5d63,c3efc95d08e699a31d4f,close_to_close,0.0108335052447406,{},fd9ccc1e44b963ce8914,lagged_latest_vintage,상승,0.2489112235946335,0.3328304104513936,0.418258365953973,Mean ensemble,20260929T231545_a709fe3602e3:direction:Mean ensemble,direction,1,2026-09-30,,,,,,,,,,,,,,,,,1789000.0,1776000.0,0.006232294617563694,1.0,0.0,,,,,,,1.1001221966514843,0.6820121191403211,scored,True,2026-09-30T07:05:03.490208+00:00,github-actions,7fa00c14b86e,,,,,,,,,,,,,,
3,20260929T231545_a709fe3602e3,2026-09-29 23:16:03.865592+00:00,2026-09-30,2026-09-29,3bac73d8e349f43c5d63,c3efc95d08e699a31d4f,close_to_close,0.0108335052447406,{},fd9ccc1e44b963ce8914,lagged_latest_vintage,상승,0.2447774781320772,0.358295345420305,0.3969271764476176,No macro ensemble,20260929T231545_a709fe3602e3:direction:No macro ensemble,direction,1,2026-09-30,,,,,,,,,,,,,,,,,1789000.0,1776000.0,0.006232294617563694,1.0,0.0,,,,,,,1.0263976454887795,0.6292520609126234,scored,True,2026-09-30T07:05:03.490208+00:00,github-actions,7fa00c14b86e,,,,,,,,,,,,,,
3,20260929T231545_a709fe3602e3,2026-09-29 23:16:03.865592+00:00,2026-09-30,2026-09-29,3bac73d8e349f43c5d63,c3efc95d08e699a31d4f,close_to_close,0.0108335052447406,{},fd9ccc1e44b963ce8914,lagged_latest_vintage,상승,0.2285629905051255,0.3309572576988026,0.4404797517960719,Candidate expanding,20260929T231545_a709fe3602e3:direction:Candidate expanding,direction,1,2026-09-30,,,,,,,,,,,,,,,,,1789000.0,1776000.0,0.006232294617563694,1.0,0.0,,,,,,,1.1057660427625038,0.6938816433968816,scored,True,2026-09-30T07:05:03.490208+00:00,github-actions,7fa00c14b86e,,,,,,,,,,,,,,
3,20260929T231545_a709fe3602e3,2026-09-29 23:16:03.865592+00:00,2026-09-30,2026-09-29,3bac73d8e349f43c5d63,c3efc95d08e699a31d4f,close_to_close,0.0108335052447406,{},fd9ccc1e44b963ce8914,lagged_latest_vintage,상승,0.2394262659578543,0.3566946222870525,0.4038791117550931,No NSI ensemble,20260929T231545_a709fe3602e3:direction:No NSI ensemble,direction,1,2026-09-30,,,,,,,,,,,,,,,,,1789000.0,1776000.0,0.006232294617563694,1.0,0.0,,,,,,,1.0308752630217932,0.6342850827370022,scored,True,2026-09-30T07:05:03.490208+00:00,github-actions,7fa00c14b86e,,,,,,,,,,,,,,
3,20260929T231545_a709fe3602e3,2026-09-29 23:16:03.865592+00:00,2026-09-30,2026-09-29,3bac73d8e349f43c5d63,c3efc95d08e699a31d4f,close_to_close,0.0108335052447406,{},fd9ccc1e44b963ce8914,lagged_latest_vintage,상승,0.2495562180580866,0.328065246700839,0.4223785352410744,No flow ensemble,20260929T231545_a709fe3602e3:direction:No flow ensemble,direction,1,2026-09-30,,,,,,,,,,,,,,,,,1789000.0,1776000.0,0.006232294617563694,1.0,0.0,,,,,,,1.114542767512112,0.6921782456950551,scored,True,2026-09-30T07:05:03.490208+00:00,github-actions,7fa00c14b86e,,,,,,,,,,,,,,
3,20260929T231545_a709fe3602e3,2026-09-29 23:16:03.865592+00:00,2026-09-30,2026-09-29,3bac73d8e349f43c5d63,c3efc95d08e699a31d4f,close_to_close,0.0108335052447406,{},fd9ccc1e44b963ce8914,lagged_latest_vintage,상승,0.2571363824638194,0.319619287200739,0.4232443303354414,No macro price ensemble,20260929T231545_a709fe3602e3:direction:No macro price ensemble,direction,1,2026-09-30,,,,,,,,,,,,,,,,,1789000.0,1776000.0,0.006232294617563694,1.0,0.0,,,,,,,1.1406247189736498,0.7081727966969065,scored,True,2026-09-30T07:05:03.490208+00:00,github-actions,7fa00c14b86e,,,,,,,,,,,,,,
3,20260929T231545_a709fe3602e3,2026-09-29 23:16:03.865592+00:00,2026-09-30,2026-09-29,3bac73d8e349f43c5d63,c3efc95d08e699a31d4f,close_to_close,0.0108335052447406,{},fd9ccc1e44b963ce8914,lagged_latest_vintage,,,,,Ridge,20260929T231545_a709fe3602e3:price:1,price,1,2026-09-30,1거래일,1.0,1765000.0,있음,0.0027709379707108,1769890.7055183046,1769890.7055183046,1691452.6788476445,1848328.7321889647,0.7954070981210856,simple,0.0302671409826919,0.0332738334941536,-0.0040861486910801,-0.0019491200991413,1.0,1789000.0,1776000.0,0.006232294617563694,,,-6109.294481695397,6109.294481695397,0.0034399180640176785,-0.003461356646852894,1.0,-6109.294481695397,,,scored,True,2026-09-30T07:05:03.490208+00:00,github-actions,7fa00c14b86e,0.0027709379707108,,,,,,,,,,,,,
3,20260929T231545_a709fe3602e3,2026-09-29 23:16:03.865592+00:00,2026-09-30,2026-09-29,3bac73d8e349f43c5d63,c3efc95d08e699a31d4f,close_to_close,0.0108335052447406,{},fd9ccc1e44b963ce8914,lagged_latest_vintage,,,,,Ridge,20260929T231545_a709fe3602e3:price:5,price,5,2026-10-07,1주일,5.0,1765000.0,없음,,,1765000.0,1581521.9680796445,1948478.031920356,0.7594142259414226,simple,0.0752326786930367,0.0783663344526915,0.0,0.0,0.0,1728000.0,1723000.0,-0.023796033994334276,,,,,,,1.0,42000.0,,,scored,True,2026-10-07T07:11:06.056567+00:00,github-actions,7fa00c14b86e,0.0101654162562797,,,,,,,,,,,,,
3,20260929T231545_a709fe3602e3,2026-09-29 23:16:03.865592+00:00,2026-09-30,2026-09-29,3bac73d8e349f43c5d63,c3efc95d08e699a31d4f,close_to_close,0.0108335052447406,{},fd9ccc1e44b963ce8914,lagged_latest_vintage,,,,,Ridge,20260929T231545_a709fe3602e3:price:20,price,20,2026-10-29,1개월,20.0,1765000.0,없음,,,1765000.0,1383781.0583045797,2146218.9416954205,0.6652542372881356,simple,0.1986145731010214,0.198467103199312,0.0,0.0,0.0,,,,,,,,,,,,,,pending,True,2026-09-29T23:16:03.896126+00:00,github-actions,7fa00c14b86e,0.0423614411934892,,,,,,,,,,,,,
3,20260929T231545_a709fe3602e3,2026-09-29 23:16:03.865592+00:00,2026-09-30,2026-09-29,3bac73d8e349f43c5d63,c3efc95d08e699a31d4f,close_to_close,0.0108335052447406,{},fd9ccc1e44b963ce8914,lagged_latest_vintage,,,,,Candidate IV interval,20260929T231545_a709fe3602e3:price_candidate:iv_interval:1,price,1,2026-09-30,1거래일,1.0,1765000.0,있음,0.0027709379707108,1769890.7055183046,1769890.7055183046,1698348.8569200842,1841432.5541165248,0.8183716075156576,iv,0.0302671409826919,0.0332738334941536,-0.0040861486910801,-0.0019491200991413,1.0,1789000.0,1776000.0,0.006232294617563694,,,-6109.294481695397,6109.294481695397,0.0034399180640176785,-0.003461356646852894,1.0,-6109.294481695397,,,scored,True,2026-09-30T07:05:03.490208+00:00,github-actions,7fa00c14b86e,0.0027709379707108,,,,,,,,,,,,,
3,20260929T231545_a709fe3602e3,2026-09-29 23:16:03.865592+00:00,2026-09-30,2026-09-29,3bac73d8e349f43c5d63,c3efc95d08e699a31d4f,close_to_close,0.0108335052447406,{},fd9ccc1e44b963ce8914,lagged_latest_vintage,,,,,Candidate HAR interval,20260929T231545_a709fe3602e3:price_candidate:har_interval:5,price,5,2026-10-07,1주일,5.0,1765000.0,없음,,,1765000.0,1614955.49629746,1915044.50370254,0.6338912133891214,har,0.0752326786930367,0.0783663344526915,0.0,0.0,0.0,1728000.0,1723000.0,-0.023796033994334276,,,,,,,1.0,42000.0,,,scored,True,2026-10-07T07:11:06.056567+00:00,github-actions,7fa00c14b86e,0.0101654162562797,,,,,,,,,,,,,
3,20260929T231545_a709fe3602e3,2026-09-29 23:16:03.865592+00:00,2026-09-30,2026-09-29,3bac73d8e349f43c5d63,c3efc95d08e699a31d4f,close_to_close,0.0108335052447406,{},fd9ccc1e44b963ce8914,lagged_latest_vintage,,,,,Candidate strict gate,20260929T231545_a709fe3602e3:price_candidate:strict_gate:5,price,5,2026-10-07,1주일,5.0,1765000.0,없음,,,1765000.0,1581521.9680796445,1948478.031920356,0.7594142259414226,simple,0.0752326786930367,0.0783663344526915,0.0,0.0,0.0,1728000.0,1723000.0,-0.023796033994334276,,,,,,,1.0,42000.0,,,scored,True,2026-10-07T07:11:06.056567+00:00,github-actions,7fa00c14b86e,0.0101654162562797,,,,,,,,,,,,,
3,20260929T231545_a709fe3602e3,2026-09-29 23:16:03.865592+00:00,2026-09-30,2026-09-29,3bac73d8e349f43c5d63,c3efc95d08e699a31d4f,close_to_close,0.0108335052447406,{},fd9ccc1e44b963ce8914,lagged_latest_vintage,,,,,Candidate IV interval,20260929T231545_a709fe3602e3:price_candidate:iv_interval:5,price,5,2026-10-07,1주일,5.0,1765000.0,없음,,,1765000.0,1603597.179168209,1926402.820831791,0.7615062761506276,iv,0.0752326786930367,0.0783663344526915,0.0,0.0,0.0,1728000.0,1723000.0,-0.023796033994334276,,,,,,,1.0,42000.0,,,scored,True,2026-10-07T07:11:06.056567+00:00,github-actions,7fa00c14b86e,0.0101654162562797,,,,,,,,,,,,,
3,20260929T231545_a709fe3602e3,2026-09-29 23:16:03.865592+00:00,2026-09-30,2026-09-29,3bac73d8e349f43c5d63,c3efc95d08e699a31d4f,close_to_close,0.0108335052447406,{},fd9ccc1e44b963ce8914,lagged_latest_vintage,,,,,Candidate HAR interval,20260929T231545_a709fe3602e3:price_candidate:har_interval:20,price,20,2026-10-29,1개월,20.0,1765000.0,없음,,,1765000.0,1447548.3898028056,2082451.6101971944,0.5677966101694916,har,0.1986145731010214,0.198467103199312,0.0,0.0,0.0,,,,,,,,,,,,,,pending,True,2026-09-29T23:16:03.896126+00:00,github-actions,7fa00c14b86e,0.0423614411934892,,,,,,,,,,,,,
3,20260929T231545_a709fe3602e3,2026-09-29 23:16:03.865592+00:00,2026-09-30,2026-09-29,3bac73d8e349f43c5d63,c3efc95d08e699a31d4f,close_to_close,0.0108335052447406,{},fd9ccc1e44b963ce8914,lagged_latest_vintage,,,,,Candidate IV interval,20260929T231545_a709fe3602e3:price_candidate:iv_interval:20,price,20,2026-10-29,1개월,20.0,1765000.0,없음,,,1765000.0,1409438.6537648183,2120561.346235181,0.701271186440678,iv,0.1986145731010214,0.198467103199312,0.0,0.0,0.0,,,,,,,,,,,,,,pending,True,2026-09-29T23:16:03.896126+00:00,github-actions,7fa00c14b86e,0.0423614411934892,,,,,,,,,,,,,
3,20260929T231545_a709fe3602e3,2026-09-29 23:16:03.865592+00:00,2026-09-30,2026-09-29,3bac73d8e349f43c5d63,c3efc95d08e699a31d4f,close_to_close,0.0108335052447406,{},fd9ccc1e44b963ce8914,lagged_latest_vintage,,,,,Ridge,20260929T231545_a709fe3602e3:open:1,open,1,2026-09-30,시초가예측,1.0,1765000.0,있음,0.0041008526459336,,,,,0.8191304347826087,,0.016994652889772,0.0231318164953123,-0.0077355721246889,-0.0045450873531924,1.0,1789000.0,1776000.0,0.013597733711048221,,,-16761.995079927146,16761.995079927146,0.009369477406331553,-0.00949688106511462,1.0,-16761.995079927146,,,scored,True,2026-09-30T07:05:03.490208+00:00,github-actions,7fa00c14b86e,0.0041008526459336,1772238.0049200729,1772238.0049200729,1727181.8388269525,1817294.1710131927,0.812070282658518,0.6495038037736064,,,,,,,
3,postopen_20260930T055622_f18bd80a549c,2026-09-30 05:56:22.488575+00:00,2026-09-30,2026-09-29,,post-open-grid-v1,close_to_close,0.0108335052447406,,,,상승,0.119189462672133,0.3751478441567075,0.5056626931711595,Post-open,postopen_20260930T055622_f18bd80a549c:direction:Post-open,direction,1,2026-09-30,,,1765000.0,,,,,,,,,,,,,,1789000.0,1776000.0,0.006232294617563694,1.0,0.0,,,,,,,0.9804350796237111,0.6603411039391922,scored,True,2026-09-30T07:05:03.490208+00:00,,,,,,,,,,,,post_open,0.0135977337110482,상승,False,1789000.0
3,20260930T101426_f6a889b657eb,2026-09-30 10:14:49.136916+00:00,2026-10-01,2026-09-30,b0cd22778eaf70f0efeb,c3efc95d08e699a31d4f,close_to_close,0.0108172736082784,{},fd9ccc1e44b963ce8914,lagged_latest_vintage,보합,0.3239663784941491,0.3677721112345933,0.3082615102712576,Candidate evening forecast,20260930T101426_f6a889b657eb:direction:Candidate evening forecast,direction,1,2026-10-01,,,,,,,,,,,,,,,,,1762000.0,1833000.0,0.03209459459459452,2.0,0.0,,,,,,,1.1768067969332645,0.7187126783687658,scored,True,2026-10-01T07:11:00.916667+00:00,github-actions,7fa00c14b86e,,,,,,,,실적시즌|미국지표:미국 PCE 물가|미국지표:마이크론 실적,No macro ensemble,,,,,
3,20260930T101426_f6a889b657eb,2026-09-30 10:14:49.136916+00:00,2026-10-01,2026-09-30,b0cd22778eaf70f0efeb,c3efc95d08e699a31d4f,close_to_close,0.0108172736082784,{},fd9ccc1e44b963ce8914,lagged_latest_vintage,,,,,Candidate evening open,20260930T101426_f6a889b657eb:open:Candidate evening open,open,1,2026-10-01,시초가예측,1.0,1776000.0,있음,0.0018634932348504,,,,,0.8208695652173913,,0.0169713992153395,0.0231068110514002,-0.0077366303651228,-0.0045409999336042,1.0,1762000.0,1833000.0,-0.007882882882882858,,,17309.563985094428,17309.563985094428,0.009823816109588211,0.009746376117733258,1.0,17309.563985094428,,,scored,True,2026-10-01T07:11:00.916667+00:00,github-actions,7fa00c14b86e,0.0018634932348504,1779309.5639850944,1779309.5639850944,1735715.455903615,1822903.6720665733,0.8117070030942274,0.6494405329640319,실적시즌|미국지표:미국 PCE 물가|미국지표:마이크론 실적,,,,,,
3,20261001T134143_6d62a4f59ead,2026-10-01 13:42:02.041181+00:00,2026-10-02,2026-10-01,accbfad76c3d3b8d8415,c3efc95d08e699a31d4f,close_to_close,0.0109762465848962,{},fd9ccc1e44b963ce8914,lagged_latest_vintage,보합,0.333626139604714,0.4093884512668275,0.2569854091284584,Candidate evening forecast,20261001T134143_6d62a4f59ead:direction:Candidate evening forecast,direction,1,2026-10-02,,,,,,,,,,,,,,,,,1830000.0,1841000.0,0.004364429896344779,1.0,1.0,,,,,,,0.8930908150760622,0.5261699030294619,scored,True,2026-10-02T07:10:58.814325+00:00,github-actions,7fa00c14b86e,,,,,,,,실적시즌|미국지표:미국 PCE 물가|미국지표:마이크론 실적,No macro ensemble,,,,,
3,20261001T134143_6d62a4f59ead,2026-10-01 13:42:02.041181+00:00,2026-10-02,2026-10-01,accbfad76c3d3b8d8415,c3efc95d08e699a31d4f,close_to_close,0.0109762465848962,{},fd9ccc1e44b963ce8914,lagged_latest_vintage,,,,,Candidate evening open,20261001T134143_6d62a4f59ead:open:Candidate evening open,open,1,2026-10-02,시초가예측,1.0,1833000.0,있음,-6.964907515794039e-05,,,,,0.8197573656845754,,0.0169679425866617,0.0230888649937583,-0.0079474183513089,-0.0045966116732369,1.0,1830000.0,1841000.0,-0.0016366612111292644,,,2872.3332452354953,2872.3332452354953,0.0015695810083254072,0.001567012135971324,1.0,2872.3332452354953,,,scored,True,2026-10-02T07:10:58.814325+00:00,github-actions,7fa00c14b86e,-6.964907515794039e-05,1832872.3332452355,1832872.3332452355,1787789.913507416,1877954.7529830555,0.8127432707030523,0.6496322684683554,실적시즌|미국지표:미국 PCE 물가|미국지표:마이크론 실적,,,,,,
3,20261001T233038_194e7019f842,2026-10-01 23:31:01.308104+00:00,2026-10-02,2026-10-01,2c68a0e3e0bc0f096063,c3efc95d08e699a31d4f,close_to_close,0.0109762465848962,{},fd9ccc1e44b963ce8914,lagged_latest_vintage,상승,0.2571238347479253,0.2868943851982607,0.4559817800538141,Logistic,20261001T233038_194e7019f842:direction:Logistic,direction,1,2026-10-02,,,,,,,,,,,,,,,,,1830000.0,1841000.0,0.004364429896344779,1.0,0.0,,,,,,,1.2486411267744713,0.7825516679982899,scored,True,2026-10-02T07:10:58.814325+00:00,github-actions,7fa00c14b86e,,,,,,,,실적시즌|미국지표:미국 PCE 물가|미국지표:마이크론 실적,,,,,,
3,20261001T233038_194e7019f842,2026-10-01 23:31:01.308104+00:00,2026-10-02,2026-10-01,2c68a0e3e0bc0f096063,c3efc95d08e699a31d4f,close_to_close,0.0109762465848962,{},fd9ccc1e44b963ce8914,lagged_latest_vintage,상승,0.1977690159557083,0.3925586362045694,0.4096723478397222,LightGBM,20261001T233038_194e7019f842:direction:LightGBM,direction,1,2026-10-02,,,,,,,,,,,,,,,,,1830000.0,1841000.0,0.004364429896344779,1.0,0.0,,,,,,,0.9350693613134898,0.5759290267062522,scored,True,2026-10-02T07:10:58.814325+00:00,github-actions,7fa00c14b86e,,,,,,,,실적시즌|미국지표:미국 PCE 물가|미국지표:마이크론 실적,,,,,,
3,20261001T233038_194e7019f842,2026-10-01 23:31:01.308104+00:00,2026-10-02,2026-10-01,2c68a0e3e0bc0f096063,c3efc95d08e699a31d4f,close_to_close,0.0109762465848962,{},fd9ccc1e44b963ce8914,lagged_latest_vintage,상승,0.2274464253518168,0.339726510701415,0.4328270639467681,Mean ensemble,20261001T233038_194e7019f842:direction:Mean ensemble,direction,1,2026-10-02,,,,,,,,,,,,,,,,,1830000.0,1841000.0,0.004364429896344779,1.0,0.0,,,,,,,1.0796143653493013,0.6750322243606279,scored,True,2026-10-02T07:10:58.814325+00:00,github-actions,7fa00c14b86e,,,,,,,,실적시즌|미국지표:미국 PCE 물가|미국지표:마이크론 실적,,,,,,
3,20261001T233038_194e7019f842,2026-10-01 23:31:01.308104+00:00,2026-10-02,2026-10-01,2c68a0e3e0bc0f096063,c3efc95d08e699a31d4f,close_to_close,0.0109762465848962,{},fd9ccc1e44b963ce8914,lagged_latest_vintage,상승,0.2380748181483414,0.3721140910875688,0.3898110907640896,No macro ensemble,20261001T233038_194e7019f842:direction:No macro ensemble,direction,1,2026-10-02,,,,,,,,,,,,,,,,,1830000.0,1841000.0,0.004364429896344779,1.0,0.0,,,,,,,0.9885547752587801,0.602873020129845,scored,True,2026-10-02T07:10:58.814325+00:00,github-actions,7fa00c14b86e,,,,,,,,실적시즌|미국지표:미국 PCE 물가|미국지표:마이크론 실적,,,,,,
3,20261001T233038_194e7019f842,2026-10-01 23:31:01.308104+00:00,2026-10-02,2026-10-01,2c68a0e3e0bc0f096063,c3efc95d08e699a31d4f,close_to_close,0.0109762465848962,{},fd9ccc1e44b963ce8914,lagged_latest_vintage,보합,0.2397756649493931,0.3914645691432107,0.3687597659073962,Candidate expanding,20261001T233038_194e7019f842:direction:Candidate expanding,direction,1,2026-10-02,,,,,,,,,,,,,,,,,1830000.0,1841000.0,0.004364429896344779,1.0,1.0,,,,,,,0.9378602679194457,0.5637915050620594,scored,True,2026-10-02T07:10:58.814325+00:00,github-actions,7fa00c14b86e,,,,,,,,실적시즌|미국지표:미국 PCE 물가|미국지표:마이크론 실적,,,,,,
3,20261001T233038_194e7019f842,2026-10-01 23:31:01.308104+00:00,2026-10-02,2026-10-01,2c68a0e3e0bc0f096063,c3efc95d08e699a31d4f,close_to_close,0.0109762465848962,{},fd9ccc1e44b963ce8914,lagged_latest_vintage,상승,0.2186486777436482,0.355983928118616,0.4253673941377358,No NSI ensemble,20261001T233038_194e7019f842:direction:No NSI ensemble,direction,1,2026-10-02,,,,,,,,,,,,,,,,,1830000.0,1841000.0,0.004364429896344779,1.0,0.0,,,,,,,1.0328696948834306,0.6435013651161015,scored,True,2026-10-02T07:10:58.814325+00:00,github-actions,7fa00c14b86e,,,,,,,,실적시즌|미국지표:미국 PCE 물가|미국지표:마이크론 실적,,,,,,
3,20261001T233038_194e7019f842,2026-10-01 23:31:01.308104+00:00,2026-10-02,2026-10-01,2c68a0e3e0bc0f096063,c3efc95d08e699a31d4f,close_to_close,0.0109762465848962,{},fd9ccc1e44b963ce8914,lagged_latest_vintage,상승,0.2200991154345141,0.3407949045378333,0.4391059800276526,No flow ensemble,20261001T233038_194e7019f842:direction:No flow ensemble,direction,1,2026-10-02,,,,,,,,,,,,,,,,,1830000.0,1841000.0,0.004364429896344779,1.0,0.0,,,,,,,1.0764744356122447,0.675809040194385,scored,True,2026-10-02T07:10:58.814325+00:00,github-actions,7fa00c14b86e,,,,,,,,실적시즌|미국지표:미국 PCE 물가|미국지표:마이크론 실적,,,,,,
3,20261001T233038_194e7019f842,2026-10-01 23:31:01.308104+00:00,2026-10-02,2026-10-01,2c68a0e3e0bc0f096063,c3efc95d08e699a31d4f,close_to_close,0.0109762465848962,{},fd9ccc1e44b963ce8914,lagged_latest_vintage,상승,0.2575250718646339,0.3161398272652871,0.426335100870079,No macro price ensemble,20261001T233038_194e7019f842:direction:No macro price ensemble,direction,1,2026-10-02,,,,,,,,,,,,,,,,,1830000.0,1841000.0,0.004364429896344779,1.0,0.0,,,,,,,1.1515706719198051,0.7157455167255367,scored,True,2026-10-02T07:10:58.814325+00:00,github-actions,7fa00c14b86e,,,,,,,,실적시즌|미국지표:미국 PCE 물가|미국지표:마이크론 실적,,,,,,
3,20261001T233038_194e7019f842,2026-10-01 23:31:01.308104+00:00,2026-10-02,2026-10-01,2c68a0e3e0bc0f096063,c3efc95d08e699a31d4f,close_to_close,0.0109762465848962,{},fd9ccc1e44b963ce8914,lagged_latest_vintage,,,,,Ridge,20261001T233038_194e7019f842:price:1,price,1,2026-10-02,1거래일,1.0,1833000.0,있음,0.0054790896117203,1843043.1712582835,1843043.1712582835,1760502.4014986423,1925583.9410179248,0.7954070981210856,simple,0.030297652315708,0.0333258928510413,-0.0040706418247662,-0.0020034148960105,1.0,1830000.0,1841000.0,0.004364429896344779,,,2043.1712582835462,2043.1712582835462,0.0011098160012403837,0.0011146597153755206,1.0,2043.1712582835462,,,scored,True,2026-10-02T07:10:58.814325+00:00,github-actions,7fa00c14b86e,0.0054790896117203,,,,,,,실적시즌|미국지표:미국 PCE 물가|미국지표:마이크론 실적,,,,,,
3,20261001T233038_194e7019f842,2026-10-01 23:31:01.308104+00:00,2026-10-02,2026-10-01,2c68a0e3e0bc0f096063,c3efc95d08e699a31d4f,close_to_close,0.0109762465848962,{},fd9ccc1e44b963ce8914,lagged_latest_vintage,,,,,Ridge,20261001T233038_194e7019f842:price:5,price,5,2026-10-12,1주일,5.0,1833000.0,없음,,,1833000.0,1638553.295903345,2027446.7040966551,0.7594142259414226,simple,0.0752810645826071,0.0782857828687983,0.0,0.0,0.0,,,,,,,,,,,,,,pending,True,2026-10-01T23:31:01.445397+00:00,github-actions,7fa00c14b86e,0.0148018011777518,,,,,,,실적시즌|미국지표:미국 PCE 물가|미국지표:마이크론 실적,,,,,,
3,20261001T233038_194e7019f842,2026-10-01 23:31:01.308104+00:00,2026-10-02,2026-10-01,2c68a0e3e0bc0f096063,c3efc95d08e699a31d4f,close_to_close,0.0109762465848962,{},fd9ccc1e44b963ce8914,lagged_latest_vintage,,,,,Ridge,20261001T233038_194e7019f842:price:20,price,20,2026-11-02,1개월,20.0,1833000.0,없음,,,1833000.0,1430539.5749119972,2235460.425088003,0.6673728813559322,simple,0.1980777207323603,0.1981287977692062,0.0,0.0,0.0,,,,,,,,,,,,,,pending,True,2026-10-01T23:31:01.445397+00:00,github-actions,7fa00c14b86e,0.0553970778836357,,,,,,,실적시즌|미국지표:미국 PCE 물가|미국지표:마이크론 실적,,,,,,
3,20261001T233038_194e7019f842,2026-10-01 23:31:01.308104+00:00,2026-10-02,2026-10-01,2c68a0e3e0bc0f096063,c3efc95d08e699a31d4f,close_to_close,0.0109762465848962,{},fd9ccc1e44b963ce8914,lagged_latest_vintage,,,,,Candidate IV interval,20261001T233038_194e7019f842:price_candidate:iv_interval:1,price,1,2026-10-02,1거래일,1.0,1833000.0,있음,0.0054790896117203,1843043.1712582835,1843043.1712582835,1766264.3674149304,1919821.975101636,0.8183716075156576,iv,0.030297652315708,0.0333258928510413,-0.0040706418247662,-0.0020034148960105,1.0,1830000.0,1841000.0,0.004364429896344779,,,2043.1712582835462,2043.1712582835462,0.0011098160012403837,0.0011146597153755206,1.0,2043.1712582835462,,,scored,True,2026-10-02T07:10:58.814325+00:00,github-actions,7fa00c14b86e,0.0054790896117203,,,,,,,실적시즌|미국지표:미국 PCE 물가|미국지표:마이크론 실적,,,,,,
3,20261001T233038_194e7019f842,2026-10-01 23:31:01.308104+00:00,2026-10-02,2026-10-01,2c68a0e3e0bc0f096063,c3efc95d08e699a31d4f,close_to_close,0.0109762465848962,{},fd9ccc1e44b963ce8914,lagged_latest_vintage,,,,,Candidate HAR interval,20261001T233038_194e7019f842:price_candidate:har_interval:5,price,5,2026-10-12,1주일,5.0,1833000.0,없음,,,1833000.0,1679430.7970489692,1986569.2029510308,0.6443514644351465,har,0.0752810645826071,0.0782857828687983,0.0,0.0,0.0,,,,,,,,,,,,,,pending,True,2026-10-01T23:31:01.445397+00:00,github-actions,7fa00c14b86e,0.0148018011777518,,,,,,,실적시즌|미국지표:미국 PCE 물가|미국지표:마이크론 실적,,,,,,
3,20261001T233038_194e7019f842,2026-10-01 23:31:01.308104+00:00,2026-10-02,2026-10-01,2c68a0e3e0bc0f096063,c3efc95d08e699a31d4f,close_to_close,0.0109762465848962,{},fd9ccc1e44b963ce8914,lagged_latest_vintage,,,,,Candidate strict gate,20261001T233038_194e7019f842:price_candidate:strict_gate:5,price,5,2026-10-12,1주일,5.0,1833000.0,없음,,,1833000.0,1638553.2959033449,2027446.7040966551,0.7594142259414226,simple,0.0752810645826071,0.0782857828687983,0.0,0.0,0.0,,,,,,,,,,,,,,pending,True,2026-10-01T23:31:01.445397+00:00,github-actions,7fa00c14b86e,0.0148018011777518,,,,,,,실적시즌|미국지표:미국 PCE 물가|미국지표:마이크론 실적,,,,,,
3,20261001T233038_194e7019f842,2026-10-01 23:31:01.308104+00:00,2026-10-02,2026-10-01,2c68a0e3e0bc0f096063,c3efc95d08e699a31d4f,close_to_close,0.0109762465848962,{},fd9ccc1e44b963ce8914,lagged_latest_vintage,,,,,Candidate IV interval,20261001T233038_194e7019f842:price_candidate:iv_interval:5,price,5,2026-10-12,1주일,5.0,1833000.0,없음,,,1833000.0,1658851.081481038,2007148.918518962,0.7635983263598326,iv,0.0752810645826071,0.0782857828687983,0.0,0.0,0.0,,,,,,,,,,,,,,pending,True,2026-10-01T23:31:01.445397+00:00,github-actions,7fa00c14b86e,0.0148018011777518,,,,,,,실적시즌|미국지표:미국 PCE 물가|미국지표:마이크론 실적,,,,,,
3,20261001T233038_194e7019f842,2026-10-01 23:31:01.308104+00:00,2026-10-02,2026-10-01,2c68a0e3e0bc0f096063,c3efc95d08e699a31d4f,close_to_close,0.0109762465848962,{},fd9ccc1e44b963ce8914,lagged_latest_vintage,,,,,Candidate HAR interval,20261001T233038_194e7019f842:price_candidate:har_interval:20,price,20,2026-11-02,1개월,20.0,1833000.0,없음,,,1833000.0,1501429.2367572193,2164570.7632427807,0.5720338983050848,har,0.1980777207323603,0.1981287977692062,0.0,0.0,0.0,,,,,,,,,,,,,,pending,True,2026-10-01T23:31:01.445397+00:00,github-actions,7fa00c14b86e,0.0553970778836357,,,,,,,실적시즌|미국지표:미국 PCE 물가|미국지표:마이크론 실적,,,,,,
3,20261001T233038_194e7019f842,2026-10-01 23:31:01.308104+00:00,2026-10-02,2026-10-01,2c68a0e3e0bc0f096063,c3efc95d08e699a31d4f,close_to_close,0.0109762465848962,{},fd9ccc1e44b963ce8914,lagged_latest_vintage,,,,,Candidate IV interval,20261001T233038_194e7019f842:price_candidate:iv_interval:20,price,20,2026-11-02,1개월,20.0,1833000.0,없음,,,1833000.0,1449318.1075551242,2216681.892444876,0.7033898305084746,iv,0.1980777207323603,0.1981287977692062,0.0,0.0,0.0,,,,,,,,,,,,,,pending,True,2026-10-01T23:31:01.445397+00:00,github-actions,7fa00c14b86e,0.0553970778836357,,,,,,,실적시즌|미국지표:미국 PCE 물가|미국지표:마이크론 실적,,,,,,
3,20261001T233038_194e7019f842,2026-10-01 23:31:01.308104+00:00,2026-10-02,2026-10-01,2c68a0e3e0bc0f096063,c3efc95d08e699a31d4f,close_to_close,0.0109762465848962,{},fd9ccc1e44b963ce8914,lagged_latest_vintage,,,,,Ridge,20261001T233038_194e7019f842:open:1,open,1,2026-10-02,시초가예측,1.0,1833000.0,있음,0.0072214263491332,,,,,0.8197573656845754,,0.016968113223968,0.0230888649937583,-0.0079472069341569,-0.0045964753360856,1.0,1830000.0,1841000.0,-0.0016366612111292644,,,16236.874497961253,16236.874497961253,0.008872609015279373,0.008858087560262465,1.0,16236.874497961253,,,scored,True,2026-10-02T07:10:58.814325+00:00,github-actions,7fa00c14b86e,0.0072214263491332,1846236.8744979613,1846236.8744979613,1801154.4784818222,1891319.2705141008,0.8127414819478828,0.6496287194371461,실적시즌|미국지표:미국 PCE 물가|미국지표:마이크론 실적,,,,,,
3,postopen_20261002T003744_e0401ded3af0,2026-10-02 00:37:44.284051+00:00,2026-10-02,2026-10-01,,post-open-grid-v1,close_to_close,0.0109762465848962,,,,보합,0.2743038477717277,0.4857749618472418,0.2399211903810305,Post-open,postopen_20261002T003744_e0401ded3af0:direction:Post-open,direction,1,2026-10-02,,,1833000.0,,,,,,,,,,,,,,1830000.0,1841000.0,0.004364429896344779,1.0,1.0,,,,,,,0.7220098037850285,0.3972321683594315,scored,True,2026-10-02T07:10:58.814325+00:00,,,,,,,,,,,,post_open,-0.0016366612111292,보합,False,1830000.0
3,20261002T125545_aa1010c98873,2026-10-02 12:56:07.970329+00:00,2026-10-06,2026-10-02,59c739aa4a554d70324a,c3efc95d08e699a31d4f,close_to_close,0.0103491583055199,{},fd9ccc1e44b963ce8914,lagged_latest_vintage,하락,0.3559257504047768,0.3305285466545219,0.3135457029407011,Candidate evening forecast,20261002T125545_aa1010c98873:direction:Candidate evening forecast,direction,1,2026-10-06,,,,,,,,,,,,,,,,,1835000.0,1773000.0,-0.03693644758283543,0.0,1.0,,,,,,,1.0330331361617942,0.6223916669777788,scored,True,2026-10-06T07:10:46.392316+00:00,github-actions,7fa00c14b86e,,,,,,,,실적시즌|미국지표:미국 고용보고서(비농업),No macro ensemble,,,,,
3,20261002T125545_aa1010c98873,2026-10-02 12:56:07.970329+00:00,2026-10-06,2026-10-02,59c739aa4a554d70324a,c3efc95d08e699a31d4f,close_to_close,0.0103491583055199,{},fd9ccc1e44b963ce8914,lagged_latest_vintage,,,,,Candidate evening open,20261002T125545_aa1010c98873:open:Candidate evening open,open,1,2026-10-06,시초가예측,1.0,1841000.0,있음,0.000655936601106,,,,,0.8214904679376083,,0.0169474961464771,0.0230432164621302,-0.0079046915337765,-0.0045630234514356,1.0,1835000.0,1773000.0,-0.0032590983161325804,,,7207.579282636289,7207.579282636289,0.003927836121327678,0.003915034917238581,1.0,7207.579282636289,,,scored,True,2026-10-06T07:10:46.392316+00:00,github-actions,7fa00c14b86e,0.000655936601106,1842207.5792826363,1842207.5792826363,1799692.09407606,1884723.0644892128,0.8117469340736394,0.6494455865329724,실적시즌|미국지표:미국 고용보고서(비농업),,,,,,
3,20261005T212657_94518eb6f3a3,2026-10-05 21:27:20.569383+00:00,2026-10-06,2026-10-02,60b1ead6da58bb92ea3a,c3efc95d08e699a31d4f,close_to_close,0.0103491583055199,{},fd9ccc1e44b963ce8914,lagged_latest_vintage,상승,0.2031674981117248,0.264844000339508,0.5319885015487671,Logistic,20261005T212657_94518eb6f3a3:direction:Logistic,direction,1,2026-10-06,,,,,,,,,,,,,,,,,1835000.0,1773000.0,-0.03693644758283543,0.0,0.0,,,,,,,1.5937245263087885,0.988096146361464,scored,True,2026-10-06T07:10:46.392316+00:00,github-actions,7fa00c14b86e,,,,,,,,실적시즌|미국지표:미국 고용보고서(비농업),,,,,,
3,20261005T212657_94518eb6f3a3,2026-10-05 21:27:20.569383+00:00,2026-10-06,2026-10-02,60b1ead6da58bb92ea3a,c3efc95d08e699a31d4f,close_to_close,0.0103491583055199,{},fd9ccc1e44b963ce8914,lagged_latest_vintage,하락,0.4378351284408056,0.2844769488919438,0.2776879226672505,LightGBM,20261005T212657_94518eb6f3a3:direction:LightGBM,direction,1,2026-10-06,,,,,,,,,,,,,,,,,1835000.0,1773000.0,-0.03693644758283543,0.0,1.0,,,,,,,0.8259128585540568,0.47406705966128804,scored,True,2026-10-06T07:10:46.392316+00:00,github-actions,7fa00c14b86e,,,,,,,,실적시즌|미국지표:미국 고용보고서(비농업),,,,,,
3,20261005T212657_94518eb6f3a3,2026-10-05 21:27:20.569383+00:00,2026-10-06,2026-10-02,60b1ead6da58bb92ea3a,c3efc95d08e699a31d4f,close_to_close,0.0103491583055199,{},fd9ccc1e44b963ce8914,lagged_latest_vintage,상승,0.3205013132762652,0.2746604746157259,0.4048382121080088,Mean ensemble,20261005T212657_94518eb6f3a3:direction:Mean ensemble,direction,1,2026-10-06,,,,,,,,,,,,,,,,,1835000.0,1773000.0,-0.03693644758283543,0.0,0.0,,,,,,,1.1378689050439563,0.7010508195582252,scored,True,2026-10-06T07:10:46.392316+00:00,github-actions,7fa00c14b86e,,,,,,,,실적시즌|미국지표:미국 고용보고서(비농업),,,,,,
3,20261005T212657_94518eb6f3a3,2026-10-05 21:27:20.569383+00:00,2026-10-06,2026-10-02,60b1ead6da58bb92ea3a,c3efc95d08e699a31d4f,close_to_close,0.0103491583055199,{},fd9ccc1e44b963ce8914,lagged_latest_vintage,상승,0.340667219476429,0.2882240003323913,0.3711087801911796,No macro ensemble,20261005T212657_94518eb6f3a3:direction:No macro ensemble,direction,1,2026-10-06,,,,,,,,,,,,,,,,,1835000.0,1773000.0,-0.03693644758283543,0.0,0.0,,,,,,,1.07684917415867,0.6555145165755351,scored,True,2026-10-06T07:10:46.392316+00:00,github-actions,7fa00c14b86e,,,,,,,,실적시즌|미국지표:미국 고용보고서(비농업),,,,,,
3,20261005T212657_94518eb6f3a3,2026-10-05 21:27:20.569383+00:00,2026-10-06,2026-10-02,60b1ead6da58bb92ea3a,c3efc95d08e699a31d4f,close_to_close,0.0103491583055199,{},fd9ccc1e44b963ce8914,lagged_latest_vintage,하락,0.39974567664345,0.3044626789633827,0.2957916443931672,Candidate expanding,20261005T212657_94518eb6f3a3:direction:Candidate expanding,direction,1,2026-10-06,,,,,,,,,,,,,,,,,1835000.0,1773000.0,-0.03693644758283543,0.0,1.0,,,,,,,0.9169267424774017,0.5404954724826033,scored,True,2026-10-06T07:10:46.392316+00:00,github-actions,7fa00c14b86e,,,,,,,,실적시즌|미국지표:미국 고용보고서(비농업),,,,,,
3,20261005T212657_94518eb6f3a3,2026-10-05 21:27:20.569383+00:00,2026-10-06,2026-10-02,60b1ead6da58bb92ea3a,c3efc95d08e699a31d4f,close_to_close,0.0103491583055199,{},fd9ccc1e44b963ce8914,lagged_latest_vintage,상승,0.304308868811657,0.2921814838231729,0.4035096473651701,No NSI ensemble,20261005T212657_94518eb6f3a3:direction:No NSI ensemble,direction,1,2026-10-06,,,,,,,,,,,,,,,,,1835000.0,1773000.0,-0.03693644758283543,0.0,0.0,,,,,,,1.1897120775428367,0.7321762050199913,scored,True,2026-10-06T07:10:46.392316+00:00,github-actions,7fa00c14b86e,,,,,,,,실적시즌|미국지표:미국 고용보고서(비농업),,,,,,
3,20261005T212657_94518eb6f3a3,2026-10-05 21:27:20.569383+00:00,2026-10-06,2026-10-02,60b1ead6da58bb92ea3a,c3efc95d08e699a31d4f,close_to_close,0.0103491583055199,{},fd9ccc1e44b963ce8914,lagged_latest_vintage,상승,0.3142017475470203,0.2782056826611186,0.4075925697918611,No flow ensemble,20261005T212657_94518eb6f3a3:direction:No flow ensemble,direction,1,2026-10-06,,,,,,,,,,,,,,,,,1835000.0,1773000.0,-0.03693644758283543,0.0,0.0,,,,,,,1.1577199912823206,0.7138493478820331,scored,True,2026-10-06T07:10:46.392316+00:00,github-actions,7fa00c14b86e,,,,,,,,실적시즌|미국지표:미국 고용보고서(비농업),,,,,,
3,20261005T212657_94518eb6f3a3,2026-10-05 21:27:20.569383+00:00,2026-10-06,2026-10-02,60b1ead6da58bb92ea3a,c3efc95d08e699a31d4f,close_to_close,0.0103491583055199,{},fd9ccc1e44b963ce8914,lagged_latest_vintage,상승,0.3389135327748802,0.2738895164438169,0.3871969507813029,No macro price ensemble,20261005T212657_94518eb6f3a3:direction:No macro price ensemble,direction,1,2026-10-06,,,,,,,,,,,,,,,,,1835000.0,1773000.0,-0.03693644758283543,0.0,0.0,,,,,,,1.0820102696972649,0.6619722630603558,scored,True,2026-10-06T07:10:46.392316+00:00,github-actions,7fa00c14b86e,,,,,,,,실적시즌|미국지표:미국 고용보고서(비농업),,,,,,
3,20261005T212657_94518eb6f3a3,2026-10-05 21:27:20.569383+00:00,2026-10-06,2026-10-02,60b1ead6da58bb92ea3a,c3efc95d08e699a31d4f,close_to_close,0.0103491583055199,{},fd9ccc1e44b963ce8914,lagged_latest_vintage,,,,,Ridge,20261005T212657_94518eb6f3a3:price:1,price,1,2026-10-06,1거래일,1.0,1841000.0,있음,0.0092639586448988,1858054.947865259,1858054.947865259,1779419.282079138,1936690.61365138,0.7995824634655533,simple,0.0302929547651265,0.033312180855242,-0.0040680849821287,-0.0019968637196343,1.0,1835000.0,1773000.0,-0.03693644758283543,,,85054.9478652589,85054.9478652589,0.04797233382135302,0.046200406227734234,0.0,85054.9478652589,,,scored,True,2026-10-06T07:10:46.392316+00:00,github-actions,7fa00c14b86e,0.0092639586448988,,,,,,,실적시즌|미국지표:미국 고용보고서(비농업),,,,,,
3,20261005T212657_94518eb6f3a3,2026-10-05 21:27:20.569383+00:00,2026-10-06,2026-10-02,60b1ead6da58bb92ea3a,c3efc95d08e699a31d4f,close_to_close,0.0103491583055199,{},fd9ccc1e44b963ce8914,lagged_latest_vintage,,,,,Ridge,20261005T212657_94518eb6f3a3:price:5,price,5,2026-10-13,1주일,5.0,1841000.0,없음,,,1841000.0,1656615.465294342,2025384.5347056584,0.7594142259414226,simple,0.0751713599393283,0.0781860068305285,0.0,0.0,0.0,,,,,,,,,,,,,,pending,True,2026-10-05T21:27:20.709765+00:00,github-actions,7fa00c14b86e,0.0133391995313528,,,,,,,실적시즌|미국지표:미국 고용보고서(비농업),,,,,,
3,20261005T212657_94518eb6f3a3,2026-10-05 21:27:20.569383+00:00,2026-10-06,2026-10-02,60b1ead6da58bb92ea3a,c3efc95d08e699a31d4f,close_to_close,0.0103491583055199,{},fd9ccc1e44b963ce8914,lagged_latest_vintage,,,,,Ridge,20261005T212657_94518eb6f3a3:price:20,price,20,2026-11-03,1개월,20.0,1841000.0,없음,,,1841000.0,1458856.8354973402,2223143.16450266,0.6673728813559322,simple,0.1979804415241098,0.1981975618374322,0.0,0.0,0.0,,,,,,,,,,,,,,pending,True,2026-10-05T21:27:20.709765+00:00,github-actions,7fa00c14b86e,0.0540099000260522,,,,,,,실적시즌|미국지표:미국 고용보고서(비농업),,,,,,
3,20261005T212657_94518eb6f3a3,2026-10-05 21:27:20.569383+00:00,2026-10-06,2026-10-02,60b1ead6da58bb92ea3a,c3efc95d08e699a31d4f,close_to_close,0.0103491583055199,{},fd9ccc1e44b963ce8914,lagged_latest_vintage,,,,,Candidate IV interval,20261005T212657_94518eb6f3a3:price_candidate:iv_interval:1,price,1,2026-10-06,1거래일,1.0,1841000.0,있음,0.0092639586448988,1858054.947865259,1858054.947865259,1787755.350231283,1928354.5454992345,0.8204592901878914,iv,0.0302929547651265,0.033312180855242,-0.0040680849821287,-0.0019968637196343,1.0,1835000.0,1773000.0,-0.03693644758283543,,,85054.9478652589,85054.9478652589,0.04797233382135302,0.046200406227734234,0.0,85054.9478652589,,,scored,True,2026-10-06T07:10:46.392316+00:00,github-actions,7fa00c14b86e,0.0092639586448988,,,,,,,실적시즌|미국지표:미국 고용보고서(비농업),,,,,,
3,20261005T212657_94518eb6f3a3,2026-10-05 21:27:20.569383+00:00,2026-10-06,2026-10-02,60b1ead6da58bb92ea3a,c3efc95d08e699a31d4f,close_to_close,0.0103491583055199,{},fd9ccc1e44b963ce8914,lagged_latest_vintage,,,,,Candidate HAR interval,20261005T212657_94518eb6f3a3:price_candidate:har_interval:5,price,5,2026-10-13,1주일,5.0,1841000.0,없음,,,1841000.0,1686108.6399775387,1995891.3600224613,0.6443514644351465,har,0.0751713599393283,0.0781860068305285,0.0,0.0,0.0,,,,,,,,,,,,,,pending,True,2026-10-05T21:27:20.709765+00:00,github-actions,7fa00c14b86e,0.0133391995313528,,,,,,,실적시즌|미국지표:미국 고용보고서(비농업),,,,,,
3,20261005T212657_94518eb6f3a3,2026-10-05 21:27:20.569383+00:00,2026-10-06,2026-10-02,60b1ead6da58bb92ea3a,c3efc95d08e699a31d4f,close_to_close,0.0103491583055199,{},fd9ccc1e44b963ce8914,lagged_latest_vintage,,,,,Candidate strict gate,20261005T212657_94518eb6f3a3:price_candidate:strict_gate:5,price,5,2026-10-13,1주일,5.0,1841000.0,없음,,,1841000.0,1656615.4652943418,2025384.5347056584,0.7594142259414226,simple,0.0751713599393283,0.0781860068305285,0.0,0.0,0.0,,,,,,,,,,,,,,pending,True,2026-10-05T21:27:20.709765+00:00,github-actions,7fa00c14b86e,0.0133391995313528,,,,,,,실적시즌|미국지표:미국 고용보고서(비농업),,,,,,
3,20261005T212657_94518eb6f3a3,2026-10-05 21:27:20.569383+00:00,2026-10-06,2026-10-02,60b1ead6da58bb92ea3a,c3efc95d08e699a31d4f,close_to_close,0.0103491583055199,{},fd9ccc1e44b963ce8914,lagged_latest_vintage,,,,,Candidate IV interval,20261005T212657_94518eb6f3a3:price_candidate:iv_interval:5,price,5,2026-10-13,1주일,5.0,1841000.0,없음,,,1841000.0,1681886.723399725,2000113.2766002752,0.7656903765690377,iv,0.0751713599393283,0.0781860068305285,0.0,0.0,0.0,,,,,,,,,,,,,,pending,True,2026-10-05T21:27:20.709765+00:00,github-actions,7fa00c14b86e,0.0133391995313528,,,,,,,실적시즌|미국지표:미국 고용보고서(비농업),,,,,,
3,20261005T212657_94518eb6f3a3,2026-10-05 21:27:20.569383+00:00,2026-10-06,2026-10-02,60b1ead6da58bb92ea3a,c3efc95d08e699a31d4f,close_to_close,0.0103491583055199,{},fd9ccc1e44b963ce8914,lagged_latest_vintage,,,,,Candidate HAR interval,20261005T212657_94518eb6f3a3:price_candidate:har_interval:20,price,20,2026-11-03,1개월,20.0,1841000.0,없음,,,1841000.0,1510229.1789315157,2171770.8210684843,0.5720338983050848,har,0.1979804415241098,0.1981975618374322,0.0,0.0,0.0,,,,,,,,,,,,,,pending,True,2026-10-05T21:27:20.709765+00:00,github-actions,7fa00c14b86e,0.0540099000260522,,,,,,,실적시즌|미국지표:미국 고용보고서(비농업),,,,,,
3,20261005T212657_94518eb6f3a3,2026-10-05 21:27:20.569383+00:00,2026-10-06,2026-10-02,60b1ead6da58bb92ea3a,c3efc95d08e699a31d4f,close_to_close,0.0103491583055199,{},fd9ccc1e44b963ce8914,lagged_latest_vintage,,,,,Candidate IV interval,20261005T212657_94518eb6f3a3:price_candidate:iv_interval:20,price,20,2026-11-03,1개월,20.0,1841000.0,없음,,,1841000.0,1490692.1221304575,2191307.877869542,0.7033898305084746,iv,0.1979804415241098,0.1981975618374322,0.0,0.0,0.0,,,,,,,,,,,,,,pending,True,2026-10-05T21:27:20.709765+00:00,github-actions,7fa00c14b86e,0.0540099000260522,,,,,,,실적시즌|미국지표:미국 고용보고서(비농업),,,,,,
3,20261005T212657_94518eb6f3a3,2026-10-05 21:27:20.569383+00:00,2026-10-06,2026-10-02,60b1ead6da58bb92ea3a,c3efc95d08e699a31d4f,close_to_close,0.0103491583055199,{},fd9ccc1e44b963ce8914,lagged_latest_vintage,,,,,Ridge,20261005T212657_94518eb6f3a3:open:1,open,1,2026-10-06,시초가예측,1.0,1841000.0,있음,0.015120486728847,,,,,0.8214904679376083,,0.0169474947022961,0.0230432164621302,-0.0079046929916333,-0.0045630251309916,1.0,1835000.0,1773000.0,-0.0032590983161325804,,,33836.816067808075,33836.816067808075,0.01843968178082184,0.01837958504497958,1.0,33836.816067808075,,,scored,True,2026-10-06T07:10:46.392316+00:00,github-actions,7fa00c14b86e,0.015120486728847,1868836.816067808,1868836.816067808,1826321.3028601063,1911352.329275508,0.8117469340736394,0.64944561209203,실적시즌|미국지표:미국 고용보고서(비농업),,,,,,
3,postopen_20261006T003803_8b1722e9a180,2026-10-06 00:38:03.193166+00:00,2026-10-06,2026-10-02,,post-open-grid-v1,close_to_close,0.0103491583055199,,,,하락,0.4578935856543257,0.3126279276797393,0.2294784866659351,Post-open,postopen_20261006T003803_8b1722e9a180:direction:Post-open,direction,1,2026-10-06,,,1841000.0,,,,,,,,,,,,,,1835000.0,1773000.0,-0.03693644758283543,0.0,1.0,,,,,,,0.7811184675973172,0.44427596148254,scored,True,2026-10-06T07:10:46.392316+00:00,,,,,,,,,,,,post_open,-0.0032590983161325,보합,False,1835000.0
3,20261006T212540_13b4e95561d2,2026-10-06 21:25:59.290332+00:00,2026-10-07,2026-10-06,c13b223061b2adb3c14b,c3efc95d08e699a31d4f,close_to_close,0.010708647235071,{},fd9ccc1e44b963ce8914,lagged_latest_vintage,상승,0.2859513887195951,0.2995625555776026,0.4144860557028022,Logistic,20261006T212540_13b4e95561d2:direction:Logistic,direction,1,2026-10-07,,,,,,,,,,,,,,,,,1728000.0,1723000.0,-0.028200789622109368,0.0,0.0,,,,,,,1.2519334521206442,0.7714018343477256,scored,True,2026-10-07T07:11:06.056567+00:00,github-actions,7fa00c14b86e,,,,,,,,실적시즌,,,,,,
3,20261006T212540_13b4e95561d2,2026-10-06 21:25:59.290332+00:00,2026-10-07,2026-10-06,c13b223061b2adb3c14b,c3efc95d08e699a31d4f,close_to_close,0.010708647235071,{},fd9ccc1e44b963ce8914,lagged_latest_vintage,상승,0.2603240793639699,0.344878275934838,0.3947976447011921,LightGBM,20261006T212540_13b4e95561d2:direction:LightGBM,direction,1,2026-10-07,,,,,,,,,,,,,,,,,1728000.0,1723000.0,-0.028200789622109368,0.0,0.0,,,,,,,1.3458279650596299,0.8219266730421537,scored,True,2026-10-07T07:11:06.056567+00:00,github-actions,7fa00c14b86e,,,,,,,,실적시즌,,,,,,
3,20261006T212540_13b4e95561d2,2026-10-06 21:25:59.290332+00:00,2026-10-07,2026-10-06,c13b223061b2adb3c14b,c3efc95d08e699a31d4f,close_to_close,0.010708647235071,{},fd9ccc1e44b963ce8914,lagged_latest_vintage,상승,0.2731377340417825,0.3222204157562203,0.4046418502019971,Mean ensemble,20261006T212540_13b4e95561d2:direction:Mean ensemble,direction,1,2026-10-07,,,,,,,,,,,,,,,,,1728000.0,1723000.0,-0.028200789622109368,0.0,0.0,,,,,,,1.2977790907251832,0.7958897769389215,scored,True,2026-10-07T07:11:06.056567+00:00,github-actions,7fa00c14b86e,,,,,,,,실적시즌,,,,,,
3,20261006T212540_13b4e95561d2,2026-10-06 21:25:59.290332+00:00,2026-10-07,2026-10-06,c13b223061b2adb3c14b,c3efc95d08e699a31d4f,close_to_close,0.010708647235071,{},fd9ccc1e44b963ce8914,lagged_latest_vintage,상승,0.2888625704085855,0.333470448520207,0.3776669810712074,No macro ensemble,20261006T212540_13b4e95561d2:direction:No macro ensemble,direction,1,2026-10-07,,,,,,,,,,,,,,,,,1728000.0,1723000.0,-0.028200789622109368,0.0,0.0,,,,,,,1.2418042388906811,0.7595513323935918,scored,True,2026-10-07T07:11:06.056567+00:00,github-actions,7fa00c14b86e,,,,,,,,실적시즌,,,,,,
3,20261006T212540_13b4e95561d2,2026-10-06 21:25:59.290332+00:00,2026-10-07,2026-10-06,c13b223061b2adb3c14b,c3efc95d08e699a31d4f,close_to_close,0.010708647235071,{},fd9ccc1e44b963ce8914,lagged_latest_vintage,보합,0.3255015314363773,0.3461051408824752,0.3283933276811475,Candidate expanding,20261006T212540_13b4e95561d2:direction:Candidate expanding,direction,1,2026-10-07,,,,,,,,,,,,,,,,,1728000.0,1723000.0,-0.028200789622109368,0.0,0.0,,,,,,,1.122388112470918,0.6825791303054479,scored,True,2026-10-07T07:11:06.056567+00:00,github-actions,7fa00c14b86e,,,,,,,,실적시즌,,,,,,
3,20261006T212540_13b4e95561d2,2026-10-06 21:25:59.290332+00:00,2026-10-07,2026-10-06,c13b223061b2adb3c14b,c3efc95d08e699a31d4f,close_to_close,0.010708647235071,{},fd9ccc1e44b963ce8914,lagged_latest_vintage,상승,0.2618081731396063,0.3388988535017774,0.3992929733586161,No NSI ensemble,20261006T212540_13b4e95561d2:direction:No NSI ensemble,direction,1,2026-10-07,,,,,,,,,,,,,,,,,1728000.0,1723000.0,-0.028200789622109368,0.0,0.0,,,,,,,1.3401432069729902,0.8192144847218692,scored,True,2026-10-07T07:11:06.056567+00:00,github-actions,7fa00c14b86e,,,,,,,,실적시즌,,,,,,
3,20261006T212540_13b4e95561d2,2026-10-06 21:25:59.290332+00:00,2026-10-07,2026-10-06,c13b223061b2adb3c14b,c3efc95d08e699a31d4f,close_to_close,0.010708647235071,{},fd9ccc1e44b963ce8914,lagged_latest_vintage,상승,0.2640741217037406,0.3182131018691458,0.4177127764271135,No flow ensemble,20261006T212540_13b4e95561d2:direction:No flow ensemble,direction,1,2026-10-07,,,,,,,,,,,,,,,,,1728000.0,1723000.0,-0.028200789622109368,0.0,0.0,,,,,,,1.3315254512133445,0.8173304401377519,scored,True,2026-10-07T07:11:06.056567+00:00,github-actions,7fa00c14b86e,,,,,,,,실적시즌,,,,,,
3,20261006T212540_13b4e95561d2,2026-10-06 21:25:59.290332+00:00,2026-10-07,2026-10-06,c13b223061b2adb3c14b,c3efc95d08e699a31d4f,close_to_close,0.010708647235071,{},fd9ccc1e44b963ce8914,lagged_latest_vintage,상승,0.2832907351123088,0.3498790388837664,0.3668302260039248,No macro price ensemble,20261006T212540_13b4e95561d2:direction:No macro price ensemble,direction,1,2026-10-07,,,,,,,,,,,,,,,,,1728000.0,1723000.0,-0.028200789622109368,0.0,0.0,,,,,,,1.2612815761315166,0.7706519269361733,scored,True,2026-10-07T07:11:06.056567+00:00,github-actions,7fa00c14b86e,,,,,,,,실적시즌,,,,,,
3,20261006T212540_13b4e95561d2,2026-10-06 21:25:59.290332+00:00,2026-10-07,2026-10-06,c13b223061b2adb3c14b,c3efc95d08e699a31d4f,close_to_close,0.010708647235071,{},fd9ccc1e44b963ce8914,lagged_latest_vintage,,,,,Ridge,20261006T212540_13b4e95561d2:price:1,price,1,2026-10-07,1거래일,1.0,1773000.0,있음,0.0035965108266869,1779376.6136957158,1779376.6136957158,1701482.9315775058,1857270.2958139256,0.79375,simple,0.0303188758796212,0.0333197314109244,-0.0040568745742477,-0.0019816971444435,1.0,1728000.0,1723000.0,-0.028200789622109368,,,56376.61369571579,56376.61369571579,0.03272003116408345,0.031797300448796265,1.0,56376.61369571579,,,scored,True,2026-10-07T07:11:06.056567+00:00,github-actions,7fa00c14b86e,0.0035965108266869,,,,,,,실적시즌,,,,,,
3,20261006T212540_13b4e95561d2,2026-10-06 21:25:59.290332+00:00,2026-10-07,2026-10-06,c13b223061b2adb3c14b,c3efc95d08e699a31d4f,close_to_close,0.010708647235071,{},fd9ccc1e44b963ce8914,lagged_latest_vintage,,,,,Ridge,20261006T212540_13b4e95561d2:price:5,price,5,2026-10-14,1주일,5.0,1773000.0,없음,,,1773000.0,1589257.4289694168,1956742.5710305832,0.7594142259414226,simple,0.0750916613396032,0.0781063150694116,0.0,0.0,0.0,,,,,,,,,,,,,,pending,True,2026-10-06T21:25:59.322258+00:00,github-actions,7fa00c14b86e,0.0097964259645983,,,,,,,실적시즌,,,,,,
3,20261006T212540_13b4e95561d2,2026-10-06 21:25:59.290332+00:00,2026-10-07,2026-10-06,c13b223061b2adb3c14b,c3efc95d08e699a31d4f,close_to_close,0.010708647235071,{},fd9ccc1e44b963ce8914,lagged_latest_vintage,,,,,Ridge,20261006T212540_13b4e95561d2:price:20,price,20,2026-11-04,1개월,20.0,1773000.0,없음,,,1773000.0,1391088.7117746146,2154911.2882253854,0.6673728813559322,simple,0.1980898849910082,0.19841718884652,0.0,0.0,0.0,,,,,,,,,,,,,,pending,True,2026-10-06T21:25:59.322258+00:00,github-actions,7fa00c14b86e,0.0459334750188596,,,,,,,실적시즌,,,,,,
3,20261006T212540_13b4e95561d2,2026-10-06 21:25:59.290332+00:00,2026-10-07,2026-10-06,c13b223061b2adb3c14b,c3efc95d08e699a31d4f,close_to_close,0.010708647235071,{},fd9ccc1e44b963ce8914,lagged_latest_vintage,,,,,Candidate IV interval,20261006T212540_13b4e95561d2:price_candidate:iv_interval:1,price,1,2026-10-07,1거래일,1.0,1773000.0,있음,0.0035965108266869,1779376.6136957158,1779376.6136957158,1711416.028729865,1847337.1986615665,0.8166666666666667,iv,0.0303188758796212,0.0333197314109244,-0.0040568745742477,-0.0019816971444435,1.0,1728000.0,1723000.0,-0.028200789622109368,,,56376.61369571579,56376.61369571579,0.03272003116408345,0.031797300448796265,1.0,56376.61369571579,,,scored,True,2026-10-07T07:11:06.056567+00:00,github-actions,7fa00c14b86e,0.0035965108266869,,,,,,,실적시즌,,,,,,
3,20261006T212540_13b4e95561d2,2026-10-06 21:25:59.290332+00:00,2026-10-07,2026-10-06,c13b223061b2adb3c14b,c3efc95d08e699a31d4f,close_to_close,0.010708647235071,{},fd9ccc1e44b963ce8914,lagged_latest_vintage,,,,,Candidate HAR interval,20261006T212540_13b4e95561d2:price_candidate:har_interval:5,price,5,2026-10-14,1주일,5.0,1773000.0,없음,,,1773000.0,1624896.129170402,1921103.8708295985,0.6443514644351465,har,0.0750916613396032,0.0781063150694116,0.0,0.0,0.0,,,,,,,,,,,,,,pending,True,2026-10-06T21:25:59.322258+00:00,github-actions,7fa00c14b86e,0.0097964259645983,,,,,,,실적시즌,,,,,,
3,20261006T212540_13b4e95561d2,2026-10-06 21:25:59.290332+00:00,2026-10-07,2026-10-06,c13b223061b2adb3c14b,c3efc95d08e699a31d4f,close_to_close,0.010708647235071,{},fd9ccc1e44b963ce8914,lagged_latest_vintage,,,,,Candidate strict gate,20261006T212540_13b4e95561d2:price_candidate:strict_gate:5,price,5,2026-10-14,1주일,5.0,1773000.0,없음,,,1773000.0,1589257.4289694168,1956742.5710305832,0.7594142259414226,simple,0.0750916613396032,0.0781063150694116,0.0,0.0,0.0,,,,,,,,,,,,,,pending,True,2026-10-06T21:25:59.322258+00:00,github-actions,7fa00c14b86e,0.0097964259645983,,,,,,,실적시즌,,,,,,
3,20261006T212540_13b4e95561d2,2026-10-06 21:25:59.290332+00:00,2026-10-07,2026-10-06,c13b223061b2adb3c14b,c3efc95d08e699a31d4f,close_to_close,0.010708647235071,{},fd9ccc1e44b963ce8914,lagged_latest_vintage,,,,,Candidate IV interval,20261006T212540_13b4e95561d2:price_candidate:iv_interval:5,price,5,2026-10-14,1주일,5.0,1773000.0,없음,,,1773000.0,1618459.3660536744,1927540.6339463256,0.7656903765690377,iv,0.0750916613396032,0.0781063150694116,0.0,0.0,0.0,,,,,,,,,,,,,,pending,True,2026-10-06T21:25:59.322258+00:00,github-actions,7fa00c14b86e,0.0097964259645983,,,,,,,실적시즌,,,,,,
3,20261006T212540_13b4e95561d2,2026-10-06 21:25:59.290332+00:00,2026-10-07,2026-10-06,c13b223061b2adb3c14b,c3efc95d08e699a31d4f,close_to_close,0.010708647235071,{},fd9ccc1e44b963ce8914,lagged_latest_vintage,,,,,Candidate HAR interval,20261006T212540_13b4e95561d2:price_candidate:har_interval:20,price,20,2026-11-04,1개월,20.0,1773000.0,없음,,,1773000.0,1454389.147754262,2091610.852245738,0.5720338983050848,har,0.1980898849910082,0.19841718884652,0.0,0.0,0.0,,,,,,,,,,,,,,pending,True,2026-10-06T21:25:59.322258+00:00,github-actions,7fa00c14b86e,0.0459334750188596,,,,,,,실적시즌,,,,,,
3,20261006T212540_13b4e95561d2,2026-10-06 21:25:59.290332+00:00,2026-10-07,2026-10-06,c13b223061b2adb3c14b,c3efc95d08e699a31d4f,close_to_close,0.010708647235071,{},fd9ccc1e44b963ce8914,lagged_latest_vintage,,,,,Candidate IV interval,20261006T212540_13b4e95561d2:price_candidate:iv_interval:20,price,20,2026-11-04,1개월,20.0,1773000.0,없음,,,1773000.0,1432404.519675003,2113595.480324997,0.7033898305084746,iv,0.1980898849910082,0.19841718884652,0.0,0.0,0.0,,,,,,,,,,,,,,pending,True,2026-10-06T21:25:59.322258+00:00,github-actions,7fa00c14b86e,0.0459334750188596,,,,,,,실적시즌,,,,,,
3,20261006T212540_13b4e95561d2,2026-10-06 21:25:59.290332+00:00,2026-10-07,2026-10-06,c13b223061b2adb3c14b,c3efc95d08e699a31d4f,close_to_close,0.010708647235071,{},fd9ccc1e44b963ce8914,lagged_latest_vintage,,,,,Ridge,20261006T212540_13b4e95561d2:open:1,open,1,2026-10-07,시초가예측,1.0,1773000.0,있음,0.0032473413739353,,,,,0.8214904679376083,,0.0169592925910833,0.0230228632786743,-0.0079113041319751,-0.0045111801234774,1.0,1728000.0,1723000.0,-0.025380710659898442,,,50757.53625598736,50757.53625598736,0.02937357422221491,0.028628052033833742,0.0,50757.53625598736,,,scored,True,2026-10-07T07:11:06.056567+00:00,github-actions,7fa00c14b86e,0.0032473413739353,1778757.5362559874,1778757.5362559874,1738727.8946833103,1818787.177828664,0.8104787066584622,0.649043352962867,실적시즌,,,,,,
3,postopen_20261007T003818_6d8951344ff6,2026-10-07 00:38:18.319084+00:00,2026-10-07,2026-10-06,,post-open-grid-v1,close_to_close,0.010708647235071,,,,하락,0.6376090675538102,0.2542575007984035,0.1081334316477863,Post-open,postopen_20261007T003818_6d8951344ff6:direction:Post-open,direction,1,2026-10-07,,,1773000.0,,,,,,,,,,,,,,1728000.0,1723000.0,-0.028200789622109368,0.0,1.0,,,,,,,0.4500299302242399,0.2076669036713955,scored,True,2026-10-07T07:11:06.056567+00:00,,,,,,,,,,,,post_open,-0.0253807106598984,하락,False,1728000.0
3,20261007T134108_e4b44c67a325,2026-10-07 13:41:27.119613+00:00,2026-10-08,2026-10-07,6731b349e80f5c42ebea,c3efc95d08e699a31d4f,close_to_close,0.0107747537269102,{},fd9ccc1e44b963ce8914,lagged_latest_vintage,상승,0.2575600880617032,0.331993973278375,0.4104459386599217,Candidate evening forecast,20261007T134108_e4b44c67a325:direction:Candidate evening forecast,direction,1,2026-10-08,,,,,,,,,,,,,,,,,,,,,,,,,,,,,,pending,True,2026-10-07T13:41:27.148179+00:00,github-actions,7fa00c14b86e,,,,,,,,실적시즌,No macro ensemble,,,,,
3,20261007T134108_e4b44c67a325,2026-10-07 13:41:27.119613+00:00,2026-10-08,2026-10-07,6731b349e80f5c42ebea,c3efc95d08e699a31d4f,close_to_close,0.0107747537269102,{},fd9ccc1e44b963ce8914,lagged_latest_vintage,,,,,Candidate evening open,20261007T134108_e4b44c67a325:open:Candidate evening open,open,1,2026-10-08,시초가예측,1.0,1723000.0,있음,0.0040114964358508,,,,,0.8197573656845754,,0.0170101721343828,0.0230567509820233,-0.0079057125289768,-0.00447776291739,1.0,,,,,,,,,,,,,,missing_actual,True,2026-10-08T00:12:57.899234+00:00,github-actions,7fa00c14b86e,0.0040114964358508,1729911.808358971,1729911.808358971,1689428.159870556,1770395.4568473862,0.8103981851819065,0.6487822429462381,실적시즌,,,,,,
3,20261007T213417_2113843cb1cf,2026-10-07 21:34:35.991155+00:00,2026-10-08,2026-10-07,34fcc21f9c003417b91e,c3efc95d08e699a31d4f,close_to_close,0.0107747537269103,{},50ceca74884b3c048ef8,lagged_latest_vintage,상승,0.2594936048682692,0.2770515547425481,0.4634548403891825,Logistic,20261007T213417_2113843cb1cf:direction:Logistic,direction,1,2026-10-08,,,,,,,,,,,,,,,,,,,,,,,,,,,,,,pending,True,2026-10-07T21:34:36.021902+00:00,github-actions,999a7ef2a78a,,,,,,,,실적시즌,,,,,,
3,20261007T213417_2113843cb1cf,2026-10-07 21:34:35.991155+00:00,2026-10-08,2026-10-07,34fcc21f9c003417b91e,c3efc95d08e699a31d4f,close_to_close,0.0107747537269103,{},50ceca74884b3c048ef8,lagged_latest_vintage,상승,0.2320776100090571,0.275596355064971,0.492326034925972,LightGBM,20261007T213417_2113843cb1cf:direction:LightGBM,direction,1,2026-10-08,,,,,,,,,,,,,,,,,,,,,,,,,,,,,,pending,True,2026-10-07T21:34:36.021902+00:00,github-actions,999a7ef2a78a,,,,,,,,실적시즌,,,,,,
3,20261007T213417_2113843cb1cf,2026-10-07 21:34:35.991155+00:00,2026-10-08,2026-10-07,34fcc21f9c003417b91e,c3efc95d08e699a31d4f,close_to_close,0.0107747537269103,{},50ceca74884b3c048ef8,lagged_latest_vintage,상승,0.2457856074386632,0.2763239549037596,0.4778904376575773,Mean ensemble,20261007T213417_2113843cb1cf:direction:Mean ensemble,direction,1,2026-10-08,,,,,,,,,,,,,,,,,,,,,,,,,,,,,,pending,True,2026-10-07T21:34:36.021902+00:00,github-actions,999a7ef2a78a,,,,,,,,실적시즌,,,,,,
3,20261007T213417_2113843cb1cf,2026-10-07 21:34:35.991155+00:00,2026-10-08,2026-10-07,34fcc21f9c003417b91e,c3efc95d08e699a31d4f,close_to_close,0.0107747537269103,{},50ceca74884b3c048ef8,lagged_latest_vintage,상승,0.2510614428920875,0.3023967135536361,0.4465418435542764,No macro ensemble,20261007T213417_2113843cb1cf:direction:No macro ensemble,direction,1,2026-10-08,,,,,,,,,,,,,,,,,,,,,,,,,,,,,,pending,True,2026-10-07T21:34:36.021902+00:00,github-actions,999a7ef2a78a,,,,,,,,실적시즌,,,,,,
3,20261007T213417_2113843cb1cf,2026-10-07 21:34:35.991155+00:00,2026-10-08,2026-10-07,34fcc21f9c003417b91e,c3efc95d08e699a31d4f,close_to_close,0.0107747537269103,{},50ceca74884b3c048ef8,lagged_latest_vintage,상승,0.1762036411404613,0.2721346784842011,0.5516616803753376,Candidate expanding,20261007T213417_2113843cb1cf:direction:Candidate expanding,direction,1,2026-10-08,,,,,,,,,,,,,,,,,,,,,,,,,,,,,,pending,True,2026-10-07T21:34:36.021902+00:00,github-actions,999a7ef2a78a,,,,,,,,실적시즌,,,,,,
3,20261007T213417_2113843cb1cf,2026-10-07 21:34:35.991155+00:00,2026-10-08,2026-10-07,34fcc21f9c003417b91e,c3efc95d08e699a31d4f,close_to_close,0.0107747537269103,{},50ceca74884b3c048ef8,lagged_latest_vintage,상승,0.238656961098554,0.272619966217421,0.4887230726840249,No NSI ensemble,20261007T213417_2113843cb1cf:direction:No NSI ensemble,direction,1,2026-10-08,,,,,,,,,,,,,,,,,,,,,,,,,,,,,,pending,True,2026-10-07T21:34:36.021902+00:00,github-actions,999a7ef2a78a,,,,,,,,실적시즌,,,,,,
3,20261007T213417_2113843cb1cf,2026-10-07 21:34:35.991155+00:00,2026-10-08,2026-10-07,34fcc21f9c003417b91e,c3efc95d08e699a31d4f,close_to_close,0.0107747537269103,{},50ceca74884b3c048ef8,lagged_latest_vintage,상승,0.2443237146882703,0.2742679187985605,0.481408366513169,No flow ensemble,20261007T213417_2113843cb1cf:direction:No flow ensemble,direction,1,2026-10-08,,,,,,,,,,,,,,,,,,,,,,,,,,,,,,pending,True,2026-10-07T21:34:36.021902+00:00,github-actions,999a7ef2a78a,,,,,,,,실적시즌,,,,,,
3,20261007T213417_2113843cb1cf,2026-10-07 21:34:35.991155+00:00,2026-10-08,2026-10-07,34fcc21f9c003417b91e,c3efc95d08e699a31d4f,close_to_close,0.0107747537269103,{},50ceca74884b3c048ef8,lagged_latest_vintage,상승,0.2566199078164768,0.2791593392045397,0.4642207529789835,No macro price ensemble,20261007T213417_2113843cb1cf:direction:No macro price ensemble,direction,1,2026-10-08,,,,,,,,,,,,,,,,,,,,,,,,,,,,,,pending,True,2026-10-07T21:34:36.021902+00:00,github-actions,999a7ef2a78a,,,,,,,,실적시즌,,,,,,
3,20261007T213417_2113843cb1cf,2026-10-07 21:34:35.991155+00:00,2026-10-08,2026-10-07,34fcc21f9c003417b91e,c3efc95d08e699a31d4f,close_to_close,0.0107747537269103,{},50ceca74884b3c048ef8,lagged_latest_vintage,,,,,Ridge,20261007T213417_2113843cb1cf:price:1,price,1,2026-10-08,1거래일,1.0,1723000.0,있음,0.0043132848517463,1730431.7897995592,1730431.7897995592,1654203.9054745133,1806659.6741246048,0.7958333333333333,simple,0.030246217011901,0.0332247510797194,-0.0040006133689652,-0.0019717515202,1.0,,,,,,,,,,,,,,pending,True,2026-10-07T21:34:36.021902+00:00,github-actions,999a7ef2a78a,0.0043132848517463,,,,,,,실적시즌,,,,,,
3,20261007T213417_2113843cb1cf,2026-10-07 21:34:35.991155+00:00,2026-10-08,2026-10-07,34fcc21f9c003417b91e,c3efc95d08e699a31d4f,close_to_close,0.0107747537269103,{},50ceca74884b3c048ef8,lagged_latest_vintage,,,,,Ridge,20261007T213417_2113843cb1cf:price:5,price,5,2026-10-15,1주일,5.0,1723000.0,없음,,,1723000.0,1543336.7130683477,1902663.2869316528,0.7594142259414226,simple,0.0750399822626884,0.0781001318929213,0.0,0.0,0.0,,,,,,,,,,,,,,pending,True,2026-10-07T21:34:36.021902+00:00,github-actions,999a7ef2a78a,0.0125465868855104,,,,,,,실적시즌,,,,,,
3,20261007T213417_2113843cb1cf,2026-10-07 21:34:35.991155+00:00,2026-10-08,2026-10-07,34fcc21f9c003417b91e,c3efc95d08e699a31d4f,close_to_close,0.0107747537269103,{},50ceca74884b3c048ef8,lagged_latest_vintage,,,,,Ridge,20261007T213417_2113843cb1cf:price:20,price,20,2026-11-05,1개월,20.0,1723000.0,없음,,,1723000.0,1347778.4092990402,2098221.59070096,0.6673728813559322,simple,0.1980935828929408,0.1984084150983741,0.0,0.0,0.0,,,,,,,,,,,,,,pending,True,2026-10-07T21:34:36.021902+00:00,github-actions,999a7ef2a78a,0.0487734611761138,,,,,,,실적시즌,,,,,,
3,20261007T213417_2113843cb1cf,2026-10-07 21:34:35.991155+00:00,2026-10-08,2026-10-07,34fcc21f9c003417b91e,c3efc95d08e699a31d4f,close_to_close,0.0107747537269103,{},50ceca74884b3c048ef8,lagged_latest_vintage,,,,,Candidate IV interval,20261007T213417_2113843cb1cf:price_candidate:iv_interval:1,price,1,2026-10-08,1거래일,1.0,1723000.0,있음,0.0043132848517463,1730431.7897995592,1730431.7897995592,1664298.163863601,1796565.415735517,0.81875,iv,0.030246217011901,0.0332247510797194,-0.0040006133689652,-0.0019717515202,1.0,,,,,,,,,,,,,,pending,True,2026-10-07T21:34:36.021902+00:00,github-actions,999a7ef2a78a,0.0043132848517463,,,,,,,실적시즌,,,,,,
3,20261007T213417_2113843cb1cf,2026-10-07 21:34:35.991155+00:00,2026-10-08,2026-10-07,34fcc21f9c003417b91e,c3efc95d08e699a31d4f,close_to_close,0.0107747537269103,{},50ceca74884b3c048ef8,lagged_latest_vintage,,,,,Candidate HAR interval,20261007T213417_2113843cb1cf:price_candidate:har_interval:5,price,5,2026-10-15,1주일,5.0,1723000.0,없음,,,1723000.0,1579962.8173150169,1866037.182684984,0.6443514644351465,har,0.0750399822626884,0.0781001318929213,0.0,0.0,0.0,,,,,,,,,,,,,,pending,True,2026-10-07T21:34:36.021902+00:00,github-actions,999a7ef2a78a,0.0125465868855104,,,,,,,실적시즌,,,,,,
3,20261007T213417_2113843cb1cf,2026-10-07 21:34:35.991155+00:00,2026-10-08,2026-10-07,34fcc21f9c003417b91e,c3efc95d08e699a31d4f,close_to_close,0.0107747537269103,{},50ceca74884b3c048ef8,lagged_latest_vintage,,,,,Candidate strict gate,20261007T213417_2113843cb1cf:price_candidate:strict_gate:5,price,5,2026-10-15,1주일,5.0,1723000.0,없음,,,1723000.0,1543336.7130683477,1902663.2869316528,0.7594142259414226,simple,0.0750399822626884,0.0781001318929213,0.0,0.0,0.0,,,,,,,,,,,,,,pending,True,2026-10-07T21:34:36.021902+00:00,github-actions,999a7ef2a78a,0.0125465868855104,,,,,,,실적시즌,,,,,,
3,20261007T213417_2113843cb1cf,2026-10-07 21:34:35.991155+00:00,2026-10-08,2026-10-07,34fcc21f9c003417b91e,c3efc95d08e699a31d4f,close_to_close,0.0107747537269103,{},50ceca74884b3c048ef8,lagged_latest_vintage,,,,,Candidate IV interval,20261007T213417_2113843cb1cf:price_candidate:iv_interval:5,price,5,2026-10-15,1주일,5.0,1723000.0,없음,,,1723000.0,1572961.8244210272,1873038.175578973,0.7656903765690377,iv,0.0750399822626884,0.0781001318929213,0.0,0.0,0.0,,,,,,,,,,,,,,pending,True,2026-10-07T21:34:36.021902+00:00,github-actions,999a7ef2a78a,0.0125465868855104,,,,,,,실적시즌,,,,,,
3,20261007T213417_2113843cb1cf,2026-10-07 21:34:35.991155+00:00,2026-10-08,2026-10-07,34fcc21f9c003417b91e,c3efc95d08e699a31d4f,close_to_close,0.0107747537269103,{},50ceca74884b3c048ef8,lagged_latest_vintage,,,,,Candidate HAR interval,20261007T213417_2113843cb1cf:price_candidate:har_interval:20,price,20,2026-11-05,1개월,20.0,1723000.0,없음,,,1723000.0,1413987.9035714783,2032012.0964285217,0.5720338983050848,har,0.1980935828929408,0.1984084150983741,0.0,0.0,0.0,,,,,,,,,,,,,,pending,True,2026-10-07T21:34:36.021902+00:00,github-actions,999a7ef2a78a,0.0487734611761138,,,,,,,실적시즌,,,,,,
3,20261007T213417_2113843cb1cf,2026-10-07 21:34:35.991155+00:00,2026-10-08,2026-10-07,34fcc21f9c003417b91e,c3efc95d08e699a31d4f,close_to_close,0.0107747537269103,{},50ceca74884b3c048ef8,lagged_latest_vintage,,,,,Candidate IV interval,20261007T213417_2113843cb1cf:price_candidate:iv_interval:20,price,20,2026-11-05,1개월,20.0,1723000.0,없음,,,1723000.0,1391145.4385939925,2054854.5614060075,0.7055084745762712,iv,0.1980935828929408,0.1984084150983741,0.0,0.0,0.0,,,,,,,,,,,,,,pending,True,2026-10-07T21:34:36.021902+00:00,github-actions,999a7ef2a78a,0.0487734611761138,,,,,,,실적시즌,,,,,,
3,20261007T213417_2113843cb1cf,2026-10-07 21:34:35.991155+00:00,2026-10-08,2026-10-07,34fcc21f9c003417b91e,c3efc95d08e699a31d4f,close_to_close,0.0107747537269103,{},50ceca74884b3c048ef8,lagged_latest_vintage,,,,,Ridge,20261007T213417_2113843cb1cf:open:1,open,1,2026-10-08,시초가예측,1.0,1723000.0,있음,0.0026864053215831,,,,,0.8197573656845754,,0.0170101715986695,0.0230567509820233,-0.0079057129311295,-0.0044777638990884,1.0,,,,,,,,,,,,,,missing_actual,True,2026-10-08T00:12:57.899234+00:00,github-actions,999a7ef2a78a,0.0026864053215831,1727628.6763690878,1727628.6763690878,1687145.038806961,1768112.3139312146,0.8103981851819065,0.6487822635136202,실적시즌,,,,,,
