schema_version,run_id,created_at_utc,prediction_date,as_of_date,data_snapshot_hash,config_hash,target_mode,band,imputed_features,macro_snapshot_hash,macro_history_mode,prediction,p_down,p_flat,p_up,model,record_id,kind,horizon_days,target_date,horizon,trading_days,current_close,signal,predicted_return,predicted_close,center_close,low_close,high_close,band_coverage,vol_model,model_mae,zero_baseline_mae,mae_diff_lo,mae_diff_hi,oof_slope,actual_open,actual_close,actual_return,actual_class,direction_correct,price_error,absolute_price_error,price_ape,return_error,interval_hit,center_price_error,log_loss,brier,status,is_prospective,actual_updated_at_utc,runtime,versions_hash,raw_predicted_return,predicted_open,center_open,low_open,high_open,gap_sign_auc,gap_corr,event_flags,source_model,information_cutoff,gap,gap_rule_label,gap_clamped,open_price
2,20260906T070239_383ae9a0bc9c,2026-09-06T07:02:46.507827+00:00,2026-09-07,2026-09-04,d3974f1cd0399082f1f7,0464a8f5fe0430d37f44,close_to_close,0.0142953828943315,{},7ed3ebee8562f01fbf17,lagged_latest_vintage,상승,0.2248209873593668,0.3605971006677941,0.414581911972839,Logistic,20260906T070239_383ae9a0bc9c:direction:Logistic,direction,1,2026-09-07,,,,,,,,,,,,,,,,,1737000.0,1783000.0,0.08257437765634479,2.0,1.0,,,,,,,0.8804847075905436,0.5232890831566366,scored,True,2026-09-24T01:27:55.053708+00:00,,,,,,,,,,,,,,,,
2,20260906T070239_383ae9a0bc9c,2026-09-06T07:02:46.507827+00:00,2026-09-07,2026-09-04,d3974f1cd0399082f1f7,0464a8f5fe0430d37f44,close_to_close,0.0142953828943315,{},7ed3ebee8562f01fbf17,lagged_latest_vintage,상승,0.1716078599345654,0.2628268255034225,0.5655653145620121,LightGBM,20260906T070239_383ae9a0bc9c:direction:LightGBM,direction,1,2026-09-07,,,,,,,,,,,,,,,,,1737000.0,1783000.0,0.08257437765634479,2.0,1.0,,,,,,,0.569929491312034,0.2872606937071314,scored,True,2026-09-24T01:27:55.053708+00:00,,,,,,,,,,,,,,,,
2,20260906T070239_383ae9a0bc9c,2026-09-06T07:02:46.507827+00:00,2026-09-07,2026-09-04,d3974f1cd0399082f1f7,0464a8f5fe0430d37f44,close_to_close,0.0142953828943315,{},7ed3ebee8562f01fbf17,lagged_latest_vintage,상승,0.1982144236469661,0.3117119630856083,0.4900736132674256,Mean ensemble,20260906T070239_383ae9a0bc9c:direction:Mean ensemble,direction,1,2026-09-07,,,,,,,,,,,,,,,,,1737000.0,1783000.0,0.08257437765634479,2.0,1.0,,,,,,,0.7131996680030237,0.3964782255585216,scored,True,2026-09-24T01:27:55.053708+00:00,,,,,,,,,,,,,,,,
2,20260906T070239_383ae9a0bc9c,2026-09-06T07:02:46.507827+00:00,2026-09-07,2026-09-04,d3974f1cd0399082f1f7,0464a8f5fe0430d37f44,close_to_close,0.0142953828943315,{},7ed3ebee8562f01fbf17,lagged_latest_vintage,상승,0.171086708762461,0.2975677083379072,0.5313455828996319,No macro ensemble,20260906T070239_383ae9a0bc9c:direction:No macro ensemble,direction,1,2026-09-07,,,,,,,,,,,,,,,,,1737000.0,1783000.0,0.08257437765634479,2.0,1.0,,,,,,,0.6323426541750596,0.33745416562833075,scored,True,2026-09-24T01:27:55.053708+00:00,,,,,,,,,,,,,,,,
2,20260906T070239_383ae9a0bc9c,2026-09-06T07:02:46.507827+00:00,2026-09-07,2026-09-04,d3974f1cd0399082f1f7,0464a8f5fe0430d37f44,close_to_close,0.0142953828943315,{},7ed3ebee8562f01fbf17,lagged_latest_vintage,,,,,Ridge,20260906T070239_383ae9a0bc9c:price:1,price,1,2026-09-07,1거래일,1.0,1647000.0,있음,0.0135688904993412,1669347.962652415,1669347.962652415,1571376.066801102,1767319.8585037277,0.8050314465408805,simple,0.0308032088707645,0.0336644703129622,-0.0038927575871441,-0.0019121128263163,1.0,1737000.0,1783000.0,0.08257437765634479,,,-113652.03734758496,113652.03734758496,0.06374202879842118,-0.06900548715700358,0.0,-113652.03734758496,,,scored,True,2026-09-24T01:27:55.053708+00:00,,,,,,,,,,,,,,,,
2,20260906T070239_383ae9a0bc9c,2026-09-06T07:02:46.507827+00:00,2026-09-07,2026-09-04,d3974f1cd0399082f1f7,0464a8f5fe0430d37f44,close_to_close,0.0142953828943315,{},7ed3ebee8562f01fbf17,lagged_latest_vintage,,,,,Ridge,20260906T070239_383ae9a0bc9c:price:5,price,5,2026-09-11,1주일,5.0,1647000.0,없음,,,1647000.0,1424175.2606330032,1869824.7393669968,0.7494736842105263,simple,0.0765736141161254,0.0787935772918985,0.0,0.0,0.0,1773000.0,1812000.0,0.10018214936247727,,,,,,,1.0,-165000.0,,,scored,True,2026-09-24T01:27:55.053708+00:00,,,,,,,,,,,,,,,,
2,20260906T070239_383ae9a0bc9c,2026-09-06T07:02:46.507827+00:00,2026-09-07,2026-09-04,d3974f1cd0399082f1f7,0464a8f5fe0430d37f44,close_to_close,0.0142953828943315,{},7ed3ebee8562f01fbf17,lagged_latest_vintage,,,,,Ridge,20260906T070239_383ae9a0bc9c:price:20,price,20,2026-10-07,1개월,20.0,1647000.0,있음,0.0440980067097748,1719629.417050999,1719629.417050999,1236766.748975163,2202492.0851268345,0.6801705756929638,simple,0.2006015354844252,0.199479058883374,-0.0059553818983713,0.0056006870470355,0.4396075113307627,,,,,,,,,,,,,,pending,True,2026-09-24T01:27:55.053708+00:00,,,,,,,,,,,,,,,,
2,20260906T085231_8534ce84585b,2026-09-06T08:52:38.256148+00:00,2026-09-07,2026-09-04,c5f9ffef26b6460a1ef8,0464a8f5fe0430d37f44,close_to_close,0.0142953828943315,{},7ed3ebee8562f01fbf17,lagged_latest_vintage,상승,0.2248211334285272,0.3605970663351967,0.4145818002362761,Logistic,20260906T085231_8534ce84585b:direction:Logistic,direction,1,2026-09-07,,,,,,,,,,,,,,,,,1737000.0,1783000.0,0.08257437765634479,2.0,1.0,,,,,,,0.8804849771068316,0.5232892549002373,scored,True,2026-09-24T01:27:55.053708+00:00,,,,,,,,,,,,,,,,
2,20260906T085231_8534ce84585b,2026-09-06T08:52:38.256148+00:00,2026-09-07,2026-09-04,c5f9ffef26b6460a1ef8,0464a8f5fe0430d37f44,close_to_close,0.0142953828943315,{},7ed3ebee8562f01fbf17,lagged_latest_vintage,상승,0.1883283157416783,0.2843676583567744,0.5273040259015473,LightGBM,20260906T085231_8534ce84585b:direction:LightGBM,direction,1,2026-09-07,,,,,,,,,,,,,,,,,1737000.0,1783000.0,0.08257437765634479,2.0,1.0,,,,,,,0.6399779975392486,0.33977400355829745,scored,True,2026-09-24T01:27:55.053708+00:00,,,,,,,,,,,,,,,,
2,20260906T085231_8534ce84585b,2026-09-06T08:52:38.256148+00:00,2026-09-07,2026-09-04,c5f9ffef26b6460a1ef8,0464a8f5fe0430d37f44,close_to_close,0.0142953828943315,{},7ed3ebee8562f01fbf17,lagged_latest_vintage,상승,0.2065747245851027,0.3224823623459855,0.4709429130689116,Mean ensemble,20260906T085231_8534ce84585b:direction:Mean ensemble,direction,1,2026-09-07,,,,,,,,,,,,,,,,,1737000.0,1783000.0,0.08257437765634479,2.0,1.0,,,,,,,0.753018395986825,0.4265693920936676,scored,True,2026-09-24T01:27:55.053708+00:00,,,,,,,,,,,,,,,,
2,20260906T085231_8534ce84585b,2026-09-06T08:52:38.256148+00:00,2026-09-07,2026-09-04,c5f9ffef26b6460a1ef8,0464a8f5fe0430d37f44,close_to_close,0.0142953828943315,{},7ed3ebee8562f01fbf17,lagged_latest_vintage,상승,0.2008478714584282,0.3160566446249833,0.4830954839165885,No macro ensemble,20260906T085231_8534ce84585b:direction:No macro ensemble,direction,1,2026-09-07,,,,,,,,,,,,,,,,,1737000.0,1783000.0,0.08257437765634479,2.0,1.0,,,,,,,0.7275409555992136,0.4074219488284101,scored,True,2026-09-24T01:27:55.053708+00:00,,,,,,,,,,,,,,,,
2,20260906T085231_8534ce84585b,2026-09-06T08:52:38.256148+00:00,2026-09-07,2026-09-04,c5f9ffef26b6460a1ef8,0464a8f5fe0430d37f44,close_to_close,0.0142953828943315,{},7ed3ebee8562f01fbf17,lagged_latest_vintage,,,,,Ridge,20260906T085231_8534ce84585b:price:1,price,1,2026-09-07,1거래일,1.0,1647000.0,있음,0.0135688862389851,1669347.9556356084,1669347.9556356084,1571376.25399357,1767319.6572776472,0.8050314465408805,simple,0.0308032107854561,0.0336644703129622,-0.0038927548204578,-0.0019121102577757,1.0,1737000.0,1783000.0,0.08257437765634479,,,-113652.0443643916,113652.0443643916,0.0637420327338147,-0.06900549141735969,0.0,-113652.0443643916,,,scored,True,2026-09-24T01:27:55.053708+00:00,,,,,,,,,,,,,,,,
2,20260906T085231_8534ce84585b,2026-09-06T08:52:38.256148+00:00,2026-09-07,2026-09-04,c5f9ffef26b6460a1ef8,0464a8f5fe0430d37f44,close_to_close,0.0142953828943315,{},7ed3ebee8562f01fbf17,lagged_latest_vintage,,,,,Ridge,20260906T085231_8534ce84585b:price:5,price,5,2026-09-11,1주일,5.0,1647000.0,없음,,,1647000.0,1424174.9241116878,1869825.0758883124,0.7494736842105263,simple,0.0765736275655475,0.0787935772918985,0.0,0.0,0.0,1773000.0,1812000.0,0.10018214936247727,,,,,,,1.0,-165000.0,,,scored,True,2026-09-24T01:27:55.053708+00:00,,,,,,,,,,,,,,,,
2,20260906T085231_8534ce84585b,2026-09-06T08:52:38.256148+00:00,2026-09-07,2026-09-04,c5f9ffef26b6460a1ef8,0464a8f5fe0430d37f44,close_to_close,0.0142953828943315,{},7ed3ebee8562f01fbf17,lagged_latest_vintage,,,,,Ridge,20260906T085231_8534ce84585b:price:20,price,20,2026-10-07,1개월,20.0,1647000.0,있음,0.0440978892169427,1719629.2235403047,1719629.2235403047,1236767.1921386924,2202491.254941917,0.6801705756929638,simple,0.2006016362980392,0.199479058883374,-0.0059554390117573,0.0056008185120019,0.4396070742579389,,,,,,,,,,,,,,pending,True,2026-09-24T01:27:55.053708+00:00,,,,,,,,,,,,,,,,
2,20260906T091529_924201016c5e,2026-09-06T09:15:36.878966+00:00,2026-09-07,2026-09-04,9390b99fdc5f2551f2bd,0464a8f5fe0430d37f44,close_to_close,0.0142953828943315,{},7ed3ebee8562f01fbf17,lagged_latest_vintage,상승,0.2248209720894225,0.3605971998425439,0.4145818280680335,Logistic,20260906T091529_924201016c5e:direction:Logistic,direction,1,2026-09-07,,,,,,,,,,,,,,,,,1737000.0,1783000.0,0.08257437765634479,2.0,1.0,,,,,,,0.8804849099747085,0.5232892460536819,scored,True,2026-09-24T01:27:55.053708+00:00,,,,,,,,,,,,,,,,
2,20260906T091529_924201016c5e,2026-09-06T09:15:36.878966+00:00,2026-09-07,2026-09-04,9390b99fdc5f2551f2bd,0464a8f5fe0430d37f44,close_to_close,0.0142953828943315,{},7ed3ebee8562f01fbf17,lagged_latest_vintage,상승,0.1818649562043081,0.2821833816545758,0.5359516621411161,LightGBM,20260906T091529_924201016c5e:direction:LightGBM,direction,1,2026-09-07,,,,,,,,,,,,,,,,,1737000.0,1783000.0,0.08257437765634479,2.0,1.0,,,,,,,0.6237113045505723,0.3280431830467997,scored,True,2026-09-24T01:27:55.053708+00:00,,,,,,,,,,,,,,,,
2,20260906T091529_924201016c5e,2026-09-06T09:15:36.878966+00:00,2026-09-07,2026-09-04,9390b99fdc5f2551f2bd,0464a8f5fe0430d37f44,close_to_close,0.0142953828943315,{},7ed3ebee8562f01fbf17,lagged_latest_vintage,상승,0.2033429641468653,0.3213902907485598,0.4752667451045748,Mean ensemble,20260906T091529_924201016c5e:direction:Mean ensemble,direction,1,2026-09-07,,,,,,,,,,,,,,,,,1737000.0,1783000.0,0.08257437765634479,2.0,1.0,,,,,,,0.7438790639269479,0.4199850688486244,scored,True,2026-09-24T01:27:55.053708+00:00,,,,,,,,,,,,,,,,
2,20260906T091529_924201016c5e,2026-09-06T09:15:36.878966+00:00,2026-09-07,2026-09-04,9390b99fdc5f2551f2bd,0464a8f5fe0430d37f44,close_to_close,0.0142953828943315,{},7ed3ebee8562f01fbf17,lagged_latest_vintage,상승,0.2060356987056208,0.3135797146691276,0.4803845866252516,No macro ensemble,20260906T091529_924201016c5e:direction:No macro ensemble,direction,1,2026-09-07,,,,,,,,,,,,,,,,,1737000.0,1783000.0,0.08257437765634479,2.0,1.0,,,,,,,0.7331682737513682,0.41078312440969544,scored,True,2026-09-24T01:27:55.053708+00:00,,,,,,,,,,,,,,,,
2,20260906T091529_924201016c5e,2026-09-06T09:15:36.878966+00:00,2026-09-07,2026-09-04,9390b99fdc5f2551f2bd,0464a8f5fe0430d37f44,close_to_close,0.0142953828943315,{},7ed3ebee8562f01fbf17,lagged_latest_vintage,,,,,Ridge,20260906T091529_924201016c5e:price:1,price,1,2026-09-07,1거래일,1.0,1647000.0,있음,0.0135688933395786,1669347.9673302858,1669347.9673302858,1571375.816932435,1767320.1177281367,0.8050314465408805,simple,0.0308032097452011,0.0336644703129622,-0.0038927566027122,-0.0019121108593627,1.0,1737000.0,1783000.0,0.08257437765634479,,,-113652.03266971419,113652.03266971419,0.06374202617482568,-0.06900548431676619,0.0,-113652.03266971419,,,scored,True,2026-09-24T01:27:55.053708+00:00,,,,,,,,,,,,,,,,
2,20260906T091529_924201016c5e,2026-09-06T09:15:36.878966+00:00,2026-09-07,2026-09-04,9390b99fdc5f2551f2bd,0464a8f5fe0430d37f44,close_to_close,0.0142953828943315,{},7ed3ebee8562f01fbf17,lagged_latest_vintage,,,,,Ridge,20260906T091529_924201016c5e:price:5,price,5,2026-09-11,1주일,5.0,1647000.0,없음,,,1647000.0,1424175.3790478285,1869824.620952172,0.7494736842105263,simple,0.0765736215172673,0.0787935772918985,0.0,0.0,0.0,1773000.0,1812000.0,0.10018214936247727,,,,,,,1.0,-165000.0,,,scored,True,2026-09-24T01:27:55.053708+00:00,,,,,,,,,,,,,,,,
2,20260906T091529_924201016c5e,2026-09-06T09:15:36.878966+00:00,2026-09-07,2026-09-04,9390b99fdc5f2551f2bd,0464a8f5fe0430d37f44,close_to_close,0.0142953828943315,{},7ed3ebee8562f01fbf17,lagged_latest_vintage,,,,,Ridge,20260906T091529_924201016c5e:price:20,price,20,2026-10-07,1개월,20.0,1647000.0,있음,0.0440981781857998,1719629.6994720125,1719629.6994720125,1236766.2356647945,2202493.1632792302,0.6801705756929638,simple,0.2006015617887108,0.199479058883374,-0.0059554166873475,0.0056007468007379,0.4396090500785045,,,,,,,,,,,,,,pending,True,2026-09-24T01:27:55.053708+00:00,,,,,,,,,,,,,,,,
2,20260906T092502_e105be07a4eb,2026-09-06T09:25:09.663139+00:00,2026-09-07,2026-09-04,66f4e7cdc79e41122e64,0464a8f5fe0430d37f44,close_to_close,0.0142953828943315,{},7ed3ebee8562f01fbf17,lagged_latest_vintage,상승,0.2248208919588578,0.3605971666927384,0.4145819413484037,Logistic,20260906T092502_e105be07a4eb:direction:Logistic,direction,1,2026-09-07,,,,,,,,,,,,,,,,,1737000.0,1783000.0,0.08257437765634479,2.0,1.0,,,,,,,0.8804846367346698,0.5232890534834107,scored,True,2026-09-24T01:27:55.053708+00:00,,,,,,,,,,,,,,,,
2,20260906T092502_e105be07a4eb,2026-09-06T09:25:09.663139+00:00,2026-09-07,2026-09-04,66f4e7cdc79e41122e64,0464a8f5fe0430d37f44,close_to_close,0.0142953828943315,{},7ed3ebee8562f01fbf17,lagged_latest_vintage,상승,0.1833449281912495,0.2966918882379725,0.519963183570778,LightGBM,20260906T092502_e105be07a4eb:direction:LightGBM,direction,1,2026-09-07,,,,,,,,,,,,,,,,,1737000.0,1783000.0,0.08257437765634479,2.0,1.0,,,,,,,0.6539972707385877,0.3520767843671706,scored,True,2026-09-24T01:27:55.053708+00:00,,,,,,,,,,,,,,,,
2,20260906T092502_e105be07a4eb,2026-09-06T09:25:09.663139+00:00,2026-09-07,2026-09-04,66f4e7cdc79e41122e64,0464a8f5fe0430d37f44,close_to_close,0.0142953828943315,{},7ed3ebee8562f01fbf17,lagged_latest_vintage,상승,0.2040829100750537,0.3286445274653554,0.4672725624595908,Mean ensemble,20260906T092502_e105be07a4eb:direction:Mean ensemble,direction,1,2026-09-07,,,,,,,,,,,,,,,,,1737000.0,1783000.0,0.08257437765634479,2.0,1.0,,,,,,,0.7608425460442968,0.4334555823259998,scored,True,2026-09-24T01:27:55.053708+00:00,,,,,,,,,,,,,,,,
2,20260906T092502_e105be07a4eb,2026-09-06T09:25:09.663139+00:00,2026-09-07,2026-09-04,66f4e7cdc79e41122e64,0464a8f5fe0430d37f44,close_to_close,0.0142953828943315,{},7ed3ebee8562f01fbf17,lagged_latest_vintage,상승,0.200823287582005,0.3107388385942559,0.488437873823739,No macro ensemble,20260906T092502_e105be07a4eb:direction:No macro ensemble,direction,1,2026-09-07,,,,,,,,,,,,,,,,,1737000.0,1783000.0,0.08257437765634479,2.0,1.0,,,,,,,0.7165429930205273,0.3985844275841284,scored,True,2026-09-24T01:27:55.053708+00:00,,,,,,,,,,,,,,,,
2,20260906T092502_e105be07a4eb,2026-09-06T09:25:09.663139+00:00,2026-09-07,2026-09-04,66f4e7cdc79e41122e64,0464a8f5fe0430d37f44,close_to_close,0.0142953828943315,{},7ed3ebee8562f01fbf17,lagged_latest_vintage,,,,,Ridge,20260906T092502_e105be07a4eb:price:1,price,1,2026-09-07,1거래일,1.0,1647000.0,있음,0.0135688734579168,1669347.9345851892,1669347.9345851892,1571376.1860252027,1767319.6831451757,0.8050314465408805,simple,0.0308032099266591,0.0336644703129622,-0.0038927563790669,-0.0019121115809614,1.0,1737000.0,1783000.0,0.08257437765634479,,,-113652.06541481079,113652.06541481079,0.06374204453999484,-0.06900550419842799,0.0,-113652.06541481079,,,scored,True,2026-09-24T01:27:55.053708+00:00,,,,,,,,,,,,,,,,
2,20260906T092502_e105be07a4eb,2026-09-06T09:25:09.663139+00:00,2026-09-07,2026-09-04,66f4e7cdc79e41122e64,0464a8f5fe0430d37f44,close_to_close,0.0142953828943315,{},7ed3ebee8562f01fbf17,lagged_latest_vintage,,,,,Ridge,20260906T092502_e105be07a4eb:price:5,price,5,2026-09-11,1주일,5.0,1647000.0,없음,,,1647000.0,1424175.4214176824,1869824.5785823176,0.7494736842105263,simple,0.076573624907384,0.0787935772918985,0.0,0.0,0.0,1773000.0,1812000.0,0.10018214936247727,,,,,,,1.0,-165000.0,,,scored,True,2026-09-24T01:27:55.053708+00:00,,,,,,,,,,,,,,,,
2,20260906T092502_e105be07a4eb,2026-09-06T09:25:09.663139+00:00,2026-09-07,2026-09-04,66f4e7cdc79e41122e64,0464a8f5fe0430d37f44,close_to_close,0.0142953828943315,{},7ed3ebee8562f01fbf17,lagged_latest_vintage,,,,,Ridge,20260906T092502_e105be07a4eb:price:20,price,20,2026-10-07,1개월,20.0,1647000.0,있음,0.0440980162362206,1719629.4327410553,1719629.4327410553,1236766.228592225,2202492.636889886,0.6801705756929638,simple,0.2006015868296411,0.199479058883374,-0.0059554111675529,0.0056007581872288,0.4396079031101971,,,,,,,,,,,,,,pending,True,2026-09-24T01:27:55.053708+00:00,,,,,,,,,,,,,,,,
3,20260906T100114_f761a6516c44,2026-09-06T10:01:20.482858+00:00,2026-09-07,2026-09-04,c0148bdb3e58f6df8f41,0464a8f5fe0430d37f44,close_to_close,0.0142953828943315,{},7ed3ebee8562f01fbf17,lagged_latest_vintage,상승,0.2248209695636753,0.360597116560879,0.4145819138754456,Logistic,20260906T100114_f761a6516c44:direction:Logistic,direction,1,2026-09-07,,,,,,,,,,,,,,,,,1737000.0,1783000.0,0.08257437765634479,2.0,1.0,,,,,,,0.8804847030013262,0.5232890843893073,scored,True,2026-09-24T01:27:55.053708+00:00,github-actions,7fa00c14b86e,,,,,,,,,,,,,,
3,20260906T100114_f761a6516c44,2026-09-06T10:01:20.482858+00:00,2026-09-07,2026-09-04,c0148bdb3e58f6df8f41,0464a8f5fe0430d37f44,close_to_close,0.0142953828943315,{},7ed3ebee8562f01fbf17,lagged_latest_vintage,상승,0.1878223028109464,0.284057158467523,0.5281205387215306,LightGBM,20260906T100114_f761a6516c44:direction:LightGBM,direction,1,2026-09-07,,,,,,,,,,,,,,,,,1737000.0,1783000.0,0.08257437765634479,2.0,1.0,,,,,,,0.6384307282975628,0.33863591268630877,scored,True,2026-09-24T01:27:55.053708+00:00,github-actions,7fa00c14b86e,,,,,,,,,,,,,,
3,20260906T100114_f761a6516c44,2026-09-06T10:01:20.482858+00:00,2026-09-07,2026-09-04,c0148bdb3e58f6df8f41,0464a8f5fe0430d37f44,close_to_close,0.0142953828943315,{},7ed3ebee8562f01fbf17,lagged_latest_vintage,상승,0.2063216361873108,0.322327137514201,0.4713512262984881,Mean ensemble,20260906T100114_f761a6516c44:direction:Mean ensemble,direction,1,2026-09-07,,,,,,,,,,,,,,,,,1737000.0,1783000.0,0.08257437765634479,2.0,1.0,,,,,,,0.7521517594705326,0.42593292707321995,scored,True,2026-09-24T01:27:55.053708+00:00,github-actions,7fa00c14b86e,,,,,,,,,,,,,,
3,20260906T100114_f761a6516c44,2026-09-06T10:01:20.482858+00:00,2026-09-07,2026-09-04,c0148bdb3e58f6df8f41,0464a8f5fe0430d37f44,close_to_close,0.0142953828943315,{},7ed3ebee8562f01fbf17,lagged_latest_vintage,상승,0.208257885492489,0.3113256844982394,0.4804164300092716,No macro ensemble,20260906T100114_f761a6516c44:direction:No macro ensemble,direction,1,2026-09-07,,,,,,,,,,,,,,,,,1737000.0,1783000.0,0.08257437765634479,2.0,1.0,,,,,,,0.7331019886757274,0.4102621149024101,scored,True,2026-09-24T01:27:55.053708+00:00,github-actions,7fa00c14b86e,,,,,,,,,,,,,,
3,20260906T100114_f761a6516c44,2026-09-06T10:01:20.482858+00:00,2026-09-07,2026-09-04,c0148bdb3e58f6df8f41,0464a8f5fe0430d37f44,close_to_close,0.0142953828943315,{},7ed3ebee8562f01fbf17,lagged_latest_vintage,,,,,Ridge,20260906T100114_f761a6516c44:price:1,price,1,2026-09-07,1거래일,1.0,1647000.0,있음,0.0135688805585103,1669347.9462798666,1669347.9462798666,1571376.03324945,1767319.8593102826,0.8050314465408805,simple,0.030803210816673,0.0336644703129622,-0.0038927544930008,-0.0019121113216603,1.0,1737000.0,1783000.0,0.08257437765634479,,,-113652.05372013338,113652.05372013338,0.06374203798100582,-0.06900549709783449,0.0,-113652.05372013338,,,scored,True,2026-09-24T01:27:55.053708+00:00,github-actions,7fa00c14b86e,,,,,,,,,,,,,,
3,20260906T100114_f761a6516c44,2026-09-06T10:01:20.482858+00:00,2026-09-07,2026-09-04,c0148bdb3e58f6df8f41,0464a8f5fe0430d37f44,close_to_close,0.0142953828943315,{},7ed3ebee8562f01fbf17,lagged_latest_vintage,,,,,Ridge,20260906T100114_f761a6516c44:price:5,price,5,2026-09-11,1주일,5.0,1647000.0,없음,,,1647000.0,1424174.995305191,1869825.004694809,0.7494736842105263,simple,0.0765736227950987,0.0787935772918985,0.0,0.0,0.0,1773000.0,1812000.0,0.10018214936247727,,,,,,,1.0,-165000.0,,,scored,True,2026-09-24T01:27:55.053708+00:00,github-actions,7fa00c14b86e,,,,,,,,,,,,,,
3,20260906T100114_f761a6516c44,2026-09-06T10:01:20.482858+00:00,2026-09-07,2026-09-04,c0148bdb3e58f6df8f41,0464a8f5fe0430d37f44,close_to_close,0.0142953828943315,{},7ed3ebee8562f01fbf17,lagged_latest_vintage,,,,,Ridge,20260906T100114_f761a6516c44:price:20,price,20,2026-10-07,1개월,20.0,1647000.0,있음,0.0440978574621232,1719629.1712401172,1719629.1712401172,1236766.4966820625,2202491.845798172,0.6801705756929638,simple,0.2006015782772277,0.199479058883374,-0.0059553911933109,0.0056007253756458,0.4396064664843137,,,,,,,,,,,,,,pending,True,2026-09-24T01:27:55.053708+00:00,github-actions,7fa00c14b86e,,,,,,,,,,,,,,
3,20260906T234747_8ecf765973f1,2026-09-06T23:47:54.568313+00:00,2026-09-07,2026-09-04,d15fe5eb92df79d15f75,cb6a70d1f50a0681a9bb,close_to_close,0.0142953828943315,{},7ed3ebee8562f01fbf17,lagged_latest_vintage,상승,0.2298438699716853,0.3562763336175149,0.4138797964107998,Logistic,20260906T234747_8ecf765973f1:direction:Logistic,direction,1,2026-09-07,,,,,,,,,,,,,,,,,1737000.0,1783000.0,0.08257437765634479,2.0,1.0,,,,,,,0.8821796941494422,0.5232979235149452,scored,True,2026-09-24T01:27:55.053708+00:00,github-actions,7fa00c14b86e,,,,,,,,,,,,,,
3,20260906T234747_8ecf765973f1,2026-09-06T23:47:54.568313+00:00,2026-09-07,2026-09-04,d15fe5eb92df79d15f75,cb6a70d1f50a0681a9bb,close_to_close,0.0142953828943315,{},7ed3ebee8562f01fbf17,lagged_latest_vintage,상승,0.15856580677699,0.2688104292612815,0.5726237639617285,LightGBM,20260906T234747_8ecf765973f1:direction:LightGBM,direction,1,2026-09-07,,,,,,,,,,,,,,,,,1737000.0,1783000.0,0.08257437765634479,2.0,1.0,,,,,,,0.5575263853250767,0.28005260908871243,scored,True,2026-09-24T01:27:55.053708+00:00,github-actions,7fa00c14b86e,,,,,,,,,,,,,,
3,20260906T234747_8ecf765973f1,2026-09-06T23:47:54.568313+00:00,2026-09-07,2026-09-04,d15fe5eb92df79d15f75,cb6a70d1f50a0681a9bb,close_to_close,0.0142953828943315,{},7ed3ebee8562f01fbf17,lagged_latest_vintage,상승,0.1942048383743377,0.3125433814393982,0.4932517801862641,Mean ensemble,20260906T234747_8ecf765973f1:direction:Mean ensemble,direction,1,2026-09-07,,,,,,,,,,,,,,,,,1737000.0,1783000.0,0.08257437765634479,2.0,1.0,,,,,,,0.7067355249906102,0.39219264281396615,scored,True,2026-09-24T01:27:55.053708+00:00,github-actions,7fa00c14b86e,,,,,,,,,,,,,,
3,20260906T234747_8ecf765973f1,2026-09-06T23:47:54.568313+00:00,2026-09-07,2026-09-04,d15fe5eb92df79d15f75,cb6a70d1f50a0681a9bb,close_to_close,0.0142953828943315,{},7ed3ebee8562f01fbf17,lagged_latest_vintage,상승,0.1886637315961989,0.3417613374030909,0.46957493100071,No macro ensemble,20260906T234747_8ecf765973f1:direction:No macro ensemble,direction,1,2026-09-07,,,,,,,,,,,,,,,,,1737000.0,1783000.0,0.08257437765634479,2.0,1.0,,,,,,,0.7559273956225349,0.4337455691862534,scored,True,2026-09-24T01:27:55.053708+00:00,github-actions,7fa00c14b86e,,,,,,,,,,,,,,
3,20260906T234747_8ecf765973f1,2026-09-06T23:47:54.568313+00:00,2026-09-07,2026-09-04,d15fe5eb92df79d15f75,cb6a70d1f50a0681a9bb,close_to_close,0.0142953828943315,{},7ed3ebee8562f01fbf17,lagged_latest_vintage,,,,,Ridge,20260906T234747_8ecf765973f1:price:1,price,1,2026-09-07,1거래일,1.0,1647000.0,있음,0.0128873556540735,1668225.4747622593,1668225.4747622593,1570180.8619951636,1766270.0875293547,0.8029350104821803,simple,0.0307446777343643,0.0336644703129622,-0.0039229285342414,-0.0019679892153234,1.0,1737000.0,1783000.0,0.08257437765634479,,,-114774.52523774072,114774.52523774072,0.06437157893311313,-0.06968702200227128,0.0,-114774.52523774072,,,scored,True,2026-09-24T01:27:55.053708+00:00,github-actions,7fa00c14b86e,,,,,,,,,,,,,,
3,20260906T234747_8ecf765973f1,2026-09-06T23:47:54.568313+00:00,2026-09-07,2026-09-04,d15fe5eb92df79d15f75,cb6a70d1f50a0681a9bb,close_to_close,0.0142953828943315,{},7ed3ebee8562f01fbf17,lagged_latest_vintage,,,,,Ridge,20260906T234747_8ecf765973f1:price:5,price,5,2026-09-11,1주일,5.0,1647000.0,없음,,,1647000.0,1424175.239992926,1869824.760007074,0.7494736842105263,simple,0.0758787140145595,0.0787935772918985,0.0,0.0,0.0,1773000.0,1812000.0,0.10018214936247727,,,,,,,1.0,-165000.0,,,scored,True,2026-09-24T01:27:55.053708+00:00,github-actions,7fa00c14b86e,,,,,,,,,,,,,,
3,20260906T234747_8ecf765973f1,2026-09-06T23:47:54.568313+00:00,2026-09-07,2026-09-04,d15fe5eb92df79d15f75,cb6a70d1f50a0681a9bb,close_to_close,0.0142953828943315,{},7ed3ebee8562f01fbf17,lagged_latest_vintage,,,,,Ridge,20260906T234747_8ecf765973f1:price:20,price,20,2026-10-07,1개월,20.0,1647000.0,있음,0.0340024573455885,1703002.0472481844,1703002.0472481844,1220377.52476492,2185626.569731449,0.6801705756929638,simple,0.1978842734450201,0.199479058883374,-0.0060353264782457,0.0034123388615011,0.4176506823446645,,,,,,,,,,,,,,pending,True,2026-09-24T01:27:55.053708+00:00,github-actions,7fa00c14b86e,,,,,,,,,,,,,,
3,20260907T051219_cced9ecb7057,2026-09-07T05:12:23.910709+00:00,2026-09-07,2026-09-04,d5ed4e966fd3c0e3df83,cb6a70d1f50a0681a9bb,close_to_close,0.0142953828943315,{},7ed3ebee8562f01fbf17,lagged_latest_vintage,상승,0.2375178490974434,0.3487668970920583,0.4137152538104983,Logistic,20260907T051219_cced9ecb7057:direction:Logistic,direction,1,2026-09-07,,,,,,,,,,,,,,,,,1737000.0,1783000.0,0.08257437765634479,2.0,1.0,,,,,,,0.8825773345230177,0.5217828807615867,scored,False,2026-09-24T01:27:55.053708+00:00,github-actions,7fa00c14b86e,,,,,,,,,,,,,,
3,20260907T051219_cced9ecb7057,2026-09-07T05:12:23.910709+00:00,2026-09-07,2026-09-04,d5ed4e966fd3c0e3df83,cb6a70d1f50a0681a9bb,close_to_close,0.0142953828943315,{},7ed3ebee8562f01fbf17,lagged_latest_vintage,상승,0.1920592431928071,0.2863292871145985,0.5216114696925943,LightGBM,20260907T051219_cced9ecb7057:direction:LightGBM,direction,1,2026-09-07,,,,,,,,,,,,,,,,,1737000.0,1783000.0,0.08257437765634479,2.0,1.0,,,,,,,0.6508322791701344,0.34772679948502755,scored,False,2026-09-24T01:27:55.053708+00:00,github-actions,7fa00c14b86e,,,,,,,,,,,,,,
3,20260907T051219_cced9ecb7057,2026-09-07T05:12:23.910709+00:00,2026-09-07,2026-09-04,d5ed4e966fd3c0e3df83,cb6a70d1f50a0681a9bb,close_to_close,0.0142953828943315,{},7ed3ebee8562f01fbf17,lagged_latest_vintage,상승,0.2147885461451252,0.3175480921033284,0.4676633617515463,Mean ensemble,20260907T051219_cced9ecb7057:direction:Mean ensemble,direction,1,2026-09-07,,,,,,,,,,,,,,,,,1737000.0,1783000.0,0.08257437765634479,2.0,1.0,,,,,,,0.760006554390547,0.43035320677526545,scored,False,2026-09-24T01:27:55.053708+00:00,github-actions,7fa00c14b86e,,,,,,,,,,,,,,
3,20260907T051219_cced9ecb7057,2026-09-07T05:12:23.910709+00:00,2026-09-07,2026-09-04,d5ed4e966fd3c0e3df83,cb6a70d1f50a0681a9bb,close_to_close,0.0142953828943315,{},7ed3ebee8562f01fbf17,lagged_latest_vintage,상승,0.1783059126939114,0.2936958126860576,0.5279982746200309,No macro ensemble,20260907T051219_cced9ecb7057:direction:No macro ensemble,direction,1,2026-09-07,,,,,,,,,,,,,,,,,1737000.0,1783000.0,0.08257437765634479,2.0,1.0,,,,,,,0.6386622630463075,0.34083585765260027,scored,False,2026-09-24T01:27:55.053708+00:00,github-actions,7fa00c14b86e,,,,,,,,,,,,,,
3,20260907T051219_cced9ecb7057,2026-09-07T05:12:23.910709+00:00,2026-09-07,2026-09-04,d5ed4e966fd3c0e3df83,cb6a70d1f50a0681a9bb,close_to_close,0.0142953828943315,{},7ed3ebee8562f01fbf17,lagged_latest_vintage,,,,,Ridge,20260907T051219_cced9ecb7057:price:1,price,1,2026-09-07,1거래일,1.0,1647000.0,있음,0.0127018285070107,1667919.911551047,1667919.911551047,1569875.1507799253,1765964.6723221685,0.8029350104821803,simple,0.0307446767278915,0.0336644703129622,-0.0040330255896835,-0.0019271364623687,1.0,1737000.0,1783000.0,0.08257437765634479,,,-115080.08844895312,115080.08844895312,0.06454295482274432,-0.06987254914933409,0.0,-115080.08844895312,,,scored,False,2026-09-24T01:27:55.053708+00:00,github-actions,7fa00c14b86e,0.0127018285070107,,,,,,,,,,,,,
3,20260907T051219_cced9ecb7057,2026-09-07T05:12:23.910709+00:00,2026-09-07,2026-09-04,d5ed4e966fd3c0e3df83,cb6a70d1f50a0681a9bb,close_to_close,0.0142953828943315,{},7ed3ebee8562f01fbf17,lagged_latest_vintage,,,,,Ridge,20260907T051219_cced9ecb7057:price:5,price,5,2026-09-11,1주일,5.0,1647000.0,없음,,,1647000.0,1424174.8906339873,1869825.1093660127,0.7494736842105263,simple,0.0758787075460218,0.0787935772918985,0.0,0.0,0.0,1773000.0,1812000.0,0.10018214936247727,,,,,,,1.0,-165000.0,,,scored,False,2026-09-24T01:27:55.053708+00:00,github-actions,7fa00c14b86e,0.0233973177527542,,,,,,,,,,,,,
3,20260907T051219_cced9ecb7057,2026-09-07T05:12:23.910709+00:00,2026-09-07,2026-09-04,d5ed4e966fd3c0e3df83,cb6a70d1f50a0681a9bb,close_to_close,0.0142953828943315,{},7ed3ebee8562f01fbf17,lagged_latest_vintage,,,,,Ridge,20260907T051219_cced9ecb7057:price:20,price,20,2026-10-07,1개월,20.0,1647000.0,있음,0.0339988710117719,1702996.1405563883,1702996.1405563883,1220371.526544859,2185620.754567918,0.6801705756929638,simple,0.1978842241935131,0.199479058883374,-0.0056453386426377,0.003634200037379,0.4176511016993346,,,,,,,,,,,,,,pending,False,2026-09-24T01:27:55.053708+00:00,github-actions,7fa00c14b86e,0.081404959482778,,,,,,,,,,,,,
3,20260907T051219_cced9ecb7057,2026-09-07T05:12:23.910709+00:00,2026-09-07,2026-09-04,d5ed4e966fd3c0e3df83,cb6a70d1f50a0681a9bb,close_to_close,0.0142953828943315,{},7ed3ebee8562f01fbf17,lagged_latest_vintage,,,,,Ridge,20260907T051219_cced9ecb7057:open:1,open,1,2026-09-07,시초가,1.0,1647000.0,있음,0.0207649208605289,,,,,0.818815331010453,,0.0175984491709742,0.0231951135644252,-0.0070342240494823,-0.0042102972878416,1.0,1737000.0,1783000.0,0.05464480874316946,,,-55800.175342708826,55800.175342708826,0.032124453277322294,-0.033879887882640555,1.0,-55800.175342708826,,,scored,False,2026-09-24T01:27:55.053708+00:00,github-actions,7fa00c14b86e,0.0207649208605289,1681199.8246572912,1681199.8246572912,1612014.224801357,1750385.4245132257,0.8080046932466888,0.6261826363865376,,,,,,,
3,20260907T081235_13f5df5a2f7f,2026-09-07T08:12:44.664958+00:00,2026-09-08,2026-09-07,c92e110ee9e1271ae7ec,a5cc2a709bb33ff3d7f7,close_to_close,0.0146249079769912,{},7ed3ebee8562f01fbf17,lagged_latest_vintage,보합,0.3110442344514789,0.3675884584190455,0.3213673071294756,Logistic,20260907T081235_13f5df5a2f7f:direction:Logistic,direction,1,2026-09-08,,,,,,,,,,,,,,,,,1799000.0,1793000.0,0.005608524957936067,1.0,1.0,,,,,,,1.0007912861125323,0.5999698198019566,scored,True,2026-09-24T01:27:55.053708+00:00,github-actions,7fa00c14b86e,,,,,,,,,,,,,,
3,20260907T081235_13f5df5a2f7f,2026-09-07T08:12:44.664958+00:00,2026-09-08,2026-09-07,c92e110ee9e1271ae7ec,a5cc2a709bb33ff3d7f7,close_to_close,0.0146249079769912,{},7ed3ebee8562f01fbf17,lagged_latest_vintage,상승,0.1472751319193161,0.240757349965917,0.6119675181147668,LightGBM,20260907T081235_13f5df5a2f7f:direction:LightGBM,direction,1,2026-09-08,,,,,,,,,,,,,,,,,1799000.0,1793000.0,0.005608524957936067,1.0,0.0,,,,,,,1.4239656993164709,0.9726436093401765,scored,True,2026-09-24T01:27:55.053708+00:00,github-actions,7fa00c14b86e,,,,,,,,,,,,,,
3,20260907T081235_13f5df5a2f7f,2026-09-07T08:12:44.664958+00:00,2026-09-08,2026-09-07,c92e110ee9e1271ae7ec,a5cc2a709bb33ff3d7f7,close_to_close,0.0146249079769912,{},7ed3ebee8562f01fbf17,lagged_latest_vintage,상승,0.2291596831853975,0.3041729041924813,0.4666674126221212,Mean ensemble,20260907T081235_13f5df5a2f7f:direction:Mean ensemble,direction,1,2026-09-08,,,,,,,,,,,,,,,,,1799000.0,1793000.0,0.005608524957936067,1.0,0.0,,,,,,,1.1901589754696795,0.7544679816609828,scored,True,2026-09-24T01:27:55.053708+00:00,github-actions,7fa00c14b86e,,,,,,,,,,,,,,
3,20260907T081235_13f5df5a2f7f,2026-09-07T08:12:44.664958+00:00,2026-09-08,2026-09-07,c92e110ee9e1271ae7ec,a5cc2a709bb33ff3d7f7,close_to_close,0.0146249079769912,{},7ed3ebee8562f01fbf17,lagged_latest_vintage,상승,0.2159024867432961,0.37124940011737,0.4128481131393339,No macro ensemble,20260907T081235_13f5df5a2f7f:direction:No macro ensemble,direction,1,2026-09-08,,,,,,,,,,,,,,,,,1799000.0,1793000.0,0.005608524957936067,1.0,0.0,,,,,,,0.9908812047120011,0.6123847651574144,scored,True,2026-09-24T01:27:55.053708+00:00,github-actions,7fa00c14b86e,,,,,,,,,,,,,,
3,20260907T081235_13f5df5a2f7f,2026-09-07T08:12:44.664958+00:00,2026-09-08,2026-09-07,c92e110ee9e1271ae7ec,a5cc2a709bb33ff3d7f7,close_to_close,0.0146249079769912,{},7ed3ebee8562f01fbf17,lagged_latest_vintage,상승,0.234143007222939,0.3687363535876677,0.3971206391893932,No NSI ensemble,20260907T081235_13f5df5a2f7f:direction:No NSI ensemble,direction,1,2026-09-08,,,,,,,,,,,,,,,,,1799000.0,1793000.0,0.005608524957936067,1.0,0.0,,,,,,,0.9976733792327755,0.6110215411833876,scored,True,2026-09-24T01:27:55.053708+00:00,github-actions,7fa00c14b86e,,,,,,,,,,,,,,
3,20260907T081235_13f5df5a2f7f,2026-09-07T08:12:44.664958+00:00,2026-09-08,2026-09-07,c92e110ee9e1271ae7ec,a5cc2a709bb33ff3d7f7,close_to_close,0.0146249079769912,{},7ed3ebee8562f01fbf17,lagged_latest_vintage,,,,,Ridge,20260907T081235_13f5df5a2f7f:price:1,price,1,2026-09-08,1거래일,1.0,1783000.0,있음,0.0091094313699438,1799242.1161326098,1799242.1161326098,1690000.9125613966,1908483.319703823,0.805439330543933,simple,0.0308618521202377,0.0337667922948522,-0.0040154924684027,-0.0019085102392527,1.0,1799000.0,1793000.0,0.005608524957936067,,,6242.116132609779,6242.116132609779,0.003481380999782364,0.0035009064120077333,1.0,6242.116132609779,,,scored,True,2026-09-24T01:27:55.053708+00:00,github-actions,7fa00c14b86e,0.0091094313699438,,,,,,,,,,,,,
3,20260907T081235_13f5df5a2f7f,2026-09-07T08:12:44.664958+00:00,2026-09-08,2026-09-07,c92e110ee9e1271ae7ec,a5cc2a709bb33ff3d7f7,close_to_close,0.0146249079769912,{},7ed3ebee8562f01fbf17,lagged_latest_vintage,,,,,Ridge,20260907T081235_13f5df5a2f7f:price:5,price,5,2026-09-14,1주일,5.0,1783000.0,없음,,,1783000.0,1536214.8813855038,2029785.118614496,0.7494736842105263,simple,0.0759779118802995,0.0786702677599089,0.0,0.0,0.0,1707000.0,1697000.0,-0.04823331463825009,,,,,,,1.0,86000.0,,,scored,True,2026-09-24T01:27:55.053708+00:00,github-actions,7fa00c14b86e,0.0204092486816326,,,,,,,,,,,,,
3,20260907T081235_13f5df5a2f7f,2026-09-07T08:12:44.664958+00:00,2026-09-08,2026-09-07,c92e110ee9e1271ae7ec,a5cc2a709bb33ff3d7f7,close_to_close,0.0146249079769912,{},7ed3ebee8562f01fbf17,lagged_latest_vintage,,,,,Ridge,20260907T081235_13f5df5a2f7f:price:20,price,20,2026-10-08,1개월,20.0,1783000.0,있음,0.037065099732602,1849087.0728232288,1849087.0728232288,1314633.838506174,2383540.307140285,0.6801705756929638,simple,0.1982815301659695,0.1999044321157107,-0.0056765419398158,0.0035471561636459,0.4204144323337561,,,,,,,,,,,,,,pending,True,2026-09-24T01:27:55.053708+00:00,github-actions,7fa00c14b86e,0.0881632429382847,,,,,,,,,,,,,
3,20260907T081235_13f5df5a2f7f,2026-09-07T08:12:44.664958+00:00,2026-09-08,2026-09-07,c92e110ee9e1271ae7ec,a5cc2a709bb33ff3d7f7,close_to_close,0.0146249079769912,{},7ed3ebee8562f01fbf17,lagged_latest_vintage,,,,,Ridge,20260907T081235_13f5df5a2f7f:open:1,open,1,2026-09-08,시초가,1.0,1783000.0,있음,0.0180536638945341,,,,,0.8170731707317073,,0.017652751458377,0.0232668343306176,-0.0070561269872334,-0.0042524368893377,1.0,1799000.0,1793000.0,0.008973639932697619,,,16189.68272395432,16189.68272395432,0.008999267773181946,0.009080023961836482,1.0,16189.68272395432,,,scored,True,2026-09-24T01:27:55.053708+00:00,github-actions,7fa00c14b86e,0.0180536638945341,1815189.6827239543,1815189.6827239543,1738225.3648092858,1892154.000638623,0.8067343489894594,0.6267964947001252,,,,,,,
3,20260907T110238_05472b002539,2026-09-07T11:02:45.204404+00:00,2026-09-08,2026-09-07,885412ad0547277f9bf8,a5cc2a709bb33ff3d7f7,close_to_close,0.0146249079769912,{},7ed3ebee8562f01fbf17,lagged_latest_vintage,보합,0.3111313845686855,0.368380259365804,0.3204883560655104,Logistic,20260907T110238_05472b002539:direction:Logistic,direction,1,2026-09-08,,,,,,,,,,,,,,,,,1799000.0,1793000.0,0.005608524957936067,1.0,1.0,,,,,,,0.9986395608200778,0.5984590215960096,scored,True,2026-09-24T01:27:55.053708+00:00,github-actions,7fa00c14b86e,,,,,,,,,,,,,,
3,20260907T110238_05472b002539,2026-09-07T11:02:45.204404+00:00,2026-09-08,2026-09-07,885412ad0547277f9bf8,a5cc2a709bb33ff3d7f7,close_to_close,0.0146249079769912,{},7ed3ebee8562f01fbf17,lagged_latest_vintage,상승,0.1820967129319922,0.2494874488881636,0.5684158381798441,LightGBM,20260907T110238_05472b002539:direction:LightGBM,direction,1,2026-09-08,,,,,,,,,,,,,,,,,1799000.0,1793000.0,0.005608524957936067,1.0,0.0,,,,,,,1.388346670113366,0.9195248673307279,scored,True,2026-09-24T01:27:55.053708+00:00,github-actions,7fa00c14b86e,,,,,,,,,,,,,,
3,20260907T110238_05472b002539,2026-09-07T11:02:45.204404+00:00,2026-09-08,2026-09-07,885412ad0547277f9bf8,a5cc2a709bb33ff3d7f7,close_to_close,0.0146249079769912,{},7ed3ebee8562f01fbf17,lagged_latest_vintage,상승,0.2466140487503388,0.3089338541269838,0.4444520971226773,Mean ensemble,20260907T110238_05472b002539:direction:Mean ensemble,direction,1,2026-09-08,,,,,,,,,,,,,,,,,1799000.0,1793000.0,0.005608524957936067,1.0,0.0,,,,,,,1.1746280893133951,0.7359285736495651,scored,True,2026-09-24T01:27:55.053708+00:00,github-actions,7fa00c14b86e,,,,,,,,,,,,,,
3,20260907T110238_05472b002539,2026-09-07T11:02:45.204404+00:00,2026-09-08,2026-09-07,885412ad0547277f9bf8,a5cc2a709bb33ff3d7f7,close_to_close,0.0146249079769912,{},7ed3ebee8562f01fbf17,lagged_latest_vintage,상승,0.2172533092918201,0.375959339005426,0.4067873517027539,No macro ensemble,20260907T110238_05472b002539:direction:No macro ensemble,direction,1,2026-09-08,,,,,,,,,,,,,,,,,1799000.0,1793000.0,0.005608524957936067,1.0,0.0,,,,,,,0.9782742823829119,0.602101696478132,scored,True,2026-09-24T01:27:55.053708+00:00,github-actions,7fa00c14b86e,,,,,,,,,,,,,,
3,20260907T110238_05472b002539,2026-09-07T11:02:45.204404+00:00,2026-09-08,2026-09-07,885412ad0547277f9bf8,a5cc2a709bb33ff3d7f7,close_to_close,0.0146249079769912,{},7ed3ebee8562f01fbf17,lagged_latest_vintage,상승,0.2387867898616281,0.3715202270284662,0.3896929831099057,No NSI ensemble,20260907T110238_05472b002539:direction:No NSI ensemble,direction,1,2026-09-08,,,,,,,,,,,,,,,,,1799000.0,1793000.0,0.005608524957936067,1.0,0.0,,,,,,,0.9901519693927309,0.6038665771318692,scored,True,2026-09-24T01:27:55.053708+00:00,github-actions,7fa00c14b86e,,,,,,,,,,,,,,
3,20260907T110238_05472b002539,2026-09-07T11:02:45.204404+00:00,2026-09-08,2026-09-07,885412ad0547277f9bf8,a5cc2a709bb33ff3d7f7,close_to_close,0.0146249079769912,{},7ed3ebee8562f01fbf17,lagged_latest_vintage,,,,,Ridge,20260907T110238_05472b002539:price:1,price,1,2026-09-08,1거래일,1.0,1783000.0,있음,0.0092266243910283,1799451.0712892036,1799451.0712892036,1690210.1405482066,1908692.0020302008,0.805439330543933,simple,0.0308618527542449,0.0337667922948522,-0.0040154899251161,-0.0019085106169021,1.0,1799000.0,1793000.0,0.005608524957936067,,,6451.071289203595,6451.071289203595,0.003597920406694699,0.003618099433092232,1.0,6451.071289203595,,,scored,True,2026-09-24T01:27:55.053708+00:00,github-actions,7fa00c14b86e,0.0092266243910283,,,,,,,,,,,,,
3,20260907T110238_05472b002539,2026-09-07T11:02:45.204404+00:00,2026-09-08,2026-09-07,885412ad0547277f9bf8,a5cc2a709bb33ff3d7f7,close_to_close,0.0146249079769912,{},7ed3ebee8562f01fbf17,lagged_latest_vintage,,,,,Ridge,20260907T110238_05472b002539:price:5,price,5,2026-09-14,1주일,5.0,1783000.0,없음,,,1783000.0,1536214.71684534,2029785.2831546604,0.7494736842105263,simple,0.0759779042567996,0.0786702677599089,0.0,0.0,0.0,1707000.0,1697000.0,-0.04823331463825009,,,,,,,1.0,86000.0,,,scored,True,2026-09-24T01:27:55.053708+00:00,github-actions,7fa00c14b86e,0.0209146621461412,,,,,,,,,,,,,
3,20260907T110238_05472b002539,2026-09-07T11:02:45.204404+00:00,2026-09-08,2026-09-07,885412ad0547277f9bf8,a5cc2a709bb33ff3d7f7,close_to_close,0.0146249079769912,{},7ed3ebee8562f01fbf17,lagged_latest_vintage,,,,,Ridge,20260907T110238_05472b002539:price:20,price,20,2026-10-08,1개월,20.0,1783000.0,있음,0.0373464177539632,1849588.662855317,1849588.662855317,1315134.9781391502,2384042.347571483,0.6801705756929638,simple,0.1982814558776101,0.1999044321157107,-0.005676515310967,0.003547093838482,0.4204139442503178,,,,,,,,,,,,,,pending,True,2026-09-24T01:27:55.053708+00:00,github-actions,7fa00c14b86e,0.0888324906077017,,,,,,,,,,,,,
3,20260907T110238_05472b002539,2026-09-07T11:02:45.204404+00:00,2026-09-08,2026-09-07,885412ad0547277f9bf8,a5cc2a709bb33ff3d7f7,close_to_close,0.0146249079769912,{},7ed3ebee8562f01fbf17,lagged_latest_vintage,,,,,Ridge,20260907T110238_05472b002539:open:1,open,1,2026-09-08,시초가,1.0,1783000.0,있음,0.0182003360241651,,,,,0.8170731707317073,,0.0176527521269537,0.0232668343306176,-0.0070561265795276,-0.0042524368559196,1.0,1799000.0,1793000.0,0.008973639932697619,,,16451.19913108647,16451.19913108647,0.009144635425840172,0.009226696091467482,1.0,16451.19913108647,,,scored,True,2026-09-24T01:27:55.053708+00:00,github-actions,7fa00c14b86e,0.0182003360241651,1815451.1991310865,1815451.1991310865,1738486.8901900337,1892415.5080721392,0.8067343489894594,0.6267964717478417,,,,,,,
3,20260907T111555_7c1c873325b1,2026-09-07T11:16:02.036399+00:00,2026-09-08,2026-09-07,3839f302eb4a05d1fef7,a5cc2a709bb33ff3d7f7,close_to_close,0.0146249079769912,{},7ed3ebee8562f01fbf17,lagged_latest_vintage,보합,0.3111362608937856,0.368371886599967,0.3204918525062473,Logistic,20260907T111555_7c1c873325b1:direction:Logistic,direction,1,2026-09-08,,,,,,,,,,,,,,,,,1799000.0,1793000.0,0.005608524957936067,1.0,1.0,,,,,,,0.9986622896736906,0.598474874003137,scored,True,2026-09-24T01:27:55.053708+00:00,github-actions,7fa00c14b86e,,,,,,,,,,,,,,
3,20260907T111555_7c1c873325b1,2026-09-07T11:16:02.036399+00:00,2026-09-08,2026-09-07,3839f302eb4a05d1fef7,a5cc2a709bb33ff3d7f7,close_to_close,0.0146249079769912,{},7ed3ebee8562f01fbf17,lagged_latest_vintage,상승,0.1755160464888595,0.2306244027432937,0.5938595507678468,LightGBM,20260907T111555_7c1c873325b1:direction:LightGBM,direction,1,2026-09-08,,,,,,,,,,,,,,,,,1799000.0,1793000.0,0.005608524957936067,1.0,0.0,,,,,,,1.4669648539216746,0.9754138582673817,scored,True,2026-09-24T01:27:55.053708+00:00,github-actions,7fa00c14b86e,,,,,,,,,,,,,,
3,20260907T111555_7c1c873325b1,2026-09-07T11:16:02.036399+00:00,2026-09-08,2026-09-07,3839f302eb4a05d1fef7,a5cc2a709bb33ff3d7f7,close_to_close,0.0146249079769912,{},7ed3ebee8562f01fbf17,lagged_latest_vintage,상승,0.2433261536913225,0.2994981446716304,0.457175701637047,Mean ensemble,20260907T111555_7c1c873325b1:direction:Mean ensemble,direction,1,2026-09-08,,,,,,,,,,,,,,,,,1799000.0,1793000.0,0.005608524957936067,1.0,0.0,,,,,,,1.2056470561983066,0.7589200885560273,scored,True,2026-09-24T01:27:55.053708+00:00,github-actions,7fa00c14b86e,,,,,,,,,,,,,,
3,20260907T111555_7c1c873325b1,2026-09-07T11:16:02.036399+00:00,2026-09-08,2026-09-07,3839f302eb4a05d1fef7,a5cc2a709bb33ff3d7f7,close_to_close,0.0146249079769912,{},7ed3ebee8562f01fbf17,lagged_latest_vintage,상승,0.192279044752087,0.367776002853194,0.439944952394719,No macro ensemble,20260907T111555_7c1c873325b1:direction:No macro ensemble,direction,1,2026-09-08,,,,,,,,,,,,,,,,,1799000.0,1793000.0,0.005608524957936067,1.0,0.0,,,,,,,1.000281214037822,0.6302299747566512,scored,True,2026-09-24T01:27:55.053708+00:00,github-actions,7fa00c14b86e,,,,,,,,,,,,,,
3,20260907T111555_7c1c873325b1,2026-09-07T11:16:02.036399+00:00,2026-09-08,2026-09-07,3839f302eb4a05d1fef7,a5cc2a709bb33ff3d7f7,close_to_close,0.0146249079769912,{},7ed3ebee8562f01fbf17,lagged_latest_vintage,상승,0.241768167621487,0.3725125940042999,0.3857192383742131,No NSI ensemble,20260907T111555_7c1c873325b1:direction:No NSI ensemble,direction,1,2026-09-08,,,,,,,,,,,,,,,,,1799000.0,1793000.0,0.005608524957936067,1.0,0.0,,,,,,,0.9874844323265314,0.600971622410247,scored,True,2026-09-24T01:27:55.053708+00:00,github-actions,7fa00c14b86e,,,,,,,,,,,,,,
3,20260907T111555_7c1c873325b1,2026-09-07T11:16:02.036399+00:00,2026-09-08,2026-09-07,3839f302eb4a05d1fef7,a5cc2a709bb33ff3d7f7,close_to_close,0.0146249079769912,{},7ed3ebee8562f01fbf17,lagged_latest_vintage,,,,,Ridge,20260907T111555_7c1c873325b1:price:1,price,1,2026-09-08,1거래일,1.0,1783000.0,있음,0.0092266287495905,1799451.07906052,1799451.07906052,1690209.7469493009,1908692.41117174,0.805439330543933,simple,0.0308618540756182,0.0337667922948522,-0.0040154873707978,-0.0019085109757541,1.0,1799000.0,1793000.0,0.005608524957936067,,,6451.0790605200455,6451.0790605200455,0.003597924740948157,0.0036181037916544322,1.0,6451.0790605200455,,,scored,True,2026-09-24T01:27:55.053708+00:00,github-actions,7fa00c14b86e,0.0092266287495905,,,,,,,,,,,,,
3,20260907T111555_7c1c873325b1,2026-09-07T11:16:02.036399+00:00,2026-09-08,2026-09-07,3839f302eb4a05d1fef7,a5cc2a709bb33ff3d7f7,close_to_close,0.0146249079769912,{},7ed3ebee8562f01fbf17,lagged_latest_vintage,,,,,Ridge,20260907T111555_7c1c873325b1:price:5,price,5,2026-09-14,1주일,5.0,1783000.0,없음,,,1783000.0,1536215.0196132828,2029784.9803867168,0.7494736842105263,simple,0.0759779067524648,0.0786702677599089,0.0,0.0,0.0,1707000.0,1697000.0,-0.04823331463825009,,,,,,,1.0,86000.0,,,scored,True,2026-09-24T01:27:55.053708+00:00,github-actions,7fa00c14b86e,0.0209146345323572,,,,,,,,,,,,,
3,20260907T111555_7c1c873325b1,2026-09-07T11:16:02.036399+00:00,2026-09-08,2026-09-07,3839f302eb4a05d1fef7,a5cc2a709bb33ff3d7f7,close_to_close,0.0146249079769912,{},7ed3ebee8562f01fbf17,lagged_latest_vintage,,,,,Ridge,20260907T111555_7c1c873325b1:price:20,price,20,2026-10-08,1개월,20.0,1783000.0,있음,0.0373463490417212,1849588.540341389,1849588.540341389,1315135.6873637536,2384041.393319024,0.6801705756929638,simple,0.198281480574822,0.1999044321157107,-0.0056765245955285,0.0035471145331645,0.4204139702416208,,,,,,,,,,,,,,pending,True,2026-09-24T01:27:55.053708+00:00,github-actions,7fa00c14b86e,0.0888323216763171,,,,,,,,,,,,,
3,20260907T111555_7c1c873325b1,2026-09-07T11:16:02.036399+00:00,2026-09-08,2026-09-07,3839f302eb4a05d1fef7,a5cc2a709bb33ff3d7f7,close_to_close,0.0146249079769912,{},7ed3ebee8562f01fbf17,lagged_latest_vintage,,,,,Ridge,20260907T111555_7c1c873325b1:open:1,open,1,2026-09-08,시초가,1.0,1783000.0,있음,0.0182003434747457,,,,,0.8170731707317073,,0.017652753024697,0.0232668343306176,-0.0070561258489494,-0.0042524366817064,1.0,1799000.0,1793000.0,0.008973639932697619,,,16451.212415471906,16451.212415471906,0.009144642810156702,0.00922670354204808,1.0,16451.212415471906,,,scored,True,2026-09-24T01:27:55.053708+00:00,github-actions,7fa00c14b86e,0.0182003434747457,1815451.212415472,1815451.212415472,1738486.8876637626,1892415.5371671808,0.8067343489894594,0.6267964378598271,,,,,,,
3,20260907T191900_a34fdaabe28d,2026-09-07T19:19:09.154155+00:00,2026-09-08,2026-09-07,7d6d2a8f947026c200be,a5cc2a709bb33ff3d7f7,close_to_close,0.0146249079769912,{},7ed3ebee8562f01fbf17,lagged_latest_vintage,상승,0.2812292309462618,0.3358794453982742,0.382891323655464,Logistic,20260907T191900_a34fdaabe28d:direction:Logistic,direction,1,2026-09-08,,,,,,,,,,,,,,,,,1799000.0,1793000.0,0.005608524957936067,1.0,0.0,,,,,,,1.091002976858223,0.666751757113763,scored,True,2026-09-24T01:27:55.053708+00:00,github-actions,7fa00c14b86e,,,,,,,,,,,,,,
3,20260907T191900_a34fdaabe28d,2026-09-07T19:19:09.154155+00:00,2026-09-08,2026-09-07,7d6d2a8f947026c200be,a5cc2a709bb33ff3d7f7,close_to_close,0.0146249079769912,{},7ed3ebee8562f01fbf17,lagged_latest_vintage,상승,0.2042873825018943,0.2709240367186405,0.5247885807794651,LightGBM,20260907T191900_a34fdaabe28d:direction:LightGBM,direction,1,2026-09-08,,,,,,,,,,,,,,,,,1799000.0,1793000.0,0.005608524957936067,1.0,0.0,,,,,,,1.305916804707163,0.8486881494006429,scored,True,2026-09-24T01:27:55.053708+00:00,github-actions,7fa00c14b86e,,,,,,,,,,,,,,
3,20260907T191900_a34fdaabe28d,2026-09-07T19:19:09.154155+00:00,2026-09-08,2026-09-07,7d6d2a8f947026c200be,a5cc2a709bb33ff3d7f7,close_to_close,0.0146249079769912,{},7ed3ebee8562f01fbf17,lagged_latest_vintage,상승,0.242758306724078,0.3034017410584574,0.4538399522174645,Mean ensemble,20260907T191900_a34fdaabe28d:direction:Mean ensemble,direction,1,2026-09-08,,,,,,,,,,,,,,,,,1799000.0,1793000.0,0.005608524957936067,1.0,0.0,,,,,,,1.192697473592221,0.7501514320726804,scored,True,2026-09-24T01:27:55.053708+00:00,github-actions,7fa00c14b86e,,,,,,,,,,,,,,
3,20260907T191900_a34fdaabe28d,2026-09-07T19:19:09.154155+00:00,2026-09-08,2026-09-07,7d6d2a8f947026c200be,a5cc2a709bb33ff3d7f7,close_to_close,0.0146249079769912,{},7ed3ebee8562f01fbf17,lagged_latest_vintage,상승,0.1968655805411922,0.3413296527006064,0.4618047667582013,No macro ensemble,20260907T191900_a34fdaabe28d:direction:No macro ensemble,direction,1,2026-09-08,,,,,,,,,,,,,,,,,1799000.0,1793000.0,0.005608524957936067,1.0,0.0,,,,,,,1.0749065452126239,0.6858663258139213,scored,True,2026-09-24T01:27:55.053708+00:00,github-actions,7fa00c14b86e,,,,,,,,,,,,,,
3,20260907T191900_a34fdaabe28d,2026-09-07T19:19:09.154155+00:00,2026-09-08,2026-09-07,7d6d2a8f947026c200be,a5cc2a709bb33ff3d7f7,close_to_close,0.0146249079769912,{},7ed3ebee8562f01fbf17,lagged_latest_vintage,상승,0.2201839549288566,0.3514753730833089,0.4283406719878345,No NSI ensemble,20260907T191900_a34fdaabe28d:direction:No NSI ensemble,direction,1,2026-09-08,,,,,,,,,,,,,,,,,1799000.0,1793000.0,0.005608524957936067,1.0,0.0,,,,,,,1.0456156325377937,0.6525408970045358,scored,True,2026-09-24T01:27:55.053708+00:00,github-actions,7fa00c14b86e,,,,,,,,,,,,,,
3,20260907T191900_a34fdaabe28d,2026-09-07T19:19:09.154155+00:00,2026-09-08,2026-09-07,7d6d2a8f947026c200be,a5cc2a709bb33ff3d7f7,close_to_close,0.0146249079769912,{},7ed3ebee8562f01fbf17,lagged_latest_vintage,,,,,Ridge,20260907T191900_a34fdaabe28d:price:1,price,1,2026-09-08,1거래일,1.0,1783000.0,있음,0.0115055981704589,1803514.4815379288,1803514.4815379288,1694273.4494151387,1912755.5136607185,0.805439330543933,simple,0.030861852938333,0.0337667922948522,-0.0040154888407981,-0.001908510791163,1.0,1799000.0,1793000.0,0.005608524957936067,,,10514.481537928805,10514.481537928805,0.005864183791371336,0.005897073212522832,1.0,10514.481537928805,,,scored,True,2026-09-24T01:27:55.053708+00:00,github-actions,7fa00c14b86e,0.0115055981704589,,,,,,,,,,,,,
3,20260907T191900_a34fdaabe28d,2026-09-07T19:19:09.154155+00:00,2026-09-08,2026-09-07,7d6d2a8f947026c200be,a5cc2a709bb33ff3d7f7,close_to_close,0.0146249079769912,{},7ed3ebee8562f01fbf17,lagged_latest_vintage,,,,,Ridge,20260907T191900_a34fdaabe28d:price:5,price,5,2026-09-14,1주일,5.0,1783000.0,없음,,,1783000.0,1536215.2900502223,2029784.7099497768,0.7494736842105263,simple,0.0759779114824636,0.0786702677599089,0.0,0.0,0.0,1707000.0,1697000.0,-0.04823331463825009,,,,,,,1.0,86000.0,,,scored,True,2026-09-24T01:27:55.053708+00:00,github-actions,7fa00c14b86e,0.0228198767986804,,,,,,,,,,,,,
3,20260907T191900_a34fdaabe28d,2026-09-07T19:19:09.154155+00:00,2026-09-08,2026-09-07,7d6d2a8f947026c200be,a5cc2a709bb33ff3d7f7,close_to_close,0.0146249079769912,{},7ed3ebee8562f01fbf17,lagged_latest_vintage,,,,,Ridge,20260907T191900_a34fdaabe28d:price:20,price,20,2026-10-08,1개월,20.0,1783000.0,있음,0.0378309195403746,1850452.5295404885,1850452.5295404885,1315998.4843997674,2384906.574681209,0.6801705756929638,simple,0.1982815050110051,0.1999044321157107,-0.0056765288046025,0.0035471304070514,0.4204138365980115,,,,,,,,,,,,,,pending,True,2026-09-24T01:27:55.053708+00:00,github-actions,7fa00c14b86e,0.0899849535079588,,,,,,,,,,,,,
3,20260907T191900_a34fdaabe28d,2026-09-07T19:19:09.154155+00:00,2026-09-08,2026-09-07,7d6d2a8f947026c200be,a5cc2a709bb33ff3d7f7,close_to_close,0.0146249079769912,{},7ed3ebee8562f01fbf17,lagged_latest_vintage,,,,,Ridge,20260907T191900_a34fdaabe28d:open:1,open,1,2026-09-08,시초가,1.0,1783000.0,있음,0.0209198426455259,,,,,0.8170731707317073,,0.0176527532954629,0.0232668343306176,-0.007056125118078,-0.0042524358278852,1.0,1799000.0,1793000.0,0.008973639932697619,,,21300.079436972737,21300.079436972737,0.011839955217883679,0.011946202712828282,1.0,21300.079436972737,,,scored,True,2026-09-24T01:27:55.053708+00:00,github-actions,7fa00c14b86e,0.0209198426455259,1820300.0794369727,1820300.0794369727,1743335.7476345657,1897264.41123938,0.8067352517414084,0.6267964192807259,,,,,,,
3,20260907T231836_d4ad2e6ec029,2026-09-07T23:18:46.095934+00:00,2026-09-08,2026-09-07,26b8174858a545adee65,a5cc2a709bb33ff3d7f7,close_to_close,0.0146249079769912,{},7ed3ebee8562f01fbf17,lagged_latest_vintage,상승,0.2869046982114884,0.3328443483444312,0.3802509534440803,Logistic,20260907T231836_d4ad2e6ec029:direction:Logistic,direction,1,2026-09-08,,,,,,,,,,,,,,,,,1799000.0,1793000.0,0.005608524957936067,1.0,0.0,,,,,,,1.100080320666687,0.672001756986924,scored,True,2026-09-24T01:27:55.053708+00:00,github-actions,7fa00c14b86e,,,,,,,,,,,,,,
3,20260907T231836_d4ad2e6ec029,2026-09-07T23:18:46.095934+00:00,2026-09-08,2026-09-07,26b8174858a545adee65,a5cc2a709bb33ff3d7f7,close_to_close,0.0146249079769912,{},7ed3ebee8562f01fbf17,lagged_latest_vintage,상승,0.1438753628360822,0.2735421717255006,0.5825824654384171,LightGBM,20260907T231836_d4ad2e6ec029:direction:LightGBM,direction,1,2026-09-08,,,,,,,,,,,,,,,,,1799000.0,1793000.0,0.005608524957936067,1.0,0.0,,,,,,,1.296299476225962,0.887843425328821,scored,True,2026-09-24T01:27:55.053708+00:00,github-actions,7fa00c14b86e,,,,,,,,,,,,,,
3,20260907T231836_d4ad2e6ec029,2026-09-07T23:18:46.095934+00:00,2026-09-08,2026-09-07,26b8174858a545adee65,a5cc2a709bb33ff3d7f7,close_to_close,0.0146249079769912,{},7ed3ebee8562f01fbf17,lagged_latest_vintage,상승,0.2153900305237853,0.3031932600349659,0.4814167094412487,Mean ensemble,20260907T231836_d4ad2e6ec029:direction:Mean ensemble,direction,1,2026-09-08,,,,,,,,,,,,,,,,,1799000.0,1793000.0,0.005608524957936067,1.0,0.0,,,,,,,1.1933848548971262,0.7636945462389755,scored,True,2026-09-24T01:27:55.053708+00:00,github-actions,7fa00c14b86e,,,,,,,,,,,,,,
3,20260907T231836_d4ad2e6ec029,2026-09-07T23:18:46.095934+00:00,2026-09-08,2026-09-07,26b8174858a545adee65,a5cc2a709bb33ff3d7f7,close_to_close,0.0146249079769912,{},7ed3ebee8562f01fbf17,lagged_latest_vintage,상승,0.2036735462684313,0.3675371471506782,0.4287893065808905,No macro ensemble,20260907T231836_d4ad2e6ec029:direction:No macro ensemble,direction,1,2026-09-08,,,,,,,,,,,,,,,,,1799000.0,1793000.0,0.005608524957936067,1.0,0.0,,,,,,,1.0009308847554361,0.6253524431219826,scored,True,2026-09-24T01:27:55.053708+00:00,github-actions,7fa00c14b86e,,,,,,,,,,,,,,
3,20260907T231836_d4ad2e6ec029,2026-09-07T23:18:46.095934+00:00,2026-09-08,2026-09-07,26b8174858a545adee65,a5cc2a709bb33ff3d7f7,close_to_close,0.0146249079769912,{},7ed3ebee8562f01fbf17,lagged_latest_vintage,상승,0.2241579546669319,0.3575063281631058,0.4183357171699622,No NSI ensemble,20260907T231836_d4ad2e6ec029:direction:No NSI ensemble,direction,1,2026-09-08,,,,,,,,,,,,,,,,,1799000.0,1793000.0,0.005608524957936067,1.0,0.0,,,,,,,1.0286022158491974,0.6380496792510235,scored,True,2026-09-24T01:27:55.053708+00:00,github-actions,7fa00c14b86e,,,,,,,,,,,,,,
3,20260907T231836_d4ad2e6ec029,2026-09-07T23:18:46.095934+00:00,2026-09-08,2026-09-07,26b8174858a545adee65,a5cc2a709bb33ff3d7f7,close_to_close,0.0146249079769912,{},7ed3ebee8562f01fbf17,lagged_latest_vintage,,,,,Ridge,20260907T231836_d4ad2e6ec029:price:1,price,1,2026-09-08,1거래일,1.0,1783000.0,있음,0.0106821357358666,1802046.24801705,1802046.24801705,1692805.0149004487,1911287.481133652,0.805439330543933,simple,0.0308618522150791,0.0337667922948522,-0.004015491248478,-0.0019085110544896,1.0,1799000.0,1793000.0,0.005608524957936067,,,9046.248017050093,9046.248017050093,0.005045314008393805,0.005073610777930532,1.0,9046.248017050093,,,scored,True,2026-09-24T01:27:55.053708+00:00,github-actions,7fa00c14b86e,0.0106821357358666,,,,,,,,,,,,,
3,20260907T231836_d4ad2e6ec029,2026-09-07T23:18:46.095934+00:00,2026-09-08,2026-09-07,26b8174858a545adee65,a5cc2a709bb33ff3d7f7,close_to_close,0.0146249079769912,{},7ed3ebee8562f01fbf17,lagged_latest_vintage,,,,,Ridge,20260907T231836_d4ad2e6ec029:price:5,price,5,2026-09-14,1주일,5.0,1783000.0,없음,,,1783000.0,1536214.9050225571,2029785.094977443,0.7494736842105263,simple,0.0759779057767837,0.0786702677599089,0.0,0.0,0.0,1707000.0,1697000.0,-0.04823331463825009,,,,,,,1.0,86000.0,,,scored,True,2026-09-24T01:27:55.053708+00:00,github-actions,7fa00c14b86e,0.0214823674343697,,,,,,,,,,,,,
3,20260907T231836_d4ad2e6ec029,2026-09-07T23:18:46.095934+00:00,2026-09-08,2026-09-07,26b8174858a545adee65,a5cc2a709bb33ff3d7f7,close_to_close,0.0146249079769912,{},7ed3ebee8562f01fbf17,lagged_latest_vintage,,,,,Ridge,20260907T231836_d4ad2e6ec029:price:20,price,20,2026-10-08,1개월,20.0,1783000.0,있음,0.0374023739762901,1849688.432799725,1849688.432799725,1315234.7879310427,2384142.0776684075,0.6801705756929638,simple,0.1982815101917557,0.1999044321157107,-0.0056765404874137,0.0035471443041209,0.4204144637721714,,,,,,,,,,,,,,pending,True,2026-09-24T01:27:55.053708+00:00,github-actions,7fa00c14b86e,0.0889654785915239,,,,,,,,,,,,,
3,20260907T231836_d4ad2e6ec029,2026-09-07T23:18:46.095934+00:00,2026-09-08,2026-09-07,26b8174858a545adee65,a5cc2a709bb33ff3d7f7,close_to_close,0.0146249079769912,{},7ed3ebee8562f01fbf17,lagged_latest_vintage,,,,,Ridge,20260907T231836_d4ad2e6ec029:open:1,open,1,2026-09-08,시초가,1.0,1783000.0,있음,0.0198372472077608,,,,,0.8170731707317073,,0.0176527523053095,0.0232668343306176,-0.0070561259858121,-0.0042524369814711,1.0,1799000.0,1793000.0,0.008973639932697619,,,19369.811771437293,19369.811771437293,0.010766988199798384,0.010863607275063181,1.0,19369.811771437293,,,scored,True,2026-09-24T01:27:55.053708+00:00,github-actions,7fa00c14b86e,0.0198372472077608,1818369.8117714373,1818369.8117714373,1741405.4677905515,1895334.155752323,0.8067343489894594,0.62679644911558,,,,,,,
3,20260908T053348_885e51d0ad68,2026-09-08T05:34:00.195464+00:00,2026-09-08,2026-09-07,20979fcf56308cb2e07e,8c8c549729608f3e580c,close_to_close,0.0146249079769912,{},7ed3ebee8562f01fbf17,lagged_latest_vintage,보합,0.3065108629481788,0.3995479476547572,0.293941189397064,Logistic,20260908T053348_885e51d0ad68:direction:Logistic,direction,1,2026-09-08,,,,,,,,,,,,,,,,,1799000.0,1793000.0,0.005608524957936067,1.0,1.0,,,,,,,0.9174215018166869,0.540892999095012,scored,False,2026-09-24T01:27:55.053708+00:00,github-actions,7fa00c14b86e,,,,,,,,,,,,,,
3,20260908T053348_885e51d0ad68,2026-09-08T05:34:00.195464+00:00,2026-09-08,2026-09-07,20979fcf56308cb2e07e,8c8c549729608f3e580c,close_to_close,0.0146249079769912,{},7ed3ebee8562f01fbf17,lagged_latest_vintage,상승,0.1937152136316526,0.2090104626223891,0.5972743237459582,LightGBM,20260908T053348_885e51d0ad68:direction:LightGBM,direction,1,2026-09-08,,,,,,,,,,,,,,,,,1799000.0,1793000.0,0.005608524957936067,1.0,0.0,,,,,,,1.5653709678760994,1.0199266500393955,scored,False,2026-09-24T01:27:55.053708+00:00,github-actions,7fa00c14b86e,,,,,,,,,,,,,,
3,20260908T053348_885e51d0ad68,2026-09-08T05:34:00.195464+00:00,2026-09-08,2026-09-07,20979fcf56308cb2e07e,8c8c549729608f3e580c,close_to_close,0.0146249079769912,{},7ed3ebee8562f01fbf17,lagged_latest_vintage,상승,0.2501130382899157,0.3042792051385732,0.4456077565715111,Mean ensemble,20260908T053348_885e51d0ad68:direction:Mean ensemble,direction,1,2026-09-08,,,,,,,,,,,,,,,,,1799000.0,1793000.0,0.005608524957936067,1.0,0.0,,,,,,,1.1898095611261568,0.7451502290419234,scored,False,2026-09-24T01:27:55.053708+00:00,github-actions,7fa00c14b86e,,,,,,,,,,,,,,
3,20260908T053348_885e51d0ad68,2026-09-08T05:34:00.195464+00:00,2026-09-08,2026-09-07,20979fcf56308cb2e07e,8c8c549729608f3e580c,close_to_close,0.0146249079769912,{},7ed3ebee8562f01fbf17,lagged_latest_vintage,상승,0.2226840644420306,0.3498051575358983,0.427510778022071,No macro ensemble,20260908T053348_885e51d0ad68:direction:No macro ensemble,direction,1,2026-09-08,,,,,,,,,,,,,,,,,1799000.0,1793000.0,0.005608524957936067,1.0,0.0,,,,,,,1.0503789722641972,0.655106991048377,scored,False,2026-09-24T01:27:55.053708+00:00,github-actions,7fa00c14b86e,,,,,,,,,,,,,,
3,20260908T053348_885e51d0ad68,2026-09-08T05:34:00.195464+00:00,2026-09-08,2026-09-07,20979fcf56308cb2e07e,8c8c549729608f3e580c,close_to_close,0.0146249079769912,{},7ed3ebee8562f01fbf17,lagged_latest_vintage,상승,0.2472381398158798,0.3320659969157643,0.4206958632683558,No NSI ensemble,20260908T053348_885e51d0ad68:direction:No NSI ensemble,direction,1,2026-09-08,,,,,,,,,,,,,,,,,1799000.0,1793000.0,0.005608524957936067,1.0,0.0,,,,,,,1.1024215439300893,0.6842475396268555,scored,False,2026-09-24T01:27:55.053708+00:00,github-actions,7fa00c14b86e,,,,,,,,,,,,,,
3,20260908T053348_885e51d0ad68,2026-09-08T05:34:00.195464+00:00,2026-09-08,2026-09-07,20979fcf56308cb2e07e,8c8c549729608f3e580c,close_to_close,0.0146249079769912,{},7ed3ebee8562f01fbf17,lagged_latest_vintage,상승,0.2560911346514636,0.2736662041459072,0.4702426612026291,No flow ensemble,20260908T053348_885e51d0ad68:direction:No flow ensemble,direction,1,2026-09-08,,,,,,,,,,,,,,,,,1799000.0,1793000.0,0.005608524957936067,1.0,0.0,,,,,,,1.2958461482872838,0.8142716126618197,scored,False,2026-09-24T01:27:55.053708+00:00,github-actions,7fa00c14b86e,,,,,,,,,,,,,,
3,20260908T053348_885e51d0ad68,2026-09-08T05:34:00.195464+00:00,2026-09-08,2026-09-07,20979fcf56308cb2e07e,8c8c549729608f3e580c,close_to_close,0.0146249079769912,{},7ed3ebee8562f01fbf17,lagged_latest_vintage,,,,,Ridge,20260908T053348_885e51d0ad68:price:1,price,1,2026-09-08,1거래일,1.0,1783000.0,있음,0.0079632537240009,1797198.4813898937,1797198.4813898937,1688435.9020205613,1905961.0607592256,0.8071278825995807,simple,0.0305860783800987,0.0334748383276541,-0.004000268917472,-0.0018956351836024,1.0,1799000.0,1793000.0,0.005608524957936067,,,4198.4813898936845,4198.4813898936845,0.002341595867202278,0.0023547287660648317,1.0,4198.4813898936845,,,scored,False,2026-09-24T01:27:55.053708+00:00,github-actions,7fa00c14b86e,0.0079632537240009,,,,,,,,,,,,,
3,20260908T053348_885e51d0ad68,2026-09-08T05:34:00.195464+00:00,2026-09-08,2026-09-07,20979fcf56308cb2e07e,8c8c549729608f3e580c,close_to_close,0.0146249079769912,{},7ed3ebee8562f01fbf17,lagged_latest_vintage,,,,,Ridge,20260908T053348_885e51d0ad68:price:5,price,5,2026-09-14,1주일,5.0,1783000.0,없음,,,1783000.0,1535023.7187052928,2030976.281294708,0.7531645569620253,simple,0.0758884577121784,0.0786260671487909,0.0,0.0,0.0,1707000.0,1697000.0,-0.04823331463825009,,,,,,,1.0,86000.0,,,scored,False,2026-09-24T01:27:55.053708+00:00,github-actions,7fa00c14b86e,0.0193241504196532,,,,,,,,,,,,,
3,20260908T053348_885e51d0ad68,2026-09-08T05:34:00.195464+00:00,2026-09-08,2026-09-07,20979fcf56308cb2e07e,8c8c549729608f3e580c,close_to_close,0.0146249079769912,{},7ed3ebee8562f01fbf17,lagged_latest_vintage,,,,,Ridge,20260908T053348_885e51d0ad68:price:20,price,20,2026-10-08,1개월,20.0,1783000.0,없음,,,1783000.0,1260420.0554457298,2305579.9445542702,0.6645299145299145,simple,0.197422400665247,0.19916994868688,0.0,0.0,0.0,,,,,,,,,,,,,,pending,False,2026-09-24T01:27:55.053708+00:00,github-actions,7fa00c14b86e,0.0875590013651223,,,,,,,,,,,,,
3,20260908T053348_885e51d0ad68,2026-09-08T05:34:00.195464+00:00,2026-09-08,2026-09-07,20979fcf56308cb2e07e,8c8c549729608f3e580c,close_to_close,0.0146249079769912,{},7ed3ebee8562f01fbf17,lagged_latest_vintage,,,,,Ridge,20260908T053348_885e51d0ad68:open:1,open,1,2026-09-08,시초가예측,1.0,1783000.0,있음,0.0168656595051288,,,,,0.8237347294938918,,0.0173243798506031,0.0230068501517672,-0.0071120985824492,-0.0043054167600579,1.0,1799000.0,1793000.0,0.008973639932697619,,,14071.470897644758,14071.470897644758,0.007821829292743056,0.007892019572431182,1.0,14071.470897644758,,,scored,False,2026-09-24T01:27:55.053708+00:00,github-actions,7fa00c14b86e,0.0168656595051288,1813071.4708976448,1813071.4708976448,1736129.997662143,1890012.9441331464,0.8089702473162361,0.6310784031762777,,,,,,,
3,20260908T165332_babc96dc2b72,2026-09-08T16:53:42.264036+00:00,2026-09-08,2026-09-07,8bc255387a5a286bb512,15c2fee718d49a56adee,close_to_close,0.0146249079769912,{},7ed3ebee8562f01fbf17,lagged_latest_vintage,상승,0.3302189806168967,0.3190824484551683,0.350698570927935,Logistic,20260908T165332_babc96dc2b72:direction:Logistic,direction,1,2026-09-08,,,,,,,,,,,,,,,,,1799000.0,1793000.0,0.005608524957936067,1.0,0.0,,,,,,,1.1423057504849827,0.6956827748123668,scored,False,2026-09-24T01:27:55.053708+00:00,github-actions,7fa00c14b86e,,,,,,,,,,,,,,
3,20260908T165332_babc96dc2b72,2026-09-08T16:53:42.264036+00:00,2026-09-08,2026-09-07,8bc255387a5a286bb512,15c2fee718d49a56adee,close_to_close,0.0146249079769912,{},7ed3ebee8562f01fbf17,lagged_latest_vintage,상승,0.2029731090077742,0.2537270921245667,0.5432997988676591,LightGBM,20260908T165332_babc96dc2b72:direction:LightGBM,direction,1,2026-09-08,,,,,,,,,,,,,,,,,1799000.0,1793000.0,0.005608524957936067,1.0,0.0,,,,,,,1.3714960300429937,0.8932960074587757,scored,False,2026-09-24T01:27:55.053708+00:00,github-actions,7fa00c14b86e,,,,,,,,,,,,,,
3,20260908T165332_babc96dc2b72,2026-09-08T16:53:42.264036+00:00,2026-09-08,2026-09-07,8bc255387a5a286bb512,15c2fee718d49a56adee,close_to_close,0.0146249079769912,{},7ed3ebee8562f01fbf17,lagged_latest_vintage,상승,0.2665960448123354,0.2864047702898675,0.446999184897797,Mean ensemble,20260908T165332_babc96dc2b72:direction:Mean ensemble,direction,1,2026-09-08,,,,,,,,,,,,,,,,,1799000.0,1793000.0,0.005608524957936067,1.0,0.0,,,,,,,1.2503491879943165,0.7800998742739325,scored,False,2026-09-24T01:27:55.053708+00:00,github-actions,7fa00c14b86e,,,,,,,,,,,,,,
3,20260908T165332_babc96dc2b72,2026-09-08T16:53:42.264036+00:00,2026-09-08,2026-09-07,8bc255387a5a286bb512,15c2fee718d49a56adee,close_to_close,0.0146249079769912,{},7ed3ebee8562f01fbf17,lagged_latest_vintage,상승,0.2355024917138612,0.32545706153601,0.4390404467501287,No macro ensemble,20260908T165332_babc96dc2b72:direction:No macro ensemble,direction,1,2026-09-08,,,,,,,,,,,,,,,,,1799000.0,1793000.0,0.005608524957936067,1.0,0.0,,,,,,,1.1225247414390784,0.7032261133176241,scored,False,2026-09-24T01:27:55.053708+00:00,github-actions,7fa00c14b86e,,,,,,,,,,,,,,
3,20260908T165332_babc96dc2b72,2026-09-08T16:53:42.264036+00:00,2026-09-08,2026-09-07,8bc255387a5a286bb512,15c2fee718d49a56adee,close_to_close,0.0146249079769912,{},7ed3ebee8562f01fbf17,lagged_latest_vintage,상승,0.2557062340619621,0.3058926036025945,0.4384011623354433,No NSI ensemble,20260908T165332_babc96dc2b72:direction:No NSI ensemble,direction,1,2026-09-08,,,,,,,,,,,,,,,,,1799000.0,1793000.0,0.005608524957936067,1.0,0.0,,,,,,,1.1845212072526285,0.7393663350088036,scored,False,2026-09-24T01:27:55.053708+00:00,github-actions,7fa00c14b86e,,,,,,,,,,,,,,
3,20260908T165332_babc96dc2b72,2026-09-08T16:53:42.264036+00:00,2026-09-08,2026-09-07,8bc255387a5a286bb512,15c2fee718d49a56adee,close_to_close,0.0146249079769912,{},7ed3ebee8562f01fbf17,lagged_latest_vintage,상승,0.27081691206549,0.2796314350593278,0.4495516528751821,No flow ensemble,20260908T165332_babc96dc2b72:direction:No flow ensemble,direction,1,2026-09-08,,,,,,,,,,,,,,,,,1799000.0,1793000.0,0.005608524957936067,1.0,0.0,,,,,,,1.2742828462606826,0.794369357818179,scored,False,2026-09-24T01:27:55.053708+00:00,github-actions,7fa00c14b86e,,,,,,,,,,,,,,
3,20260908T165332_babc96dc2b72,2026-09-08T16:53:42.264036+00:00,2026-09-08,2026-09-07,8bc255387a5a286bb512,15c2fee718d49a56adee,close_to_close,0.0146249079769912,{},7ed3ebee8562f01fbf17,lagged_latest_vintage,,,,,Ridge,20260908T165332_babc96dc2b72:price:1,price,1,2026-09-08,1거래일,1.0,1783000.0,있음,0.0079632580825631,1797198.48916121,1797198.48916121,1688435.7163902842,1905961.261932136,0.8071278825995807,simple,0.0305860782385865,0.0334748383276541,-0.004000267040321,-0.0018956359554,1.0,1799000.0,1793000.0,0.005608524957936067,,,4198.489161209902,4198.489161209902,0.002341600201455606,0.002354733124627032,1.0,4198.489161209902,,,scored,False,2026-09-24T01:27:55.053708+00:00,github-actions,7fa00c14b86e,0.0079632580825631,,,,,,,,,,,,,
3,20260908T165332_babc96dc2b72,2026-09-08T16:53:42.264036+00:00,2026-09-08,2026-09-07,8bc255387a5a286bb512,15c2fee718d49a56adee,close_to_close,0.0146249079769912,{},7ed3ebee8562f01fbf17,lagged_latest_vintage,,,,,Ridge,20260908T165332_babc96dc2b72:price:5,price,5,2026-09-14,1주일,5.0,1783000.0,없음,,,1783000.0,1535024.334607046,2030975.665392954,0.7531645569620253,simple,0.0758884516195012,0.0786260671487909,0.0,0.0,0.0,1707000.0,1697000.0,-0.04823331463825009,,,,,,,1.0,86000.0,,,scored,False,2026-09-24T01:27:55.053708+00:00,github-actions,7fa00c14b86e,0.0193241747847567,,,,,,,,,,,,,
3,20260908T165332_babc96dc2b72,2026-09-08T16:53:42.264036+00:00,2026-09-08,2026-09-07,8bc255387a5a286bb512,15c2fee718d49a56adee,close_to_close,0.0146249079769912,{},7ed3ebee8562f01fbf17,lagged_latest_vintage,,,,,Ridge,20260908T165332_babc96dc2b72:price:20,price,20,2026-10-08,1개월,20.0,1783000.0,없음,,,1783000.0,1260420.5176778366,2305579.4823221634,0.6645299145299145,simple,0.1974223942598303,0.19916994868688,0.0,0.0,0.0,,,,,,,,,,,,,,pending,False,2026-09-24T01:27:55.053708+00:00,github-actions,7fa00c14b86e,0.0875590468466487,,,,,,,,,,,,,
3,20260908T165332_babc96dc2b72,2026-09-08T16:53:42.264036+00:00,2026-09-08,2026-09-07,8bc255387a5a286bb512,15c2fee718d49a56adee,close_to_close,0.0146249079769912,{},7ed3ebee8562f01fbf17,lagged_latest_vintage,,,,,Ridge,20260908T165332_babc96dc2b72:open:1,open,1,2026-09-08,시초가예측,1.0,1783000.0,있음,0.0168656632304191,,,,,0.8237347294938918,,0.017324377134472,0.0230068501517672,-0.0071121012965884,-0.0043054191678723,1.0,1799000.0,1793000.0,0.008973639932697619,,,14071.477539836895,14071.477539836895,0.007821832984900998,0.007892023297721481,1.0,14071.477539836895,,,scored,False,2026-09-24T01:27:55.053708+00:00,github-actions,7fa00c14b86e,0.0168656632304191,1813071.477539837,1813071.477539837,1736129.99703998,1890012.9580396947,0.8089684333494171,0.6310784466941112,,,,,,,
3,20260908T170735_9543d7d489f8,2026-09-08T17:07:48.646725+00:00,2026-09-08,2026-09-07,15cce042abed4a88e2e7,15c2fee718d49a56adee,close_to_close,0.0146249079769912,{},7ed3ebee8562f01fbf17,lagged_latest_vintage,상승,0.3302191197872162,0.3190823793411255,0.3506985008716583,Logistic,20260908T170735_9543d7d489f8:direction:Logistic,direction,1,2026-09-08,,,,,,,,,,,,,,,,,1799000.0,1793000.0,0.005608524957936067,1.0,0.0,,,,,,,1.142305967087465,0.6956829117104153,scored,False,2026-09-24T01:27:55.053708+00:00,github-actions,7fa00c14b86e,,,,,,,,,,,,,,
3,20260908T170735_9543d7d489f8,2026-09-08T17:07:48.646725+00:00,2026-09-08,2026-09-07,15cce042abed4a88e2e7,15c2fee718d49a56adee,close_to_close,0.0146249079769912,{},7ed3ebee8562f01fbf17,lagged_latest_vintage,상승,0.2025481050683196,0.251189486756869,0.5462624081748113,LightGBM,20260908T170735_9543d7d489f8:direction:LightGBM,direction,1,2026-09-08,,,,,,,,,,,,,,,,,1799000.0,1793000.0,0.005608524957936067,1.0,0.0,,,,,,,1.381547697346444,0.9001455381951526,scored,False,2026-09-24T01:27:55.053708+00:00,github-actions,7fa00c14b86e,,,,,,,,,,,,,,
3,20260908T170735_9543d7d489f8,2026-09-08T17:07:48.646725+00:00,2026-09-08,2026-09-07,15cce042abed4a88e2e7,15c2fee718d49a56adee,close_to_close,0.0146249079769912,{},7ed3ebee8562f01fbf17,lagged_latest_vintage,상승,0.2663836124277679,0.2851359330489972,0.4484804545232348,Mean ensemble,20260908T170735_9543d7d489f8:direction:Mean ensemble,direction,1,2026-09-08,,,,,,,,,,,,,,,,,1799000.0,1793000.0,0.005608524957936067,1.0,0.0,,,,,,,1.2547892543551737,0.7831255812771623,scored,False,2026-09-24T01:27:55.053708+00:00,github-actions,7fa00c14b86e,,,,,,,,,,,,,,
3,20260908T170735_9543d7d489f8,2026-09-08T17:07:48.646725+00:00,2026-09-08,2026-09-07,15cce042abed4a88e2e7,15c2fee718d49a56adee,close_to_close,0.0146249079769912,{},7ed3ebee8562f01fbf17,lagged_latest_vintage,상승,0.2373732467918181,0.32467000039092,0.4379567528172619,No macro ensemble,20260908T170735_9543d7d489f8:direction:No macro ensemble,direction,1,2026-09-08,,,,,,,,,,,,,,,,,1799000.0,1793000.0,0.005608524957936067,1.0,0.0,,,,,,,1.1249459959159114,0.7042227840027295,scored,False,2026-09-24T01:27:55.053708+00:00,github-actions,7fa00c14b86e,,,,,,,,,,,,,,
3,20260908T170735_9543d7d489f8,2026-09-08T17:07:48.646725+00:00,2026-09-08,2026-09-07,15cce042abed4a88e2e7,15c2fee718d49a56adee,close_to_close,0.0146249079769912,{},7ed3ebee8562f01fbf17,lagged_latest_vintage,상승,0.2637222288192192,0.3000078825305926,0.4362698886501881,No NSI ensemble,20260908T170735_9543d7d489f8:direction:No NSI ensemble,direction,1,2026-09-08,,,,,,,,,,,,,,,,,1799000.0,1793000.0,0.005608524957936067,1.0,0.0,,,,,,,1.203946529569145,0.7498697942355289,scored,False,2026-09-24T01:27:55.053708+00:00,github-actions,7fa00c14b86e,,,,,,,,,,,,,,
3,20260908T170735_9543d7d489f8,2026-09-08T17:07:48.646725+00:00,2026-09-08,2026-09-07,15cce042abed4a88e2e7,15c2fee718d49a56adee,close_to_close,0.0146249079769912,{},7ed3ebee8562f01fbf17,lagged_latest_vintage,상승,0.2696332308659643,0.2801429018541835,0.4502238672798521,No flow ensemble,20260908T170735_9543d7d489f8:direction:No flow ensemble,direction,1,2026-09-08,,,,,,,,,,,,,,,,,1799000.0,1793000.0,0.005608524957936067,1.0,0.0,,,,,,,1.2724554422392378,0.7935978516065598,scored,False,2026-09-24T01:27:55.053708+00:00,github-actions,7fa00c14b86e,,,,,,,,,,,,,,
3,20260908T170735_9543d7d489f8,2026-09-08T17:07:48.646725+00:00,2026-09-08,2026-09-07,15cce042abed4a88e2e7,15c2fee718d49a56adee,close_to_close,0.0146249079769912,{},7ed3ebee8562f01fbf17,lagged_latest_vintage,,,,,Ridge,20260908T170735_9543d7d489f8:price:1,price,1,2026-09-08,1거래일,1.0,1783000.0,있음,0.007963256629709,1797198.486570771,1797198.486570771,1688435.9384618849,1905961.0346796573,0.8071278825995807,simple,0.0305860793295168,0.0334748383276541,-0.0040002669745703,-0.0018956344748921,1.0,1799000.0,1793000.0,0.005608524957936067,,,4198.486570771085,4198.486570771085,0.0023415987567044533,0.002354731671772933,1.0,4198.486570771085,,,scored,False,2026-09-24T01:27:55.053708+00:00,github-actions,7fa00c14b86e,0.007963256629709,,,,,,,,,,,,,
3,20260908T170735_9543d7d489f8,2026-09-08T17:07:48.646725+00:00,2026-09-08,2026-09-07,15cce042abed4a88e2e7,15c2fee718d49a56adee,close_to_close,0.0146249079769912,{},7ed3ebee8562f01fbf17,lagged_latest_vintage,,,,,Ridge,20260908T170735_9543d7d489f8:price:5,price,5,2026-09-14,1주일,5.0,1783000.0,없음,,,1783000.0,1535023.4416506616,2030976.5583493384,0.7531645569620253,simple,0.07588846000662,0.0786260671487909,0.0,0.0,0.0,1707000.0,1697000.0,-0.04823331463825009,,,,,,,1.0,86000.0,,,scored,False,2026-09-24T01:27:55.053708+00:00,github-actions,7fa00c14b86e,0.0193241617900348,,,,,,,,,,,,,
3,20260908T170735_9543d7d489f8,2026-09-08T17:07:48.646725+00:00,2026-09-08,2026-09-07,15cce042abed4a88e2e7,15c2fee718d49a56adee,close_to_close,0.0146249079769912,{},7ed3ebee8562f01fbf17,lagged_latest_vintage,,,,,Ridge,20260908T170735_9543d7d489f8:price:20,price,20,2026-10-08,1개월,20.0,1783000.0,없음,,,1783000.0,1260420.5492375111,2305579.450762489,0.6645299145299145,simple,0.1974224578460396,0.19916994868688,0.0,0.0,0.0,,,,,,,,,,,,,,pending,False,2026-09-24T01:27:55.053708+00:00,github-actions,7fa00c14b86e,0.0875590143598441,,,,,,,,,,,,,
3,20260908T170735_9543d7d489f8,2026-09-08T17:07:48.646725+00:00,2026-09-08,2026-09-07,15cce042abed4a88e2e7,15c2fee718d49a56adee,close_to_close,0.0146249079769912,{},7ed3ebee8562f01fbf17,lagged_latest_vintage,,,,,Ridge,20260908T170735_9543d7d489f8:open:1,open,1,2026-09-08,시초가예측,1.0,1783000.0,있음,0.016865661367774,,,,,0.8237347294938918,,0.0173243793124671,0.0230068501517672,-0.0071120986856557,-0.0043054172502258,1.0,1799000.0,1793000.0,0.008973639932697619,,,14071.47421874106,14071.47421874106,0.007821831138822156,0.00789202143507638,1.0,14071.47421874106,,,scored,False,2026-09-24T01:27:55.053708+00:00,github-actions,7fa00c14b86e,0.016865661367774,1813071.474218741,1813071.474218741,1736130.0355957574,1890012.9128417245,0.8089684333494171,0.6310783975114869,,,,,,,
3,20260908T185203_b1a35df25f77,2026-09-08T18:52:16.900947+00:00,2026-09-09,2026-09-08,b6b368fc0150b35b266b,15c2fee718d49a56adee,close_to_close,0.0146008571740445,{},7ed3ebee8562f01fbf17,lagged_latest_vintage,상승,0.2464557549263129,0.3084938664061069,0.4450503786675801,Logistic,20260908T185203_b1a35df25f77:direction:Logistic,direction,1,2026-09-09,,,,,,,,,,,,,,,,,1795000.0,1856000.0,0.03513664249860571,2.0,1.0,,,,,,,0.8095677927347764,0.463877986963484,scored,True,2026-09-24T01:27:55.053708+00:00,github-actions,7fa00c14b86e,,,,,,,,,,,,,,
3,20260908T185203_b1a35df25f77,2026-09-08T18:52:16.900947+00:00,2026-09-09,2026-09-08,b6b368fc0150b35b266b,15c2fee718d49a56adee,close_to_close,0.0146008571740445,{},7ed3ebee8562f01fbf17,lagged_latest_vintage,상승,0.1748430521066109,0.3041650969407271,0.520991850952662,LightGBM,20260908T185203_b1a35df25f77:direction:LightGBM,direction,1,2026-09-09,,,,,,,,,,,,,,,,,1795000.0,1856000.0,0.03513664249860571,2.0,1.0,,,,,,,0.6520208785168105,0.3525353059206737,scored,True,2026-09-24T01:27:55.053708+00:00,github-actions,7fa00c14b86e,,,,,,,,,,,,,,
3,20260908T185203_b1a35df25f77,2026-09-08T18:52:16.900947+00:00,2026-09-09,2026-09-08,b6b368fc0150b35b266b,15c2fee718d49a56adee,close_to_close,0.0146008571740445,{},7ed3ebee8562f01fbf17,lagged_latest_vintage,상승,0.2106494035164619,0.306329481673417,0.483021114810121,Mean ensemble,20260908T185203_b1a35df25f77:direction:Mean ensemble,direction,1,2026-09-09,,,,,,,,,,,,,,,,,1795000.0,1856000.0,0.03513664249860571,2.0,1.0,,,,,,,0.7276949103220957,0.40547809027631554,scored,True,2026-09-24T01:27:55.053708+00:00,github-actions,7fa00c14b86e,,,,,,,,,,,,,,
3,20260908T185203_b1a35df25f77,2026-09-08T18:52:16.900947+00:00,2026-09-09,2026-09-08,b6b368fc0150b35b266b,15c2fee718d49a56adee,close_to_close,0.0146008571740445,{},7ed3ebee8562f01fbf17,lagged_latest_vintage,상승,0.1876499160051132,0.3431444441560523,0.4692056398388345,No macro ensemble,20260908T185203_b1a35df25f77:direction:No macro ensemble,direction,1,2026-09-09,,,,,,,,,,,,,,,,,1795000.0,1856000.0,0.03513664249860571,2.0,1.0,,,,,,,0.7567141421581896,0.4347032533107933,scored,True,2026-09-24T01:27:55.053708+00:00,github-actions,7fa00c14b86e,,,,,,,,,,,,,,
3,20260908T185203_b1a35df25f77,2026-09-08T18:52:16.900947+00:00,2026-09-09,2026-09-08,b6b368fc0150b35b266b,15c2fee718d49a56adee,close_to_close,0.0146008571740445,{},7ed3ebee8562f01fbf17,lagged_latest_vintage,상승,0.2021464657706582,0.3182234384419865,0.4796300957873551,No NSI ensemble,20260908T185203_b1a35df25f77:direction:No NSI ensemble,direction,1,2026-09-09,,,,,,,,,,,,,,,,,1795000.0,1856000.0,0.03513664249860571,2.0,1.0,,,,,,,0.7347401059473944,0.4129141876076859,scored,True,2026-09-24T01:27:55.053708+00:00,github-actions,7fa00c14b86e,,,,,,,,,,,,,,
3,20260908T185203_b1a35df25f77,2026-09-08T18:52:16.900947+00:00,2026-09-09,2026-09-08,b6b368fc0150b35b266b,15c2fee718d49a56adee,close_to_close,0.0146008571740445,{},7ed3ebee8562f01fbf17,lagged_latest_vintage,상승,0.2064617278152601,0.3109572806086104,0.4825809915761294,No flow ensemble,20260908T185203_b1a35df25f77:direction:No flow ensemble,direction,1,2026-09-09,,,,,,,,,,,,,,,,,1795000.0,1856000.0,0.03513664249860571,2.0,1.0,,,,,,,0.7286065141008364,0.4070433056943061,scored,True,2026-09-24T01:27:55.053708+00:00,github-actions,7fa00c14b86e,,,,,,,,,,,,,,
3,20260908T185203_b1a35df25f77,2026-09-08T18:52:16.900947+00:00,2026-09-09,2026-09-08,b6b368fc0150b35b266b,15c2fee718d49a56adee,close_to_close,0.0146008571740445,{},7ed3ebee8562f01fbf17,lagged_latest_vintage,,,,,Ridge,20260908T185203_b1a35df25f77:price:1,price,1,2026-09-09,1거래일,1.0,1793000.0,있음,0.0114175443221908,1813471.6569696884,1813471.6569696884,1704307.6587500942,1922635.6551892825,0.8050314465408805,simple,0.0305600642426634,0.0334702688579773,-0.0040072305048314,-0.00192449547535,1.0,1795000.0,1856000.0,0.03513664249860571,,,-42528.34303031163,42528.34303031163,0.02291397792581446,-0.023719098176414908,1.0,-42528.34303031163,,,scored,True,2026-09-24T01:27:55.053708+00:00,github-actions,7fa00c14b86e,0.0114175443221908,,,,,,,,,,,,,
3,20260908T185203_b1a35df25f77,2026-09-08T18:52:16.900947+00:00,2026-09-09,2026-09-08,b6b368fc0150b35b266b,15c2fee718d49a56adee,close_to_close,0.0146008571740445,{},7ed3ebee8562f01fbf17,lagged_latest_vintage,,,,,Ridge,20260908T185203_b1a35df25f77:price:5,price,5,2026-09-15,1주일,5.0,1793000.0,없음,,,1793000.0,1544043.097073254,2041956.902926746,0.7531645569620253,simple,0.0758066715227372,0.0784897406026514,0.0,0.0,0.0,1690000.0,1690000.0,-0.05744562186279978,,,,,,,1.0,103000.0,,,scored,True,2026-09-24T01:27:55.053708+00:00,github-actions,7fa00c14b86e,0.0246133027749339,,,,,,,,,,,,,
3,20260908T185203_b1a35df25f77,2026-09-08T18:52:16.900947+00:00,2026-09-09,2026-09-08,b6b368fc0150b35b266b,15c2fee718d49a56adee,close_to_close,0.0146008571740445,{},7ed3ebee8562f01fbf17,lagged_latest_vintage,,,,,Ridge,20260908T185203_b1a35df25f77:price:20,price,20,2026-10-12,1개월,20.0,1793000.0,없음,,,1793000.0,1268354.3828032934,2317645.6171967066,0.6645299145299145,simple,0.1980119041442818,0.1996150519143617,0.0,0.0,0.0,,,,,,,,,,,,,,pending,True,2026-09-24T01:27:55.053708+00:00,github-actions,7fa00c14b86e,0.0876869376819715,,,,,,,,,,,,,
3,20260908T185203_b1a35df25f77,2026-09-08T18:52:16.900947+00:00,2026-09-09,2026-09-08,b6b368fc0150b35b266b,15c2fee718d49a56adee,close_to_close,0.0146008571740445,{},7ed3ebee8562f01fbf17,lagged_latest_vintage,,,,,Ridge,20260908T185203_b1a35df25f77:open:1,open,1,2026-09-09,시초가예측,1.0,1793000.0,있음,0.0198382996022701,,,,,0.8237347294938918,,0.0173296085454922,0.0229989907294005,-0.007089475327811,-0.0042920209826196,1.0,1795000.0,1856000.0,0.001115448968209698,,,33570.07118687034,33570.07118687034,0.01870198951914782,0.0187228506340604,1.0,33570.07118687034,,,scored,True,2026-09-24T01:27:55.053708+00:00,github-actions,7fa00c14b86e,0.0198382996022701,1828570.0711868703,1828570.0711868703,1751431.6859286136,1905708.456445127,0.8077454132435334,0.6309856762871185,,,,,,,
3,20260909T003429_beae90e820b7,2026-09-09T00:34:37.442563+00:00,2026-09-09,2026-09-08,a0cd799045e3424461e6,15c2fee718d49a56adee,close_to_close,0.0146008571740445,{},7ed3ebee8562f01fbf17,lagged_latest_vintage,상승,0.2674692193427914,0.3229337834437554,0.4095969972134532,Logistic,20260909T003429_beae90e820b7:direction:Logistic,direction,1,2026-09-09,,,,,,,,,,,,,,,,,1795000.0,1856000.0,0.03513664249860571,2.0,1.0,,,,,,,0.8925815363055538,0.5244017174845117,scored,False,2026-09-24T01:27:55.053708+00:00,github-actions,7fa00c14b86e,,,,,,,,,,,,,,
3,20260909T003429_beae90e820b7,2026-09-09T00:34:37.442563+00:00,2026-09-09,2026-09-08,a0cd799045e3424461e6,15c2fee718d49a56adee,close_to_close,0.0146008571740445,{},7ed3ebee8562f01fbf17,lagged_latest_vintage,상승,0.2079076871008927,0.3217101287120547,0.4703821841870526,LightGBM,20260909T003429_beae90e820b7:direction:LightGBM,direction,1,2026-09-09,,,,,,,,,,,,,,,,,1795000.0,1856000.0,0.03513664249860571,2.0,1.0,,,,,,,0.7542097568669627,0.4272180440980466,scored,False,2026-09-24T01:27:55.053708+00:00,github-actions,7fa00c14b86e,,,,,,,,,,,,,,
3,20260909T003429_beae90e820b7,2026-09-09T00:34:37.442563+00:00,2026-09-09,2026-09-08,a0cd799045e3424461e6,15c2fee718d49a56adee,close_to_close,0.0146008571740445,{},7ed3ebee8562f01fbf17,lagged_latest_vintage,상승,0.2376884532218421,0.322321956077905,0.4399895907002529,Mean ensemble,20260909T003429_beae90e820b7:direction:Mean ensemble,direction,1,2026-09-09,,,,,,,,,,,,,,,,,1795000.0,1856000.0,0.03513664249860571,2.0,1.0,,,,,,,0.8210042098490985,0.47399890268894906,scored,False,2026-09-24T01:27:55.053708+00:00,github-actions,7fa00c14b86e,,,,,,,,,,,,,,
3,20260909T003429_beae90e820b7,2026-09-09T00:34:37.442563+00:00,2026-09-09,2026-09-08,a0cd799045e3424461e6,15c2fee718d49a56adee,close_to_close,0.0146008571740445,{},7ed3ebee8562f01fbf17,lagged_latest_vintage,상승,0.2182823412259397,0.3535130725708382,0.428204586203222,No macro ensemble,20260909T003429_beae90e820b7:direction:No macro ensemble,direction,1,2026-09-09,,,,,,,,,,,,,,,,,1795000.0,1856000.0,0.03513664249860571,2.0,1.0,,,,,,,0.8481541924606926,0.4995686682085809,scored,False,2026-09-24T01:27:55.053708+00:00,github-actions,7fa00c14b86e,,,,,,,,,,,,,,
3,20260909T003429_beae90e820b7,2026-09-09T00:34:37.442563+00:00,2026-09-09,2026-09-08,a0cd799045e3424461e6,15c2fee718d49a56adee,close_to_close,0.0146008571740445,{},7ed3ebee8562f01fbf17,lagged_latest_vintage,상승,0.2190611615326474,0.3330312388435619,0.4479075996237906,No NSI ensemble,20260909T003429_beae90e820b7:direction:No NSI ensemble,direction,1,2026-09-09,,,,,,,,,,,,,,,,,1795000.0,1856000.0,0.03513664249860571,2.0,1.0,,,,,,,0.8031683186795344,0.4637036170908748,scored,False,2026-09-24T01:27:55.053708+00:00,github-actions,7fa00c14b86e,,,,,,,,,,,,,,
3,20260909T003429_beae90e820b7,2026-09-09T00:34:37.442563+00:00,2026-09-09,2026-09-08,a0cd799045e3424461e6,15c2fee718d49a56adee,close_to_close,0.0146008571740445,{},7ed3ebee8562f01fbf17,lagged_latest_vintage,상승,0.230057382898572,0.3276270884811629,0.442315528620265,No flow ensemble,20260909T003429_beae90e820b7:direction:No flow ensemble,direction,1,2026-09-09,,,,,,,,,,,,,,,,,1795000.0,1856000.0,0.03513664249860571,2.0,1.0,,,,,,,0.8157317859286204,0.47127787815087824,scored,False,2026-09-24T01:27:55.053708+00:00,github-actions,7fa00c14b86e,,,,,,,,,,,,,,
3,20260909T003429_beae90e820b7,2026-09-09T00:34:37.442563+00:00,2026-09-09,2026-09-08,a0cd799045e3424461e6,15c2fee718d49a56adee,close_to_close,0.0146008571740445,{},7ed3ebee8562f01fbf17,lagged_latest_vintage,,,,,Ridge,20260909T003429_beae90e820b7:price:1,price,1,2026-09-09,1거래일,1.0,1793000.0,있음,0.0102010525132839,1811290.4871563185,1811290.4871563185,1702126.2508711296,1920454.7234415072,0.8050314465408805,simple,0.0305600645622396,0.0334702688579773,-0.0040072289712657,-0.0019244952434148,1.0,1795000.0,1856000.0,0.03513664249860571,,,-44709.5128436815,44709.5128436815,0.024089177178707705,-0.024935589985321808,1.0,-44709.5128436815,,,scored,False,2026-09-24T01:27:55.053708+00:00,github-actions,7fa00c14b86e,0.0102010525132839,,,,,,,,,,,,,
3,20260909T003429_beae90e820b7,2026-09-09T00:34:37.442563+00:00,2026-09-09,2026-09-08,a0cd799045e3424461e6,15c2fee718d49a56adee,close_to_close,0.0146008571740445,{},7ed3ebee8562f01fbf17,lagged_latest_vintage,,,,,Ridge,20260909T003429_beae90e820b7:price:5,price,5,2026-09-15,1주일,5.0,1793000.0,없음,,,1793000.0,1544043.40376982,2041956.59623018,0.7531645569620253,simple,0.0758066696030052,0.0784897406026514,0.0,0.0,0.0,1690000.0,1690000.0,-0.05744562186279978,,,,,,,1.0,103000.0,,,scored,False,2026-09-24T01:27:55.053708+00:00,github-actions,7fa00c14b86e,0.0238945920505959,,,,,,,,,,,,,
3,20260909T003429_beae90e820b7,2026-09-09T00:34:37.442563+00:00,2026-09-09,2026-09-08,a0cd799045e3424461e6,15c2fee718d49a56adee,close_to_close,0.0146008571740445,{},7ed3ebee8562f01fbf17,lagged_latest_vintage,,,,,Ridge,20260909T003429_beae90e820b7:price:20,price,20,2026-10-12,1개월,20.0,1793000.0,없음,,,1793000.0,1268354.9311341585,2317645.0688658417,0.6645299145299145,simple,0.1980119043913693,0.1996150519143617,0.0,0.0,0.0,,,,,,,,,,,,,,pending,False,2026-09-24T01:27:55.053708+00:00,github-actions,7fa00c14b86e,0.0855397700951505,,,,,,,,,,,,,
3,20260909T003429_beae90e820b7,2026-09-09T00:34:37.442563+00:00,2026-09-09,2026-09-08,a0cd799045e3424461e6,15c2fee718d49a56adee,close_to_close,0.0146008571740445,{},7ed3ebee8562f01fbf17,lagged_latest_vintage,,,,,Ridge,20260909T003429_beae90e820b7:open:1,open,1,2026-09-09,시초가예측,1.0,1793000.0,있음,0.0173836443573236,,,,,0.8237347294938918,,0.0173296093429617,0.0229989907294005,-0.0070894739577826,-0.0042920210106899,1.0,1795000.0,1856000.0,0.001115448968209698,,,29168.8743326813,29168.8743326813,0.016250069266117714,0.016268195389113903,1.0,29168.8743326813,,,scored,False,2026-09-24T01:27:55.053708+00:00,github-actions,7fa00c14b86e,0.0173836443573236,1824168.8743326813,1824168.8743326813,1747030.5466436234,1901307.2020217392,0.8077454132435334,0.6309856622135684,,,,,,,
3,20260909T004710_57f1e5c8d19d,2026-09-09T00:47:23.405437+00:00,2026-09-09,2026-09-08,33ea92b7fc2013da7c77,15c2fee718d49a56adee,close_to_close,0.0146008571740445,{},7ed3ebee8562f01fbf17,lagged_latest_vintage,상승,0.2675509373083431,0.3229853414599495,0.4094637212317073,Logistic,20260909T004710_57f1e5c8d19d:direction:Logistic,direction,1,2026-09-09,,,,,,,,,,,,,,,,,1795000.0,1856000.0,0.03513664249860571,2.0,1.0,,,,,,,0.892906972454354,0.5246361313940757,scored,False,2026-09-24T01:27:55.053708+00:00,github-actions,7fa00c14b86e,,,,,,,,,,,,,,
3,20260909T004710_57f1e5c8d19d,2026-09-09T00:47:23.405437+00:00,2026-09-09,2026-09-08,33ea92b7fc2013da7c77,15c2fee718d49a56adee,close_to_close,0.0146008571740445,{},7ed3ebee8562f01fbf17,lagged_latest_vintage,상승,0.1940437413145599,0.2854887468052806,0.5204675118801595,LightGBM,20260909T004710_57f1e5c8d19d:direction:LightGBM,direction,1,2026-09-09,,,,,,,,,,,,,,,,,1795000.0,1856000.0,0.03513664249860571,2.0,1.0,,,,,,,0.6530278100122056,0.3491082052582064,scored,False,2026-09-24T01:27:55.053708+00:00,github-actions,7fa00c14b86e,,,,,,,,,,,,,,
3,20260909T004710_57f1e5c8d19d,2026-09-09T00:47:23.405437+00:00,2026-09-09,2026-09-08,33ea92b7fc2013da7c77,15c2fee718d49a56adee,close_to_close,0.0146008571740445,{},7ed3ebee8562f01fbf17,lagged_latest_vintage,상승,0.2307973393114515,0.3042370441326151,0.4649656165559334,Mean ensemble,20260909T004710_57f1e5c8d19d:direction:Mean ensemble,direction,1,2026-09-09,,,,,,,,,,,,,,,,,1795000.0,1856000.0,0.03513664249860571,2.0,1.0,,,,,,,0.7657918190191568,0.43208938232316857,scored,False,2026-09-24T01:27:55.053708+00:00,github-actions,7fa00c14b86e,,,,,,,,,,,,,,
3,20260909T004710_57f1e5c8d19d,2026-09-09T00:47:23.405437+00:00,2026-09-09,2026-09-08,33ea92b7fc2013da7c77,15c2fee718d49a56adee,close_to_close,0.0146008571740445,{},7ed3ebee8562f01fbf17,lagged_latest_vintage,상승,0.2193831972002947,0.3515162671479908,0.4291005356517144,No macro ensemble,20260909T004710_57f1e5c8d19d:direction:No macro ensemble,direction,1,2026-09-09,,,,,,,,,,,,,,,,,1795000.0,1856000.0,0.03513664249860571,2.0,1.0,,,,,,,0.8460640386710244,0.4976188716766403,scored,False,2026-09-24T01:27:55.053708+00:00,github-actions,7fa00c14b86e,,,,,,,,,,,,,,
3,20260909T004710_57f1e5c8d19d,2026-09-09T00:47:23.405437+00:00,2026-09-09,2026-09-08,33ea92b7fc2013da7c77,15c2fee718d49a56adee,close_to_close,0.0146008571740445,{},7ed3ebee8562f01fbf17,lagged_latest_vintage,상승,0.2191577993368972,0.3330331959839502,0.4478090046791525,No NSI ensemble,20260909T004710_57f1e5c8d19d:direction:No NSI ensemble,direction,1,2026-09-09,,,,,,,,,,,,,,,,,1795000.0,1856000.0,0.03513664249860571,2.0,1.0,,,,,,,0.8033884663123072,0.46385614595090413,scored,False,2026-09-24T01:27:55.053708+00:00,github-actions,7fa00c14b86e,,,,,,,,,,,,,,
3,20260909T004710_57f1e5c8d19d,2026-09-09T00:47:23.405437+00:00,2026-09-09,2026-09-08,33ea92b7fc2013da7c77,15c2fee718d49a56adee,close_to_close,0.0146008571740445,{},7ed3ebee8562f01fbf17,lagged_latest_vintage,상승,0.2328717136787419,0.3232676266885236,0.4438606596327344,No flow ensemble,20260909T004710_57f1e5c8d19d:direction:No flow ensemble,direction,1,2026-09-09,,,,,,,,,,,,,,,,,1795000.0,1856000.0,0.03513664249860571,2.0,1.0,,,,,,,0.8122445954607477,0.46802215940064196,scored,False,2026-09-24T01:27:55.053708+00:00,github-actions,7fa00c14b86e,,,,,,,,,,,,,,
3,20260909T004710_57f1e5c8d19d,2026-09-09T00:47:23.405437+00:00,2026-09-09,2026-09-08,33ea92b7fc2013da7c77,15c2fee718d49a56adee,close_to_close,0.0146008571740445,{},7ed3ebee8562f01fbf17,lagged_latest_vintage,,,,,Ridge,20260909T004710_57f1e5c8d19d:price:1,price,1,2026-09-09,1거래일,1.0,1793000.0,있음,0.010202747381452,1811293.526054944,1811293.526054944,1702129.3553492357,1920457.696760652,0.8050314465408805,simple,0.0305600636495076,0.0334702688579773,-0.0040072294698711,-0.0019244967889214,1.0,1795000.0,1856000.0,0.03513664249860571,,,-44706.47394505609,44706.47394505609,0.024087539841086254,-0.024933895117153708,1.0,-44706.47394505609,,,scored,False,2026-09-24T01:27:55.053708+00:00,github-actions,7fa00c14b86e,0.010202747381452,,,,,,,,,,,,,
3,20260909T004710_57f1e5c8d19d,2026-09-09T00:47:23.405437+00:00,2026-09-09,2026-09-08,33ea92b7fc2013da7c77,15c2fee718d49a56adee,close_to_close,0.0146008571740445,{},7ed3ebee8562f01fbf17,lagged_latest_vintage,,,,,Ridge,20260909T004710_57f1e5c8d19d:price:5,price,5,2026-09-15,1주일,5.0,1793000.0,없음,,,1793000.0,1544043.0081300435,2041956.9918699565,0.7531645569620253,simple,0.0758066597155601,0.0784897406026514,0.0,0.0,0.0,1690000.0,1690000.0,-0.05744562186279978,,,,,,,1.0,103000.0,,,scored,False,2026-09-24T01:27:55.053708+00:00,github-actions,7fa00c14b86e,0.0239076967577282,,,,,,,,,,,,,
3,20260909T004710_57f1e5c8d19d,2026-09-09T00:47:23.405437+00:00,2026-09-09,2026-09-08,33ea92b7fc2013da7c77,15c2fee718d49a56adee,close_to_close,0.0146008571740445,{},7ed3ebee8562f01fbf17,lagged_latest_vintage,,,,,Ridge,20260909T004710_57f1e5c8d19d:price:20,price,20,2026-10-12,1개월,20.0,1793000.0,없음,,,1793000.0,1268353.7434648238,2317646.256535176,0.6645299145299145,simple,0.198011797411623,0.1996150519143617,0.0,0.0,0.0,,,,,,,,,,,,,,pending,False,2026-09-24T01:27:55.053708+00:00,github-actions,7fa00c14b86e,0.085500824092615,,,,,,,,,,,,,
3,20260909T004710_57f1e5c8d19d,2026-09-09T00:47:23.405437+00:00,2026-09-09,2026-09-08,33ea92b7fc2013da7c77,15c2fee718d49a56adee,close_to_close,0.0146008571740445,{},7ed3ebee8562f01fbf17,lagged_latest_vintage,,,,,Ridge,20260909T004710_57f1e5c8d19d:open:1,open,1,2026-09-09,시초가예측,1.0,1793000.0,있음,0.0173886567354202,,,,,0.8237347294938918,,0.017329612104814,0.0229989907294005,-0.0070894703815575,-0.0042920185887499,1.0,1795000.0,1856000.0,0.001115448968209698,,,29177.861526608467,29177.861526608467,0.016255076059391905,0.0162732077672105,1.0,29177.861526608467,,,scored,False,2026-09-24T01:27:55.053708+00:00,github-actions,7fa00c14b86e,0.0173886567354202,1824177.8615266085,1824177.8615266085,1747039.4857200112,1901316.2373332053,0.8077472276250471,0.6309855888478951,,,,,,,
3,20260909T115114_beb5592a94d9,2026-09-09T11:51:30.537803+00:00,2026-09-10,2026-09-09,29e8ceb7612c46774a80,4f89248afed926b75d78,close_to_close,0.0146590562815621,{},7ed3ebee8562f01fbf17,lagged_latest_vintage,하락,0.4587962764142834,0.2712350270520158,0.2699686965337007,Logistic,20260909T115114_beb5592a94d9:direction:Logistic,direction,1,2026-09-10,,,,,,,,,,,,,,,,,1879000.0,1853000.0,-0.001616379310344862,1.0,0.0,,,,,,,1.3047695754592696,0.814475506155593,scored,True,2026-09-24T01:27:55.053708+00:00,github-actions,7fa00c14b86e,,,,,,,,,,,,,,
3,20260909T115114_beb5592a94d9,2026-09-09T11:51:30.537803+00:00,2026-09-10,2026-09-09,29e8ceb7612c46774a80,4f89248afed926b75d78,close_to_close,0.0146590562815621,{},7ed3ebee8562f01fbf17,lagged_latest_vintage,하락,0.3962099050316892,0.3165661666914238,0.287223928276887,LightGBM,20260909T115114_beb5592a94d9:direction:LightGBM,direction,1,2026-09-10,,,,,,,,,,,,,,,,,1879000.0,1853000.0,-0.001616379310344862,1.0,0.0,,,,,,,1.1502230017705228,0.7065616783308812,scored,True,2026-09-24T01:27:55.053708+00:00,github-actions,7fa00c14b86e,,,,,,,,,,,,,,
3,20260909T115114_beb5592a94d9,2026-09-09T11:51:30.537803+00:00,2026-09-10,2026-09-09,29e8ceb7612c46774a80,4f89248afed926b75d78,close_to_close,0.0146590562815621,{},7ed3ebee8562f01fbf17,lagged_latest_vintage,하락,0.4275030907229863,0.2939005968717199,0.2785963124052938,Mean ensemble,20260909T115114_beb5592a94d9:direction:Mean ensemble,direction,1,2026-09-10,,,,,,,,,,,,,,,,,1879000.0,1853000.0,-0.001616379310344862,1.0,0.0,,,,,,,1.2245136746926386,0.7589511649616474,scored,True,2026-09-24T01:27:55.053708+00:00,github-actions,7fa00c14b86e,,,,,,,,,,,,,,
3,20260909T115114_beb5592a94d9,2026-09-09T11:51:30.537803+00:00,2026-09-10,2026-09-09,29e8ceb7612c46774a80,4f89248afed926b75d78,close_to_close,0.0146590562815621,{},7ed3ebee8562f01fbf17,lagged_latest_vintage,하락,0.4161283819261587,0.3134017854837042,0.270469832590137,No macro ensemble,20260909T115114_beb5592a94d9:direction:No macro ensemble,direction,1,2026-09-10,,,,,,,,,,,,,,,,,1879000.0,1853000.0,-0.001616379310344862,1.0,0.0,,,,,,,1.160269251936355,0.7177338687627851,scored,True,2026-09-24T01:27:55.053708+00:00,github-actions,7fa00c14b86e,,,,,,,,,,,,,,
3,20260909T115114_beb5592a94d9,2026-09-09T11:51:30.537803+00:00,2026-09-10,2026-09-09,29e8ceb7612c46774a80,4f89248afed926b75d78,close_to_close,0.0146590562815621,{},7ed3ebee8562f01fbf17,lagged_latest_vintage,하락,0.4171369385938052,0.3023672751012106,0.2804957863049842,No NSI ensemble,20260909T115114_beb5592a94d9:direction:No NSI ensemble,direction,1,2026-09-10,,,,,,,,,,,,,,,,,1879000.0,1853000.0,-0.001616379310344862,1.0,0.0,,,,,,,1.1961128577905706,0.7393725305239734,scored,True,2026-09-24T01:27:55.053708+00:00,github-actions,7fa00c14b86e,,,,,,,,,,,,,,
3,20260909T115114_beb5592a94d9,2026-09-09T11:51:30.537803+00:00,2026-09-10,2026-09-09,29e8ceb7612c46774a80,4f89248afed926b75d78,close_to_close,0.0146590562815621,{},7ed3ebee8562f01fbf17,lagged_latest_vintage,하락,0.4244968618550381,0.2886060257054652,0.2868971124394966,No flow ensemble,20260909T115114_beb5592a94d9:direction:No flow ensemble,direction,1,2026-09-10,,,,,,,,,,,,,,,,,1879000.0,1853000.0,-0.001616379310344862,1.0,0.0,,,,,,,1.2426927537700156,0.7685889255134698,scored,True,2026-09-24T01:27:55.053708+00:00,github-actions,7fa00c14b86e,,,,,,,,,,,,,,
3,20260909T115114_beb5592a94d9,2026-09-09T11:51:30.537803+00:00,2026-09-10,2026-09-09,29e8ceb7612c46774a80,4f89248afed926b75d78,close_to_close,0.0146590562815621,{},7ed3ebee8562f01fbf17,lagged_latest_vintage,하락,0.3844641216440937,0.2917353157435436,0.3238005626123625,No macro price ensemble,20260909T115114_beb5592a94d9:direction:No macro price ensemble,direction,1,2026-09-10,,,,,,,,,,,,,,,,,1879000.0,1853000.0,-0.001616379310344862,1.0,0.0,,,,,,,1.2319083407238183,0.754298328144545,scored,True,2026-09-24T01:27:55.053708+00:00,github-actions,7fa00c14b86e,,,,,,,,,,,,,,
3,20260909T115114_beb5592a94d9,2026-09-09T11:51:30.537803+00:00,2026-09-10,2026-09-09,29e8ceb7612c46774a80,4f89248afed926b75d78,close_to_close,0.0146590562815621,{},7ed3ebee8562f01fbf17,lagged_latest_vintage,,,,,Ridge,20260909T115114_beb5592a94d9:price:1,price,1,2026-09-10,1거래일,1.0,1856000.0,있음,-0.000500145643087,1855071.7296864304,1855071.7296864304,1741263.8588314697,1968879.600541392,0.8071278825995807,simple,0.0305635922198886,0.0334824965585949,-0.0040188440790339,-0.0019180476951592,1.0,1879000.0,1853000.0,-0.001616379310344862,,,2071.7296864304226,2071.7296864304226,0.0011180408453483122,0.0011162336672578621,1.0,2071.7296864304226,,,scored,True,2026-09-24T01:27:55.053708+00:00,github-actions,7fa00c14b86e,-0.000500145643087,,,,,,,,,,,,,
3,20260909T115114_beb5592a94d9,2026-09-09T11:51:30.537803+00:00,2026-09-10,2026-09-09,29e8ceb7612c46774a80,4f89248afed926b75d78,close_to_close,0.0146590562815621,{},7ed3ebee8562f01fbf17,lagged_latest_vintage,,,,,Ridge,20260909T115114_beb5592a94d9:price:5,price,5,2026-09-16,1주일,5.0,1856000.0,없음,,,1856000.0,1598510.8219786107,2113489.178021389,0.751578947368421,simple,0.0759991783439827,0.0786416589612613,0.0,0.0,0.0,1686000.0,1759000.0,-0.05226293103448276,,,,,,,1.0,97000.0,,,scored,True,2026-09-24T01:27:55.053708+00:00,github-actions,7fa00c14b86e,0.009374302862183,,,,,,,,,,,,,
3,20260909T115114_beb5592a94d9,2026-09-09T11:51:30.537803+00:00,2026-09-10,2026-09-09,29e8ceb7612c46774a80,4f89248afed926b75d78,close_to_close,0.0146590562815621,{},7ed3ebee8562f01fbf17,lagged_latest_vintage,,,,,Ridge,20260909T115114_beb5592a94d9:price:20,price,20,2026-10-13,1개월,20.0,1856000.0,없음,,,1856000.0,1311758.8993569545,2400241.1006430457,0.6652452025586354,simple,0.1986179099299154,0.1998343292884267,0.0,0.0,0.0,,,,,,,,,,,,,,pending,True,2026-09-24T01:27:55.053708+00:00,github-actions,7fa00c14b86e,0.0788802292577237,,,,,,,,,,,,,
3,20260909T115114_beb5592a94d9,2026-09-09T11:51:30.537803+00:00,2026-09-10,2026-09-09,29e8ceb7612c46774a80,4f89248afed926b75d78,close_to_close,0.0146590562815621,{},7ed3ebee8562f01fbf17,lagged_latest_vintage,,,,,Ridge,20260909T115114_beb5592a94d9:open:1,open,1,2026-09-10,시초가예측,1.0,1856000.0,있음,0.0017751195700839,,,,,0.8237347294938918,,0.0172872993978105,0.0229606563435395,-0.0071023467392669,-0.0042827897423475,1.0,1879000.0,1853000.0,0.012392241379310276,,,-19705.37807792402,19705.37807792402,0.010487162361854188,-0.010617121809226375,1.0,-19705.37807792402,,,scored,True,2026-09-24T01:27:55.053708+00:00,github-actions,7fa00c14b86e,0.0017751195700839,1859294.621922076,1859294.621922076,1779917.314547762,1938671.9292963888,0.8070759039970963,0.6311504357200937,,,,,,,
3,20260909T150924_8bbb7b0170d4,2026-09-09T15:09:36.536765+00:00,2026-09-09,2026-09-08,e2be0f040252baef90b8,4f89248afed926b75d78,close_to_close,0.0146008571740445,{},7ed3ebee8562f01fbf17,lagged_latest_vintage,하락,0.4165796935558319,0.2768336534500122,0.3065866529941559,Logistic,20260909T150924_8bbb7b0170d4:direction:Logistic,direction,1,2026-09-09,,,,,,,,,,,,,,,,,1795000.0,1856000.0,0.03513664249860571,2.0,0.0,,,,,,,1.182254845800671,0.7309975825713995,scored,False,2026-09-24T01:27:55.053708+00:00,github-actions,7fa00c14b86e,,,,,,,,,,,,,,
3,20260909T150924_8bbb7b0170d4,2026-09-09T15:09:36.536765+00:00,2026-09-09,2026-09-08,e2be0f040252baef90b8,4f89248afed926b75d78,close_to_close,0.0146008571740445,{},7ed3ebee8562f01fbf17,lagged_latest_vintage,하락,0.3880974232922888,0.3695143029046238,0.2423882738030873,LightGBM,20260909T150924_8bbb7b0170d4:direction:LightGBM,direction,1,2026-09-09,,,,,,,,,,,,,,,,,1795000.0,1856000.0,0.03513664249860571,2.0,0.0,,,,,,,1.41721440135691,0.8611359576882698,scored,False,2026-09-24T01:27:55.053708+00:00,github-actions,7fa00c14b86e,,,,,,,,,,,,,,
3,20260909T150924_8bbb7b0170d4,2026-09-09T15:09:36.536765+00:00,2026-09-09,2026-09-08,e2be0f040252baef90b8,4f89248afed926b75d78,close_to_close,0.0146008571740445,{},7ed3ebee8562f01fbf17,lagged_latest_vintage,하락,0.4023385584240604,0.323173978177318,0.2744874633986216,Mean ensemble,20260909T150924_8bbb7b0170d4:direction:Mean ensemble,direction,1,2026-09-09,,,,,,,,,,,,,,,,,1795000.0,1856000.0,0.03513664249860571,2.0,0.0,,,,,,,1.292849689754463,0.7926861765314711,scored,False,2026-09-24T01:27:55.053708+00:00,github-actions,7fa00c14b86e,,,,,,,,,,,,,,
3,20260909T150924_8bbb7b0170d4,2026-09-09T15:09:36.536765+00:00,2026-09-09,2026-09-08,e2be0f040252baef90b8,4f89248afed926b75d78,close_to_close,0.0146008571740445,{},7ed3ebee8562f01fbf17,lagged_latest_vintage,하락,0.3734733756109863,0.3595520178202986,0.266974606568715,No macro ensemble,20260909T150924_8bbb7b0170d4:direction:No macro ensemble,direction,1,2026-09-09,,,,,,,,,,,,,,,,,1795000.0,1856000.0,0.03513664249860571,2.0,0.0,,,,,,,1.3206017315890093,0.8060862432240032,scored,False,2026-09-24T01:27:55.053708+00:00,github-actions,7fa00c14b86e,,,,,,,,,,,,,,
3,20260909T150924_8bbb7b0170d4,2026-09-09T15:09:36.536765+00:00,2026-09-09,2026-09-08,e2be0f040252baef90b8,4f89248afed926b75d78,close_to_close,0.0146008571740445,{},7ed3ebee8562f01fbf17,lagged_latest_vintage,하락,0.3947487395560002,0.3285203293375882,0.2767309311064116,No NSI ensemble,20260909T150924_8bbb7b0170d4:direction:No NSI ensemble,direction,1,2026-09-09,,,,,,,,,,,,,,,,,1795000.0,1856000.0,0.03513664249860571,2.0,0.0,,,,,,,1.284709612725171,0.7868703201873264,scored,False,2026-09-24T01:27:55.053708+00:00,github-actions,7fa00c14b86e,,,,,,,,,,,,,,
3,20260909T150924_8bbb7b0170d4,2026-09-09T15:09:36.536765+00:00,2026-09-09,2026-09-08,e2be0f040252baef90b8,4f89248afed926b75d78,close_to_close,0.0146008571740445,{},7ed3ebee8562f01fbf17,lagged_latest_vintage,하락,0.4057447732126119,0.3204385753692969,0.2738166514180912,No flow ensemble,20260909T150924_8bbb7b0170d4:direction:No flow ensemble,direction,1,2026-09-09,,,,,,,,,,,,,,,,,1795000.0,1856000.0,0.03513664249860571,2.0,0.0,,,,,,,1.295296551986899,0.7946519573316924,scored,False,2026-09-24T01:27:55.053708+00:00,github-actions,7fa00c14b86e,,,,,,,,,,,,,,
3,20260909T150924_8bbb7b0170d4,2026-09-09T15:09:36.536765+00:00,2026-09-09,2026-09-08,e2be0f040252baef90b8,4f89248afed926b75d78,close_to_close,0.0146008571740445,{},7ed3ebee8562f01fbf17,lagged_latest_vintage,보합,0.3478404988045278,0.3493712462807371,0.302788254914735,No macro price ensemble,20260909T150924_8bbb7b0170d4:direction:No macro price ensemble,direction,1,2026-09-09,,,,,,,,,,,,,,,,,1795000.0,1856000.0,0.03513664249860571,2.0,0.0,,,,,,,1.1947215464315797,0.7291574978211788,scored,False,2026-09-24T01:27:55.053708+00:00,github-actions,7fa00c14b86e,,,,,,,,,,,,,,
3,20260909T150924_8bbb7b0170d4,2026-09-09T15:09:36.536765+00:00,2026-09-09,2026-09-08,e2be0f040252baef90b8,4f89248afed926b75d78,close_to_close,0.0146008571740445,{},7ed3ebee8562f01fbf17,lagged_latest_vintage,,,,,Ridge,20260909T150924_8bbb7b0170d4:price:1,price,1,2026-09-09,1거래일,1.0,1793000.0,있음,0.0029305978547475,1798254.5619535623,1798254.5619535623,1688766.6900120769,1907742.433895048,0.8071278825995807,simple,0.0305271832142504,0.0334702688579773,-0.004031301995393,-0.0019469653662699,1.0,1795000.0,1856000.0,0.03513664249860571,,,-57745.43804643769,57745.43804643769,0.031112843775020306,-0.032206044643858206,1.0,-57745.43804643769,,,scored,False,2026-09-24T01:27:55.053708+00:00,github-actions,7fa00c14b86e,0.0029305978547475,,,,,,,,,,,,,
3,20260909T150924_8bbb7b0170d4,2026-09-09T15:09:36.536765+00:00,2026-09-09,2026-09-08,e2be0f040252baef90b8,4f89248afed926b75d78,close_to_close,0.0146008571740445,{},7ed3ebee8562f01fbf17,lagged_latest_vintage,,,,,Ridge,20260909T150924_8bbb7b0170d4:price:5,price,5,2026-09-15,1주일,5.0,1793000.0,없음,,,1793000.0,1544043.550624991,2041956.449375009,0.7531645569620253,simple,0.075836671655223,0.0784897406026514,0.0,0.0,0.0,1690000.0,1690000.0,-0.05744562186279978,,,,,,,1.0,103000.0,,,scored,False,2026-09-24T01:27:55.053708+00:00,github-actions,7fa00c14b86e,0.0134569530975974,,,,,,,,,,,,,
3,20260909T150924_8bbb7b0170d4,2026-09-09T15:09:36.536765+00:00,2026-09-09,2026-09-08,e2be0f040252baef90b8,4f89248afed926b75d78,close_to_close,0.0146008571740445,{},7ed3ebee8562f01fbf17,lagged_latest_vintage,,,,,Ridge,20260909T150924_8bbb7b0170d4:price:20,price,20,2026-10-12,1개월,20.0,1793000.0,없음,,,1793000.0,1268355.7403018456,2317644.2596981544,0.6645299145299145,simple,0.1980812923885476,0.1996150519143617,0.0,0.0,0.0,,,,,,,,,,,,,,pending,False,2026-09-24T01:27:55.053708+00:00,github-actions,7fa00c14b86e,0.0787431542586047,,,,,,,,,,,,,
3,20260909T150924_8bbb7b0170d4,2026-09-09T15:09:36.536765+00:00,2026-09-09,2026-09-08,e2be0f040252baef90b8,4f89248afed926b75d78,close_to_close,0.0146008571740445,{},7ed3ebee8562f01fbf17,lagged_latest_vintage,,,,,Ridge,20260909T150924_8bbb7b0170d4:open:1,open,1,2026-09-09,시초가예측,1.0,1793000.0,있음,0.0058117592707276,,,,,0.8237347294938918,,0.0173182036405852,0.0229989907294005,-0.0071194454347439,-0.0043008613039777,1.0,1795000.0,1856000.0,0.001115448968209698,,,8420.484372414416,8420.484372414416,0.004691077644799117,0.004696310302517902,1.0,8420.484372414416,,,scored,False,2026-09-24T01:27:55.053708+00:00,github-actions,7fa00c14b86e,0.0058117592707276,1803420.4843724144,1803420.4843724144,1726036.2105296296,1880804.7582152,0.8078742343310014,0.6313391120704129,,,,,,,
3,20260910T114347_850acd9ddb81,2026-09-10T11:44:03.486963+00:00,2026-09-11,2026-09-10,1e8b3ffc73f3d2e1b139,ebdbaad363d27a26ad73,close_to_close,0.0144004404487031,{},7ed3ebee8562f01fbf17,lagged_latest_vintage,상승,0.3657573407030502,0.2444405370289007,0.3898021222680491,Logistic,20260910T114347_850acd9ddb81:direction:Logistic,direction,1,2026-09-11,,,,,,,,,,,,,,,,,1773000.0,1812000.0,-0.0221262817053427,0.0,0.0,,,,,,,1.0057851690083934,0.6139606215397192,scored,True,2026-09-24T01:27:55.053708+00:00,github-actions,7fa00c14b86e,,,,,,,,미국지표:미국 생산자물가(PPI),,,,,,
3,20260910T114347_850acd9ddb81,2026-09-10T11:44:03.486963+00:00,2026-09-11,2026-09-10,1e8b3ffc73f3d2e1b139,ebdbaad363d27a26ad73,close_to_close,0.0144004404487031,{},7ed3ebee8562f01fbf17,lagged_latest_vintage,상승,0.2149864396984998,0.3484601509644148,0.4365534093370855,LightGBM,20260910T114347_850acd9ddb81:direction:LightGBM,direction,1,2026-09-11,,,,,,,,,,,,,,,,,1773000.0,1812000.0,-0.0221262817053427,0.0,0.0,,,,,,,1.5371803240133126,0.9282496458712128,scored,True,2026-09-24T01:27:55.053708+00:00,github-actions,7fa00c14b86e,,,,,,,,미국지표:미국 생산자물가(PPI),,,,,,
3,20260910T114347_850acd9ddb81,2026-09-10T11:44:03.486963+00:00,2026-09-11,2026-09-10,1e8b3ffc73f3d2e1b139,ebdbaad363d27a26ad73,close_to_close,0.0144004404487031,{},7ed3ebee8562f01fbf17,lagged_latest_vintage,상승,0.290371890200775,0.2964503439966577,0.4131777658025672,Mean ensemble,20260910T114347_850acd9ddb81:direction:Mean ensemble,direction,1,2026-09-11,,,,,,,,,,,,,,,,,1773000.0,1812000.0,-0.0221262817053427,0.0,0.0,,,,,,,1.2365927975458988,0.7621707268265585,scored,True,2026-09-24T01:27:55.053708+00:00,github-actions,7fa00c14b86e,,,,,,,,미국지표:미국 생산자물가(PPI),,,,,,
3,20260910T114347_850acd9ddb81,2026-09-10T11:44:03.486963+00:00,2026-09-11,2026-09-10,1e8b3ffc73f3d2e1b139,ebdbaad363d27a26ad73,close_to_close,0.0144004404487031,{},7ed3ebee8562f01fbf17,lagged_latest_vintage,상승,0.2810184145372765,0.334598177311193,0.3843834081515304,No macro ensemble,20260910T114347_850acd9ddb81:direction:No macro ensemble,direction,1,2026-09-11,,,,,,,,,,,,,,,,,1773000.0,1812000.0,-0.0221262817053427,0.0,0.0,,,,,,,1.269335079634403,0.7766410649566502,scored,True,2026-09-24T01:27:55.053708+00:00,github-actions,7fa00c14b86e,,,,,,,,미국지표:미국 생산자물가(PPI),,,,,,
3,20260910T114347_850acd9ddb81,2026-09-10T11:44:03.486963+00:00,2026-09-11,2026-09-10,1e8b3ffc73f3d2e1b139,ebdbaad363d27a26ad73,close_to_close,0.0144004404487031,{},7ed3ebee8562f01fbf17,lagged_latest_vintage,상승,0.2392902945461277,0.2960792361722106,0.4646304692816616,Candidate expanding,20260910T114347_850acd9ddb81:direction:Candidate expanding,direction,1,2026-09-11,,,,,,,,,,,,,,,,,1773000.0,1812000.0,-0.0221262817053427,0.0,0.0,,,,,,,1.4300778425746752,0.8822236430489339,scored,True,2026-09-24T01:27:55.053708+00:00,github-actions,7fa00c14b86e,,,,,,,,미국지표:미국 생산자물가(PPI),,,,,,
3,20260910T114347_850acd9ddb81,2026-09-10T11:44:03.486963+00:00,2026-09-11,2026-09-10,1e8b3ffc73f3d2e1b139,ebdbaad363d27a26ad73,close_to_close,0.0144004404487031,{},7ed3ebee8562f01fbf17,lagged_latest_vintage,상승,0.2842233636442836,0.3080815119537371,0.4076951244019793,No NSI ensemble,20260910T114347_850acd9ddb81:direction:No NSI ensemble,direction,1,2026-09-11,,,,,,,,,,,,,,,,,1773000.0,1812000.0,-0.0221262817053427,0.0,0.0,,,,,,,1.2579948582382374,0.7734657256215496,scored,True,2026-09-24T01:27:55.053708+00:00,github-actions,7fa00c14b86e,,,,,,,,미국지표:미국 생산자물가(PPI),,,,,,
3,20260910T114347_850acd9ddb81,2026-09-10T11:44:03.486963+00:00,2026-09-11,2026-09-10,1e8b3ffc73f3d2e1b139,ebdbaad363d27a26ad73,close_to_close,0.0144004404487031,{},7ed3ebee8562f01fbf17,lagged_latest_vintage,상승,0.2941384458785142,0.3027012530221553,0.4031603010993305,No flow ensemble,20260910T114347_850acd9ddb81:direction:No flow ensemble,direction,1,2026-09-11,,,,,,,,,,,,,,,,,1773000.0,1812000.0,-0.0221262817053427,0.0,0.0,,,,,,,1.223704718135425,0.7524068105504851,scored,True,2026-09-24T01:27:55.053708+00:00,github-actions,7fa00c14b86e,,,,,,,,미국지표:미국 생산자물가(PPI),,,,,,
3,20260910T114347_850acd9ddb81,2026-09-10T11:44:03.486963+00:00,2026-09-11,2026-09-10,1e8b3ffc73f3d2e1b139,ebdbaad363d27a26ad73,close_to_close,0.0144004404487031,{},7ed3ebee8562f01fbf17,lagged_latest_vintage,상승,0.2715435163467364,0.2793710693825981,0.4490854142706654,No macro price ensemble,20260910T114347_850acd9ddb81:direction:No macro price ensemble,direction,1,2026-09-11,,,,,,,,,,,,,,,,,1773000.0,1812000.0,-0.0221262817053427,0.0,0.0,,,,,,,1.3036328712483574,0.8103747522951091,scored,True,2026-09-24T01:27:55.053708+00:00,github-actions,7fa00c14b86e,,,,,,,,미국지표:미국 생산자물가(PPI),,,,,,
3,20260910T114347_850acd9ddb81,2026-09-10T11:44:03.486963+00:00,2026-09-11,2026-09-10,1e8b3ffc73f3d2e1b139,ebdbaad363d27a26ad73,close_to_close,0.0144004404487031,{},7ed3ebee8562f01fbf17,lagged_latest_vintage,,,,,Ridge,20260910T114347_850acd9ddb81:price:1,price,1,2026-09-11,1거래일,1.0,1853000.0,있음,0.003556003018764,1859589.2735937696,1859589.2735937696,1748668.4483788342,1970510.0988087056,0.8071278825995807,simple,0.030492599847818,0.0334192060961027,-0.0040253120528239,-0.0019342786753214,1.0,1773000.0,1812000.0,-0.0221262817053427,,,47589.27359376964,47589.27359376964,0.02626339602305168,0.025682284724106698,1.0,47589.27359376964,,,scored,True,2026-09-24T01:27:55.053708+00:00,github-actions,7fa00c14b86e,0.003556003018764,,,,,,,미국지표:미국 생산자물가(PPI),,,,,,
3,20260910T114347_850acd9ddb81,2026-09-10T11:44:03.486963+00:00,2026-09-11,2026-09-10,1e8b3ffc73f3d2e1b139,ebdbaad363d27a26ad73,close_to_close,0.0144004404487031,{},7ed3ebee8562f01fbf17,lagged_latest_vintage,,,,,Ridge,20260910T114347_850acd9ddb81:price:5,price,5,2026-09-17,1주일,5.0,1853000.0,없음,,,1853000.0,1600462.9683620266,2105537.031637973,0.7494736842105263,simple,0.0761858456126585,0.0788352853456351,0.0,0.0,0.0,1770000.0,1745000.0,-0.05828386400431729,,,,,,,1.0,108000.0,,,scored,True,2026-09-24T01:27:55.053708+00:00,github-actions,7fa00c14b86e,0.0162351262822623,,,,,,,미국지표:미국 생산자물가(PPI),,,,,,
3,20260910T114347_850acd9ddb81,2026-09-10T11:44:03.486963+00:00,2026-09-11,2026-09-10,1e8b3ffc73f3d2e1b139,ebdbaad363d27a26ad73,close_to_close,0.0144004404487031,{},7ed3ebee8562f01fbf17,lagged_latest_vintage,,,,,Ridge,20260910T114347_850acd9ddb81:price:20,price,20,2026-10-14,1개월,20.0,1853000.0,없음,,,1853000.0,1319224.7503993376,2386775.2496006624,0.6652452025586354,simple,0.1991040127409867,0.200204418402227,0.0,0.0,0.0,,,,,,,,,,,,,,pending,True,2026-09-24T01:27:55.053708+00:00,github-actions,7fa00c14b86e,0.0838947856802976,,,,,,,미국지표:미국 생산자물가(PPI),,,,,,
3,20260910T114347_850acd9ddb81,2026-09-10T11:44:03.486963+00:00,2026-09-11,2026-09-10,1e8b3ffc73f3d2e1b139,ebdbaad363d27a26ad73,close_to_close,0.0144004404487031,{},7ed3ebee8562f01fbf17,lagged_latest_vintage,,,,,Candidate HAR interval,20260910T114347_850acd9ddb81:price_candidate:har_interval:5,price,5,2026-09-17,1주일,5.0,1853000.0,없음,,,1853000.0,1658606.840053955,2047393.159946045,0.6168421052631579,har,0.0761858456126585,0.0788352853456351,0.0,0.0,0.0,1770000.0,1745000.0,-0.05828386400431729,,,,,,,1.0,108000.0,,,scored,True,2026-09-24T01:27:55.053708+00:00,github-actions,7fa00c14b86e,0.0162351262822623,,,,,,,미국지표:미국 생산자물가(PPI),,,,,,
3,20260910T114347_850acd9ddb81,2026-09-10T11:44:03.486963+00:00,2026-09-11,2026-09-10,1e8b3ffc73f3d2e1b139,ebdbaad363d27a26ad73,close_to_close,0.0144004404487031,{},7ed3ebee8562f01fbf17,lagged_latest_vintage,,,,,Candidate strict gate,20260910T114347_850acd9ddb81:price_candidate:strict_gate:5,price,5,2026-09-17,1주일,5.0,1853000.0,없음,,,1853000.0,1600462.9683620268,2105537.031637973,0.7494736842105263,simple,0.0761858456126585,0.0788352853456351,0.0,0.0,0.0,1770000.0,1745000.0,-0.05828386400431729,,,,,,,1.0,108000.0,,,scored,True,2026-09-24T01:27:55.053708+00:00,github-actions,7fa00c14b86e,0.0162351262822623,,,,,,,미국지표:미국 생산자물가(PPI),,,,,,
3,20260910T114347_850acd9ddb81,2026-09-10T11:44:03.486963+00:00,2026-09-11,2026-09-10,1e8b3ffc73f3d2e1b139,ebdbaad363d27a26ad73,close_to_close,0.0144004404487031,{},7ed3ebee8562f01fbf17,lagged_latest_vintage,,,,,Candidate HAR interval,20260910T114347_850acd9ddb81:price_candidate:har_interval:20,price,20,2026-10-14,1개월,20.0,1853000.0,없음,,,1853000.0,1437724.8398295604,2268275.16017044,0.5543710021321961,har,0.1991040127409867,0.200204418402227,0.0,0.0,0.0,,,,,,,,,,,,,,pending,True,2026-09-24T01:27:55.053708+00:00,github-actions,7fa00c14b86e,0.0838947856802976,,,,,,,미국지표:미국 생산자물가(PPI),,,,,,
3,20260910T114347_850acd9ddb81,2026-09-10T11:44:03.486963+00:00,2026-09-11,2026-09-10,1e8b3ffc73f3d2e1b139,ebdbaad363d27a26ad73,close_to_close,0.0144004404487031,{},7ed3ebee8562f01fbf17,lagged_latest_vintage,,,,,Ridge,20260910T114347_850acd9ddb81:open:1,open,1,2026-09-11,시초가예측,1.0,1853000.0,있음,0.0049143149517476,,,,,0.8254799301919721,,0.0172554945424626,0.022931641307303,-0.0071088952823906,-0.0042909437932305,1.0,1773000.0,1812000.0,-0.043173232595790645,,,89106.2256055884,89106.2256055884,0.050257318446468364,0.048087547547538245,0.0,89106.2256055884,,,scored,True,2026-09-24T01:27:55.053708+00:00,github-actions,7fa00c14b86e,0.0049143149517476,1862106.2256055884,1862106.2256055884,1783028.8856880409,1941183.565523136,0.8065473219131706,0.6308381246805869,미국지표:미국 생산자물가(PPI),,,,,,
3,20260911T040348_896aaf5d2f4f,2026-09-11T04:04:09.173150+00:00,2026-09-11,2026-09-10,45fc309a768006fdbbf5,53c9db3770b61e827785,close_to_close,0.0144004404487031,{},7ed3ebee8562f01fbf17,lagged_latest_vintage,하락,0.6628149846615641,0.1869001714423324,0.1502848438961035,Logistic,20260911T040348_896aaf5d2f4f:direction:Logistic,direction,1,2026-09-11,,,,,,,,,,,,,,,,,1773000.0,1812000.0,-0.0221262817053427,0.0,1.0,,,,,,,0.41125938556585,0.17121094295883071,scored,False,2026-09-24T01:27:55.053708+00:00,github-actions,7fa00c14b86e,,,,,,,,미국지표:미국 생산자물가(PPI),,,,,,
3,20260911T040348_896aaf5d2f4f,2026-09-11T04:04:09.173150+00:00,2026-09-11,2026-09-10,45fc309a768006fdbbf5,53c9db3770b61e827785,close_to_close,0.0144004404487031,{},7ed3ebee8562f01fbf17,lagged_latest_vintage,하락,0.5814335884691159,0.2434556573103627,0.1751107542205214,LightGBM,20260911T040348_896aaf5d2f4f:direction:LightGBM,direction,1,2026-09-11,,,,,,,,,,,,,,,,,1773000.0,1812000.0,-0.0221262817053427,0.0,1.0,,,,,,,0.5422585208213764,0.26513227418194196,scored,False,2026-09-24T01:27:55.053708+00:00,github-actions,7fa00c14b86e,,,,,,,,미국지표:미국 생산자물가(PPI),,,,,,
3,20260911T040348_896aaf5d2f4f,2026-09-11T04:04:09.173150+00:00,2026-09-11,2026-09-10,45fc309a768006fdbbf5,53c9db3770b61e827785,close_to_close,0.0144004404487031,{},7ed3ebee8562f01fbf17,lagged_latest_vintage,하락,0.6221242865653399,0.2151779143763476,0.1626977990583125,Mean ensemble,20260911T040348_896aaf5d2f4f:direction:Mean ensemble,direction,1,2026-09-11,,,,,,,,,,,,,,,,,1773000.0,1812000.0,-0.0221262817053427,0.0,1.0,,,,,,,0.4746153885746772,0.21556216345752713,scored,False,2026-09-24T01:27:55.053708+00:00,github-actions,7fa00c14b86e,,,,,,,,미국지표:미국 생산자물가(PPI),,,,,,
3,20260911T040348_896aaf5d2f4f,2026-09-11T04:04:09.173150+00:00,2026-09-11,2026-09-10,45fc309a768006fdbbf5,53c9db3770b61e827785,close_to_close,0.0144004404487031,{},7ed3ebee8562f01fbf17,lagged_latest_vintage,하락,0.6107091379479865,0.2279528678988182,0.1613379941531952,No macro ensemble,20260911T040348_896aaf5d2f4f:direction:No macro ensemble,direction,1,2026-09-11,,,,,,,,,,,,,,,,,1773000.0,1812000.0,-0.0221262817053427,0.0,1.0,,,,,,,0.49313447579313074,0.22953983361787222,scored,False,2026-09-24T01:27:55.053708+00:00,github-actions,7fa00c14b86e,,,,,,,,미국지표:미국 생산자물가(PPI),,,,,,
3,20260911T040348_896aaf5d2f4f,2026-09-11T04:04:09.173150+00:00,2026-09-11,2026-09-10,45fc309a768006fdbbf5,53c9db3770b61e827785,close_to_close,0.0144004404487031,{},7ed3ebee8562f01fbf17,lagged_latest_vintage,하락,0.6387803598882575,0.2011503210717136,0.1600693190400288,Candidate expanding,20260911T040348_896aaf5d2f4f:direction:Candidate expanding,direction,1,2026-09-11,,,,,,,,,,,,,,,,,1773000.0,1812000.0,-0.0221262817053427,0.0,1.0,,,,,,,0.4481946084360033,0.19656326696764873,scored,False,2026-09-24T01:27:55.053708+00:00,github-actions,7fa00c14b86e,,,,,,,,미국지표:미국 생산자물가(PPI),,,,,,
3,20260911T040348_896aaf5d2f4f,2026-09-11T04:04:09.173150+00:00,2026-09-11,2026-09-10,45fc309a768006fdbbf5,53c9db3770b61e827785,close_to_close,0.0144004404487031,{},7ed3ebee8562f01fbf17,lagged_latest_vintage,하락,0.6127851888678737,0.2244274121132374,0.1627873990188889,No NSI ensemble,20260911T040348_896aaf5d2f4f:direction:No NSI ensemble,direction,1,2026-09-11,,,,,,,,,,,,,,,,,1773000.0,1812000.0,-0.0221262817053427,0.0,1.0,,,,,,,0.4897408304498788,0.22680271054726808,scored,False,2026-09-24T01:27:55.053708+00:00,github-actions,7fa00c14b86e,,,,,,,,미국지표:미국 생산자물가(PPI),,,,,,
3,20260911T040348_896aaf5d2f4f,2026-09-11T04:04:09.173150+00:00,2026-09-11,2026-09-10,45fc309a768006fdbbf5,53c9db3770b61e827785,close_to_close,0.0144004404487031,{},7ed3ebee8562f01fbf17,lagged_latest_vintage,하락,0.6801214948120184,0.1870411967640173,0.1328373084239643,No flow ensemble,20260911T040348_896aaf5d2f4f:direction:No flow ensemble,direction,1,2026-09-11,,,,,,,,,,,,,,,,,1773000.0,1812000.0,-0.0221262817053427,0.0,1.0,,,,,,,0.38548382793015756,0.15495241787753677,scored,False,2026-09-24T01:27:55.053708+00:00,github-actions,7fa00c14b86e,,,,,,,,미국지표:미국 생산자물가(PPI),,,,,,
3,20260911T040348_896aaf5d2f4f,2026-09-11T04:04:09.173150+00:00,2026-09-11,2026-09-10,45fc309a768006fdbbf5,53c9db3770b61e827785,close_to_close,0.0144004404487031,{},7ed3ebee8562f01fbf17,lagged_latest_vintage,하락,0.5921036476886724,0.2304038451873878,0.1774925071239398,No macro price ensemble,20260911T040348_896aaf5d2f4f:direction:No macro price ensemble,direction,1,2026-09-11,,,,,,,,,,,,,,,,,1773000.0,1812000.0,-0.0221262817053427,0.0,1.0,,,,,,,0.5240735788677532,0.2509689561911623,scored,False,2026-09-24T01:27:55.053708+00:00,github-actions,7fa00c14b86e,,,,,,,,미국지표:미국 생산자물가(PPI),,,,,,
3,20260911T040348_896aaf5d2f4f,2026-09-11T04:04:09.173150+00:00,2026-09-11,2026-09-10,45fc309a768006fdbbf5,53c9db3770b61e827785,close_to_close,0.0144004404487031,{},7ed3ebee8562f01fbf17,lagged_latest_vintage,,,,,Ridge,20260911T040348_896aaf5d2f4f:price:1,price,1,2026-09-11,1거래일,1.0,1853000.0,있음,-0.0125626782456603,1829721.357210792,1829721.357210792,1719618.815594969,1939823.8988266136,0.7987421383647799,simple,0.0304642006851801,0.0334192060961027,-0.0040535267629566,-0.0019444578527127,1.0,1773000.0,1812000.0,-0.0221262817053427,,,17721.357210791903,17721.357210791903,0.009779998460701933,0.009563603459682398,1.0,17721.357210791903,,,scored,False,2026-09-24T01:27:55.053708+00:00,github-actions,7fa00c14b86e,-0.0125626782456603,,,,,,,미국지표:미국 생산자물가(PPI),,,,,,
3,20260911T040348_896aaf5d2f4f,2026-09-11T04:04:09.173150+00:00,2026-09-11,2026-09-10,45fc309a768006fdbbf5,53c9db3770b61e827785,close_to_close,0.0144004404487031,{},7ed3ebee8562f01fbf17,lagged_latest_vintage,,,,,Ridge,20260911T040348_896aaf5d2f4f:price:5,price,5,2026-09-17,1주일,5.0,1853000.0,없음,,,1853000.0,1600462.9299532317,2105537.0700467685,0.7494736842105263,simple,0.0761856816526956,0.0788352853456351,0.0,0.0,0.0,1770000.0,1745000.0,-0.05828386400431729,,,,,,,1.0,108000.0,,,scored,False,2026-09-24T01:27:55.053708+00:00,github-actions,7fa00c14b86e,3.146677992753701e-05,,,,,,,미국지표:미국 생산자물가(PPI),,,,,,
3,20260911T040348_896aaf5d2f4f,2026-09-11T04:04:09.173150+00:00,2026-09-11,2026-09-10,45fc309a768006fdbbf5,53c9db3770b61e827785,close_to_close,0.0144004404487031,{},7ed3ebee8562f01fbf17,lagged_latest_vintage,,,,,Ridge,20260911T040348_896aaf5d2f4f:price:20,price,20,2026-10-14,1개월,20.0,1853000.0,없음,,,1853000.0,1319224.639676044,2386775.360323956,0.6652452025586354,simple,0.1991765605322679,0.200204418402227,0.0,0.0,0.0,,,,,,,,,,,,,,pending,False,2026-09-24T01:27:55.053708+00:00,github-actions,7fa00c14b86e,0.0617209452501649,,,,,,,미국지표:미국 생산자물가(PPI),,,,,,
3,20260911T040348_896aaf5d2f4f,2026-09-11T04:04:09.173150+00:00,2026-09-11,2026-09-10,45fc309a768006fdbbf5,53c9db3770b61e827785,close_to_close,0.0144004404487031,{},7ed3ebee8562f01fbf17,lagged_latest_vintage,,,,,Candidate IV interval,20260911T040348_896aaf5d2f4f:price_candidate:iv_interval:1,price,1,2026-09-11,1거래일,1.0,1853000.0,있음,-0.0125626782456603,1829721.357210792,1829721.357210792,1723614.9470559366,1935827.767365646,0.8197064989517819,iv,0.0304642006851801,0.0334192060961027,-0.0040535267629566,-0.0019444578527127,1.0,1773000.0,1812000.0,-0.0221262817053427,,,17721.357210791903,17721.357210791903,0.009779998460701933,0.009563603459682398,1.0,17721.357210791903,,,scored,False,2026-09-24T01:27:55.053708+00:00,github-actions,7fa00c14b86e,-0.0125626782456603,,,,,,,미국지표:미국 생산자물가(PPI),,,,,,
3,20260911T040348_896aaf5d2f4f,2026-09-11T04:04:09.173150+00:00,2026-09-11,2026-09-10,45fc309a768006fdbbf5,53c9db3770b61e827785,close_to_close,0.0144004404487031,{},7ed3ebee8562f01fbf17,lagged_latest_vintage,,,,,Candidate HAR interval,20260911T040348_896aaf5d2f4f:price_candidate:har_interval:5,price,5,2026-09-17,1주일,5.0,1853000.0,없음,,,1853000.0,1658606.840053955,2047393.159946045,0.6168421052631579,har,0.0761856816526956,0.0788352853456351,0.0,0.0,0.0,1770000.0,1745000.0,-0.05828386400431729,,,,,,,1.0,108000.0,,,scored,False,2026-09-24T01:27:55.053708+00:00,github-actions,7fa00c14b86e,3.146677992753701e-05,,,,,,,미국지표:미국 생산자물가(PPI),,,,,,
3,20260911T040348_896aaf5d2f4f,2026-09-11T04:04:09.173150+00:00,2026-09-11,2026-09-10,45fc309a768006fdbbf5,53c9db3770b61e827785,close_to_close,0.0144004404487031,{},7ed3ebee8562f01fbf17,lagged_latest_vintage,,,,,Candidate strict gate,20260911T040348_896aaf5d2f4f:price_candidate:strict_gate:5,price,5,2026-09-17,1주일,5.0,1853000.0,없음,,,1853000.0,1600462.9299532317,2105537.0700467685,0.7494736842105263,simple,0.0761856816526956,0.0788352853456351,0.0,0.0,0.0,1770000.0,1745000.0,-0.05828386400431729,,,,,,,1.0,108000.0,,,scored,False,2026-09-24T01:27:55.053708+00:00,github-actions,7fa00c14b86e,3.146677992753701e-05,,,,,,,미국지표:미국 생산자물가(PPI),,,,,,
3,20260911T040348_896aaf5d2f4f,2026-09-11T04:04:09.173150+00:00,2026-09-11,2026-09-10,45fc309a768006fdbbf5,53c9db3770b61e827785,close_to_close,0.0144004404487031,{},7ed3ebee8562f01fbf17,lagged_latest_vintage,,,,,Candidate IV interval,20260911T040348_896aaf5d2f4f:price_candidate:iv_interval:5,price,5,2026-09-17,1주일,5.0,1853000.0,없음,,,1853000.0,1616580.5497200745,2089419.4502799253,0.76,iv,0.0761856816526956,0.0788352853456351,0.0,0.0,0.0,1770000.0,1745000.0,-0.05828386400431729,,,,,,,1.0,108000.0,,,scored,False,2026-09-24T01:27:55.053708+00:00,github-actions,7fa00c14b86e,3.146677992753701e-05,,,,,,,미국지표:미국 생산자물가(PPI),,,,,,
3,20260911T040348_896aaf5d2f4f,2026-09-11T04:04:09.173150+00:00,2026-09-11,2026-09-10,45fc309a768006fdbbf5,53c9db3770b61e827785,close_to_close,0.0144004404487031,{},7ed3ebee8562f01fbf17,lagged_latest_vintage,,,,,Candidate HAR interval,20260911T040348_896aaf5d2f4f:price_candidate:har_interval:20,price,20,2026-10-14,1개월,20.0,1853000.0,없음,,,1853000.0,1437751.0698856772,2268248.930114323,0.5565031982942431,har,0.1991765605322679,0.200204418402227,0.0,0.0,0.0,,,,,,,,,,,,,,pending,False,2026-09-24T01:27:55.053708+00:00,github-actions,7fa00c14b86e,0.0617209452501649,,,,,,,미국지표:미국 생산자물가(PPI),,,,,,
3,20260911T040348_896aaf5d2f4f,2026-09-11T04:04:09.173150+00:00,2026-09-11,2026-09-10,45fc309a768006fdbbf5,53c9db3770b61e827785,close_to_close,0.0144004404487031,{},7ed3ebee8562f01fbf17,lagged_latest_vintage,,,,,Candidate IV interval,20260911T040348_896aaf5d2f4f:price_candidate:iv_interval:20,price,20,2026-10-14,1개월,20.0,1853000.0,없음,,,1853000.0,1328628.6585017175,2377371.3414982823,0.697228144989339,iv,0.1991765605322679,0.200204418402227,0.0,0.0,0.0,,,,,,,,,,,,,,pending,False,2026-09-24T01:27:55.053708+00:00,github-actions,7fa00c14b86e,0.0617209452501649,,,,,,,미국지표:미국 생산자물가(PPI),,,,,,
3,20260911T040348_896aaf5d2f4f,2026-09-11T04:04:09.173150+00:00,2026-09-11,2026-09-10,45fc309a768006fdbbf5,53c9db3770b61e827785,close_to_close,0.0144004404487031,{},7ed3ebee8562f01fbf17,lagged_latest_vintage,,,,,Ridge,20260911T040348_896aaf5d2f4f:open:1,open,1,2026-09-11,시초가예측,1.0,1853000.0,있음,-0.0185467302799224,,,,,0.8254799301919721,,0.0171926526552614,0.022931641307303,-0.0072369696255563,-0.0042855733509401,1.0,1773000.0,1812000.0,-0.043173232595790645,,,45632.9087913041,45632.9087913041,0.025737681213369487,0.024626502315868246,1.0,45632.9087913041,,,scored,False,2026-09-24T01:27:55.053708+00:00,github-actions,7fa00c14b86e,-0.0185467302799224,1818632.908791304,1818632.908791304,1739422.946108418,1897842.871474189,0.807153605846465,0.6329240143044886,미국지표:미국 생산자물가(PPI),,,,,,
3,20260911T052322_934df3c4b8f0,2026-09-11T05:23:43.167239+00:00,2026-09-11,2026-09-10,537ba6ae6a543259fddd,53c9db3770b61e827785,close_to_close,0.0144004404487031,{},7ed3ebee8562f01fbf17,lagged_latest_vintage,하락,0.6607620120048523,0.1877532452344894,0.1514847427606582,Logistic,20260911T052322_934df3c4b8f0:direction:Logistic,direction,1,2026-09-11,,,,,,,,,,,,,,,,,1773000.0,1812000.0,-0.0221262817053427,0.0,1.0,,,,,,,0.41436154631398003,0.1732813208843411,scored,False,2026-09-24T01:27:55.053708+00:00,github-actions,7fa00c14b86e,,,,,,,,미국지표:미국 생산자물가(PPI),,,,,,
3,20260911T052322_934df3c4b8f0,2026-09-11T05:23:43.167239+00:00,2026-09-11,2026-09-10,537ba6ae6a543259fddd,53c9db3770b61e827785,close_to_close,0.0144004404487031,{},7ed3ebee8562f01fbf17,lagged_latest_vintage,하락,0.5645609352708961,0.2547422250686272,0.1806968396604767,LightGBM,20260911T052322_934df3c4b8f0:direction:LightGBM,direction,1,2026-09-11,,,,,,,,,,,,,,,,,1773000.0,1812000.0,-0.0221262817053427,0.0,1.0,,,,,,,0.5717069556540914,0.2871521281883559,scored,False,2026-09-24T01:27:55.053708+00:00,github-actions,7fa00c14b86e,,,,,,,,미국지표:미국 생산자물가(PPI),,,,,,
3,20260911T052322_934df3c4b8f0,2026-09-11T05:23:43.167239+00:00,2026-09-11,2026-09-10,537ba6ae6a543259fddd,53c9db3770b61e827785,close_to_close,0.0144004404487031,{},7ed3ebee8562f01fbf17,lagged_latest_vintage,하락,0.6126614736378743,0.2212477351515583,0.1660907912105675,Mean ensemble,20260911T052322_934df3c4b8f0:direction:Mean ensemble,direction,1,2026-09-11,,,,,,,,,,,,,,,,,1773000.0,1812000.0,-0.0221262817053427,0.0,1.0,,,,,,,0.4899427408784678,0.22656784523902956,scored,False,2026-09-24T01:27:55.053708+00:00,github-actions,7fa00c14b86e,,,,,,,,미국지표:미국 생산자물가(PPI),,,,,,
3,20260911T052322_934df3c4b8f0,2026-09-11T05:23:43.167239+00:00,2026-09-11,2026-09-10,537ba6ae6a543259fddd,53c9db3770b61e827785,close_to_close,0.0144004404487031,{},7ed3ebee8562f01fbf17,lagged_latest_vintage,하락,0.6071221008231638,0.2333603088000129,0.1595175903768233,No macro ensemble,20260911T052322_934df3c4b8f0:direction:No macro ensemble,direction,1,2026-09-11,,,,,,,,,,,,,,,,,1773000.0,1812000.0,-0.0221262817053427,0.0,1.0,,,,,,,0.49902535358286754,0.23425593902446967,scored,False,2026-09-24T01:27:55.053708+00:00,github-actions,7fa00c14b86e,,,,,,,,미국지표:미국 생산자물가(PPI),,,,,,
3,20260911T052322_934df3c4b8f0,2026-09-11T05:23:43.167239+00:00,2026-09-11,2026-09-10,537ba6ae6a543259fddd,53c9db3770b61e827785,close_to_close,0.0144004404487031,{},7ed3ebee8562f01fbf17,lagged_latest_vintage,하락,0.6355693433051809,0.202519611521856,0.1619110451729632,Candidate expanding,20260911T052322_934df3c4b8f0:direction:Candidate expanding,direction,1,2026-09-11,,,,,,,,,,,,,,,,,1773000.0,1812000.0,-0.0221262817053427,0.0,1.0,,,,,,,0.45323407816817646,0.20003908313898197,scored,False,2026-09-24T01:27:55.053708+00:00,github-actions,7fa00c14b86e,,,,,,,,미국지표:미국 생산자물가(PPI),,,,,,
3,20260911T052322_934df3c4b8f0,2026-09-11T05:23:43.167239+00:00,2026-09-11,2026-09-10,537ba6ae6a543259fddd,53c9db3770b61e827785,close_to_close,0.0144004404487031,{},7ed3ebee8562f01fbf17,lagged_latest_vintage,하락,0.6089434751460447,0.2253545465560585,0.1657019782978966,No NSI ensemble,20260911T052322_934df3c4b8f0:direction:No NSI ensemble,direction,1,2026-09-11,,,,,,,,,,,,,,,,,1773000.0,1812000.0,-0.0221262817053427,0.0,1.0,,,,,,,0.4960298314320409,0.2311670228961754,scored,False,2026-09-24T01:27:55.053708+00:00,github-actions,7fa00c14b86e,,,,,,,,미국지표:미국 생산자물가(PPI),,,,,,
3,20260911T052322_934df3c4b8f0,2026-09-11T05:23:43.167239+00:00,2026-09-11,2026-09-10,537ba6ae6a543259fddd,53c9db3770b61e827785,close_to_close,0.0144004404487031,{},7ed3ebee8562f01fbf17,lagged_latest_vintage,하락,0.6262861940122421,0.2113883506551169,0.162325455332641,No flow ensemble,20260911T052322_934df3c4b8f0:direction:No flow ensemble,direction,1,2026-09-11,,,,,,,,,,,,,,,,,1773000.0,1812000.0,-0.0221262817053427,0.0,1.0,,,,,,,0.4679478334231919,0.2106965970274955,scored,False,2026-09-24T01:27:55.053708+00:00,github-actions,7fa00c14b86e,,,,,,,,미국지표:미국 생산자물가(PPI),,,,,,
3,20260911T052322_934df3c4b8f0,2026-09-11T05:23:43.167239+00:00,2026-09-11,2026-09-10,537ba6ae6a543259fddd,53c9db3770b61e827785,close_to_close,0.0144004404487031,{},7ed3ebee8562f01fbf17,lagged_latest_vintage,하락,0.5915803958533575,0.2306268474621829,0.1777927566844594,No macro price ensemble,20260911T052322_934df3c4b8f0:direction:No macro price ensemble,direction,1,2026-09-11,,,,,,,,,,,,,,,,,1773000.0,1812000.0,-0.0221262817053427,0.0,1.0,,,,,,,0.5249576861973276,0.25160558015110446,scored,False,2026-09-24T01:27:55.053708+00:00,github-actions,7fa00c14b86e,,,,,,,,미국지표:미국 생산자물가(PPI),,,,,,
3,20260911T052322_934df3c4b8f0,2026-09-11T05:23:43.167239+00:00,2026-09-11,2026-09-10,537ba6ae6a543259fddd,53c9db3770b61e827785,close_to_close,0.0144004404487031,{},7ed3ebee8562f01fbf17,lagged_latest_vintage,,,,,Ridge,20260911T052322_934df3c4b8f0:price:1,price,1,2026-09-11,1거래일,1.0,1853000.0,있음,-0.012463492129395,1829905.149084231,1829905.149084231,1719802.675362632,1940007.6228058296,0.7987421383647799,simple,0.030464202862402,0.0334192060961027,-0.0040535257616597,-0.0019444557251455,1.0,1773000.0,1812000.0,-0.0221262817053427,,,17905.149084230885,17905.149084230885,0.009881428854432056,0.009662789575947699,1.0,17905.149084230885,,,scored,False,2026-09-24T01:27:55.053708+00:00,github-actions,7fa00c14b86e,-0.012463492129395,,,,,,,미국지표:미국 생산자물가(PPI),,,,,,
3,20260911T052322_934df3c4b8f0,2026-09-11T05:23:43.167239+00:00,2026-09-11,2026-09-10,537ba6ae6a543259fddd,53c9db3770b61e827785,close_to_close,0.0144004404487031,{},7ed3ebee8562f01fbf17,lagged_latest_vintage,,,,,Ridge,20260911T052322_934df3c4b8f0:price:5,price,5,2026-09-17,1주일,5.0,1853000.0,없음,,,1853000.0,1600463.11458046,2105536.88541954,0.7494736842105263,simple,0.0761856816323078,0.0788352853456351,0.0,0.0,0.0,1770000.0,1745000.0,-0.05828386400431729,,,,,,,1.0,108000.0,,,scored,False,2026-09-24T01:27:55.053708+00:00,github-actions,7fa00c14b86e,6.483845641366388e-05,,,,,,,미국지표:미국 생산자물가(PPI),,,,,,
3,20260911T052322_934df3c4b8f0,2026-09-11T05:23:43.167239+00:00,2026-09-11,2026-09-10,537ba6ae6a543259fddd,53c9db3770b61e827785,close_to_close,0.0144004404487031,{},7ed3ebee8562f01fbf17,lagged_latest_vintage,,,,,Ridge,20260911T052322_934df3c4b8f0:price:20,price,20,2026-10-14,1개월,20.0,1853000.0,없음,,,1853000.0,1319225.005973321,2386774.994026679,0.6652452025586354,simple,0.1991765337591711,0.200204418402227,0.0,0.0,0.0,,,,,,,,,,,,,,pending,False,2026-09-24T01:27:55.053708+00:00,github-actions,7fa00c14b86e,0.0621562341064198,,,,,,,미국지표:미국 생산자물가(PPI),,,,,,
3,20260911T052322_934df3c4b8f0,2026-09-11T05:23:43.167239+00:00,2026-09-11,2026-09-10,537ba6ae6a543259fddd,53c9db3770b61e827785,close_to_close,0.0144004404487031,{},7ed3ebee8562f01fbf17,lagged_latest_vintage,,,,,Candidate IV interval,20260911T052322_934df3c4b8f0:price_candidate:iv_interval:1,price,1,2026-09-11,1거래일,1.0,1853000.0,있음,-0.012463492129395,1829905.149084231,1829905.149084231,1723798.4522954917,1936011.8458729703,0.8197064989517819,iv,0.030464202862402,0.0334192060961027,-0.0040535257616597,-0.0019444557251455,1.0,1773000.0,1812000.0,-0.0221262817053427,,,17905.149084230885,17905.149084230885,0.009881428854432056,0.009662789575947699,1.0,17905.149084230885,,,scored,False,2026-09-24T01:27:55.053708+00:00,github-actions,7fa00c14b86e,-0.012463492129395,,,,,,,미국지표:미국 생산자물가(PPI),,,,,,
3,20260911T052322_934df3c4b8f0,2026-09-11T05:23:43.167239+00:00,2026-09-11,2026-09-10,537ba6ae6a543259fddd,53c9db3770b61e827785,close_to_close,0.0144004404487031,{},7ed3ebee8562f01fbf17,lagged_latest_vintage,,,,,Candidate HAR interval,20260911T052322_934df3c4b8f0:price_candidate:har_interval:5,price,5,2026-09-17,1주일,5.0,1853000.0,없음,,,1853000.0,1658606.840053955,2047393.159946045,0.6168421052631579,har,0.0761856816323078,0.0788352853456351,0.0,0.0,0.0,1770000.0,1745000.0,-0.05828386400431729,,,,,,,1.0,108000.0,,,scored,False,2026-09-24T01:27:55.053708+00:00,github-actions,7fa00c14b86e,6.483845641366388e-05,,,,,,,미국지표:미국 생산자물가(PPI),,,,,,
3,20260911T052322_934df3c4b8f0,2026-09-11T05:23:43.167239+00:00,2026-09-11,2026-09-10,537ba6ae6a543259fddd,53c9db3770b61e827785,close_to_close,0.0144004404487031,{},7ed3ebee8562f01fbf17,lagged_latest_vintage,,,,,Candidate strict gate,20260911T052322_934df3c4b8f0:price_candidate:strict_gate:5,price,5,2026-09-17,1주일,5.0,1853000.0,없음,,,1853000.0,1600463.11458046,2105536.88541954,0.7494736842105263,simple,0.0761856816323078,0.0788352853456351,0.0,0.0,0.0,1770000.0,1745000.0,-0.05828386400431729,,,,,,,1.0,108000.0,,,scored,False,2026-09-24T01:27:55.053708+00:00,github-actions,7fa00c14b86e,6.483845641366388e-05,,,,,,,미국지표:미국 생산자물가(PPI),,,,,,
3,20260911T052322_934df3c4b8f0,2026-09-11T05:23:43.167239+00:00,2026-09-11,2026-09-10,537ba6ae6a543259fddd,53c9db3770b61e827785,close_to_close,0.0144004404487031,{},7ed3ebee8562f01fbf17,lagged_latest_vintage,,,,,Candidate IV interval,20260911T052322_934df3c4b8f0:price_candidate:iv_interval:5,price,5,2026-09-17,1주일,5.0,1853000.0,없음,,,1853000.0,1616581.1537086107,2089418.8462913893,0.76,iv,0.0761856816323078,0.0788352853456351,0.0,0.0,0.0,1770000.0,1745000.0,-0.05828386400431729,,,,,,,1.0,108000.0,,,scored,False,2026-09-24T01:27:55.053708+00:00,github-actions,7fa00c14b86e,6.483845641366388e-05,,,,,,,미국지표:미국 생산자물가(PPI),,,,,,
3,20260911T052322_934df3c4b8f0,2026-09-11T05:23:43.167239+00:00,2026-09-11,2026-09-10,537ba6ae6a543259fddd,53c9db3770b61e827785,close_to_close,0.0144004404487031,{},7ed3ebee8562f01fbf17,lagged_latest_vintage,,,,,Candidate HAR interval,20260911T052322_934df3c4b8f0:price_candidate:har_interval:20,price,20,2026-10-14,1개월,20.0,1853000.0,없음,,,1853000.0,1437751.0733688266,2268248.926631173,0.5565031982942431,har,0.1991765337591711,0.200204418402227,0.0,0.0,0.0,,,,,,,,,,,,,,pending,False,2026-09-24T01:27:55.053708+00:00,github-actions,7fa00c14b86e,0.0621562341064198,,,,,,,미국지표:미국 생산자물가(PPI),,,,,,
3,20260911T052322_934df3c4b8f0,2026-09-11T05:23:43.167239+00:00,2026-09-11,2026-09-10,537ba6ae6a543259fddd,53c9db3770b61e827785,close_to_close,0.0144004404487031,{},7ed3ebee8562f01fbf17,lagged_latest_vintage,,,,,Candidate IV interval,20260911T052322_934df3c4b8f0:price_candidate:iv_interval:20,price,20,2026-10-14,1개월,20.0,1853000.0,없음,,,1853000.0,1328627.8332735798,2377372.16672642,0.697228144989339,iv,0.1991765337591711,0.200204418402227,0.0,0.0,0.0,,,,,,,,,,,,,,pending,False,2026-09-24T01:27:55.053708+00:00,github-actions,7fa00c14b86e,0.0621562341064198,,,,,,,미국지표:미국 생산자물가(PPI),,,,,,
3,20260911T052322_934df3c4b8f0,2026-09-11T05:23:43.167239+00:00,2026-09-11,2026-09-10,537ba6ae6a543259fddd,53c9db3770b61e827785,close_to_close,0.0144004404487031,{},7ed3ebee8562f01fbf17,lagged_latest_vintage,,,,,Ridge,20260911T052322_934df3c4b8f0:open:1,open,1,2026-09-11,시초가예측,1.0,1853000.0,있음,-0.0184671953320503,,,,,0.8254799301919721,,0.0171926547372138,0.022931641307303,-0.0072369683532959,-0.0042855719792897,1.0,1773000.0,1812000.0,-0.043173232595790645,,,45780.28704971075,45780.28704971075,0.025820804878573463,0.024706037263740346,1.0,45780.28704971075,,,scored,False,2026-09-24T01:27:55.053708+00:00,github-actions,7fa00c14b86e,-0.0184671953320503,1818780.2870497108,1818780.2870497108,1739570.2983762957,1897990.2757231256,0.8071526982357864,0.6329239484432728,미국지표:미국 생산자물가(PPI),,,,,,
3,20260911T062520_c38eac00deae,2026-09-11T06:25:36.567195+00:00,2026-09-11,2026-09-10,5e323952a612fca69a63,53c9db3770b61e827785,close_to_close,0.0144004404487031,{},7ed3ebee8562f01fbf17,lagged_latest_vintage,하락,0.6607623996989846,0.1877530282250183,0.151484572075997,Logistic,20260911T062520_c38eac00deae:direction:Logistic,direction,1,2026-09-11,,,,,,,,,,,,,,,,,1773000.0,1812000.0,-0.0221262817053427,0.0,1.0,,,,,,,0.4143609595762262,0.17328092464270384,scored,False,2026-09-24T01:27:55.053708+00:00,github-actions,7fa00c14b86e,,,,,,,,미국지표:미국 생산자물가(PPI),,,,,,
3,20260911T062520_c38eac00deae,2026-09-11T06:25:36.567195+00:00,2026-09-11,2026-09-10,5e323952a612fca69a63,53c9db3770b61e827785,close_to_close,0.0144004404487031,{},7ed3ebee8562f01fbf17,lagged_latest_vintage,하락,0.5672534799975149,0.2557610284857798,0.1769854915167052,LightGBM,20260911T062520_c38eac00deae:direction:LightGBM,direction,1,2026-09-11,,,,,,,,,,,,,,,,,1773000.0,1812000.0,-0.0221262817053427,0.0,1.0,,,,,,,0.5669490204842126,0.2840071184737748,scored,False,2026-09-24T01:27:55.053708+00:00,github-actions,7fa00c14b86e,,,,,,,,미국지표:미국 생산자물가(PPI),,,,,,
3,20260911T062520_c38eac00deae,2026-09-11T06:25:36.567195+00:00,2026-09-11,2026-09-10,5e323952a612fca69a63,53c9db3770b61e827785,close_to_close,0.0144004404487031,{},7ed3ebee8562f01fbf17,lagged_latest_vintage,하락,0.6140079398482498,0.221757028355399,0.1642350317963511,Mean ensemble,20260911T062520_c38eac00deae:direction:Mean ensemble,direction,1,2026-09-11,,,,,,,,,,,,,,,,,1773000.0,1812000.0,-0.0221262817053427,0.0,1.0,,,,,,,0.4877474195696626,0.225139195794358,scored,False,2026-09-24T01:27:55.053708+00:00,github-actions,7fa00c14b86e,,,,,,,,미국지표:미국 생산자물가(PPI),,,,,,
3,20260911T062520_c38eac00deae,2026-09-11T06:25:36.567195+00:00,2026-09-11,2026-09-10,5e323952a612fca69a63,53c9db3770b61e827785,close_to_close,0.0144004404487031,{},7ed3ebee8562f01fbf17,lagged_latest_vintage,하락,0.6126106439513249,0.2305266981225025,0.1568626579261726,No macro ensemble,20260911T062520_c38eac00deae:direction:No macro ensemble,direction,1,2026-09-11,,,,,,,,,,,,,,,,,1773000.0,1812000.0,-0.0221262817053427,0.0,1.0,,,,,,,0.49002570969143405,0.227818965178734,scored,False,2026-09-24T01:27:55.053708+00:00,github-actions,7fa00c14b86e,,,,,,,,미국지표:미국 생산자물가(PPI),,,,,,
3,20260911T062520_c38eac00deae,2026-09-11T06:25:36.567195+00:00,2026-09-11,2026-09-10,5e323952a612fca69a63,53c9db3770b61e827785,close_to_close,0.0144004404487031,{},7ed3ebee8562f01fbf17,lagged_latest_vintage,하락,0.640151181528591,0.2013012472361656,0.1585475712352435,Candidate expanding,20260911T062520_c38eac00deae:direction:Candidate expanding,direction,1,2026-09-11,,,,,,,,,,,,,,,,,1773000.0,1812000.0,-0.0221262817053427,0.0,1.0,,,,,,,0.44605090938581626,0.19515069663869958,scored,False,2026-09-24T01:27:55.053708+00:00,github-actions,7fa00c14b86e,,,,,,,,미국지표:미국 생산자물가(PPI),,,,,,
3,20260911T062520_c38eac00deae,2026-09-11T06:25:36.567195+00:00,2026-09-11,2026-09-10,5e323952a612fca69a63,53c9db3770b61e827785,close_to_close,0.0144004404487031,{},7ed3ebee8562f01fbf17,lagged_latest_vintage,하락,0.6496849350251834,0.2187196707353496,0.1315953942394669,No NSI ensemble,20260911T062520_c38eac00deae:direction:No NSI ensemble,direction,1,2026-09-11,,,,,,,,,,,,,,,,,1773000.0,1812000.0,-0.0221262817053427,0.0,1.0,,,,,,,0.4312677489507839,0.18787628689993036,scored,False,2026-09-24T01:27:55.053708+00:00,github-actions,7fa00c14b86e,,,,,,,,미국지표:미국 생산자물가(PPI),,,,,,
3,20260911T062520_c38eac00deae,2026-09-11T06:25:36.567195+00:00,2026-09-11,2026-09-10,5e323952a612fca69a63,53c9db3770b61e827785,close_to_close,0.0144004404487031,{},7ed3ebee8562f01fbf17,lagged_latest_vintage,하락,0.6862203476022706,0.1828376275728407,0.1309420248248886,No flow ensemble,20260911T062520_c38eac00deae:direction:No flow ensemble,direction,1,2026-09-11,,,,,,,,,,,,,,,,,1773000.0,1812000.0,-0.0221262817053427,0.0,1.0,,,,,,,0.37655649641468486,0.1490330821805464,scored,False,2026-09-24T01:27:55.053708+00:00,github-actions,7fa00c14b86e,,,,,,,,미국지표:미국 생산자물가(PPI),,,,,,
3,20260911T062520_c38eac00deae,2026-09-11T06:25:36.567195+00:00,2026-09-11,2026-09-10,5e323952a612fca69a63,53c9db3770b61e827785,close_to_close,0.0144004404487031,{},7ed3ebee8562f01fbf17,lagged_latest_vintage,하락,0.5880434645962419,0.2338060142402556,0.1781505211635025,No macro price ensemble,20260911T062520_c38eac00deae:direction:No macro price ensemble,direction,1,2026-09-11,,,,,,,,,,,,,,,,,1773000.0,1812000.0,-0.0221262817053427,0.0,1.0,,,,,,,0.5309544144340492,0.25611104754760994,scored,False,2026-09-24T01:27:55.053708+00:00,github-actions,7fa00c14b86e,,,,,,,,미국지표:미국 생산자물가(PPI),,,,,,
3,20260911T062520_c38eac00deae,2026-09-11T06:25:36.567195+00:00,2026-09-11,2026-09-10,5e323952a612fca69a63,53c9db3770b61e827785,close_to_close,0.0144004404487031,{},7ed3ebee8562f01fbf17,lagged_latest_vintage,,,,,Ridge,20260911T062520_c38eac00deae:price:1,price,1,2026-09-11,1거래일,1.0,1853000.0,있음,-0.0124634878377294,1829905.1570366872,1829905.1570366872,1719802.8854737938,1940007.428599581,0.7987421383647799,simple,0.0304642033511839,0.0334192060961027,-0.0040535244036561,-0.0019444557483799,1.0,1773000.0,1812000.0,-0.0221262817053427,,,17905.157036687247,17905.157036687247,0.009881433243204884,0.009662793867613298,1.0,17905.157036687247,,,scored,False,2026-09-24T01:27:55.053708+00:00,github-actions,7fa00c14b86e,-0.0124634878377294,,,,,,,미국지표:미국 생산자물가(PPI),,,,,,
3,20260911T062520_c38eac00deae,2026-09-11T06:25:36.567195+00:00,2026-09-11,2026-09-10,5e323952a612fca69a63,53c9db3770b61e827785,close_to_close,0.0144004404487031,{},7ed3ebee8562f01fbf17,lagged_latest_vintage,,,,,Ridge,20260911T062520_c38eac00deae:price:5,price,5,2026-09-17,1주일,5.0,1853000.0,없음,,,1853000.0,1600462.8043677672,2105537.1956322333,0.7494736842105263,simple,0.0761856844745346,0.0788352853456351,0.0,0.0,0.0,1770000.0,1745000.0,-0.05828386400431729,,,,,,,1.0,108000.0,,,scored,False,2026-09-24T01:27:55.053708+00:00,github-actions,7fa00c14b86e,6.482566113871114e-05,,,,,,,미국지표:미국 생산자물가(PPI),,,,,,
3,20260911T062520_c38eac00deae,2026-09-11T06:25:36.567195+00:00,2026-09-11,2026-09-10,5e323952a612fca69a63,53c9db3770b61e827785,close_to_close,0.0144004404487031,{},7ed3ebee8562f01fbf17,lagged_latest_vintage,,,,,Ridge,20260911T062520_c38eac00deae:price:20,price,20,2026-10-14,1개월,20.0,1853000.0,없음,,,1853000.0,1319223.635715528,2386776.364284472,0.6652452025586354,simple,0.1991765685923688,0.200204418402227,0.0,0.0,0.0,,,,,,,,,,,,,,pending,False,2026-09-24T01:27:55.053708+00:00,github-actions,7fa00c14b86e,0.0621561893229575,,,,,,,미국지표:미국 생산자물가(PPI),,,,,,
3,20260911T062520_c38eac00deae,2026-09-11T06:25:36.567195+00:00,2026-09-11,2026-09-10,5e323952a612fca69a63,53c9db3770b61e827785,close_to_close,0.0144004404487031,{},7ed3ebee8562f01fbf17,lagged_latest_vintage,,,,,Candidate IV interval,20260911T062520_c38eac00deae:price_candidate:iv_interval:1,price,1,2026-09-11,1거래일,1.0,1853000.0,있음,-0.0124634878377294,1829905.1570366872,1829905.1570366872,1723798.631722869,1936011.682350506,0.8197064989517819,iv,0.0304642033511839,0.0334192060961027,-0.0040535244036561,-0.0019444557483799,1.0,1773000.0,1812000.0,-0.0221262817053427,,,17905.157036687247,17905.157036687247,0.009881433243204884,0.009662793867613298,1.0,17905.157036687247,,,scored,False,2026-09-24T01:27:55.053708+00:00,github-actions,7fa00c14b86e,-0.0124634878377294,,,,,,,미국지표:미국 생산자물가(PPI),,,,,,
3,20260911T062520_c38eac00deae,2026-09-11T06:25:36.567195+00:00,2026-09-11,2026-09-10,5e323952a612fca69a63,53c9db3770b61e827785,close_to_close,0.0144004404487031,{},7ed3ebee8562f01fbf17,lagged_latest_vintage,,,,,Candidate HAR interval,20260911T062520_c38eac00deae:price_candidate:har_interval:5,price,5,2026-09-17,1주일,5.0,1853000.0,없음,,,1853000.0,1658606.840053955,2047393.159946045,0.6168421052631579,har,0.0761856844745346,0.0788352853456351,0.0,0.0,0.0,1770000.0,1745000.0,-0.05828386400431729,,,,,,,1.0,108000.0,,,scored,False,2026-09-24T01:27:55.053708+00:00,github-actions,7fa00c14b86e,6.482566113871114e-05,,,,,,,미국지표:미국 생산자물가(PPI),,,,,,
3,20260911T062520_c38eac00deae,2026-09-11T06:25:36.567195+00:00,2026-09-11,2026-09-10,5e323952a612fca69a63,53c9db3770b61e827785,close_to_close,0.0144004404487031,{},7ed3ebee8562f01fbf17,lagged_latest_vintage,,,,,Candidate strict gate,20260911T062520_c38eac00deae:price_candidate:strict_gate:5,price,5,2026-09-17,1주일,5.0,1853000.0,없음,,,1853000.0,1600462.804367767,2105537.1956322333,0.7494736842105263,simple,0.0761856844745346,0.0788352853456351,0.0,0.0,0.0,1770000.0,1745000.0,-0.05828386400431729,,,,,,,1.0,108000.0,,,scored,False,2026-09-24T01:27:55.053708+00:00,github-actions,7fa00c14b86e,6.482566113871114e-05,,,,,,,미국지표:미국 생산자물가(PPI),,,,,,
3,20260911T062520_c38eac00deae,2026-09-11T06:25:36.567195+00:00,2026-09-11,2026-09-10,5e323952a612fca69a63,53c9db3770b61e827785,close_to_close,0.0144004404487031,{},7ed3ebee8562f01fbf17,lagged_latest_vintage,,,,,Candidate IV interval,20260911T062520_c38eac00deae:price_candidate:iv_interval:5,price,5,2026-09-17,1주일,5.0,1853000.0,없음,,,1853000.0,1616580.863966964,2089419.136033036,0.76,iv,0.0761856844745346,0.0788352853456351,0.0,0.0,0.0,1770000.0,1745000.0,-0.05828386400431729,,,,,,,1.0,108000.0,,,scored,False,2026-09-24T01:27:55.053708+00:00,github-actions,7fa00c14b86e,6.482566113871114e-05,,,,,,,미국지표:미국 생산자물가(PPI),,,,,,
3,20260911T062520_c38eac00deae,2026-09-11T06:25:36.567195+00:00,2026-09-11,2026-09-10,5e323952a612fca69a63,53c9db3770b61e827785,close_to_close,0.0144004404487031,{},7ed3ebee8562f01fbf17,lagged_latest_vintage,,,,,Candidate HAR interval,20260911T062520_c38eac00deae:price_candidate:har_interval:20,price,20,2026-10-14,1개월,20.0,1853000.0,없음,,,1853000.0,1437751.1069796018,2268248.893020398,0.5565031982942431,har,0.1991765685923688,0.200204418402227,0.0,0.0,0.0,,,,,,,,,,,,,,pending,False,2026-09-24T01:27:55.053708+00:00,github-actions,7fa00c14b86e,0.0621561893229575,,,,,,,미국지표:미국 생산자물가(PPI),,,,,,
3,20260911T062520_c38eac00deae,2026-09-11T06:25:36.567195+00:00,2026-09-11,2026-09-10,5e323952a612fca69a63,53c9db3770b61e827785,close_to_close,0.0144004404487031,{},7ed3ebee8562f01fbf17,lagged_latest_vintage,,,,,Candidate IV interval,20260911T062520_c38eac00deae:price_candidate:iv_interval:20,price,20,2026-10-14,1개월,20.0,1853000.0,없음,,,1853000.0,1328628.345520947,2377371.6544790533,0.697228144989339,iv,0.1991765685923688,0.200204418402227,0.0,0.0,0.0,,,,,,,,,,,,,,pending,False,2026-09-24T01:27:55.053708+00:00,github-actions,7fa00c14b86e,0.0621561893229575,,,,,,,미국지표:미국 생산자물가(PPI),,,,,,
3,20260911T062520_c38eac00deae,2026-09-11T06:25:36.567195+00:00,2026-09-11,2026-09-10,5e323952a612fca69a63,53c9db3770b61e827785,close_to_close,0.0144004404487031,{},7ed3ebee8562f01fbf17,lagged_latest_vintage,,,,,Ridge,20260911T062520_c38eac00deae:open:1,open,1,2026-09-11,시초가예측,1.0,1853000.0,있음,-0.0184671878814697,,,,,0.8254799301919721,,0.0171926535698816,0.022931641307303,-0.0072369692108702,-0.0042855725641932,1.0,1773000.0,1812000.0,-0.043173232595790645,,,45780.30085563683,45780.30085563683,0.0258208126653338,0.024706044714320946,1.0,45780.30085563683,,,scored,False,2026-09-24T01:27:55.053708+00:00,github-actions,7fa00c14b86e,-0.0184671878814697,1818780.3008556368,1818780.3008556368,1739570.2690115117,1897990.3326997613,0.807153605846465,0.6329239871616733,미국지표:미국 생산자물가(PPI),,,,,,
3,20260911T093354_509662e2f5d0,2026-09-11T09:34:15.044184+00:00,2026-09-14,2026-09-11,9923d7beb5e89dddd985,53c9db3770b61e827785,close_to_close,0.0141583556112875,{},7ed3ebee8562f01fbf17,lagged_latest_vintage,하락,0.6216553131485871,0.2104039435269211,0.1679407433244918,Logistic,20260911T093354_509662e2f5d0:direction:Logistic,direction,1,2026-09-14,,,,,,,,,,,,,,,,,1707000.0,1697000.0,-0.06346578366445921,0.0,1.0,,,,,,,0.4753694987708654,0.2156186147887563,scored,True,2026-09-24T01:27:55.053708+00:00,github-actions,7fa00c14b86e,,,,,,,,미국지표:미국 소비자물가(CPI)|미국지표:미국 생산자물가(PPI),,,,,,
3,20260911T093354_509662e2f5d0,2026-09-11T09:34:15.044184+00:00,2026-09-14,2026-09-11,9923d7beb5e89dddd985,53c9db3770b61e827785,close_to_close,0.0141583556112875,{},7ed3ebee8562f01fbf17,lagged_latest_vintage,하락,0.4761947423924358,0.3325187004565074,0.1912865571510567,LightGBM,20260911T093354_509662e2f5d0:direction:LightGBM,direction,1,2026-09-14,,,,,,,,,,,,,,,,,1707000.0,1697000.0,-0.06346578366445921,0.0,1.0,,,,,,,0.7419283857453938,0.4215311809973156,scored,True,2026-09-24T01:27:55.053708+00:00,github-actions,7fa00c14b86e,,,,,,,,미국지표:미국 소비자물가(CPI)|미국지표:미국 생산자물가(PPI),,,,,,
3,20260911T093354_509662e2f5d0,2026-09-11T09:34:15.044184+00:00,2026-09-14,2026-09-11,9923d7beb5e89dddd985,53c9db3770b61e827785,close_to_close,0.0141583556112875,{},7ed3ebee8562f01fbf17,lagged_latest_vintage,하락,0.5489250277705116,0.2714613219917142,0.1796136502377743,Mean ensemble,20260911T093354_509662e2f5d0:direction:Mean ensemble,direction,1,2026-09-14,,,,,,,,,,,,,,,,,1707000.0,1697000.0,-0.06346578366445921,0.0,1.0,,,,,,,0.5997934082360168,0.3094209432610604,scored,True,2026-09-24T01:27:55.053708+00:00,github-actions,7fa00c14b86e,,,,,,,,미국지표:미국 소비자물가(CPI)|미국지표:미국 생산자물가(PPI),,,,,,
3,20260911T093354_509662e2f5d0,2026-09-11T09:34:15.044184+00:00,2026-09-14,2026-09-11,9923d7beb5e89dddd985,53c9db3770b61e827785,close_to_close,0.0141583556112875,{},7ed3ebee8562f01fbf17,lagged_latest_vintage,하락,0.5420856634552189,0.3056225652367366,0.1522917713080446,No macro ensemble,20260911T093354_509662e2f5d0:direction:No macro ensemble,direction,1,2026-09-14,,,,,,,,,,,,,,,,,1707000.0,1697000.0,-0.06346578366445921,0.0,1.0,,,,,,,0.6123312393757944,0.3262834756032721,scored,True,2026-09-24T01:27:55.053708+00:00,github-actions,7fa00c14b86e,,,,,,,,미국지표:미국 소비자물가(CPI)|미국지표:미국 생산자물가(PPI),,,,,,
3,20260911T093354_509662e2f5d0,2026-09-11T09:34:15.044184+00:00,2026-09-14,2026-09-11,9923d7beb5e89dddd985,53c9db3770b61e827785,close_to_close,0.0141583556112875,{},7ed3ebee8562f01fbf17,lagged_latest_vintage,하락,0.5335666182333918,0.2951057451618067,0.1713276366048015,Candidate expanding,20260911T093354_509662e2f5d0:direction:Candidate expanding,direction,1,2026-09-14,,,,,,,,,,,,,,,,,1707000.0,1697000.0,-0.06346578366445921,0.0,1.0,,,,,,,0.6281713458702763,0.3340006595183266,scored,True,2026-09-24T01:27:55.053708+00:00,github-actions,7fa00c14b86e,,,,,,,,미국지표:미국 소비자물가(CPI)|미국지표:미국 생산자물가(PPI),,,,,,
3,20260911T093354_509662e2f5d0,2026-09-11T09:34:15.044184+00:00,2026-09-14,2026-09-11,9923d7beb5e89dddd985,53c9db3770b61e827785,close_to_close,0.0141583556112875,{},7ed3ebee8562f01fbf17,lagged_latest_vintage,하락,0.5302185192907176,0.2856810811410832,0.1841003995681993,No NSI ensemble,20260911T093354_509662e2f5d0:direction:No NSI ensemble,direction,1,2026-09-14,,,,,,,,,,,,,,,,,1707000.0,1697000.0,-0.06346578366445921,0.0,1.0,,,,,,,0.6344660568599617,0.3362012768605147,scored,True,2026-09-24T01:27:55.053708+00:00,github-actions,7fa00c14b86e,,,,,,,,미국지표:미국 소비자물가(CPI)|미국지표:미국 생산자물가(PPI),,,,,,
3,20260911T093354_509662e2f5d0,2026-09-11T09:34:15.044184+00:00,2026-09-14,2026-09-11,9923d7beb5e89dddd985,53c9db3770b61e827785,close_to_close,0.0141583556112875,{},7ed3ebee8562f01fbf17,lagged_latest_vintage,하락,0.5916510067335793,0.2540817847004007,0.1542672085660201,No flow ensemble,20260911T093354_509662e2f5d0:direction:No flow ensemble,direction,1,2026-09-14,,,,,,,,,,,,,,,,,1707000.0,1697000.0,-0.06346578366445921,0.0,1.0,,,,,,,0.524838333583543,0.2551048252569921,scored,True,2026-09-24T01:27:55.053708+00:00,github-actions,7fa00c14b86e,,,,,,,,미국지표:미국 소비자물가(CPI)|미국지표:미국 생산자물가(PPI),,,,,,
3,20260911T093354_509662e2f5d0,2026-09-11T09:34:15.044184+00:00,2026-09-14,2026-09-11,9923d7beb5e89dddd985,53c9db3770b61e827785,close_to_close,0.0141583556112875,{},7ed3ebee8562f01fbf17,lagged_latest_vintage,하락,0.5257836001591397,0.277467820294109,0.1967485795467513,No macro price ensemble,20260911T093354_509662e2f5d0:direction:No macro price ensemble,direction,1,2026-09-14,,,,,,,,,,,,,,,,,1707000.0,1697000.0,-0.06346578366445921,0.0,1.0,,,,,,,0.642865557436876,0.34057958873045496,scored,True,2026-09-24T01:27:55.053708+00:00,github-actions,7fa00c14b86e,,,,,,,,미국지표:미국 소비자물가(CPI)|미국지표:미국 생산자물가(PPI),,,,,,
3,20260911T093354_509662e2f5d0,2026-09-11T09:34:15.044184+00:00,2026-09-14,2026-09-11,9923d7beb5e89dddd985,53c9db3770b61e827785,close_to_close,0.0141583556112875,{},7ed3ebee8562f01fbf17,lagged_latest_vintage,,,,,Ridge,20260911T093354_509662e2f5d0:price:1,price,1,2026-09-14,1거래일,1.0,1812000.0,있음,-0.0092005889768502,1795328.532773947,1795328.532773947,1689622.0171516796,1901035.0483962155,0.7987421383647799,simple,0.030437223049232,0.0334118975207253,-0.0040973339786128,-0.0019968401746501,1.0,1707000.0,1697000.0,-0.06346578366445921,,,98328.53277394711,98328.53277394711,0.057942564981701306,0.05426519468760901,1.0,98328.53277394711,,,scored,True,2026-09-24T01:27:55.053708+00:00,github-actions,7fa00c14b86e,-0.0092005889768502,,,,,,,미국지표:미국 소비자물가(CPI)|미국지표:미국 생산자물가(PPI),,,,,,
3,20260911T093354_509662e2f5d0,2026-09-11T09:34:15.044184+00:00,2026-09-14,2026-09-11,9923d7beb5e89dddd985,53c9db3770b61e827785,close_to_close,0.0141583556112875,{},7ed3ebee8562f01fbf17,lagged_latest_vintage,,,,,Ridge,20260911T093354_509662e2f5d0:price:5,price,5,2026-09-18,1주일,5.0,1812000.0,없음,,,1812000.0,1569201.4841205713,2054798.5158794287,0.7494736842105263,simple,0.0761845756208712,0.07881044091305,0.0,0.0,0.0,1810000.0,1857000.0,0.024834437086092676,,,,,,,1.0,-45000.0,,,scored,True,2026-09-24T01:27:55.053708+00:00,github-actions,7fa00c14b86e,0.0014125208569122,,,,,,,미국지표:미국 소비자물가(CPI)|미국지표:미국 생산자물가(PPI),,,,,,
3,20260911T093354_509662e2f5d0,2026-09-11T09:34:15.044184+00:00,2026-09-14,2026-09-11,9923d7beb5e89dddd985,53c9db3770b61e827785,close_to_close,0.0141583556112875,{},7ed3ebee8562f01fbf17,lagged_latest_vintage,,,,,Ridge,20260911T093354_509662e2f5d0:price:20,price,20,2026-10-15,1개월,20.0,1812000.0,없음,,,1812000.0,1298809.9206083936,2325190.0793916066,0.6652452025586354,simple,0.199550246416501,0.2004062026287251,0.0,0.0,0.0,,,,,,,,,,,,,,pending,True,2026-09-24T01:27:55.053708+00:00,github-actions,7fa00c14b86e,0.0585015223193027,,,,,,,미국지표:미국 소비자물가(CPI)|미국지표:미국 생산자물가(PPI),,,,,,
3,20260911T093354_509662e2f5d0,2026-09-11T09:34:15.044184+00:00,2026-09-14,2026-09-11,9923d7beb5e89dddd985,53c9db3770b61e827785,close_to_close,0.0141583556112875,{},7ed3ebee8562f01fbf17,lagged_latest_vintage,,,,,Candidate IV interval,20260911T093354_509662e2f5d0:price_candidate:iv_interval:1,price,1,2026-09-14,1거래일,1.0,1812000.0,있음,-0.0092005889768502,1795328.532773947,1795328.532773947,1693618.3142814862,1897038.7512664087,0.8197064989517819,iv,0.030437223049232,0.0334118975207253,-0.0040973339786128,-0.0019968401746501,1.0,1707000.0,1697000.0,-0.06346578366445921,,,98328.53277394711,98328.53277394711,0.057942564981701306,0.05426519468760901,1.0,98328.53277394711,,,scored,True,2026-09-24T01:27:55.053708+00:00,github-actions,7fa00c14b86e,-0.0092005889768502,,,,,,,미국지표:미국 소비자물가(CPI)|미국지표:미국 생산자물가(PPI),,,,,,
3,20260911T093354_509662e2f5d0,2026-09-11T09:34:15.044184+00:00,2026-09-14,2026-09-11,9923d7beb5e89dddd985,53c9db3770b61e827785,close_to_close,0.0141583556112875,{},7ed3ebee8562f01fbf17,lagged_latest_vintage,,,,,Candidate HAR interval,20260911T093354_509662e2f5d0:price_candidate:har_interval:5,price,5,2026-09-18,1주일,5.0,1812000.0,없음,,,1812000.0,1623444.5674487874,2000555.4325512128,0.6189473684210526,har,0.0761845756208712,0.07881044091305,0.0,0.0,0.0,1810000.0,1857000.0,0.024834437086092676,,,,,,,1.0,-45000.0,,,scored,True,2026-09-24T01:27:55.053708+00:00,github-actions,7fa00c14b86e,0.0014125208569122,,,,,,,미국지표:미국 소비자물가(CPI)|미국지표:미국 생산자물가(PPI),,,,,,
3,20260911T093354_509662e2f5d0,2026-09-11T09:34:15.044184+00:00,2026-09-14,2026-09-11,9923d7beb5e89dddd985,53c9db3770b61e827785,close_to_close,0.0141583556112875,{},7ed3ebee8562f01fbf17,lagged_latest_vintage,,,,,Candidate strict gate,20260911T093354_509662e2f5d0:price_candidate:strict_gate:5,price,5,2026-09-18,1주일,5.0,1812000.0,없음,,,1812000.0,1569201.4841205713,2054798.5158794287,0.7494736842105263,simple,0.0761845756208712,0.07881044091305,0.0,0.0,0.0,1810000.0,1857000.0,0.024834437086092676,,,,,,,1.0,-45000.0,,,scored,True,2026-09-24T01:27:55.053708+00:00,github-actions,7fa00c14b86e,0.0014125208569122,,,,,,,미국지표:미국 소비자물가(CPI)|미국지표:미국 생산자물가(PPI),,,,,,
3,20260911T093354_509662e2f5d0,2026-09-11T09:34:15.044184+00:00,2026-09-14,2026-09-11,9923d7beb5e89dddd985,53c9db3770b61e827785,close_to_close,0.0141583556112875,{},7ed3ebee8562f01fbf17,lagged_latest_vintage,,,,,Candidate IV interval,20260911T093354_509662e2f5d0:price_candidate:iv_interval:5,price,5,2026-09-18,1주일,5.0,1812000.0,없음,,,1812000.0,1584697.8911707788,2039302.1088292208,0.76,iv,0.0761845756208712,0.07881044091305,0.0,0.0,0.0,1810000.0,1857000.0,0.024834437086092676,,,,,,,1.0,-45000.0,,,scored,True,2026-09-24T01:27:55.053708+00:00,github-actions,7fa00c14b86e,0.0014125208569122,,,,,,,미국지표:미국 소비자물가(CPI)|미국지표:미국 생산자물가(PPI),,,,,,
3,20260911T093354_509662e2f5d0,2026-09-11T09:34:15.044184+00:00,2026-09-14,2026-09-11,9923d7beb5e89dddd985,53c9db3770b61e827785,close_to_close,0.0141583556112875,{},7ed3ebee8562f01fbf17,lagged_latest_vintage,,,,,Candidate HAR interval,20260911T093354_509662e2f5d0:price_candidate:har_interval:20,price,20,2026-10-15,1개월,20.0,1812000.0,없음,,,1812000.0,1402865.1915663057,2221134.8084336943,0.5565031982942431,har,0.199550246416501,0.2004062026287251,0.0,0.0,0.0,,,,,,,,,,,,,,pending,True,2026-09-24T01:27:55.053708+00:00,github-actions,7fa00c14b86e,0.0585015223193027,,,,,,,미국지표:미국 소비자물가(CPI)|미국지표:미국 생산자물가(PPI),,,,,,
3,20260911T093354_509662e2f5d0,2026-09-11T09:34:15.044184+00:00,2026-09-14,2026-09-11,9923d7beb5e89dddd985,53c9db3770b61e827785,close_to_close,0.0141583556112875,{},7ed3ebee8562f01fbf17,lagged_latest_vintage,,,,,Candidate IV interval,20260911T093354_509662e2f5d0:price_candidate:iv_interval:20,price,20,2026-10-15,1개월,20.0,1812000.0,없음,,,1812000.0,1307480.7291204925,2316519.2708795075,0.697228144989339,iv,0.199550246416501,0.2004062026287251,0.0,0.0,0.0,,,,,,,,,,,,,,pending,True,2026-09-24T01:27:55.053708+00:00,github-actions,7fa00c14b86e,0.0585015223193027,,,,,,,미국지표:미국 소비자물가(CPI)|미국지표:미국 생산자물가(PPI),,,,,,
3,20260911T093354_509662e2f5d0,2026-09-11T09:34:15.044184+00:00,2026-09-14,2026-09-11,9923d7beb5e89dddd985,53c9db3770b61e827785,close_to_close,0.0141583556112875,{},7ed3ebee8562f01fbf17,lagged_latest_vintage,,,,,Ridge,20260911T093354_509662e2f5d0:open:1,open,1,2026-09-14,시초가예측,1.0,1812000.0,있음,-0.0167642086744308,,,,,0.8257839721254355,,0.0172139548368466,0.0229669054036244,-0.007240202542672,-0.0042892162550715,1.0,1707000.0,1697000.0,-0.05794701986754969,,,74623.2538819313,74623.2538819313,0.043716024535402055,0.04118281119311889,1.0,74623.2538819313,,,scored,True,2026-09-24T01:27:55.053708+00:00,github-actions,7fa00c14b86e,-0.0167642086744308,1781623.2538819313,1781623.2538819313,1703288.6555157057,1859957.852248157,0.809697951458774,0.6339488726813315,미국지표:미국 소비자물가(CPI)|미국지표:미국 생산자물가(PPI),,,,,,
3,20260911T114642_88bd18931d9b,2026-09-11T11:47:04.218959+00:00,2026-09-14,2026-09-11,3bef327a52b89a901f7b,53c9db3770b61e827785,close_to_close,0.0141583556112875,{},7ed3ebee8562f01fbf17,lagged_latest_vintage,하락,0.5417689849833239,0.3030377571802091,0.1551932578364669,Candidate evening forecast,20260911T114642_88bd18931d9b:direction:Candidate evening forecast,direction,1,2026-09-14,,,,,,,,,,,,,,,,,1707000.0,1697000.0,-0.06346578366445921,0.0,1.0,,,,,,,0.6129155953710609,0.32589249267792064,scored,True,2026-09-24T01:27:55.053708+00:00,github-actions,7fa00c14b86e,,,,,,,,미국지표:미국 소비자물가(CPI)|미국지표:미국 생산자물가(PPI),No macro ensemble,,,,,
3,20260912T102946_5dc9161f1b7e,2026-09-12T10:30:08.270667+00:00,2026-09-14,2026-09-11,0ed17ab482bd61c99611,53c9db3770b61e827785,close_to_close,0.0141583556112875,{},7ed3ebee8562f01fbf17,lagged_latest_vintage,상승,0.2582956664212482,0.3333124677198122,0.4083918658589395,Candidate evening forecast,20260912T102946_5dc9161f1b7e:direction:Candidate evening forecast,direction,1,2026-09-14,,,,,,,,,,,,,,,,,1707000.0,1697000.0,-0.06346578366445921,0.0,0.0,,,,,,,1.353650356329452,0.8280064356867173,scored,True,2026-09-24T01:27:55.053708+00:00,github-actions,7fa00c14b86e,,,,,,,,미국지표:미국 소비자물가(CPI)|미국지표:미국 생산자물가(PPI),No macro ensemble,,,,,
3,20260912T105450_6efc8d3ba85d,2026-09-12T10:55:10.369902+00:00,2026-09-14,2026-09-11,df4b16d08faeba9bf2d4,53c9db3770b61e827785,close_to_close,0.0141583556112875,{},7ed3ebee8562f01fbf17,lagged_latest_vintage,상승,0.2505757334844543,0.3399799310171935,0.4094443354983522,Candidate evening forecast,20260912T105450_6efc8d3ba85d:direction:Candidate evening forecast,direction,1,2026-09-14,,,,,,,,,,,,,,,,,1707000.0,1697000.0,-0.06346578366445921,0.0,0.0,,,,,,,1.3839940748702464,0.8448677486085066,scored,True,2026-09-24T01:27:55.053708+00:00,github-actions,7fa00c14b86e,,,,,,,,미국지표:미국 소비자물가(CPI)|미국지표:미국 생산자물가(PPI),No macro ensemble,,,,,
3,20260912T112126_a2b011e79efc,2026-09-12T11:21:48.008617+00:00,2026-09-14,2026-09-11,0a7a8536626bb6709ad7,53c9db3770b61e827785,close_to_close,0.0141583556112875,{},7ed3ebee8562f01fbf17,lagged_latest_vintage,상승,0.2344524325922718,0.3452143214729629,0.4203332459347653,Candidate evening forecast,20260912T112126_a2b011e79efc:direction:Candidate evening forecast,direction,1,2026-09-14,,,,,,,,,,,,,,,,,1707000.0,1697000.0,-0.06346578366445921,0.0,0.0,,,,,,,1.4505025577602466,0.8819160433519843,scored,True,2026-09-24T01:27:55.053708+00:00,github-actions,7fa00c14b86e,,,,,,,,미국지표:미국 소비자물가(CPI)|미국지표:미국 생산자물가(PPI),No macro ensemble,,,,,
3,20260912T113424_49a0a25f7c7c,2026-09-12T11:34:46.254394+00:00,2026-09-14,2026-09-11,afa7966651f1701954ca,53c9db3770b61e827785,close_to_close,0.0141583556112875,{},7ed3ebee8562f01fbf17,lagged_latest_vintage,상승,0.2341685932238651,0.3670258248469929,0.398805581929142,Candidate evening forecast,20260912T113424_49a0a25f7c7c:direction:Candidate evening forecast,direction,1,2026-09-14,,,,,,,,,,,,,,,,,1707000.0,1697000.0,-0.06346578366445921,0.0,0.0,,,,,,,1.4517139391856628,0.880251591887171,scored,True,2026-09-24T01:27:55.053708+00:00,github-actions,7fa00c14b86e,,,,,,,,미국지표:미국 소비자물가(CPI)|미국지표:미국 생산자물가(PPI),No macro ensemble,,,,,
3,20260912T224842_3140302fdbc6,2026-09-12T22:48:59.557756+00:00,2026-09-14,2026-09-11,9363f7929ec1d48f4d56,53c9db3770b61e827785,close_to_close,0.0141583556112875,{},7ed3ebee8562f01fbf17,lagged_latest_vintage,상승,0.282254695892334,0.2526570558547973,0.4650882482528686,Logistic,20260912T224842_3140302fdbc6:direction:Logistic,direction,1,2026-09-14,,,,,,,,,,,,,,,,,1707000.0,1697000.0,-0.06346578366445921,0.0,0.0,,,,,,,1.2649454387397143,0.7953009881047421,scored,True,2026-09-24T01:27:55.053708+00:00,github-actions,7fa00c14b86e,,,,,,,,미국지표:미국 소비자물가(CPI)|미국지표:미국 생산자물가(PPI),,,,,,
3,20260912T224842_3140302fdbc6,2026-09-12T22:48:59.557756+00:00,2026-09-14,2026-09-11,9363f7929ec1d48f4d56,53c9db3770b61e827785,close_to_close,0.0141583556112875,{},7ed3ebee8562f01fbf17,lagged_latest_vintage,상승,0.2564162332379832,0.3376812402606852,0.4059025265013315,LightGBM,20260912T224842_3140302fdbc6:direction:LightGBM,direction,1,2026-09-14,,,,,,,,,,,,,,,,,1707000.0,1697000.0,-0.06346578366445921,0.0,0.0,,,,,,,1.3609532437791312,0.8317022992361481,scored,True,2026-09-24T01:27:55.053708+00:00,github-actions,7fa00c14b86e,,,,,,,,미국지표:미국 소비자물가(CPI)|미국지표:미국 생산자물가(PPI),,,,,,
3,20260912T224842_3140302fdbc6,2026-09-12T22:48:59.557756+00:00,2026-09-14,2026-09-11,9363f7929ec1d48f4d56,53c9db3770b61e827785,close_to_close,0.0141583556112875,{},7ed3ebee8562f01fbf17,lagged_latest_vintage,상승,0.2693354645651586,0.2951691480577413,0.4354953873771001,Mean ensemble,20260912T224842_3140302fdbc6:direction:Mean ensemble,direction,1,2026-09-14,,,,,,,,,,,,,,,,,1707000.0,1697000.0,-0.06346578366445921,0.0,0.0,,,,,,,1.3117975961710087,0.8106517217340758,scored,True,2026-09-24T01:27:55.053708+00:00,github-actions,7fa00c14b86e,,,,,,,,미국지표:미국 소비자물가(CPI)|미국지표:미국 생산자물가(PPI),,,,,,
3,20260912T224842_3140302fdbc6,2026-09-12T22:48:59.557756+00:00,2026-09-14,2026-09-11,9363f7929ec1d48f4d56,53c9db3770b61e827785,close_to_close,0.0141583556112875,{},7ed3ebee8562f01fbf17,lagged_latest_vintage,상승,0.2370760427945185,0.3356980711390079,0.4272258860664736,No macro ensemble,20260912T224842_3140302fdbc6:direction:No macro ensemble,direction,1,2026-09-14,,,,,,,,,,,,,,,,,1707000.0,1697000.0,-0.06346578366445921,0.0,0.0,,,,,,,1.4393743336371057,0.8772681171698054,scored,True,2026-09-24T01:27:55.053708+00:00,github-actions,7fa00c14b86e,,,,,,,,미국지표:미국 소비자물가(CPI)|미국지표:미국 생산자물가(PPI),,,,,,
3,20260912T224842_3140302fdbc6,2026-09-12T22:48:59.557756+00:00,2026-09-14,2026-09-11,9363f7929ec1d48f4d56,53c9db3770b61e827785,close_to_close,0.0141583556112875,{},7ed3ebee8562f01fbf17,lagged_latest_vintage,상승,0.2766802471621586,0.3063091741973733,0.4170105786404681,Candidate expanding,20260912T224842_3140302fdbc6:direction:Candidate expanding,direction,1,2026-09-14,,,,,,,,,,,,,,,,,1707000.0,1697000.0,-0.06346578366445921,0.0,0.0,,,,,,,1.2848927819360036,0.7909145977409308,scored,True,2026-09-24T01:27:55.053708+00:00,github-actions,7fa00c14b86e,,,,,,,,미국지표:미국 소비자물가(CPI)|미국지표:미국 생산자물가(PPI),,,,,,
3,20260912T224842_3140302fdbc6,2026-09-12T22:48:59.557756+00:00,2026-09-14,2026-09-11,9363f7929ec1d48f4d56,53c9db3770b61e827785,close_to_close,0.0141583556112875,{},7ed3ebee8562f01fbf17,lagged_latest_vintage,상승,0.2622276095537845,0.3021873912083975,0.4355849992378179,No NSI ensemble,20260912T224842_3140302fdbc6:direction:No NSI ensemble,direction,1,2026-09-14,,,,,,,,,,,,,,,,,1707000.0,1697000.0,-0.06346578366445921,0.0,0.0,,,,,,,1.338542413601244,0.8253596110710699,scored,True,2026-09-24T01:27:55.053708+00:00,github-actions,7fa00c14b86e,,,,,,,,미국지표:미국 소비자물가(CPI)|미국지표:미국 생산자물가(PPI),,,,,,
3,20260912T224842_3140302fdbc6,2026-09-12T22:48:59.557756+00:00,2026-09-14,2026-09-11,9363f7929ec1d48f4d56,53c9db3770b61e827785,close_to_close,0.0141583556112875,{},7ed3ebee8562f01fbf17,lagged_latest_vintage,상승,0.2633147791661016,0.294233802727386,0.4424514181065124,No flow ensemble,20260912T224842_3140302fdbc6:direction:No flow ensemble,direction,1,2026-09-14,,,,,,,,,,,,,,,,,1707000.0,1697000.0,-0.06346578366445921,0.0,0.0,,,,,,,1.3344050835344272,0.8250419026469719,scored,True,2026-09-24T01:27:55.053708+00:00,github-actions,7fa00c14b86e,,,,,,,,미국지표:미국 소비자물가(CPI)|미국지표:미국 생산자물가(PPI),,,,,,
3,20260912T224842_3140302fdbc6,2026-09-12T22:48:59.557756+00:00,2026-09-14,2026-09-11,9363f7929ec1d48f4d56,53c9db3770b61e827785,close_to_close,0.0141583556112875,{},7ed3ebee8562f01fbf17,lagged_latest_vintage,상승,0.2590814629100398,0.3105816208991385,0.4303369161908217,No macro price ensemble,20260912T224842_3140302fdbc6:direction:No macro price ensemble,direction,1,2026-09-14,,,,,,,,,,,,,,,,,1707000.0,1697000.0,-0.06346578366445921,0.0,0.0,,,,,,,1.3506127381261608,0.8306110832804893,scored,True,2026-09-24T01:27:55.053708+00:00,github-actions,7fa00c14b86e,,,,,,,,미국지표:미국 소비자물가(CPI)|미국지표:미국 생산자물가(PPI),,,,,,
3,20260912T224842_3140302fdbc6,2026-09-12T22:48:59.557756+00:00,2026-09-14,2026-09-11,9363f7929ec1d48f4d56,53c9db3770b61e827785,close_to_close,0.0141583556112875,{},7ed3ebee8562f01fbf17,lagged_latest_vintage,,,,,Ridge,20260912T224842_3140302fdbc6:price:1,price,1,2026-09-14,1거래일,1.0,1812000.0,있음,0.010428392288424,1830896.2468266245,1830896.2468266245,1725189.7216592082,1936602.7719940408,0.7987421383647799,simple,0.0304372210553964,0.0334118975207253,-0.0040973357296508,-0.0019968403959169,1.0,1707000.0,1697000.0,-0.06346578366445921,,,133896.2468266245,133896.2468266245,0.07890173649182351,0.07389417595288321,0.0,133896.2468266245,,,scored,True,2026-09-24T01:27:55.053708+00:00,github-actions,7fa00c14b86e,0.010428392288424,,,,,,,미국지표:미국 소비자물가(CPI)|미국지표:미국 생산자물가(PPI),,,,,,
3,20260912T224842_3140302fdbc6,2026-09-12T22:48:59.557756+00:00,2026-09-14,2026-09-11,9363f7929ec1d48f4d56,53c9db3770b61e827785,close_to_close,0.0141583556112875,{},7ed3ebee8562f01fbf17,lagged_latest_vintage,,,,,Ridge,20260912T224842_3140302fdbc6:price:5,price,5,2026-09-18,1주일,5.0,1812000.0,없음,,,1812000.0,1569202.1144303477,2054797.8855696523,0.7494736842105263,simple,0.0761845690633191,0.07881044091305,0.0,0.0,0.0,1810000.0,1857000.0,0.024834437086092676,,,,,,,1.0,-45000.0,,,scored,True,2026-09-24T01:27:55.053708+00:00,github-actions,7fa00c14b86e,0.0218461868481162,,,,,,,미국지표:미국 소비자물가(CPI)|미국지표:미국 생산자물가(PPI),,,,,,
3,20260912T224842_3140302fdbc6,2026-09-12T22:48:59.557756+00:00,2026-09-14,2026-09-11,9363f7929ec1d48f4d56,53c9db3770b61e827785,close_to_close,0.0141583556112875,{},7ed3ebee8562f01fbf17,lagged_latest_vintage,,,,,Ridge,20260912T224842_3140302fdbc6:price:20,price,20,2026-10-15,1개월,20.0,1812000.0,없음,,,1812000.0,1298811.3910839076,2325188.6089160927,0.6652452025586354,simple,0.1995502898027477,0.2004062026287251,0.0,0.0,0.0,,,,,,,,,,,,,,pending,True,2026-09-24T01:27:55.053708+00:00,github-actions,7fa00c14b86e,0.0774095119295079,,,,,,,미국지표:미국 소비자물가(CPI)|미국지표:미국 생산자물가(PPI),,,,,,
3,20260912T224842_3140302fdbc6,2026-09-12T22:48:59.557756+00:00,2026-09-14,2026-09-11,9363f7929ec1d48f4d56,53c9db3770b61e827785,close_to_close,0.0141583556112875,{},7ed3ebee8562f01fbf17,lagged_latest_vintage,,,,,Candidate IV interval,20260912T224842_3140302fdbc6:price_candidate:iv_interval:1,price,1,2026-09-14,1거래일,1.0,1812000.0,있음,0.010428392288424,1830896.2468266245,1830896.2468266245,1739335.4518164543,1922457.0418367945,0.8197064989517819,iv,0.0304372210553964,0.0334118975207253,-0.0040973357296508,-0.0019968403959169,1.0,1707000.0,1697000.0,-0.06346578366445921,,,133896.2468266245,133896.2468266245,0.07890173649182351,0.07389417595288321,0.0,133896.2468266245,,,scored,True,2026-09-24T01:27:55.053708+00:00,github-actions,7fa00c14b86e,0.010428392288424,,,,,,,미국지표:미국 소비자물가(CPI)|미국지표:미국 생산자물가(PPI),,,,,,
3,20260912T224842_3140302fdbc6,2026-09-12T22:48:59.557756+00:00,2026-09-14,2026-09-11,9363f7929ec1d48f4d56,53c9db3770b61e827785,close_to_close,0.0141583556112875,{},7ed3ebee8562f01fbf17,lagged_latest_vintage,,,,,Candidate HAR interval,20260912T224842_3140302fdbc6:price_candidate:har_interval:5,price,5,2026-09-18,1주일,5.0,1812000.0,없음,,,1812000.0,1623444.5674487876,2000555.432551212,0.6189473684210526,har,0.0761845690633191,0.07881044091305,0.0,0.0,0.0,1810000.0,1857000.0,0.024834437086092676,,,,,,,1.0,-45000.0,,,scored,True,2026-09-24T01:27:55.053708+00:00,github-actions,7fa00c14b86e,0.0218461868481162,,,,,,,미국지표:미국 소비자물가(CPI)|미국지표:미국 생산자물가(PPI),,,,,,
3,20260912T224842_3140302fdbc6,2026-09-12T22:48:59.557756+00:00,2026-09-14,2026-09-11,9363f7929ec1d48f4d56,53c9db3770b61e827785,close_to_close,0.0141583556112875,{},7ed3ebee8562f01fbf17,lagged_latest_vintage,,,,,Candidate strict gate,20260912T224842_3140302fdbc6:price_candidate:strict_gate:5,price,5,2026-09-18,1주일,5.0,1812000.0,없음,,,1812000.0,1569202.1144303477,2054797.8855696523,0.7494736842105263,simple,0.0761845690633191,0.07881044091305,0.0,0.0,0.0,1810000.0,1857000.0,0.024834437086092676,,,,,,,1.0,-45000.0,,,scored,True,2026-09-24T01:27:55.053708+00:00,github-actions,7fa00c14b86e,0.0218461868481162,,,,,,,미국지표:미국 소비자물가(CPI)|미국지표:미국 생산자물가(PPI),,,,,,
3,20260912T224842_3140302fdbc6,2026-09-12T22:48:59.557756+00:00,2026-09-14,2026-09-11,9363f7929ec1d48f4d56,53c9db3770b61e827785,close_to_close,0.0141583556112875,{},7ed3ebee8562f01fbf17,lagged_latest_vintage,,,,,Candidate IV interval,20260912T224842_3140302fdbc6:price_candidate:iv_interval:5,price,5,2026-09-18,1주일,5.0,1812000.0,없음,,,1812000.0,1607379.9770527226,2016620.0229472767,0.76,iv,0.0761845690633191,0.07881044091305,0.0,0.0,0.0,1810000.0,1857000.0,0.024834437086092676,,,,,,,1.0,-45000.0,,,scored,True,2026-09-24T01:27:55.053708+00:00,github-actions,7fa00c14b86e,0.0218461868481162,,,,,,,미국지표:미국 소비자물가(CPI)|미국지표:미국 생산자물가(PPI),,,,,,
3,20260912T224842_3140302fdbc6,2026-09-12T22:48:59.557756+00:00,2026-09-14,2026-09-11,9363f7929ec1d48f4d56,53c9db3770b61e827785,close_to_close,0.0141583556112875,{},7ed3ebee8562f01fbf17,lagged_latest_vintage,,,,,Candidate HAR interval,20260912T224842_3140302fdbc6:price_candidate:har_interval:20,price,20,2026-10-15,1개월,20.0,1812000.0,없음,,,1812000.0,1402865.2359954254,2221134.7640045746,0.5565031982942431,har,0.1995502898027477,0.2004062026287251,0.0,0.0,0.0,,,,,,,,,,,,,,pending,True,2026-09-24T01:27:55.053708+00:00,github-actions,7fa00c14b86e,0.0774095119295079,,,,,,,미국지표:미국 소비자물가(CPI)|미국지표:미국 생산자물가(PPI),,,,,,
3,20260912T224842_3140302fdbc6,2026-09-12T22:48:59.557756+00:00,2026-09-14,2026-09-11,9363f7929ec1d48f4d56,53c9db3770b61e827785,close_to_close,0.0141583556112875,{},7ed3ebee8562f01fbf17,lagged_latest_vintage,,,,,Candidate IV interval,20260912T224842_3140302fdbc6:price_candidate:iv_interval:20,price,20,2026-10-15,1개월,20.0,1812000.0,없음,,,1812000.0,1357825.3449567978,2266174.6550432025,0.697228144989339,iv,0.1995502898027477,0.2004062026287251,0.0,0.0,0.0,,,,,,,,,,,,,,pending,True,2026-09-24T01:27:55.053708+00:00,github-actions,7fa00c14b86e,0.0774095119295079,,,,,,,미국지표:미국 소비자물가(CPI)|미국지표:미국 생산자물가(PPI),,,,,,
3,20260912T224842_3140302fdbc6,2026-09-12T22:48:59.557756+00:00,2026-09-14,2026-09-11,9363f7929ec1d48f4d56,53c9db3770b61e827785,close_to_close,0.0141583556112875,{},7ed3ebee8562f01fbf17,lagged_latest_vintage,,,,,Ridge,20260912T224842_3140302fdbc6:open:1,open,1,2026-09-14,시초가예측,1.0,1812000.0,있음,0.0185388587415218,,,,,0.8257839721254355,,0.0172139555956069,0.0229669054036244,-0.007240202000449,-0.0042892149159915,1.0,1707000.0,1697000.0,-0.05794701986754969,,,138592.41203963757,138592.41203963757,0.0811906338837947,0.0764858786090715,0.0,138592.41203963757,,,scored,True,2026-09-24T01:27:55.053708+00:00,github-actions,7fa00c14b86e,0.0185388587415218,1845592.4120396376,1845592.4120396376,1767257.8424597953,1923926.98161948,0.8096970485005928,0.6339488562792431,미국지표:미국 소비자물가(CPI)|미국지표:미국 생산자물가(PPI),,,,,,
3,20260914T082046_95a3a495560e,2026-09-14T08:21:06.417932+00:00,2026-09-15,2026-09-14,c4cb9e96a8f2e85b726c,53c9db3770b61e827785,close_to_close,0.0148036084650641,{},7ed3ebee8562f01fbf17,lagged_latest_vintage,상승,0.1902271187427676,0.2773050495424854,0.5324678317147469,Candidate evening forecast,20260914T082046_95a3a495560e:direction:Candidate evening forecast,direction,1,2026-09-15,,,,,,,,,,,,,,,,,1690000.0,1690000.0,-0.004124926340601021,1.0,0.0,,,,,,,1.2826371168526125,0.8419963399329685,scored,True,2026-09-24T01:27:55.053708+00:00,github-actions,7fa00c14b86e,,,,,,,,미국지표:미국 소비자물가(CPI),No macro ensemble,,,,,
3,20260914T235856_ca953c799b3f,2026-09-14T23:59:13.269130+00:00,2026-09-15,2026-09-14,d476f39771f78c30ab64,53c9db3770b61e827785,close_to_close,0.0148036084650641,{},7ed3ebee8562f01fbf17,lagged_latest_vintage,하락,0.6408115529893107,0.2080444662564327,0.1511439807542565,Logistic,20260914T235856_ca953c799b3f:direction:Logistic,direction,1,2026-09-15,,,,,,,,,,,,,,,,,1690000.0,1690000.0,-0.004124926340601021,1.0,0.0,,,,,,,1.5700034420495206,1.060677516789874,scored,True,2026-09-24T01:27:55.053708+00:00,github-actions,7fa00c14b86e,,,,,,,,미국지표:미국 소비자물가(CPI),,,,,,
3,20260914T235856_ca953c799b3f,2026-09-14T23:59:13.269130+00:00,2026-09-15,2026-09-14,d476f39771f78c30ab64,53c9db3770b61e827785,close_to_close,0.0148036084650641,{},7ed3ebee8562f01fbf17,lagged_latest_vintage,하락,0.4873104824977339,0.277195889288307,0.2354936282139591,LightGBM,20260914T235856_ca953c799b3f:direction:LightGBM,direction,1,2026-09-15,,,,,,,,,,,,,,,,,1690000.0,1690000.0,-0.004124926340601021,1.0,0.0,,,,,,,1.2830308411836076,0.8153745377432698,scored,True,2026-09-24T01:27:55.053708+00:00,github-actions,7fa00c14b86e,,,,,,,,미국지표:미국 소비자물가(CPI),,,,,,
3,20260914T235856_ca953c799b3f,2026-09-14T23:59:13.269130+00:00,2026-09-15,2026-09-14,d476f39771f78c30ab64,53c9db3770b61e827785,close_to_close,0.0148036084650641,{},7ed3ebee8562f01fbf17,lagged_latest_vintage,하락,0.5640610177435222,0.2426201777723698,0.1933188044841078,Mean ensemble,20260914T235856_ca953c799b3f:direction:Mean ensemble,direction,1,2026-09-15,,,,,,,,,,,,,,,,,1690000.0,1690000.0,-0.004124926340601021,1.0,0.0,,,,,,,1.4162581129202774,0.9291611870225795,scored,True,2026-09-24T01:27:55.053708+00:00,github-actions,7fa00c14b86e,,,,,,,,미국지표:미국 소비자물가(CPI),,,,,,
3,20260914T235856_ca953c799b3f,2026-09-14T23:59:13.269130+00:00,2026-09-15,2026-09-14,d476f39771f78c30ab64,53c9db3770b61e827785,close_to_close,0.0148036084650641,{},7ed3ebee8562f01fbf17,lagged_latest_vintage,하락,0.5209376014762866,0.2821829922787093,0.1968794062450041,No macro ensemble,20260914T235856_ca953c799b3f:direction:No macro ensemble,direction,1,2026-09-15,,,,,,,,,,,,,,,,,1690000.0,1690000.0,-0.004124926340601021,1.0,0.0,,,,,,,1.2651995097045459,0.8253987418091991,scored,True,2026-09-24T01:27:55.053708+00:00,github-actions,7fa00c14b86e,,,,,,,,미국지표:미국 소비자물가(CPI),,,,,,
3,20260914T235856_ca953c799b3f,2026-09-14T23:59:13.269130+00:00,2026-09-15,2026-09-14,d476f39771f78c30ab64,53c9db3770b61e827785,close_to_close,0.0148036084650641,{},7ed3ebee8562f01fbf17,lagged_latest_vintage,하락,0.4942578540609635,0.2805033553454654,0.225238790593571,Candidate expanding,20260914T235856_ca953c799b3f:direction:Candidate expanding,direction,1,2026-09-15,,,,,,,,,,,,,,,,,1690000.0,1690000.0,-0.004124926340601021,1.0,0.0,,,,,,,1.2711695920750108,0.812698760758137,scored,True,2026-09-24T01:27:55.053708+00:00,github-actions,7fa00c14b86e,,,,,,,,미국지표:미국 소비자물가(CPI),,,,,,
3,20260914T235856_ca953c799b3f,2026-09-14T23:59:13.269130+00:00,2026-09-15,2026-09-14,d476f39771f78c30ab64,53c9db3770b61e827785,close_to_close,0.0148036084650641,{},7ed3ebee8562f01fbf17,lagged_latest_vintage,하락,0.5524855879825052,0.2642562313648747,0.18325818065262,No NSI ensemble,20260914T235856_ca953c799b3f:direction:No NSI ensemble,direction,1,2026-09-15,,,,,,,,,,,,,,,,,1690000.0,1690000.0,-0.004124926340601021,1.0,0.0,,,,,,,1.3308360731857958,0.8801427787898997,scored,True,2026-09-24T01:27:55.053708+00:00,github-actions,7fa00c14b86e,,,,,,,,미국지표:미국 소비자물가(CPI),,,,,,
3,20260914T235856_ca953c799b3f,2026-09-14T23:59:13.269130+00:00,2026-09-15,2026-09-14,d476f39771f78c30ab64,53c9db3770b61e827785,close_to_close,0.0148036084650641,{},7ed3ebee8562f01fbf17,lagged_latest_vintage,하락,0.569873050490503,0.2343309357350051,0.195796013774492,No flow ensemble,20260914T235856_ca953c799b3f:direction:No flow ensemble,direction,1,2026-09-15,,,,,,,,,,,,,,,,,1690000.0,1690000.0,-0.004124926340601021,1.0,0.0,,,,,,,1.451020907463738,0.9493404886577653,scored,True,2026-09-24T01:27:55.053708+00:00,github-actions,7fa00c14b86e,,,,,,,,미국지표:미국 소비자물가(CPI),,,,,,
3,20260914T235856_ca953c799b3f,2026-09-14T23:59:13.269130+00:00,2026-09-15,2026-09-14,d476f39771f78c30ab64,53c9db3770b61e827785,close_to_close,0.0148036084650641,{},7ed3ebee8562f01fbf17,lagged_latest_vintage,하락,0.5585645380134833,0.238240205596785,0.2031952563897316,No macro price ensemble,20260914T235856_ca953c799b3f:direction:No macro price ensemble,direction,1,2026-09-15,,,,,,,,,,,,,,,,,1690000.0,1690000.0,-0.004124926340601021,1.0,0.0,,,,,,,1.4344758470650065,0.9335606397147331,scored,True,2026-09-24T01:27:55.053708+00:00,github-actions,7fa00c14b86e,,,,,,,,미국지표:미국 소비자물가(CPI),,,,,,
3,20260914T235856_ca953c799b3f,2026-09-14T23:59:13.269130+00:00,2026-09-15,2026-09-14,d476f39771f78c30ab64,53c9db3770b61e827785,close_to_close,0.0148036084650641,{},7ed3ebee8562f01fbf17,lagged_latest_vintage,,,,,Ridge,20260914T235856_ca953c799b3f:price:1,price,1,2026-09-15,1거래일,1.0,1697000.0,있음,-0.0140985532985633,1673074.755052338,1673074.755052338,1569465.339310485,1776684.170794191,0.7987421383647799,simple,0.0305270315171464,0.0334934370492222,-0.0040702490808801,-0.0019690511888521,1.0,1690000.0,1690000.0,-0.004124926340601021,,,-16925.24494766211,16925.24494766211,0.01001493783885332,-0.00997362695796228,1.0,-16925.24494766211,,,scored,True,2026-09-24T01:27:55.053708+00:00,github-actions,7fa00c14b86e,-0.0140985532985633,,,,,,,미국지표:미국 소비자물가(CPI),,,,,,
3,20260914T235856_ca953c799b3f,2026-09-14T23:59:13.269130+00:00,2026-09-15,2026-09-14,d476f39771f78c30ab64,53c9db3770b61e827785,close_to_close,0.0148036084650641,{},7ed3ebee8562f01fbf17,lagged_latest_vintage,,,,,Ridge,20260914T235856_ca953c799b3f:price:5,price,5,2026-09-21,1주일,5.0,1697000.0,없음,,,1697000.0,1457335.2319196053,1936664.7680803947,0.7536842105263157,simple,0.076082892178758,0.0787780650284183,0.0,0.0,0.0,1872000.0,1868000.0,0.10076605774896885,,,,,,,1.0,-171000.0,,,scored,True,2026-09-24T01:27:55.053708+00:00,github-actions,7fa00c14b86e,1.3465898977767945e-05,,,,,,,미국지표:미국 소비자물가(CPI),,,,,,
3,20260914T235856_ca953c799b3f,2026-09-14T23:59:13.269130+00:00,2026-09-15,2026-09-14,d476f39771f78c30ab64,53c9db3770b61e827785,close_to_close,0.0148036084650641,{},7ed3ebee8562f01fbf17,lagged_latest_vintage,,,,,Ridge,20260914T235856_ca953c799b3f:price:20,price,20,2026-10-16,1개월,20.0,1697000.0,없음,,,1697000.0,1194476.870324565,2199523.1296754344,0.6652452025586354,simple,0.199608885958154,0.2002933302135715,0.0,0.0,0.0,,,,,,,,,,,,,,pending,True,2026-09-24T01:27:55.053708+00:00,github-actions,7fa00c14b86e,0.0416114693317614,,,,,,,미국지표:미국 소비자물가(CPI),,,,,,
3,20260914T235856_ca953c799b3f,2026-09-14T23:59:13.269130+00:00,2026-09-15,2026-09-14,d476f39771f78c30ab64,53c9db3770b61e827785,close_to_close,0.0148036084650641,{},7ed3ebee8562f01fbf17,lagged_latest_vintage,,,,,Candidate IV interval,20260914T235856_ca953c799b3f:price_candidate:iv_interval:1,price,1,2026-09-15,1거래일,1.0,1697000.0,있음,-0.0140985532985633,1673074.755052338,1673074.755052338,1579083.891504438,1767065.618600238,0.8176100628930818,iv,0.0305270315171464,0.0334934370492222,-0.0040702490808801,-0.0019690511888521,1.0,1690000.0,1690000.0,-0.004124926340601021,,,-16925.24494766211,16925.24494766211,0.01001493783885332,-0.00997362695796228,1.0,-16925.24494766211,,,scored,True,2026-09-24T01:27:55.053708+00:00,github-actions,7fa00c14b86e,-0.0140985532985633,,,,,,,미국지표:미국 소비자물가(CPI),,,,,,
3,20260914T235856_ca953c799b3f,2026-09-14T23:59:13.269130+00:00,2026-09-15,2026-09-14,d476f39771f78c30ab64,53c9db3770b61e827785,close_to_close,0.0148036084650641,{},7ed3ebee8562f01fbf17,lagged_latest_vintage,,,,,Candidate HAR interval,20260914T235856_ca953c799b3f:price_candidate:har_interval:5,price,5,2026-09-21,1주일,5.0,1697000.0,없음,,,1697000.0,1522438.7835043916,1871561.2164956084,0.6189473684210526,har,0.076082892178758,0.0787780650284183,0.0,0.0,0.0,1872000.0,1868000.0,0.10076605774896885,,,,,,,1.0,-171000.0,,,scored,True,2026-09-24T01:27:55.053708+00:00,github-actions,7fa00c14b86e,1.3465898977767945e-05,,,,,,,미국지표:미국 소비자물가(CPI),,,,,,
3,20260914T235856_ca953c799b3f,2026-09-14T23:59:13.269130+00:00,2026-09-15,2026-09-14,d476f39771f78c30ab64,53c9db3770b61e827785,close_to_close,0.0148036084650641,{},7ed3ebee8562f01fbf17,lagged_latest_vintage,,,,,Candidate strict gate,20260914T235856_ca953c799b3f:price_candidate:strict_gate:5,price,5,2026-09-21,1주일,5.0,1697000.0,없음,,,1697000.0,1457335.2319196053,1936664.7680803947,0.7536842105263157,simple,0.076082892178758,0.0787780650284183,0.0,0.0,0.0,1872000.0,1868000.0,0.10076605774896885,,,,,,,1.0,-171000.0,,,scored,True,2026-09-24T01:27:55.053708+00:00,github-actions,7fa00c14b86e,1.3465898977767945e-05,,,,,,,미국지표:미국 소비자물가(CPI),,,,,,
3,20260914T235856_ca953c799b3f,2026-09-14T23:59:13.269130+00:00,2026-09-15,2026-09-14,d476f39771f78c30ab64,53c9db3770b61e827785,close_to_close,0.0148036084650641,{},7ed3ebee8562f01fbf17,lagged_latest_vintage,,,,,Candidate IV interval,20260914T235856_ca953c799b3f:price_candidate:iv_interval:5,price,5,2026-09-21,1주일,5.0,1697000.0,없음,,,1697000.0,1486801.4299314052,1907198.5700685948,0.76,iv,0.076082892178758,0.0787780650284183,0.0,0.0,0.0,1872000.0,1868000.0,0.10076605774896885,,,,,,,1.0,-171000.0,,,scored,True,2026-09-24T01:27:55.053708+00:00,github-actions,7fa00c14b86e,1.3465898977767945e-05,,,,,,,미국지표:미국 소비자물가(CPI),,,,,,
3,20260914T235856_ca953c799b3f,2026-09-14T23:59:13.269130+00:00,2026-09-15,2026-09-14,d476f39771f78c30ab64,53c9db3770b61e827785,close_to_close,0.0148036084650641,{},7ed3ebee8562f01fbf17,lagged_latest_vintage,,,,,Candidate HAR interval,20260914T235856_ca953c799b3f:price_candidate:har_interval:20,price,20,2026-10-16,1개월,20.0,1697000.0,없음,,,1697000.0,1317139.2471956587,2076860.7528043413,0.5565031982942431,har,0.199608885958154,0.2002933302135715,0.0,0.0,0.0,,,,,,,,,,,,,,pending,True,2026-09-24T01:27:55.053708+00:00,github-actions,7fa00c14b86e,0.0416114693317614,,,,,,,미국지표:미국 소비자물가(CPI),,,,,,
3,20260914T235856_ca953c799b3f,2026-09-14T23:59:13.269130+00:00,2026-09-15,2026-09-14,d476f39771f78c30ab64,53c9db3770b61e827785,close_to_close,0.0148036084650641,{},7ed3ebee8562f01fbf17,lagged_latest_vintage,,,,,Candidate IV interval,20260914T235856_ca953c799b3f:price_candidate:iv_interval:20,price,20,2026-10-16,1개월,20.0,1697000.0,없음,,,1697000.0,1229654.3995487958,2164345.600451204,0.6993603411513859,iv,0.199608885958154,0.2002933302135715,0.0,0.0,0.0,,,,,,,,,,,,,,pending,True,2026-09-24T01:27:55.053708+00:00,github-actions,7fa00c14b86e,0.0416114693317614,,,,,,,미국지표:미국 소비자물가(CPI),,,,,,
3,20260914T235856_ca953c799b3f,2026-09-14T23:59:13.269130+00:00,2026-09-15,2026-09-14,d476f39771f78c30ab64,53c9db3770b61e827785,close_to_close,0.0148036084650641,{},7ed3ebee8562f01fbf17,lagged_latest_vintage,,,,,Ridge,20260914T235856_ca953c799b3f:open:1,open,1,2026-09-15,시초가예측,1.0,1697000.0,있음,-0.0268913265317678,,,,,0.8240418118466899,,0.0173309754584405,0.0230382046079307,-0.0072189955788607,-0.004260459337486,1.0,1690000.0,1690000.0,-0.004124926340601021,,,-38634.58112441003,38634.58112441003,0.02286069889018345,-0.02276640019116678,1.0,-38634.58112441003,,,scored,True,2026-09-24T01:27:55.053708+00:00,github-actions,7fa00c14b86e,-0.0268913265317678,1651365.41887559,1651365.41887559,1577991.6361889082,1724739.2015622717,0.8089190087061398,0.6305215994559777,미국지표:미국 소비자물가(CPI),,,,,,
3,20260915T115743_527547320e06,2026-09-15T11:57:59.282629+00:00,2026-09-16,2026-09-15,c42366e0e07aedce8272,53c9db3770b61e827785,close_to_close,0.0148001116361266,{},7ed3ebee8562f01fbf17,lagged_latest_vintage,하락,0.5790444658550649,0.2693659008441841,0.151589633300751,Candidate evening forecast,20260915T115743_527547320e06:direction:Candidate evening forecast,direction,1,2026-09-16,,,,,,,,,,,,,,,,,1686000.0,1759000.0,0.040828402366863914,2.0,0.0,,,,,,,1.8865781900331835,1.1276506322977302,scored,True,2026-09-24T01:27:55.053708+00:00,github-actions,7fa00c14b86e,,,,,,,,,No macro ensemble,,,,,
3,20260915T213456_0264e5f15e8e,2026-09-15T21:35:17.835860+00:00,2026-09-16,2026-09-15,f6c005f839278369ae5a,53c9db3770b61e827785,close_to_close,0.0148001116361266,{},7ed3ebee8562f01fbf17,lagged_latest_vintage,하락,0.3637219965457916,0.3073241710662841,0.3289538323879241,Logistic,20260915T213456_0264e5f15e8e:direction:Logistic,direction,1,2026-09-16,,,,,,,,,,,,,,,,,1686000.0,1759000.0,0.040828402366863914,2.0,0.0,,,,,,,1.1118378651519087,0.6770447959596897,scored,True,2026-09-24T01:27:55.053708+00:00,github-actions,7fa00c14b86e,,,,,,,,,,,,,,
3,20260915T213456_0264e5f15e8e,2026-09-15T21:35:17.835860+00:00,2026-09-16,2026-09-15,f6c005f839278369ae5a,53c9db3770b61e827785,close_to_close,0.0148001116361266,{},7ed3ebee8562f01fbf17,lagged_latest_vintage,상승,0.3022010229874743,0.3454086519235606,0.352390325088965,LightGBM,20260915T213456_0264e5f15e8e:direction:LightGBM,direction,1,2026-09-16,,,,,,,,,,,,,,,,,1686000.0,1759000.0,0.040828402366863914,2.0,1.0,,,,,,,1.0430158396415843,0.6300308861567037,scored,True,2026-09-24T01:27:55.053708+00:00,github-actions,7fa00c14b86e,,,,,,,,,,,,,,
3,20260915T213456_0264e5f15e8e,2026-09-15T21:35:17.835860+00:00,2026-09-16,2026-09-15,f6c005f839278369ae5a,53c9db3770b61e827785,close_to_close,0.0148001116361266,{},7ed3ebee8562f01fbf17,lagged_latest_vintage,상승,0.332961509766633,0.3263664114949224,0.3406720787384447,Mean ensemble,20260915T213456_0264e5f15e8e:direction:Mean ensemble,direction,1,2026-09-16,,,,,,,,,,,,,,,,,1686000.0,1759000.0,0.040828402366863914,2.0,1.0,,,,,,,1.0768349103050263,0.6520917092932323,scored,True,2026-09-24T01:27:55.053708+00:00,github-actions,7fa00c14b86e,,,,,,,,,,,,,,
3,20260915T213456_0264e5f15e8e,2026-09-15T21:35:17.835860+00:00,2026-09-16,2026-09-15,f6c005f839278369ae5a,53c9db3770b61e827785,close_to_close,0.0148001116361266,{},7ed3ebee8562f01fbf17,lagged_latest_vintage,보합,0.30076609767062,0.3612487600364006,0.3379851422929794,No macro ensemble,20260915T213456_0264e5f15e8e:direction:No macro ensemble,direction,1,2026-09-16,,,,,,,,,,,,,,,,,1686000.0,1759000.0,0.040828402366863914,2.0,0.0,,,,,,,1.0847533421783657,0.6592245839606966,scored,True,2026-09-24T01:27:55.053708+00:00,github-actions,7fa00c14b86e,,,,,,,,,,,,,,
3,20260915T213456_0264e5f15e8e,2026-09-15T21:35:17.835860+00:00,2026-09-16,2026-09-15,f6c005f839278369ae5a,53c9db3770b61e827785,close_to_close,0.0148001116361266,{},7ed3ebee8562f01fbf17,lagged_latest_vintage,상승,0.2759821550301801,0.3298538187200776,0.3941640262497423,Candidate expanding,20260915T213456_0264e5f15e8e:direction:Candidate expanding,direction,1,2026-09-16,,,,,,,,,,,,,,,,,1686000.0,1759000.0,0.040828402366863914,2.0,1.0,,,,,,,0.9309881460387502,0.552006918709243,scored,True,2026-09-24T01:27:55.053708+00:00,github-actions,7fa00c14b86e,,,,,,,,,,,,,,
3,20260915T213456_0264e5f15e8e,2026-09-15T21:35:17.835860+00:00,2026-09-16,2026-09-15,f6c005f839278369ae5a,53c9db3770b61e827785,close_to_close,0.0148001116361266,{},7ed3ebee8562f01fbf17,lagged_latest_vintage,보합,0.3062955683580556,0.3494010566716123,0.3443033749703321,No NSI ensemble,20260915T213456_0264e5f15e8e:direction:No NSI ensemble,direction,1,2026-09-16,,,,,,,,,,,,,,,,,1686000.0,1759000.0,0.040828402366863914,2.0,0.0,,,,,,,1.0662321062740494,0.6458361376743204,scored,True,2026-09-24T01:27:55.053708+00:00,github-actions,7fa00c14b86e,,,,,,,,,,,,,,
3,20260915T213456_0264e5f15e8e,2026-09-15T21:35:17.835860+00:00,2026-09-16,2026-09-15,f6c005f839278369ae5a,53c9db3770b61e827785,close_to_close,0.0148001116361266,{},7ed3ebee8562f01fbf17,lagged_latest_vintage,상승,0.3285522700388761,0.3335441124965599,0.337903617464564,No flow ensemble,20260915T213456_0264e5f15e8e:direction:No flow ensemble,direction,1,2026-09-16,,,,,,,,,,,,,,,,,1686000.0,1759000.0,0.040828402366863914,2.0,1.0,,,,,,,1.0849945795939426,0.6575698888953267,scored,True,2026-09-24T01:27:55.053708+00:00,github-actions,7fa00c14b86e,,,,,,,,,,,,,,
3,20260915T213456_0264e5f15e8e,2026-09-15T21:35:17.835860+00:00,2026-09-16,2026-09-15,f6c005f839278369ae5a,53c9db3770b61e827785,close_to_close,0.0148001116361266,{},7ed3ebee8562f01fbf17,lagged_latest_vintage,상승,0.3286467123937557,0.321963908600188,0.3493893790060564,No macro price ensemble,20260915T213456_0264e5f15e8e:direction:No macro price ensemble,direction,1,2026-09-16,,,,,,,,,,,,,,,,,1686000.0,1759000.0,0.040828402366863914,2.0,1.0,,,,,,,1.0515682795517125,0.6349636001584591,scored,True,2026-09-24T01:27:55.053708+00:00,github-actions,7fa00c14b86e,,,,,,,,,,,,,,
3,20260915T213456_0264e5f15e8e,2026-09-15T21:35:17.835860+00:00,2026-09-16,2026-09-15,f6c005f839278369ae5a,53c9db3770b61e827785,close_to_close,0.0148001116361266,{},7ed3ebee8562f01fbf17,lagged_latest_vintage,,,,,Ridge,20260915T213456_0264e5f15e8e:price:1,price,1,2026-09-16,1거래일,1.0,1690000.0,있음,0.0025747815074564,1694351.3807476014,1694351.3807476014,1590952.79679316,1797749.9647020428,0.801255230125523,simple,0.0304823678701611,0.0334319966502502,-0.0040499078874549,-0.001954939672982,1.0,1686000.0,1759000.0,0.040828402366863914,,,-64648.61925239861,64648.61925239861,0.0367530524459344,-0.03825362085940751,1.0,-64648.61925239861,,,scored,True,2026-09-24T01:27:55.053708+00:00,github-actions,7fa00c14b86e,0.0025747815074564,,,,,,,,,,,,,
3,20260915T213456_0264e5f15e8e,2026-09-15T21:35:17.835860+00:00,2026-09-16,2026-09-15,f6c005f839278369ae5a,53c9db3770b61e827785,close_to_close,0.0148001116361266,{},7ed3ebee8562f01fbf17,lagged_latest_vintage,,,,,Ridge,20260915T213456_0264e5f15e8e:price:5,price,5,2026-09-22,1주일,5.0,1690000.0,없음,,,1690000.0,1451380.154250682,1928619.845749318,0.7536842105263157,simple,0.0760815519708646,0.0788333602304645,0.0,0.0,0.0,1909000.0,1840000.0,0.08875739644970415,,,,,,,1.0,-150000.0,,,scored,True,2026-09-24T01:27:55.053708+00:00,github-actions,7fa00c14b86e,0.0179042792545891,,,,,,,,,,,,,
3,20260915T213456_0264e5f15e8e,2026-09-15T21:35:17.835860+00:00,2026-09-16,2026-09-15,f6c005f839278369ae5a,53c9db3770b61e827785,close_to_close,0.0148001116361266,{},7ed3ebee8562f01fbf17,lagged_latest_vintage,,,,,Ridge,20260915T213456_0264e5f15e8e:price:20,price,20,2026-10-19,1개월,20.0,1690000.0,없음,,,1690000.0,1189667.613186657,2190332.3868133435,0.6652452025586354,simple,0.1994936548816441,0.20007025611022,0.0,0.0,0.0,,,,,,,,,,,,,,pending,True,2026-09-24T01:27:55.053708+00:00,github-actions,7fa00c14b86e,0.056366983877667,,,,,,,,,,,,,
3,20260915T213456_0264e5f15e8e,2026-09-15T21:35:17.835860+00:00,2026-09-16,2026-09-15,f6c005f839278369ae5a,53c9db3770b61e827785,close_to_close,0.0148001116361266,{},7ed3ebee8562f01fbf17,lagged_latest_vintage,,,,,Candidate IV interval,20260915T213456_0264e5f15e8e:price_candidate:iv_interval:1,price,1,2026-09-16,1거래일,1.0,1690000.0,있음,0.0025747815074564,1694351.3807476014,1694351.3807476014,1599525.5993111257,1789177.1621840768,0.8200836820083682,iv,0.0304823678701611,0.0334319966502502,-0.0040499078874549,-0.001954939672982,1.0,1686000.0,1759000.0,0.040828402366863914,,,-64648.61925239861,64648.61925239861,0.0367530524459344,-0.03825362085940751,1.0,-64648.61925239861,,,scored,True,2026-09-24T01:27:55.053708+00:00,github-actions,7fa00c14b86e,0.0025747815074564,,,,,,,,,,,,,
3,20260915T213456_0264e5f15e8e,2026-09-15T21:35:17.835860+00:00,2026-09-16,2026-09-15,f6c005f839278369ae5a,53c9db3770b61e827785,close_to_close,0.0148001116361266,{},7ed3ebee8562f01fbf17,lagged_latest_vintage,,,,,Candidate HAR interval,20260915T213456_0264e5f15e8e:price_candidate:har_interval:5,price,5,2026-09-22,1주일,5.0,1690000.0,없음,,,1690000.0,1518339.6647995792,1861660.335200421,0.6189473684210526,har,0.0760815519708646,0.0788333602304645,0.0,0.0,0.0,1909000.0,1840000.0,0.08875739644970415,,,,,,,1.0,-150000.0,,,scored,True,2026-09-24T01:27:55.053708+00:00,github-actions,7fa00c14b86e,0.0179042792545891,,,,,,,,,,,,,
3,20260915T213456_0264e5f15e8e,2026-09-15T21:35:17.835860+00:00,2026-09-16,2026-09-15,f6c005f839278369ae5a,53c9db3770b61e827785,close_to_close,0.0148001116361266,{},7ed3ebee8562f01fbf17,lagged_latest_vintage,,,,,Candidate strict gate,20260915T213456_0264e5f15e8e:price_candidate:strict_gate:5,price,5,2026-09-22,1주일,5.0,1690000.0,없음,,,1690000.0,1451380.154250682,1928619.845749318,0.7536842105263157,simple,0.0760815519708646,0.0788333602304645,0.0,0.0,0.0,1909000.0,1840000.0,0.08875739644970415,,,,,,,1.0,-150000.0,,,scored,True,2026-09-24T01:27:55.053708+00:00,github-actions,7fa00c14b86e,0.0179042792545891,,,,,,,,,,,,,
3,20260915T213456_0264e5f15e8e,2026-09-15T21:35:17.835860+00:00,2026-09-16,2026-09-15,f6c005f839278369ae5a,53c9db3770b61e827785,close_to_close,0.0148001116361266,{},7ed3ebee8562f01fbf17,lagged_latest_vintage,,,,,Candidate IV interval,20260915T213456_0264e5f15e8e:price_candidate:iv_interval:5,price,5,2026-09-22,1주일,5.0,1690000.0,없음,,,1690000.0,1478724.439468921,1901275.560531079,0.76,iv,0.0760815519708646,0.0788333602304645,0.0,0.0,0.0,1909000.0,1840000.0,0.08875739644970415,,,,,,,1.0,-150000.0,,,scored,True,2026-09-24T01:27:55.053708+00:00,github-actions,7fa00c14b86e,0.0179042792545891,,,,,,,,,,,,,
3,20260915T213456_0264e5f15e8e,2026-09-15T21:35:17.835860+00:00,2026-09-16,2026-09-15,f6c005f839278369ae5a,53c9db3770b61e827785,close_to_close,0.0148001116361266,{},7ed3ebee8562f01fbf17,lagged_latest_vintage,,,,,Candidate HAR interval,20260915T213456_0264e5f15e8e:price_candidate:har_interval:20,price,20,2026-10-19,1개월,20.0,1690000.0,없음,,,1690000.0,1321585.1786223024,2058414.8213776967,0.5565031982942431,har,0.1994936548816441,0.20007025611022,0.0,0.0,0.0,,,,,,,,,,,,,,pending,True,2026-09-24T01:27:55.053708+00:00,github-actions,7fa00c14b86e,0.056366983877667,,,,,,,,,,,,,
3,20260915T213456_0264e5f15e8e,2026-09-15T21:35:17.835860+00:00,2026-09-16,2026-09-15,f6c005f839278369ae5a,53c9db3770b61e827785,close_to_close,0.0148001116361266,{},7ed3ebee8562f01fbf17,lagged_latest_vintage,,,,,Candidate IV interval,20260915T213456_0264e5f15e8e:price_candidate:iv_interval:20,price,20,2026-10-19,1개월,20.0,1690000.0,없음,,,1690000.0,1219677.9580883128,2160322.0419116872,0.7014925373134329,iv,0.1994936548816441,0.20007025611022,0.0,0.0,0.0,,,,,,,,,,,,,,pending,True,2026-09-24T01:27:55.053708+00:00,github-actions,7fa00c14b86e,0.056366983877667,,,,,,,,,,,,,
3,20260915T213456_0264e5f15e8e,2026-09-15T21:35:17.835860+00:00,2026-09-16,2026-09-15,f6c005f839278369ae5a,53c9db3770b61e827785,close_to_close,0.0148001116361266,{},7ed3ebee8562f01fbf17,lagged_latest_vintage,,,,,Ridge,20260915T213456_0264e5f15e8e:open:1,open,1,2026-09-16,시초가예측,1.0,1690000.0,있음,0.0007017874158918,,,,,0.8240418118466899,,0.0173748894814423,0.0230349074317463,-0.0071918043113815,-0.0042128680675409,1.0,1686000.0,1759000.0,-0.002366863905325478,,,5186.020732857287,5186.020732857287,0.0030759316327741916,0.003068651321217278,1.0,5186.020732857287,,,scored,True,2026-09-24T01:27:55.053708+00:00,github-actions,7fa00c14b86e,0.0007017874158918,1691186.0207328573,1691186.0207328573,1622022.439875037,1760349.601590678,0.8077616807074686,0.6296716456361042,,,,,,,
3,20260916T120703_2abb96b32b5d,2026-09-16T12:07:23.540492+00:00,2026-09-17,2026-09-16,846f1b1c97ec295a8c18,53c9db3770b61e827785,close_to_close,0.0132212167836358,{},7ed3ebee8562f01fbf17,lagged_latest_vintage,하락,0.4061370105984506,0.3748649675752605,0.2189980218262886,Candidate evening forecast,20260916T120703_2abb96b32b5d:direction:Candidate evening forecast,direction,1,2026-09-17,,,,,,,,,,,,,,,,,1770000.0,1745000.0,-0.007959067652074991,1.0,0.0,,,,,,,0.9811894043243968,0.6037012137063537,scored,True,2026-09-24T01:27:55.053708+00:00,github-actions,7fa00c14b86e,,,,,,,,미국지표:FOMC 금리 결정,No macro ensemble,,,,,
3,20260916T120703_2abb96b32b5d,2026-09-16T12:07:23.540492+00:00,2026-09-17,2026-09-16,846f1b1c97ec295a8c18,53c9db3770b61e827785,close_to_close,0.0132212167836358,{},7ed3ebee8562f01fbf17,lagged_latest_vintage,,,,,Candidate evening open,20260916T120703_2abb96b32b5d:open:Candidate evening open,open,1,2026-09-17,시초가예측,1.0,1759000.0,있음,-0.0025193763431161,,,,,0.8240418118466899,,0.0173639633864785,0.0230284548598451,-0.0072010844565957,-0.0042183478687879,1.0,1770000.0,1745000.0,0.00625355315520193,,,-15431.5829875411,15431.5829875411,0.008718408467537344,-0.00877292949831803,1.0,-15431.5829875411,,,scored,True,2026-09-24T01:27:55.053708+00:00,github-actions,7fa00c14b86e,-0.0025193763431161,1754568.417012459,1754568.417012459,1689000.7112052075,1820136.1228197096,0.8074944661305524,0.6297938794992268,미국지표:FOMC 금리 결정,,,,,,
3,20260916T213033_48f8fec553ce,2026-09-16T21:30:53.416093+00:00,2026-09-17,2026-09-16,2a5ebb4761fcf4cee8d7,53c9db3770b61e827785,close_to_close,0.0132212167836358,{},7ed3ebee8562f01fbf17,lagged_latest_vintage,하락,0.4001549601601052,0.3195106184336728,0.280334421406222,Logistic,20260916T213033_48f8fec553ce:direction:Logistic,direction,1,2026-09-17,,,,,,,,,,,,,,,,,1770000.0,1745000.0,-0.007959067652074991,1.0,0.0,,,,,,,1.1409647711826154,0.7017771783904191,scored,True,2026-09-24T01:27:55.053708+00:00,github-actions,7fa00c14b86e,,,,,,,,미국지표:FOMC 금리 결정,,,,,,
3,20260916T213033_48f8fec553ce,2026-09-16T21:30:53.416093+00:00,2026-09-17,2026-09-16,2a5ebb4761fcf4cee8d7,53c9db3770b61e827785,close_to_close,0.0132212167836358,{},7ed3ebee8562f01fbf17,lagged_latest_vintage,보합,0.3669414324019734,0.408183268617536,0.2248752989804904,LightGBM,20260916T213033_48f8fec553ce:direction:LightGBM,direction,1,2026-09-17,,,,,,,,,,,,,,,,,1770000.0,1745000.0,-0.007959067652074991,1.0,1.0,,,,,,,0.8960390176445306,0.5354619584490006,scored,True,2026-09-24T01:27:55.053708+00:00,github-actions,7fa00c14b86e,,,,,,,,미국지표:FOMC 금리 결정,,,,,,
3,20260916T213033_48f8fec553ce,2026-09-16T21:30:53.416093+00:00,2026-09-17,2026-09-16,2a5ebb4761fcf4cee8d7,53c9db3770b61e827785,close_to_close,0.0132212167836358,{},7ed3ebee8562f01fbf17,lagged_latest_vintage,하락,0.3835481962810393,0.3638469435256044,0.2526048601933562,Mean ensemble,20260916T213033_48f8fec553ce:direction:Mean ensemble,direction,1,2026-09-17,,,,,,,,,,,,,,,,,1770000.0,1745000.0,-0.007959067652074991,1.0,0.0,,,,,,,1.0110219845936956,0.6156091455254591,scored,True,2026-09-24T01:27:55.053708+00:00,github-actions,7fa00c14b86e,,,,,,,,미국지표:FOMC 금리 결정,,,,,,
3,20260916T213033_48f8fec553ce,2026-09-16T21:30:53.416093+00:00,2026-09-17,2026-09-16,2a5ebb4761fcf4cee8d7,53c9db3770b61e827785,close_to_close,0.0132212167836358,{},7ed3ebee8562f01fbf17,lagged_latest_vintage,보합,0.3406578870101959,0.4248820091975663,0.2344601037922377,No macro ensemble,20260916T213033_48f8fec553ce:direction:No macro ensemble,direction,1,2026-09-17,,,,,,,,,,,,,,,,,1770000.0,1745000.0,-0.007959067652074991,1.0,1.0,,,,,,,0.8559437740202815,0.5017800395971465,scored,True,2026-09-24T01:27:55.053708+00:00,github-actions,7fa00c14b86e,,,,,,,,미국지표:FOMC 금리 결정,,,,,,
3,20260916T213033_48f8fec553ce,2026-09-16T21:30:53.416093+00:00,2026-09-17,2026-09-16,2a5ebb4761fcf4cee8d7,53c9db3770b61e827785,close_to_close,0.0132212167836358,{},7ed3ebee8562f01fbf17,lagged_latest_vintage,보합,0.3520330172778635,0.388290426511685,0.2596765562104514,Candidate expanding,20260916T213033_48f8fec553ce:direction:Candidate expanding,direction,1,2026-09-17,,,,,,,,,,,,,,,,,1770000.0,1745000.0,-0.007959067652074991,1.0,1.0,,,,,,,0.9460016974243596,0.5655477613963324,scored,True,2026-09-24T01:27:55.053708+00:00,github-actions,7fa00c14b86e,,,,,,,,미국지표:FOMC 금리 결정,,,,,,
3,20260916T213033_48f8fec553ce,2026-09-16T21:30:53.416093+00:00,2026-09-17,2026-09-16,2a5ebb4761fcf4cee8d7,53c9db3770b61e827785,close_to_close,0.0132212167836358,{},7ed3ebee8562f01fbf17,lagged_latest_vintage,보합,0.3479211189273321,0.4078550126659763,0.2442238684066915,No NSI ensemble,20260916T213033_48f8fec553ce:direction:No NSI ensemble,direction,1,2026-09-17,,,,,,,,,,,,,,,,,1770000.0,1745000.0,-0.007959067652074991,1.0,1.0,,,,,,,0.8968435288465012,0.5313300889199868,scored,True,2026-09-24T01:27:55.053708+00:00,github-actions,7fa00c14b86e,,,,,,,,미국지표:FOMC 금리 결정,,,,,,
3,20260916T213033_48f8fec553ce,2026-09-16T21:30:53.416093+00:00,2026-09-17,2026-09-16,2a5ebb4761fcf4cee8d7,53c9db3770b61e827785,close_to_close,0.0132212167836358,{},7ed3ebee8562f01fbf17,lagged_latest_vintage,하락,0.3774710712952768,0.3711392431293919,0.2513896855753314,No flow ensemble,20260916T213033_48f8fec553ce:direction:No flow ensemble,direction,1,2026-09-17,,,,,,,,,,,,,,,,,1770000.0,1745000.0,-0.007959067652074991,1.0,0.0,,,,,,,0.9911779683809734,0.601147035210342,scored,True,2026-09-24T01:27:55.053708+00:00,github-actions,7fa00c14b86e,,,,,,,,미국지표:FOMC 금리 결정,,,,,,
3,20260916T213033_48f8fec553ce,2026-09-16T21:30:53.416093+00:00,2026-09-17,2026-09-16,2a5ebb4761fcf4cee8d7,53c9db3770b61e827785,close_to_close,0.0132212167836358,{},7ed3ebee8562f01fbf17,lagged_latest_vintage,하락,0.383716801760604,0.3558954140995709,0.260387784139825,No macro price ensemble,20260916T213033_48f8fec553ce:direction:No macro price ensemble,direction,1,2026-09-17,,,,,,,,,,,,,,,,,1770000.0,1745000.0,-0.007959067652074991,1.0,0.0,,,,,,,1.033118371911269,0.6299110996605981,scored,True,2026-09-24T01:27:55.053708+00:00,github-actions,7fa00c14b86e,,,,,,,,미국지표:FOMC 금리 결정,,,,,,
3,20260916T213033_48f8fec553ce,2026-09-16T21:30:53.416093+00:00,2026-09-17,2026-09-16,2a5ebb4761fcf4cee8d7,53c9db3770b61e827785,close_to_close,0.0132212167836358,{},7ed3ebee8562f01fbf17,lagged_latest_vintage,,,,,Ridge,20260916T213033_48f8fec553ce:price:1,price,1,2026-09-17,1거래일,1.0,1759000.0,있음,0.0001180804737818,1759207.703553382,1759207.703553382,1663063.3863846343,1855352.0207221296,0.799163179916318,simple,0.0304842524998813,0.0334054001060929,-0.0040280512652152,-0.0019171912884414,1.0,1770000.0,1745000.0,-0.007959067652074991,,,14207.703553382074,14207.703553382074,0.008141950460390873,0.008077148125856791,1.0,14207.703553382074,,,scored,True,2026-09-24T01:27:55.053708+00:00,github-actions,7fa00c14b86e,0.0001180804737818,,,,,,,미국지표:FOMC 금리 결정,,,,,,
3,20260916T213033_48f8fec553ce,2026-09-16T21:30:53.416093+00:00,2026-09-17,2026-09-16,2a5ebb4761fcf4cee8d7,53c9db3770b61e827785,close_to_close,0.0132212167836358,{},7ed3ebee8562f01fbf17,lagged_latest_vintage,,,,,Ridge,20260916T213033_48f8fec553ce:price:5,price,5,2026-09-23,1주일,5.0,1759000.0,없음,,,1759000.0,1536548.2622157286,1981451.737784272,0.7557894736842106,simple,0.0760197509040457,0.0788627859499356,0.0,0.0,0.0,1899000.0,1862000.0,0.058555997725980635,,,,,,,1.0,-103000.0,,,scored,True,2026-09-24T01:27:55.053708+00:00,github-actions,7fa00c14b86e,0.0139990875877174,,,,,,,미국지표:FOMC 금리 결정,,,,,,
3,20260916T213033_48f8fec553ce,2026-09-16T21:30:53.416093+00:00,2026-09-17,2026-09-16,2a5ebb4761fcf4cee8d7,53c9db3770b61e827785,close_to_close,0.0132212167836358,{},7ed3ebee8562f01fbf17,lagged_latest_vintage,,,,,Ridge,20260916T213033_48f8fec553ce:price:20,price,20,2026-10-20,1개월,20.0,1759000.0,없음,,,1759000.0,1293794.9378489098,2224205.0621510902,0.6652452025586354,simple,0.1996707998284009,0.2001488867534384,0.0,0.0,0.0,,,,,,,,,,,,,,pending,True,2026-09-24T01:27:55.053708+00:00,github-actions,7fa00c14b86e,0.0515970191543394,,,,,,,미국지표:FOMC 금리 결정,,,,,,
3,20260916T213033_48f8fec553ce,2026-09-16T21:30:53.416093+00:00,2026-09-17,2026-09-16,2a5ebb4761fcf4cee8d7,53c9db3770b61e827785,close_to_close,0.0132212167836358,{},7ed3ebee8562f01fbf17,lagged_latest_vintage,,,,,Candidate IV interval,20260916T213033_48f8fec553ce:price_candidate:iv_interval:1,price,1,2026-09-17,1거래일,1.0,1759000.0,있음,0.0001180804737818,1759207.703553382,1759207.703553382,1670266.4022817002,1848149.004825064,0.8200836820083682,iv,0.0304842524998813,0.0334054001060929,-0.0040280512652152,-0.0019171912884414,1.0,1770000.0,1745000.0,-0.007959067652074991,,,14207.703553382074,14207.703553382074,0.008141950460390873,0.008077148125856791,1.0,14207.703553382074,,,scored,True,2026-09-24T01:27:55.053708+00:00,github-actions,7fa00c14b86e,0.0001180804737818,,,,,,,미국지표:FOMC 금리 결정,,,,,,
3,20260916T213033_48f8fec553ce,2026-09-16T21:30:53.416093+00:00,2026-09-17,2026-09-16,2a5ebb4761fcf4cee8d7,53c9db3770b61e827785,close_to_close,0.0132212167836358,{},7ed3ebee8562f01fbf17,lagged_latest_vintage,,,,,Candidate HAR interval,20260916T213033_48f8fec553ce:price_candidate:har_interval:5,price,5,2026-09-23,1주일,5.0,1759000.0,없음,,,1759000.0,1580617.5153026287,1937382.4846973715,0.6189473684210526,har,0.0760197509040457,0.0788627859499356,0.0,0.0,0.0,1899000.0,1862000.0,0.058555997725980635,,,,,,,1.0,-103000.0,,,scored,True,2026-09-24T01:27:55.053708+00:00,github-actions,7fa00c14b86e,0.0139990875877174,,,,,,,미국지표:FOMC 금리 결정,,,,,,
3,20260916T213033_48f8fec553ce,2026-09-16T21:30:53.416093+00:00,2026-09-17,2026-09-16,2a5ebb4761fcf4cee8d7,53c9db3770b61e827785,close_to_close,0.0132212167836358,{},7ed3ebee8562f01fbf17,lagged_latest_vintage,,,,,Candidate strict gate,20260916T213033_48f8fec553ce:price_candidate:strict_gate:5,price,5,2026-09-23,1주일,5.0,1759000.0,없음,,,1759000.0,1536548.2622157286,1981451.737784272,0.7557894736842106,simple,0.0760197509040457,0.0788627859499356,0.0,0.0,0.0,1899000.0,1862000.0,0.058555997725980635,,,,,,,1.0,-103000.0,,,scored,True,2026-09-24T01:27:55.053708+00:00,github-actions,7fa00c14b86e,0.0139990875877174,,,,,,,미국지표:FOMC 금리 결정,,,,,,
3,20260916T213033_48f8fec553ce,2026-09-16T21:30:53.416093+00:00,2026-09-17,2026-09-16,2a5ebb4761fcf4cee8d7,53c9db3770b61e827785,close_to_close,0.0132212167836358,{},7ed3ebee8562f01fbf17,lagged_latest_vintage,,,,,Candidate IV interval,20260916T213033_48f8fec553ce:price_candidate:iv_interval:5,price,5,2026-09-23,1주일,5.0,1759000.0,없음,,,1759000.0,1560350.7902925285,1957649.2097074715,0.76,iv,0.0760197509040457,0.0788627859499356,0.0,0.0,0.0,1899000.0,1862000.0,0.058555997725980635,,,,,,,1.0,-103000.0,,,scored,True,2026-09-24T01:27:55.053708+00:00,github-actions,7fa00c14b86e,0.0139990875877174,,,,,,,미국지표:FOMC 금리 결정,,,,,,
3,20260916T213033_48f8fec553ce,2026-09-16T21:30:53.416093+00:00,2026-09-17,2026-09-16,2a5ebb4761fcf4cee8d7,53c9db3770b61e827785,close_to_close,0.0132212167836358,{},7ed3ebee8562f01fbf17,lagged_latest_vintage,,,,,Candidate HAR interval,20260916T213033_48f8fec553ce:price_candidate:har_interval:20,price,20,2026-10-20,1개월,20.0,1759000.0,없음,,,1759000.0,1370562.611019064,2147437.3889809363,0.55863539445629,har,0.1996707998284009,0.2001488867534384,0.0,0.0,0.0,,,,,,,,,,,,,,pending,True,2026-09-24T01:27:55.053708+00:00,github-actions,7fa00c14b86e,0.0515970191543394,,,,,,,미국지표:FOMC 금리 결정,,,,,,
3,20260916T213033_48f8fec553ce,2026-09-16T21:30:53.416093+00:00,2026-09-17,2026-09-16,2a5ebb4761fcf4cee8d7,53c9db3770b61e827785,close_to_close,0.0132212167836358,{},7ed3ebee8562f01fbf17,lagged_latest_vintage,,,,,Candidate IV interval,20260916T213033_48f8fec553ce:price_candidate:iv_interval:20,price,20,2026-10-20,1개월,20.0,1759000.0,없음,,,1759000.0,1318074.8923655346,2199925.1076344657,0.7014925373134329,iv,0.1996707998284009,0.2001488867534384,0.0,0.0,0.0,,,,,,,,,,,,,,pending,True,2026-09-24T01:27:55.053708+00:00,github-actions,7fa00c14b86e,0.0515970191543394,,,,,,,미국지표:FOMC 금리 결정,,,,,,
3,20260916T213033_48f8fec553ce,2026-09-16T21:30:53.416093+00:00,2026-09-17,2026-09-16,2a5ebb4761fcf4cee8d7,53c9db3770b61e827785,close_to_close,0.0132212167836358,{},7ed3ebee8562f01fbf17,lagged_latest_vintage,,,,,Ridge,20260916T213033_48f8fec553ce:open:1,open,1,2026-09-17,시초가예측,1.0,1759000.0,있음,-0.0012248121201992,,,,,0.8240418118466899,,0.0173639631731005,0.0230284548598451,-0.0072010834593512,-0.004218349168739,1.0,1770000.0,1745000.0,0.00625355315520193,,,-13154.444519430399,13154.444519430399,0.007431889559000225,-0.00747836527540113,1.0,-13154.444519430399,,,scored,True,2026-09-24T01:27:55.053708+00:00,github-actions,7fa00c14b86e,-0.0012248121201992,1756845.5554805696,1756845.5554805696,1691277.865710314,1822413.245250825,0.8074944661305524,0.6297938249986667,미국지표:FOMC 금리 결정,,,,,,
3,20260917T115711_30dd05af4a40,2026-09-17T11:57:31.050031+00:00,2026-09-18,2026-09-17,8d26df4632ace29e3536,53c9db3770b61e827785,close_to_close,0.0102651871773348,{},7ed3ebee8562f01fbf17,lagged_latest_vintage,보합,0.339939012762507,0.3826295209481599,0.2774314662893329,Candidate evening forecast,20260917T115711_30dd05af4a40:direction:Candidate evening forecast,direction,1,2026-09-18,,,,,,,,,,,,,,,,,1810000.0,1857000.0,0.06418338108882526,2.0,0.0,,,,,,,1.2821813446240753,0.7840691686077499,scored,True,2026-09-24T01:27:55.053708+00:00,github-actions,7fa00c14b86e,,,,,,,,미국지표:FOMC 금리 결정,No macro ensemble,,,,,
3,20260917T115711_30dd05af4a40,2026-09-17T11:57:31.050031+00:00,2026-09-18,2026-09-17,8d26df4632ace29e3536,53c9db3770b61e827785,close_to_close,0.0102651871773348,{},7ed3ebee8562f01fbf17,lagged_latest_vintage,,,,,Candidate evening open,20260917T115711_30dd05af4a40:open:Candidate evening open,open,1,2026-09-18,시초가예측,1.0,1745000.0,있음,-0.0012688307324424,,,,,0.8240418118466899,,0.0173752535229263,0.0230393495517531,-0.0072186028791568,-0.004217225103989,1.0,1810000.0,1857000.0,0.0372492836676217,,,-67214.10962811206,67214.10962811206,0.037134867197851966,-0.0385181144000641,0.0,-67214.10962811206,,,scored,True,2026-09-24T01:27:55.053708+00:00,github-actions,7fa00c14b86e,-0.0012688307324424,1742785.890371888,1742785.890371888,1686495.8217001492,1799075.959043627,0.8067434722895679,0.629708494134807,미국지표:FOMC 금리 결정,,,,,,
3,20260917T213329_56c8cce7930f,2026-09-17T21:33:42.939751+00:00,2026-09-18,2026-09-17,519ab2e7d96e3ecfdbaa,53c9db3770b61e827785,close_to_close,0.0102651871773348,{},7ed3ebee8562f01fbf17,lagged_latest_vintage,상승,0.135057246762093,0.2475066146630025,0.6174361385749044,Logistic,20260917T213329_56c8cce7930f:direction:Logistic,direction,1,2026-09-18,,,,,,,,,,,,,,,,,1810000.0,1857000.0,0.06418338108882526,2.0,1.0,,,,,,,0.482179635140046,0.22585509227337655,scored,True,2026-09-24T01:27:55.053708+00:00,github-actions,7fa00c14b86e,,,,,,,,미국지표:FOMC 금리 결정,,,,,,
3,20260917T213329_56c8cce7930f,2026-09-17T21:33:42.939751+00:00,2026-09-18,2026-09-17,519ab2e7d96e3ecfdbaa,53c9db3770b61e827785,close_to_close,0.0102651871773348,{},7ed3ebee8562f01fbf17,lagged_latest_vintage,상승,0.1285117771845943,0.2865633957652776,0.584924827050128,LightGBM,20260917T213329_56c8cce7930f:direction:LightGBM,direction,1,2026-09-18,,,,,,,,,,,,,,,,,1810000.0,1857000.0,0.06418338108882526,2.0,1.0,,,,,,,0.5362719407762236,0.2709212558670361,scored,True,2026-09-24T01:27:55.053708+00:00,github-actions,7fa00c14b86e,,,,,,,,미국지표:FOMC 금리 결정,,,,,,
3,20260917T213329_56c8cce7930f,2026-09-17T21:33:42.939751+00:00,2026-09-18,2026-09-17,519ab2e7d96e3ecfdbaa,53c9db3770b61e827785,close_to_close,0.0102651871773348,{},7ed3ebee8562f01fbf17,lagged_latest_vintage,상승,0.1317845119733436,0.2670350052141401,0.6011804828125162,Mean ensemble,20260917T213329_56c8cce7930f:direction:Mean ensemble,direction,1,2026-09-18,,,,,,,,,,,,,,,,,1810000.0,1857000.0,0.06418338108882526,2.0,1.0,,,,,,,0.5088600853486449,0.2477318588954258,scored,True,2026-09-24T01:27:55.053708+00:00,github-actions,7fa00c14b86e,,,,,,,,미국지표:FOMC 금리 결정,,,,,,
3,20260917T213329_56c8cce7930f,2026-09-17T21:33:42.939751+00:00,2026-09-18,2026-09-17,519ab2e7d96e3ecfdbaa,53c9db3770b61e827785,close_to_close,0.0102651871773348,{},7ed3ebee8562f01fbf17,lagged_latest_vintage,상승,0.1263295304010852,0.3004265326671406,0.5732439369317742,No macro ensemble,20260917T213329_56c8cce7930f:direction:No macro ensemble,direction,1,2026-09-18,,,,,,,,,,,,,,,,,1810000.0,1857000.0,0.06418338108882526,2.0,1.0,,,,,,,0.5564439339563596,0.28833598914725067,scored,True,2026-09-24T01:27:55.053708+00:00,github-actions,7fa00c14b86e,,,,,,,,미국지표:FOMC 금리 결정,,,,,,
3,20260917T213329_56c8cce7930f,2026-09-17T21:33:42.939751+00:00,2026-09-18,2026-09-17,519ab2e7d96e3ecfdbaa,53c9db3770b61e827785,close_to_close,0.0102651871773348,{},7ed3ebee8562f01fbf17,lagged_latest_vintage,상승,0.1110475739110894,0.2409071684180588,0.6480452576708517,Candidate expanding,20260917T213329_56c8cce7930f:direction:Candidate expanding,direction,1,2026-09-18,,,,,,,,,,,,,,,,,1810000.0,1857000.0,0.06418338108882526,2.0,1.0,,,,,,,0.43379474298405946,0.19423996811472294,scored,True,2026-09-24T01:27:55.053708+00:00,github-actions,7fa00c14b86e,,,,,,,,미국지표:FOMC 금리 결정,,,,,,
3,20260917T213329_56c8cce7930f,2026-09-17T21:33:42.939751+00:00,2026-09-18,2026-09-17,519ab2e7d96e3ecfdbaa,53c9db3770b61e827785,close_to_close,0.0102651871773348,{},7ed3ebee8562f01fbf17,lagged_latest_vintage,상승,0.1246455173158052,0.2834187589998694,0.5919357236843253,No NSI ensemble,20260917T213329_56c8cce7930f:direction:No NSI ensemble,direction,1,2026-09-18,,,,,,,,,,,,,,,,,1810000.0,1857000.0,0.06418338108882526,2.0,1.0,,,,,,,0.5243572248503664,0.26237915154498603,scored,True,2026-09-24T01:27:55.053708+00:00,github-actions,7fa00c14b86e,,,,,,,,미국지표:FOMC 금리 결정,,,,,,
3,20260917T213329_56c8cce7930f,2026-09-17T21:33:42.939751+00:00,2026-09-18,2026-09-17,519ab2e7d96e3ecfdbaa,53c9db3770b61e827785,close_to_close,0.0102651871773348,{},7ed3ebee8562f01fbf17,lagged_latest_vintage,상승,0.1352032644180294,0.2747322858107476,0.590064449771223,No flow ensemble,20260917T213329_56c8cce7930f:direction:No flow ensemble,direction,1,2026-09-18,,,,,,,,,,,,,,,,,1810000.0,1857000.0,0.06418338108882526,2.0,1.0,,,,,,,0.5275235111479097,0.26180490691746006,scored,True,2026-09-24T01:27:55.053708+00:00,github-actions,7fa00c14b86e,,,,,,,,미국지표:FOMC 금리 결정,,,,,,
3,20260917T213329_56c8cce7930f,2026-09-17T21:33:42.939751+00:00,2026-09-18,2026-09-17,519ab2e7d96e3ecfdbaa,53c9db3770b61e827785,close_to_close,0.0102651871773348,{},7ed3ebee8562f01fbf17,lagged_latest_vintage,상승,0.1403317054228041,0.2543868718673748,0.605281422709821,No macro price ensemble,20260917T213329_56c8cce7930f:direction:No macro price ensemble,direction,1,2026-09-18,,,,,,,,,,,,,,,,,1810000.0,1857000.0,0.06418338108882526,2.0,1.0,,,,,,,0.5020617676015333,0.2402084233833238,scored,True,2026-09-24T01:27:55.053708+00:00,github-actions,7fa00c14b86e,,,,,,,,미국지표:FOMC 금리 결정,,,,,,
3,20260917T213329_56c8cce7930f,2026-09-17T21:33:42.939751+00:00,2026-09-18,2026-09-17,519ab2e7d96e3ecfdbaa,53c9db3770b61e827785,close_to_close,0.0102651871773348,{},7ed3ebee8562f01fbf17,lagged_latest_vintage,,,,,Ridge,20260917T213329_56c8cce7930f:price:1,price,1,2026-09-18,1거래일,1.0,1745000.0,있음,0.0146281775853467,1770526.16988643,1770526.16988643,1696718.0799095675,1844334.2598632928,0.797071129707113,simple,0.0304455320676745,0.033372739143732,-0.0039349497190121,-0.0019017103486183,1.0,1810000.0,1857000.0,0.06418338108882526,,,-86473.83011356997,86473.83011356997,0.0465664136314324,-0.04955520350347856,0.0,-86473.83011356997,,,scored,True,2026-09-24T01:27:55.053708+00:00,github-actions,7fa00c14b86e,0.0146281775853467,,,,,,,미국지표:FOMC 금리 결정,,,,,,
3,20260917T213329_56c8cce7930f,2026-09-17T21:33:42.939751+00:00,2026-09-18,2026-09-17,519ab2e7d96e3ecfdbaa,53c9db3770b61e827785,close_to_close,0.0102651871773348,{},7ed3ebee8562f01fbf17,lagged_latest_vintage,,,,,Ridge,20260917T213329_56c8cce7930f:price:5,price,5,2026-09-28,1주일,5.0,1745000.0,없음,,,1745000.0,1574655.5552536591,1915344.4447463409,0.7526205450733753,simple,0.0758646110763034,0.0787345763197263,0.0,0.0,0.0,,,,,,,,,,,,,,pending,True,2026-09-24T01:27:55.053708+00:00,github-actions,7fa00c14b86e,0.0241669734180497,,,,,,,미국지표:FOMC 금리 결정,,,,,,
3,20260917T213329_56c8cce7930f,2026-09-17T21:33:42.939751+00:00,2026-09-18,2026-09-17,519ab2e7d96e3ecfdbaa,53c9db3770b61e827785,close_to_close,0.0102651871773348,{},7ed3ebee8562f01fbf17,lagged_latest_vintage,,,,,Ridge,20260917T213329_56c8cce7930f:price:20,price,20,2026-10-21,1개월,20.0,1745000.0,없음,,,1745000.0,1387672.2970806342,2102327.702919366,0.6638297872340425,simple,0.1996958539708752,0.1997909822433285,0.0,0.0,0.0,,,,,,,,,,,,,,pending,True,2026-09-24T01:27:55.053708+00:00,github-actions,7fa00c14b86e,0.0490147537970814,,,,,,,미국지표:FOMC 금리 결정,,,,,,
3,20260917T213329_56c8cce7930f,2026-09-17T21:33:42.939751+00:00,2026-09-18,2026-09-17,519ab2e7d96e3ecfdbaa,53c9db3770b61e827785,close_to_close,0.0102651871773348,{},7ed3ebee8562f01fbf17,lagged_latest_vintage,,,,,Candidate IV interval,20260917T213329_56c8cce7930f:price_candidate:iv_interval:1,price,1,2026-09-18,1거래일,1.0,1745000.0,있음,0.0146281775853467,1770526.16988643,1770526.16988643,1709990.991178552,1831061.348594308,0.8158995815899581,iv,0.0304455320676745,0.033372739143732,-0.0039349497190121,-0.0019017103486183,1.0,1810000.0,1857000.0,0.06418338108882526,,,-86473.83011356997,86473.83011356997,0.0465664136314324,-0.04955520350347856,0.0,-86473.83011356997,,,scored,True,2026-09-24T01:27:55.053708+00:00,github-actions,7fa00c14b86e,0.0146281775853467,,,,,,,미국지표:FOMC 금리 결정,,,,,,
3,20260917T213329_56c8cce7930f,2026-09-17T21:33:42.939751+00:00,2026-09-18,2026-09-17,519ab2e7d96e3ecfdbaa,53c9db3770b61e827785,close_to_close,0.0102651871773348,{},7ed3ebee8562f01fbf17,lagged_latest_vintage,,,,,Candidate HAR interval,20260917T213329_56c8cce7930f:price_candidate:har_interval:5,price,5,2026-09-28,1주일,5.0,1745000.0,없음,,,1745000.0,1567024.958372288,1922975.0416277123,0.6205450733752621,har,0.0758646110763034,0.0787345763197263,0.0,0.0,0.0,,,,,,,,,,,,,,pending,True,2026-09-24T01:27:55.053708+00:00,github-actions,7fa00c14b86e,0.0241669734180497,,,,,,,미국지표:FOMC 금리 결정,,,,,,
3,20260917T213329_56c8cce7930f,2026-09-17T21:33:42.939751+00:00,2026-09-18,2026-09-17,519ab2e7d96e3ecfdbaa,53c9db3770b61e827785,close_to_close,0.0102651871773348,{},7ed3ebee8562f01fbf17,lagged_latest_vintage,,,,,Candidate strict gate,20260917T213329_56c8cce7930f:price_candidate:strict_gate:5,price,5,2026-09-28,1주일,5.0,1745000.0,없음,,,1745000.0,1574655.5552536591,1915344.4447463409,0.7526205450733753,simple,0.0758646110763034,0.0787345763197263,0.0,0.0,0.0,,,,,,,,,,,,,,pending,True,2026-09-24T01:27:55.053708+00:00,github-actions,7fa00c14b86e,0.0241669734180497,,,,,,,미국지표:FOMC 금리 결정,,,,,,
3,20260917T213329_56c8cce7930f,2026-09-17T21:33:42.939751+00:00,2026-09-18,2026-09-17,519ab2e7d96e3ecfdbaa,53c9db3770b61e827785,close_to_close,0.0102651871773348,{},7ed3ebee8562f01fbf17,lagged_latest_vintage,,,,,Candidate IV interval,20260917T213329_56c8cce7930f:price_candidate:iv_interval:5,price,5,2026-09-28,1주일,5.0,1745000.0,없음,,,1745000.0,1609330.368417621,1880669.63158238,0.7610062893081762,iv,0.0758646110763034,0.0787345763197263,0.0,0.0,0.0,,,,,,,,,,,,,,pending,True,2026-09-24T01:27:55.053708+00:00,github-actions,7fa00c14b86e,0.0241669734180497,,,,,,,미국지표:FOMC 금리 결정,,,,,,
3,20260917T213329_56c8cce7930f,2026-09-17T21:33:42.939751+00:00,2026-09-18,2026-09-17,519ab2e7d96e3ecfdbaa,53c9db3770b61e827785,close_to_close,0.0102651871773348,{},7ed3ebee8562f01fbf17,lagged_latest_vintage,,,,,Candidate HAR interval,20260917T213329_56c8cce7930f:price_candidate:har_interval:20,price,20,2026-10-21,1개월,20.0,1745000.0,없음,,,1745000.0,1364532.4937408653,2125467.5062591345,0.5595744680851064,har,0.1996958539708752,0.1997909822433285,0.0,0.0,0.0,,,,,,,,,,,,,,pending,True,2026-09-24T01:27:55.053708+00:00,github-actions,7fa00c14b86e,0.0490147537970814,,,,,,,미국지표:FOMC 금리 결정,,,,,,
3,20260917T213329_56c8cce7930f,2026-09-17T21:33:42.939751+00:00,2026-09-18,2026-09-17,519ab2e7d96e3ecfdbaa,53c9db3770b61e827785,close_to_close,0.0102651871773348,{},7ed3ebee8562f01fbf17,lagged_latest_vintage,,,,,Candidate IV interval,20260917T213329_56c8cce7930f:price_candidate:iv_interval:20,price,20,2026-10-21,1개월,20.0,1745000.0,없음,,,1745000.0,1444324.1917798736,2045675.8082201264,0.6978723404255319,iv,0.1996958539708752,0.1997909822433285,0.0,0.0,0.0,,,,,,,,,,,,,,pending,True,2026-09-24T01:27:55.053708+00:00,github-actions,7fa00c14b86e,0.0490147537970814,,,,,,,미국지표:FOMC 금리 결정,,,,,,
3,20260917T213329_56c8cce7930f,2026-09-17T21:33:42.939751+00:00,2026-09-18,2026-09-17,519ab2e7d96e3ecfdbaa,53c9db3770b61e827785,close_to_close,0.0102651871773348,{},7ed3ebee8562f01fbf17,lagged_latest_vintage,,,,,Ridge,20260917T213329_56c8cce7930f:open:1,open,1,2026-09-18,시초가예측,1.0,1745000.0,있음,0.0235619656741619,,,,,0.8240418118466899,,0.01737525067822,0.0230393495517531,-0.0072186089750418,-0.004217227569867,1.0,1810000.0,1857000.0,0.0372492836676217,,,-23884.369898587698,23884.369898587698,0.013195784474357845,-0.013687317993459801,1.0,-23884.369898587698,,,scored,True,2026-09-24T01:27:55.053708+00:00,github-actions,7fa00c14b86e,0.0235619656741619,1786115.6301014123,1786115.6301014123,1729825.5503433454,1842405.70985948,0.8067425693313865,0.6297085673399794,미국지표:FOMC 금리 결정,,,,,,
3,20260918T114151_6d19218b8e9b,2026-09-18T11:42:11.863145+00:00,2026-09-21,2026-09-18,4fcece256087f1994bd0,53c9db3770b61e827785,close_to_close,0.0110061153637702,{},7ed3ebee8562f01fbf17,lagged_latest_vintage,상승,0.174882930984054,0.3809821539396743,0.4441349150762717,Candidate evening forecast,20260918T114151_6d19218b8e9b:direction:Candidate evening forecast,direction,1,2026-09-21,,,,,,,,,,,,,,,,,1872000.0,1868000.0,0.005923532579429125,1.0,0.0,,,,,,,0.965002745005814,0.6110229560805456,scored,True,2026-09-24T01:27:55.053708+00:00,github-actions,7fa00c14b86e,,,,,,,,,No macro ensemble,,,,,
3,20260918T114151_6d19218b8e9b,2026-09-18T11:42:11.863145+00:00,2026-09-21,2026-09-18,4fcece256087f1994bd0,53c9db3770b61e827785,close_to_close,0.0110061153637702,{},7ed3ebee8562f01fbf17,lagged_latest_vintage,,,,,Candidate evening open,20260918T114151_6d19218b8e9b:open:Candidate evening open,open,1,2026-09-21,시초가예측,1.0,1857000.0,있음,0.0226473156362772,,,,,0.8240418118466899,,0.01738387721317,0.0231014696335993,-0.0072653304063686,-0.0042646433722829,1.0,1872000.0,1868000.0,0.008077544426494443,,,27056.065136566758,27056.065136566758,0.014453026248166004,0.014569771209782756,1.0,27056.065136566758,,,scored,True,2026-09-24T01:27:55.053708+00:00,github-actions,7fa00c14b86e,0.0226473156362772,1899056.0651365668,1899056.0651365668,1836588.295528945,1961523.8347441885,0.8082369651214343,0.6305641318807796,,,,,,,
3,20260918T211716_52358730e0e0,2026-09-18T21:17:36.146056+00:00,2026-09-21,2026-09-18,9c8af188dcda9619d547,53c9db3770b61e827785,close_to_close,0.0110061153637702,{},e01ef2214b2f64572f6d,lagged_latest_vintage,상승,0.2524787633133671,0.3114534728852824,0.4360677638013503,Logistic,20260918T211716_52358730e0e0:direction:Logistic,direction,1,2026-09-21,,,,,,,,,,,,,,,,,1872000.0,1868000.0,0.005923532579429125,1.0,0.0,,,,,,,1.1665053166448978,0.727996940552696,scored,True,2026-09-24T01:27:55.053708+00:00,github-actions,7fa00c14b86e,,,,,,,,,,,,,,
3,20260918T211716_52358730e0e0,2026-09-18T21:17:36.146056+00:00,2026-09-21,2026-09-18,9c8af188dcda9619d547,53c9db3770b61e827785,close_to_close,0.0110061153637702,{},e01ef2214b2f64572f6d,lagged_latest_vintage,보합,0.2008672007563948,0.4314372326174858,0.3676955666261193,LightGBM,20260918T211716_52358730e0e0:direction:LightGBM,direction,1,2026-09-21,,,,,,,,,,,,,,,,,1872000.0,1868000.0,0.005923532579429125,1.0,1.0,,,,,,,0.8406332422666031,0.49881128250987566,scored,True,2026-09-24T01:27:55.053708+00:00,github-actions,7fa00c14b86e,,,,,,,,,,,,,,
3,20260918T211716_52358730e0e0,2026-09-18T21:17:36.146056+00:00,2026-09-21,2026-09-18,9c8af188dcda9619d547,53c9db3770b61e827785,close_to_close,0.0110061153637702,{},e01ef2214b2f64572f6d,lagged_latest_vintage,상승,0.226672982034881,0.3714453527513842,0.4018816652137348,Mean ensemble,20260918T211716_52358730e0e0:direction:Mean ensemble,direction,1,2026-09-21,,,,,,,,,,,,,,,,,1872000.0,1868000.0,0.005923532579429125,1.0,0.0,,,,,,,0.9903535245639884,0.6079704581973818,scored,True,2026-09-24T01:27:55.053708+00:00,github-actions,7fa00c14b86e,,,,,,,,,,,,,,
3,20260918T211716_52358730e0e0,2026-09-18T21:17:36.146056+00:00,2026-09-21,2026-09-18,9c8af188dcda9619d547,53c9db3770b61e827785,close_to_close,0.0110061153637702,{},e01ef2214b2f64572f6d,lagged_latest_vintage,보합,0.1998401565728911,0.4420329955378703,0.3581268478892385,No macro ensemble,20260918T211716_52358730e0e0:direction:No macro ensemble,direction,1,2026-09-21,,,,,,,,,,,,,,,,,1872000.0,1868000.0,0.005923532579429125,1.0,1.0,,,,,,,0.8163707491524834,0.47951810542660167,scored,True,2026-09-24T01:27:55.053708+00:00,github-actions,7fa00c14b86e,,,,,,,,,,,,,,
3,20260918T211716_52358730e0e0,2026-09-18T21:17:36.146056+00:00,2026-09-21,2026-09-18,9c8af188dcda9619d547,53c9db3770b61e827785,close_to_close,0.0110061153637702,{},e01ef2214b2f64572f6d,lagged_latest_vintage,상승,0.1891318508119529,0.3639969063217687,0.4468712428662783,Candidate expanding,20260918T211716_52358730e0e0:direction:Candidate expanding,direction,1,2026-09-21,,,,,,,,,,,,,,,,,1872000.0,1868000.0,0.005923532579429125,1.0,0.0,,,,,,,1.0106099104975341,0.6399646998606883,scored,True,2026-09-24T01:27:55.053708+00:00,github-actions,7fa00c14b86e,,,,,,,,,,,,,,
3,20260918T211716_52358730e0e0,2026-09-18T21:17:36.146056+00:00,2026-09-21,2026-09-18,9c8af188dcda9619d547,53c9db3770b61e827785,close_to_close,0.0110061153637702,{},e01ef2214b2f64572f6d,lagged_latest_vintage,상승,0.2185221278641645,0.3899087680193189,0.3915691041165166,No NSI ensemble,20260918T211716_52358730e0e0:direction:No NSI ensemble,direction,1,2026-09-21,,,,,,,,,,,,,,,,,1872000.0,1868000.0,0.005923532579429125,1.0,0.0,,,,,,,0.9418424953794963,0.5732895950045989,scored,True,2026-09-24T01:27:55.053708+00:00,github-actions,7fa00c14b86e,,,,,,,,,,,,,,
3,20260918T211716_52358730e0e0,2026-09-18T21:17:36.146056+00:00,2026-09-21,2026-09-18,9c8af188dcda9619d547,53c9db3770b61e827785,close_to_close,0.0110061153637702,{},e01ef2214b2f64572f6d,lagged_latest_vintage,상승,0.2266575072801065,0.3669893026769192,0.4063531900429742,No flow ensemble,20260918T211716_52358730e0e0:direction:No flow ensemble,direction,1,2026-09-21,,,,,,,,,,,,,,,,,1872000.0,1868000.0,0.005923532579429125,1.0,0.0,,,,,,,1.0024225793716721,0.617199083589986,scored,True,2026-09-24T01:27:55.053708+00:00,github-actions,7fa00c14b86e,,,,,,,,,,,,,,
3,20260918T211716_52358730e0e0,2026-09-18T21:17:36.146056+00:00,2026-09-21,2026-09-18,9c8af188dcda9619d547,53c9db3770b61e827785,close_to_close,0.0110061153637702,{},e01ef2214b2f64572f6d,lagged_latest_vintage,상승,0.2357965959941591,0.3597287081175788,0.404474695888262,No macro price ensemble,20260918T211716_52358730e0e0:direction:No macro price ensemble,direction,1,2026-09-21,,,,,,,,,,,,,,,,,1872000.0,1868000.0,0.005923532579429125,1.0,0.0,,,,,,,1.022405120184857,0.6291471415051193,scored,True,2026-09-24T01:27:55.053708+00:00,github-actions,7fa00c14b86e,,,,,,,,,,,,,,
3,20260918T211716_52358730e0e0,2026-09-18T21:17:36.146056+00:00,2026-09-21,2026-09-18,9c8af188dcda9619d547,53c9db3770b61e827785,close_to_close,0.0110061153637702,{},e01ef2214b2f64572f6d,lagged_latest_vintage,,,,,Ridge,20260918T211716_52358730e0e0:price:1,price,1,2026-09-21,1거래일,1.0,1857000.0,있음,0.0082813003526093,1872378.374754796,1872378.374754796,1788137.5528954123,1956619.1966141784,0.7949790794979079,simple,0.0305525279601105,0.0335034007867698,-0.0039541621766722,-0.0019411219456903,1.0,1872000.0,1868000.0,0.005923532579429125,,,4378.374754796037,4378.374754796037,0.002343883701710941,0.0023577677731801746,1.0,4378.374754796037,,,scored,True,2026-09-24T01:27:55.053708+00:00,github-actions,7fa00c14b86e,0.0082813003526093,,,,,,,,,,,,,
3,20260918T211716_52358730e0e0,2026-09-18T21:17:36.146056+00:00,2026-09-21,2026-09-18,9c8af188dcda9619d547,53c9db3770b61e827785,close_to_close,0.0110061153637702,{},e01ef2214b2f64572f6d,lagged_latest_vintage,,,,,Ridge,20260918T211716_52358730e0e0:price:5,price,5,2026-09-29,1주일,5.0,1857000.0,없음,,,1857000.0,1662638.129751254,2051361.870248746,0.7526205450733753,simple,0.0757962479910537,0.0787063765771694,0.0,0.0,0.0,,,,,,,,,,,,,,pending,True,2026-09-24T01:27:55.053708+00:00,github-actions,7fa00c14b86e,0.0213922280246396,,,,,,,,,,,,,
3,20260918T211716_52358730e0e0,2026-09-18T21:17:36.146056+00:00,2026-09-21,2026-09-18,9c8af188dcda9619d547,53c9db3770b61e827785,close_to_close,0.0110061153637702,{},e01ef2214b2f64572f6d,lagged_latest_vintage,,,,,Ridge,20260918T211716_52358730e0e0:price:20,price,20,2026-10-22,1개월,20.0,1857000.0,없음,,,1857000.0,1449292.1726606544,2264707.8273393456,0.6638297872340425,simple,0.1997092222863376,0.1997431836649213,0.0,0.0,0.0,,,,,,,,,,,,,,pending,True,2026-09-24T01:27:55.053708+00:00,github-actions,7fa00c14b86e,0.0575415760398785,,,,,,,,,,,,,
3,20260918T211716_52358730e0e0,2026-09-18T21:17:36.146056+00:00,2026-09-21,2026-09-18,9c8af188dcda9619d547,53c9db3770b61e827785,close_to_close,0.0110061153637702,{},e01ef2214b2f64572f6d,lagged_latest_vintage,,,,,Candidate IV interval,20260918T211716_52358730e0e0:price_candidate:iv_interval:1,price,1,2026-09-21,1거래일,1.0,1857000.0,있음,0.0082813003526093,1872378.374754796,1872378.374754796,1805383.031435461,1939373.7180741287,0.8158995815899581,iv,0.0305525279601105,0.0335034007867698,-0.0039541621766722,-0.0019411219456903,1.0,1872000.0,1868000.0,0.005923532579429125,,,4378.374754796037,4378.374754796037,0.002343883701710941,0.0023577677731801746,1.0,4378.374754796037,,,scored,True,2026-09-24T01:27:55.053708+00:00,github-actions,7fa00c14b86e,0.0082813003526093,,,,,,,,,,,,,
3,20260918T211716_52358730e0e0,2026-09-18T21:17:36.146056+00:00,2026-09-21,2026-09-18,9c8af188dcda9619d547,53c9db3770b61e827785,close_to_close,0.0110061153637702,{},e01ef2214b2f64572f6d,lagged_latest_vintage,,,,,Candidate HAR interval,20260918T211716_52358730e0e0:price_candidate:har_interval:5,price,5,2026-09-29,1주일,5.0,1857000.0,없음,,,1857000.0,1672831.4124159182,2041168.5875840816,0.6205450733752621,har,0.0757962479910537,0.0787063765771694,0.0,0.0,0.0,,,,,,,,,,,,,,pending,True,2026-09-24T01:27:55.053708+00:00,github-actions,7fa00c14b86e,0.0213922280246396,,,,,,,,,,,,,
3,20260918T211716_52358730e0e0,2026-09-18T21:17:36.146056+00:00,2026-09-21,2026-09-18,9c8af188dcda9619d547,53c9db3770b61e827785,close_to_close,0.0110061153637702,{},e01ef2214b2f64572f6d,lagged_latest_vintage,,,,,Candidate strict gate,20260918T211716_52358730e0e0:price_candidate:strict_gate:5,price,5,2026-09-29,1주일,5.0,1857000.0,없음,,,1857000.0,1662638.129751254,2051361.870248746,0.7526205450733753,simple,0.0757962479910537,0.0787063765771694,0.0,0.0,0.0,,,,,,,,,,,,,,pending,True,2026-09-24T01:27:55.053708+00:00,github-actions,7fa00c14b86e,0.0213922280246396,,,,,,,,,,,,,
3,20260918T211716_52358730e0e0,2026-09-18T21:17:36.146056+00:00,2026-09-21,2026-09-18,9c8af188dcda9619d547,53c9db3770b61e827785,close_to_close,0.0110061153637702,{},e01ef2214b2f64572f6d,lagged_latest_vintage,,,,,Candidate IV interval,20260918T211716_52358730e0e0:price_candidate:iv_interval:5,price,5,2026-09-29,1주일,5.0,1857000.0,없음,,,1857000.0,1707397.5946464858,2006602.4053535145,0.7610062893081762,iv,0.0757962479910537,0.0787063765771694,0.0,0.0,0.0,,,,,,,,,,,,,,pending,True,2026-09-24T01:27:55.053708+00:00,github-actions,7fa00c14b86e,0.0213922280246396,,,,,,,,,,,,,
3,20260918T211716_52358730e0e0,2026-09-18T21:17:36.146056+00:00,2026-09-21,2026-09-18,9c8af188dcda9619d547,53c9db3770b61e827785,close_to_close,0.0110061153637702,{},e01ef2214b2f64572f6d,lagged_latest_vintage,,,,,Candidate HAR interval,20260918T211716_52358730e0e0:price_candidate:har_interval:20,price,20,2026-10-22,1개월,20.0,1857000.0,없음,,,1857000.0,1454646.399303634,2259353.6006963663,0.5595744680851064,har,0.1997092222863376,0.1997431836649213,0.0,0.0,0.0,,,,,,,,,,,,,,pending,True,2026-09-24T01:27:55.053708+00:00,github-actions,7fa00c14b86e,0.0575415760398785,,,,,,,,,,,,,
3,20260918T211716_52358730e0e0,2026-09-18T21:17:36.146056+00:00,2026-09-21,2026-09-18,9c8af188dcda9619d547,53c9db3770b61e827785,close_to_close,0.0110061153637702,{},e01ef2214b2f64572f6d,lagged_latest_vintage,,,,,Candidate IV interval,20260918T211716_52358730e0e0:price_candidate:iv_interval:20,price,20,2026-10-22,1개월,20.0,1857000.0,없음,,,1857000.0,1525120.002012669,2188879.9979873304,0.6978723404255319,iv,0.1997092222863376,0.1997431836649213,0.0,0.0,0.0,,,,,,,,,,,,,,pending,True,2026-09-24T01:27:55.053708+00:00,github-actions,7fa00c14b86e,0.0575415760398785,,,,,,,,,,,,,
3,20260918T211716_52358730e0e0,2026-09-18T21:17:36.146056+00:00,2026-09-21,2026-09-18,9c8af188dcda9619d547,53c9db3770b61e827785,close_to_close,0.0110061153637702,{},e01ef2214b2f64572f6d,lagged_latest_vintage,,,,,Ridge,20260918T211716_52358730e0e0:open:1,open,1,2026-09-21,시초가예측,1.0,1857000.0,있음,0.0124837942421436,,,,,0.8240418118466899,,0.0173838621448104,0.0231014696335993,-0.0072653562060648,-0.0042646549802136,1.0,1872000.0,1868000.0,0.008077544426494443,,,8182.405907660723,8182.405907660723,0.004370943326741839,0.004406249815649157,1.0,8182.405907660723,,,scored,True,2026-09-24T01:27:55.053708+00:00,github-actions,7fa00c14b86e,0.0124837942421436,1880182.4059076607,1880182.4059076607,1817714.6298911336,1942650.181924188,0.8082369651214343,0.6305646251778632,,,,,,,
3,20260921T101137_084f9135aca7,2026-09-21T10:12:00.566781+00:00,2026-09-22,2026-09-21,8f929bb7b656e5f034b1,53c9db3770b61e827785,close_to_close,0.0106687184071917,{},e01ef2214b2f64572f6d,lagged_latest_vintage,상승,0.2458575516251129,0.3440034932904349,0.4101389550844522,Candidate evening forecast,20260921T101137_084f9135aca7:direction:Candidate evening forecast,direction,1,2026-09-22,,,,,,,,,,,,,,,,,1909000.0,1840000.0,-0.01498929336188437,0.0,0.0,,,,,,,1.4030029692033592,0.8552831983146578,scored,True,2026-09-24T01:27:55.053708+00:00,github-actions,7fa00c14b86e,,,,,,,,,No macro ensemble,,,,,
3,20260921T101137_084f9135aca7,2026-09-21T10:12:00.566781+00:00,2026-09-22,2026-09-21,8f929bb7b656e5f034b1,53c9db3770b61e827785,close_to_close,0.0106687184071917,{},e01ef2214b2f64572f6d,lagged_latest_vintage,,,,,Candidate evening open,20260921T101137_084f9135aca7:open:Candidate evening open,open,1,2026-09-22,시초가예측,1.0,1868000.0,있음,0.0090843606740236,,,,,0.8173913043478261,,0.0173606267921999,0.0230753410680217,-0.0072615829758837,-0.0042664376250294,1.0,1909000.0,1840000.0,0.021948608137045023,,,-24030.414260924095,24030.414260924095,0.012587959277592507,-0.012864247463021422,1.0,-24030.414260924095,,,scored,True,2026-09-24T01:27:55.053708+00:00,github-actions,7fa00c14b86e,0.0090843606740236,1884969.585739076,1884969.585739076,1831371.9314535616,1938567.2400245904,0.8090895530971224,0.6302507185284398,,,,,,,
3,20260921T223136_40517eaed363,2026-09-21T22:31:59.158999+00:00,2026-09-22,2026-09-21,51a44d7e88c23e0a720c,53c9db3770b61e827785,close_to_close,0.0106687184071917,{},e01ef2214b2f64572f6d,lagged_latest_vintage,상승,0.1316790541506095,0.2564447147713686,0.6118762310780218,Logistic,20260921T223136_40517eaed363:direction:Logistic,direction,1,2026-09-22,,,,,,,,,,,,,,,,,1909000.0,1840000.0,-0.01498929336188437,0.0,0.0,,,,,,,2.0273877250180456,1.1941376788931937,scored,True,2026-09-24T01:27:55.053708+00:00,github-actions,7fa00c14b86e,,,,,,,,,,,,,,
3,20260921T223136_40517eaed363,2026-09-21T22:31:59.158999+00:00,2026-09-22,2026-09-21,51a44d7e88c23e0a720c,53c9db3770b61e827785,close_to_close,0.0106687184071917,{},e01ef2214b2f64572f6d,lagged_latest_vintage,상승,0.1942949692099608,0.2861361447132199,0.5195688860768193,LightGBM,20260921T223136_40517eaed363:direction:LightGBM,direction,1,2026-09-22,,,,,,,,,,,,,,,,,1909000.0,1840000.0,-0.01498929336188437,0.0,0.0,,,,,,,1.6383778148023895,1.0009863173308295,scored,True,2026-09-24T01:27:55.053708+00:00,github-actions,7fa00c14b86e,,,,,,,,,,,,,,
3,20260921T223136_40517eaed363,2026-09-21T22:31:59.158999+00:00,2026-09-22,2026-09-21,51a44d7e88c23e0a720c,53c9db3770b61e827785,close_to_close,0.0106687184071917,{},e01ef2214b2f64572f6d,lagged_latest_vintage,상승,0.1629870116802851,0.2712904297422943,0.5657225585774206,Mean ensemble,20260921T223136_40517eaed363:direction:Mean ensemble,direction,1,2026-09-22,,,,,,,,,,,,,,,,,1909000.0,1840000.0,-0.01498929336188437,0.0,0.0,,,,,,,1.8140847642932654,1.094231253169041,scored,True,2026-09-24T01:27:55.053708+00:00,github-actions,7fa00c14b86e,,,,,,,,,,,,,,
3,20260921T223136_40517eaed363,2026-09-21T22:31:59.158999+00:00,2026-09-22,2026-09-21,51a44d7e88c23e0a720c,53c9db3770b61e827785,close_to_close,0.0106687184071917,{},e01ef2214b2f64572f6d,lagged_latest_vintage,상승,0.1325583711568945,0.2641398364563052,0.6033017923868003,No macro ensemble,20260921T223136_40517eaed363:direction:No macro ensemble,direction,1,2026-09-22,,,,,,,,,,,,,,,,,1909000.0,1840000.0,-0.01498929336188437,0.0,0.0,,,,,,,2.0207321935306437,1.1861978853502695,scored,True,2026-09-24T01:27:55.053708+00:00,github-actions,7fa00c14b86e,,,,,,,,,,,,,,
3,20260921T223136_40517eaed363,2026-09-21T22:31:59.158999+00:00,2026-09-22,2026-09-21,51a44d7e88c23e0a720c,53c9db3770b61e827785,close_to_close,0.0106687184071917,{},e01ef2214b2f64572f6d,lagged_latest_vintage,상승,0.1838010498406867,0.2788082183100818,0.5373907318492315,Candidate expanding,20260921T223136_40517eaed363:direction:Candidate expanding,direction,1,2026-09-22,,,,,,,,,,,,,,,,,1909000.0,1840000.0,-0.01498929336188437,0.0,0.0,,,,,,,1.6939013572124086,1.0327035475158601,scored,True,2026-09-24T01:27:55.053708+00:00,github-actions,7fa00c14b86e,,,,,,,,,,,,,,
3,20260921T223136_40517eaed363,2026-09-21T22:31:59.158999+00:00,2026-09-22,2026-09-21,51a44d7e88c23e0a720c,53c9db3770b61e827785,close_to_close,0.0106687184071917,{},e01ef2214b2f64572f6d,lagged_latest_vintage,상승,0.1664906619284544,0.2710634558570856,0.56244588221446,No NSI ensemble,20260921T223136_40517eaed363:direction:No NSI ensemble,direction,1,2026-09-22,,,,,,,,,,,,,,,,,1909000.0,1840000.0,-0.01498929336188437,0.0,0.0,,,,,,,1.792816055648221,1.0845585841736545,scored,True,2026-09-24T01:27:55.053708+00:00,github-actions,7fa00c14b86e,,,,,,,,,,,,,,
3,20260921T223136_40517eaed363,2026-09-21T22:31:59.158999+00:00,2026-09-22,2026-09-21,51a44d7e88c23e0a720c,53c9db3770b61e827785,close_to_close,0.0106687184071917,{},e01ef2214b2f64572f6d,lagged_latest_vintage,상승,0.1694262225272029,0.2650599832064885,0.5655137942663087,No flow ensemble,20260921T223136_40517eaed363:direction:No flow ensemble,direction,1,2026-09-22,,,,,,,,,,,,,,,,,1909000.0,1840000.0,-0.01498929336188437,0.0,0.0,,,,,,,1.7753377122433176,1.0799154460283322,scored,True,2026-09-24T01:27:55.053708+00:00,github-actions,7fa00c14b86e,,,,,,,,,,,,,,
3,20260921T223136_40517eaed363,2026-09-21T22:31:59.158999+00:00,2026-09-22,2026-09-21,51a44d7e88c23e0a720c,53c9db3770b61e827785,close_to_close,0.0106687184071917,{},e01ef2214b2f64572f6d,lagged_latest_vintage,상승,0.1790816852013865,0.2500991377681002,0.5708191770305133,No macro price ensemble,20260921T223136_40517eaed363:direction:No macro price ensemble,direction,1,2026-09-22,,,,,,,,,,,,,,,,,1909000.0,1840000.0,-0.01498929336188437,0.0,0.0,,,,,,,1.7199132353264963,1.0622909911499352,scored,True,2026-09-24T01:27:55.053708+00:00,github-actions,7fa00c14b86e,,,,,,,,,,,,,,
3,20260921T223136_40517eaed363,2026-09-21T22:31:59.158999+00:00,2026-09-22,2026-09-21,51a44d7e88c23e0a720c,53c9db3770b61e827785,close_to_close,0.0106687184071917,{},e01ef2214b2f64572f6d,lagged_latest_vintage,,,,,Ridge,20260921T223136_40517eaed363:price:1,price,1,2026-09-22,1거래일,1.0,1868000.0,있음,0.0120023603523147,1890420.409138124,1890420.409138124,1808202.285458458,1972638.5328177896,0.7949790794979079,simple,0.0304762753799366,0.0334472604350747,-0.0039693048485831,-0.0019622370838046,1.0,1909000.0,1840000.0,-0.01498929336188437,,,50420.40913812397,50420.40913812397,0.02740239627071955,0.026991653714199072,1.0,50420.40913812397,,,scored,True,2026-09-24T01:27:55.053708+00:00,github-actions,7fa00c14b86e,0.0120023603523147,,,,,,,,,,,,,
3,20260921T223136_40517eaed363,2026-09-21T22:31:59.158999+00:00,2026-09-22,2026-09-21,51a44d7e88c23e0a720c,53c9db3770b61e827785,close_to_close,0.0106687184071917,{},e01ef2214b2f64572f6d,lagged_latest_vintage,,,,,Ridge,20260921T223136_40517eaed363:price:5,price,5,2026-09-30,1주일,5.0,1868000.0,없음,,,1868000.0,1677572.27653761,2058427.72346239,0.7589098532494759,simple,0.0757489834326437,0.0786311639128996,0.0,0.0,0.0,,,,,,,,,,,,,,pending,True,2026-09-24T01:27:55.053708+00:00,github-actions,7fa00c14b86e,0.0180637364348051,,,,,,,,,,,,,
3,20260921T223136_40517eaed363,2026-09-21T22:31:59.158999+00:00,2026-09-22,2026-09-21,51a44d7e88c23e0a720c,53c9db3770b61e827785,close_to_close,0.0106687184071917,{},e01ef2214b2f64572f6d,lagged_latest_vintage,,,,,Ridge,20260921T223136_40517eaed363:price:20,price,20,2026-10-23,1개월,20.0,1868000.0,없음,,,1868000.0,1470448.556405913,2265551.443594087,0.6638297872340425,simple,0.1995379743809563,0.1996008779440943,0.0,0.0,0.0,,,,,,,,,,,,,,pending,True,2026-09-24T01:27:55.053708+00:00,github-actions,7fa00c14b86e,0.0551846719135261,,,,,,,,,,,,,
3,20260921T223136_40517eaed363,2026-09-21T22:31:59.158999+00:00,2026-09-22,2026-09-21,51a44d7e88c23e0a720c,53c9db3770b61e827785,close_to_close,0.0106687184071917,{},e01ef2214b2f64572f6d,lagged_latest_vintage,,,,,Candidate IV interval,20260921T223136_40517eaed363:price_candidate:iv_interval:1,price,1,2026-09-22,1거래일,1.0,1868000.0,있음,0.0120023603523147,1890420.409138124,1890420.409138124,1821428.6783287025,1959412.1399475448,0.8158995815899581,iv,0.0304762753799366,0.0334472604350747,-0.0039693048485831,-0.0019622370838046,1.0,1909000.0,1840000.0,-0.01498929336188437,,,50420.40913812397,50420.40913812397,0.02740239627071955,0.026991653714199072,1.0,50420.40913812397,,,scored,True,2026-09-24T01:27:55.053708+00:00,github-actions,7fa00c14b86e,0.0120023603523147,,,,,,,,,,,,,
3,20260921T223136_40517eaed363,2026-09-21T22:31:59.158999+00:00,2026-09-22,2026-09-21,51a44d7e88c23e0a720c,53c9db3770b61e827785,close_to_close,0.0106687184071917,{},e01ef2214b2f64572f6d,lagged_latest_vintage,,,,,Candidate HAR interval,20260921T223136_40517eaed363:price_candidate:har_interval:5,price,5,2026-09-30,1주일,5.0,1868000.0,없음,,,1868000.0,1709394.4025221418,2026605.5974778584,0.6226415094339622,har,0.0757489834326437,0.0786311639128996,0.0,0.0,0.0,,,,,,,,,,,,,,pending,True,2026-09-24T01:27:55.053708+00:00,github-actions,7fa00c14b86e,0.0180637364348051,,,,,,,,,,,,,
3,20260921T223136_40517eaed363,2026-09-21T22:31:59.158999+00:00,2026-09-22,2026-09-21,51a44d7e88c23e0a720c,53c9db3770b61e827785,close_to_close,0.0106687184071917,{},e01ef2214b2f64572f6d,lagged_latest_vintage,,,,,Candidate strict gate,20260921T223136_40517eaed363:price_candidate:strict_gate:5,price,5,2026-09-30,1주일,5.0,1868000.0,없음,,,1868000.0,1677572.27653761,2058427.72346239,0.7589098532494759,simple,0.0757489834326437,0.0786311639128996,0.0,0.0,0.0,,,,,,,,,,,,,,pending,True,2026-09-24T01:27:55.053708+00:00,github-actions,7fa00c14b86e,0.0180637364348051,,,,,,,,,,,,,
3,20260921T223136_40517eaed363,2026-09-21T22:31:59.158999+00:00,2026-09-22,2026-09-21,51a44d7e88c23e0a720c,53c9db3770b61e827785,close_to_close,0.0106687184071917,{},e01ef2214b2f64572f6d,lagged_latest_vintage,,,,,Candidate IV interval,20260921T223136_40517eaed363:price_candidate:iv_interval:5,price,5,2026-09-30,1주일,5.0,1868000.0,없음,,,1868000.0,1713512.930555097,2022487.069444903,0.7610062893081762,iv,0.0757489834326437,0.0786311639128996,0.0,0.0,0.0,,,,,,,,,,,,,,pending,True,2026-09-24T01:27:55.053708+00:00,github-actions,7fa00c14b86e,0.0180637364348051,,,,,,,,,,,,,
3,20260921T223136_40517eaed363,2026-09-21T22:31:59.158999+00:00,2026-09-22,2026-09-21,51a44d7e88c23e0a720c,53c9db3770b61e827785,close_to_close,0.0106687184071917,{},e01ef2214b2f64572f6d,lagged_latest_vintage,,,,,Candidate HAR interval,20260921T223136_40517eaed363:price_candidate:har_interval:20,price,20,2026-10-23,1개월,20.0,1868000.0,없음,,,1868000.0,1522505.6081945952,2213494.391805405,0.5617021276595745,har,0.1995379743809563,0.1996008779440943,0.0,0.0,0.0,,,,,,,,,,,,,,pending,True,2026-09-24T01:27:55.053708+00:00,github-actions,7fa00c14b86e,0.0551846719135261,,,,,,,,,,,,,
3,20260921T223136_40517eaed363,2026-09-21T22:31:59.158999+00:00,2026-09-22,2026-09-21,51a44d7e88c23e0a720c,53c9db3770b61e827785,close_to_close,0.0106687184071917,{},e01ef2214b2f64572f6d,lagged_latest_vintage,,,,,Candidate IV interval,20260921T223136_40517eaed363:price_candidate:iv_interval:20,price,20,2026-10-23,1개월,20.0,1868000.0,없음,,,1868000.0,1525350.7727871155,2210649.2272128845,0.7,iv,0.1995379743809563,0.1996008779440943,0.0,0.0,0.0,,,,,,,,,,,,,,pending,True,2026-09-24T01:27:55.053708+00:00,github-actions,7fa00c14b86e,0.0551846719135261,,,,,,,,,,,,,
3,20260921T223136_40517eaed363,2026-09-21T22:31:59.158999+00:00,2026-09-22,2026-09-21,51a44d7e88c23e0a720c,53c9db3770b61e827785,close_to_close,0.0106687184071917,{},e01ef2214b2f64572f6d,lagged_latest_vintage,,,,,Ridge,20260921T223136_40517eaed363:open:1,open,1,2026-09-22,시초가예측,1.0,1868000.0,있음,0.0203503854572772,,,,,0.8173913043478261,,0.0173606293650361,0.0230753410680217,-0.0072615793892722,-0.0042664356327276,1.0,1909000.0,1840000.0,0.021948608137045023,,,-2985.4799658060074,2985.4799658060074,0.0015638973105322196,-0.0015982226797678217,1.0,-2985.4799658060074,,,scored,True,2026-09-24T01:27:55.053708+00:00,github-actions,7fa00c14b86e,0.0203503854572772,1906014.520034194,1906014.520034194,1852416.8260446875,1959612.214023701,0.8090895530971224,0.6302506624019187,,,,,,,
3,postopen_20260922T052052_88459bade18b,2026-09-22T05:20:52.623492+00:00,2026-09-22,2026-09-21,,post-open-grid-v1,close_to_close,0.0106687184071917,,,,상승,0.0719097001082321,0.2450217256187088,0.683068574273059,Post-open,postopen_20260922T052052_88459bade18b:direction:Post-open,direction,1,2026-09-22,,,1868000.0,,,,,,,,,,,,,,1909000.0,1840000.0,-0.01498929336188437,0.0,0.0,,,,,,,2.6323441122528437,1.3879699279377913,scored,True,2026-09-24T01:27:55.053708+00:00,,,,,,,,,,,,post_open,0.021948608137045,상승,False,1909000.0
3,20260922T093551_9255c7a9a2b6,2026-09-22T09:36:16.176412+00:00,2026-09-23,2026-09-22,6959bde8bf49a12411b3,53c9db3770b61e827785,close_to_close,0.0107629559289952,{},e01ef2214b2f64572f6d,lagged_latest_vintage,상승,0.1473489844318805,0.2573275729951338,0.5953234425729855,Candidate evening forecast,20260922T093551_9255c7a9a2b6:direction:Candidate evening forecast,direction,1,2026-09-23,,,,,,,,,,,,,,,,,1899000.0,1862000.0,0.011956521739130421,2.0,1.0,,,,,,,0.5186504201709865,0.25169231916765217,scored,True,2026-09-24T01:27:55.053708+00:00,github-actions,7fa00c14b86e,,,,,,,,,No macro ensemble,,,,,
3,20260922T093551_9255c7a9a2b6,2026-09-22T09:36:16.176412+00:00,2026-09-23,2026-09-22,6959bde8bf49a12411b3,53c9db3770b61e827785,close_to_close,0.0107629559289952,{},e01ef2214b2f64572f6d,lagged_latest_vintage,,,,,Candidate evening open,20260922T093551_9255c7a9a2b6:open:Candidate evening open,open,1,2026-09-23,시초가예측,1.0,1840000.0,있음,0.0211313720792531,,,,,0.8173913043478261,,0.0173621537475869,0.023094951936797,-0.0072752172615156,-0.004285769081983,1.0,1899000.0,1862000.0,0.0320652173913043,,,-20118.27537417435,20118.27537417435,0.010594141850539416,-0.010933845312051202,1.0,-20118.27537417435,,,scored,True,2026-09-24T01:27:55.053708+00:00,github-actions,7fa00c14b86e,0.0211313720792531,1878881.7246258256,1878881.7246258256,1828150.308982648,1929613.140269004,0.8089560958073068,0.6305882062990711,,,,,,,
3,20260922T213315_cbdef7162f3a,2026-09-22T21:33:38.900047+00:00,2026-09-23,2026-09-22,811de2049bdad2db2a36,53c9db3770b61e827785,close_to_close,0.0107629559289952,{},e01ef2214b2f64572f6d,lagged_latest_vintage,상승,0.1294856609634014,0.1975649357930599,0.6729494032435386,Logistic,20260922T213315_cbdef7162f3a:direction:Logistic,direction,1,2026-09-23,,,,,,,,,,,,,,,,,1899000.0,1862000.0,0.011956521739130421,2.0,1.0,,,,,,,0.396085133079626,0.16276053308880228,scored,True,2026-09-24T01:27:55.053708+00:00,github-actions,7fa00c14b86e,,,,,,,,,,,,,,
3,20260922T213315_cbdef7162f3a,2026-09-22T21:33:38.900047+00:00,2026-09-23,2026-09-22,811de2049bdad2db2a36,53c9db3770b61e827785,close_to_close,0.0107629559289952,{},e01ef2214b2f64572f6d,lagged_latest_vintage,상승,0.1898412257796869,0.2630429101214458,0.5471158640988671,LightGBM,20260922T213315_cbdef7162f3a:direction:LightGBM,direction,1,2026-09-23,,,,,,,,,,,,,,,,,1899000.0,1862000.0,0.011956521739130421,2.0,1.0,,,,,,,0.6030946816248987,0.3103353041216088,scored,True,2026-09-24T01:27:55.053708+00:00,github-actions,7fa00c14b86e,,,,,,,,,,,,,,
3,20260922T213315_cbdef7162f3a,2026-09-22T21:33:38.900047+00:00,2026-09-23,2026-09-22,811de2049bdad2db2a36,53c9db3770b61e827785,close_to_close,0.0107629559289952,{},e01ef2214b2f64572f6d,lagged_latest_vintage,상승,0.1596634433715442,0.2303039229572528,0.6100326336712029,Mean ensemble,20260922T213315_cbdef7162f3a:direction:Mean ensemble,direction,1,2026-09-23,,,,,,,,,,,,,,,,,1899000.0,1862000.0,0.011956521739130421,2.0,1.0,,,,,,,0.4942428254240933,0.23060685888017673,scored,True,2026-09-24T01:27:55.053708+00:00,github-actions,7fa00c14b86e,,,,,,,,,,,,,,
3,20260922T213315_cbdef7162f3a,2026-09-22T21:33:38.900047+00:00,2026-09-23,2026-09-22,811de2049bdad2db2a36,53c9db3770b61e827785,close_to_close,0.0107629559289952,{},e01ef2214b2f64572f6d,lagged_latest_vintage,상승,0.1432298892351703,0.2437970688849503,0.6129730418798792,No macro ensemble,20260922T213315_cbdef7162f3a:direction:No macro ensemble,direction,1,2026-09-23,,,,,,,,,,,,,,,,,1899000.0,1862000.0,0.011956521739130421,2.0,1.0,,,,,,,0.4894343213704142,0.22974167827892605,scored,True,2026-09-24T01:27:55.053708+00:00,github-actions,7fa00c14b86e,,,,,,,,,,,,,,
3,20260922T213315_cbdef7162f3a,2026-09-22T21:33:38.900047+00:00,2026-09-23,2026-09-22,811de2049bdad2db2a36,53c9db3770b61e827785,close_to_close,0.0107629559289952,{},e01ef2214b2f64572f6d,lagged_latest_vintage,상승,0.1039729757032711,0.1850720169618197,0.710955007334909,Candidate expanding,20260922T213315_cbdef7162f3a:direction:Candidate expanding,direction,1,2026-09-23,,,,,,,,,,,,,,,,,1899000.0,1862000.0,0.011956521739130421,2.0,1.0,,,,,,,0.3411461320041245,0.12860903892367154,scored,True,2026-09-24T01:27:55.053708+00:00,github-actions,7fa00c14b86e,,,,,,,,,,,,,,
3,20260922T213315_cbdef7162f3a,2026-09-22T21:33:38.900047+00:00,2026-09-23,2026-09-22,811de2049bdad2db2a36,53c9db3770b61e827785,close_to_close,0.0107629559289952,{},e01ef2214b2f64572f6d,lagged_latest_vintage,상승,0.1511575747091474,0.2506201020951218,0.5982223231957309,No NSI ensemble,20260922T213315_cbdef7162f3a:direction:No NSI ensemble,direction,1,2026-09-23,,,,,,,,,,,,,,,,,1899000.0,1862000.0,0.011956521739130421,2.0,1.0,,,,,,,0.5137928162045095,0.24708434954435649,scored,True,2026-09-24T01:27:55.053708+00:00,github-actions,7fa00c14b86e,,,,,,,,,,,,,,
3,20260922T213315_cbdef7162f3a,2026-09-22T21:33:38.900047+00:00,2026-09-23,2026-09-22,811de2049bdad2db2a36,53c9db3770b61e827785,close_to_close,0.0107629559289952,{},e01ef2214b2f64572f6d,lagged_latest_vintage,상승,0.1601226170097923,0.2251598385159403,0.6147175444742673,No flow ensemble,20260922T213315_cbdef7162f3a:direction:No flow ensemble,direction,1,2026-09-23,,,,,,,,,,,,,,,,,1899000.0,1862000.0,0.011956521739130421,2.0,1.0,,,,,,,0.4865923939533458,0.22477877589452708,scored,True,2026-09-24T01:27:55.053708+00:00,github-actions,7fa00c14b86e,,,,,,,,,,,,,,
3,20260922T213315_cbdef7162f3a,2026-09-22T21:33:38.900047+00:00,2026-09-23,2026-09-22,811de2049bdad2db2a36,53c9db3770b61e827785,close_to_close,0.0107629559289952,{},e01ef2214b2f64572f6d,lagged_latest_vintage,상승,0.1776382122399339,0.2268580717008829,0.5955037160591832,No macro price ensemble,20260922T213315_cbdef7162f3a:direction:No macro price ensemble,direction,1,2026-09-23,,,,,,,,,,,,,,,,,1899000.0,1862000.0,0.011956521739130421,2.0,1.0,,,,,,,0.5183476499725276,0.24663716286557263,scored,True,2026-09-24T01:27:55.053708+00:00,github-actions,7fa00c14b86e,,,,,,,,,,,,,,
3,20260922T213315_cbdef7162f3a,2026-09-22T21:33:38.900047+00:00,2026-09-23,2026-09-22,811de2049bdad2db2a36,53c9db3770b61e827785,close_to_close,0.0107629559289952,{},e01ef2214b2f64572f6d,lagged_latest_vintage,,,,,Ridge,20260922T213315_cbdef7162f3a:price:1,price,1,2026-09-23,1거래일,1.0,1840000.0,있음,0.0127803703542427,1863515.8814518063,1863515.8814518063,1781795.4275995658,1945236.335304047,0.797071129707113,simple,0.0303887913876849,0.033310807275281,-0.0039277393110753,-0.0019007340557618,1.0,1899000.0,1862000.0,0.011956521739130421,,,1515.8814518062863,1515.8814518062863,0.0008141146357713675,0.0008238486151122791,1.0,1515.8814518062863,,,scored,True,2026-09-24T01:27:55.053708+00:00,github-actions,7fa00c14b86e,0.0127803703542427,,,,,,,,,,,,,
3,20260922T213315_cbdef7162f3a,2026-09-22T21:33:38.900047+00:00,2026-09-23,2026-09-22,811de2049bdad2db2a36,53c9db3770b61e827785,close_to_close,0.0107629559289952,{},e01ef2214b2f64572f6d,lagged_latest_vintage,,,,,Ridge,20260922T213315_cbdef7162f3a:price:5,price,5,2026-10-01,1주일,5.0,1840000.0,없음,,,1840000.0,1650210.550893248,2029789.449106752,0.7589098532494759,simple,0.0757871096052807,0.0786899942100143,0.0,0.0,0.0,,,,,,,,,,,,,,pending,True,2026-09-24T01:27:55.053708+00:00,github-actions,7fa00c14b86e,0.0199100722590359,,,,,,,,,,,,,
3,20260922T213315_cbdef7162f3a,2026-09-22T21:33:38.900047+00:00,2026-09-23,2026-09-22,811de2049bdad2db2a36,53c9db3770b61e827785,close_to_close,0.0107629559289952,{},e01ef2214b2f64572f6d,lagged_latest_vintage,,,,,Ridge,20260922T213315_cbdef7162f3a:price:20,price,20,2026-10-26,1개월,20.0,1840000.0,없음,,,1840000.0,1444948.4011238215,2235051.5988761783,0.6638297872340425,simple,0.1992435608690587,0.1993553004415308,0.0,0.0,0.0,,,,,,,,,,,,,,pending,True,2026-09-24T01:27:55.053708+00:00,github-actions,7fa00c14b86e,0.0526928450678421,,,,,,,,,,,,,
3,20260922T213315_cbdef7162f3a,2026-09-22T21:33:38.900047+00:00,2026-09-23,2026-09-22,811de2049bdad2db2a36,53c9db3770b61e827785,close_to_close,0.0107629559289952,{},e01ef2214b2f64572f6d,lagged_latest_vintage,,,,,Candidate IV interval,20260922T213315_cbdef7162f3a:price_candidate:iv_interval:1,price,1,2026-09-23,1거래일,1.0,1840000.0,있음,0.0127803703542427,1863515.8814518063,1863515.8814518063,1795607.1142973814,1931424.648606232,0.8179916317991632,iv,0.0303887913876849,0.033310807275281,-0.0039277393110753,-0.0019007340557618,1.0,1899000.0,1862000.0,0.011956521739130421,,,1515.8814518062863,1515.8814518062863,0.0008141146357713675,0.0008238486151122791,1.0,1515.8814518062863,,,scored,True,2026-09-24T01:27:55.053708+00:00,github-actions,7fa00c14b86e,0.0127803703542427,,,,,,,,,,,,,
3,20260922T213315_cbdef7162f3a,2026-09-22T21:33:38.900047+00:00,2026-09-23,2026-09-22,811de2049bdad2db2a36,53c9db3770b61e827785,close_to_close,0.0107629559289952,{},e01ef2214b2f64572f6d,lagged_latest_vintage,,,,,Candidate HAR interval,20260922T213315_cbdef7162f3a:price_candidate:har_interval:5,price,5,2026-10-01,1주일,5.0,1840000.0,없음,,,1840000.0,1683773.153034601,1996226.8469654,0.6226415094339622,har,0.0757871096052807,0.0786899942100143,0.0,0.0,0.0,,,,,,,,,,,,,,pending,True,2026-09-24T01:27:55.053708+00:00,github-actions,7fa00c14b86e,0.0199100722590359,,,,,,,,,,,,,
3,20260922T213315_cbdef7162f3a,2026-09-22T21:33:38.900047+00:00,2026-09-23,2026-09-22,811de2049bdad2db2a36,53c9db3770b61e827785,close_to_close,0.0107629559289952,{},e01ef2214b2f64572f6d,lagged_latest_vintage,,,,,Candidate strict gate,20260922T213315_cbdef7162f3a:price_candidate:strict_gate:5,price,5,2026-10-01,1주일,5.0,1840000.0,없음,,,1840000.0,1650210.550893248,2029789.449106752,0.7589098532494759,simple,0.0757871096052807,0.0786899942100143,0.0,0.0,0.0,,,,,,,,,,,,,,pending,True,2026-09-24T01:27:55.053708+00:00,github-actions,7fa00c14b86e,0.0199100722590359,,,,,,,,,,,,,
3,20260922T213315_cbdef7162f3a,2026-09-22T21:33:38.900047+00:00,2026-09-23,2026-09-22,811de2049bdad2db2a36,53c9db3770b61e827785,close_to_close,0.0107629559289952,{},e01ef2214b2f64572f6d,lagged_latest_vintage,,,,,Candidate IV interval,20260922T213315_cbdef7162f3a:price_candidate:iv_interval:5,price,5,2026-10-01,1주일,5.0,1840000.0,없음,,,1840000.0,1687440.3465117177,1992559.6534882823,0.7610062893081762,iv,0.0757871096052807,0.0786899942100143,0.0,0.0,0.0,,,,,,,,,,,,,,pending,True,2026-09-24T01:27:55.053708+00:00,github-actions,7fa00c14b86e,0.0199100722590359,,,,,,,,,,,,,
3,20260922T213315_cbdef7162f3a,2026-09-22T21:33:38.900047+00:00,2026-09-23,2026-09-22,811de2049bdad2db2a36,53c9db3770b61e827785,close_to_close,0.0107629559289952,{},e01ef2214b2f64572f6d,lagged_latest_vintage,,,,,Candidate HAR interval,20260922T213315_cbdef7162f3a:price_candidate:har_interval:20,price,20,2026-10-26,1개월,20.0,1840000.0,없음,,,1840000.0,1498939.3915495626,2181060.6084504374,0.5638297872340425,har,0.1992435608690587,0.1993553004415308,0.0,0.0,0.0,,,,,,,,,,,,,,pending,True,2026-09-24T01:27:55.053708+00:00,github-actions,7fa00c14b86e,0.0526928450678421,,,,,,,,,,,,,
3,20260922T213315_cbdef7162f3a,2026-09-22T21:33:38.900047+00:00,2026-09-23,2026-09-22,811de2049bdad2db2a36,53c9db3770b61e827785,close_to_close,0.0107629559289952,{},e01ef2214b2f64572f6d,lagged_latest_vintage,,,,,Candidate IV interval,20260922T213315_cbdef7162f3a:price_candidate:iv_interval:20,price,20,2026-10-26,1개월,20.0,1840000.0,없음,,,1840000.0,1502524.5583746887,2177475.441625311,0.7021276595744681,iv,0.1992435608690587,0.1993553004415308,0.0,0.0,0.0,,,,,,,,,,,,,,pending,True,2026-09-24T01:27:55.053708+00:00,github-actions,7fa00c14b86e,0.0526928450678421,,,,,,,,,,,,,
3,20260922T213315_cbdef7162f3a,2026-09-22T21:33:38.900047+00:00,2026-09-23,2026-09-22,811de2049bdad2db2a36,53c9db3770b61e827785,close_to_close,0.0107629559289952,{},e01ef2214b2f64572f6d,lagged_latest_vintage,,,,,Ridge,20260922T213315_cbdef7162f3a:open:1,open,1,2026-09-23,시초가예측,1.0,1840000.0,있음,0.0180855579674243,,,,,0.8173913043478261,,0.0173621532825842,0.023094951936797,-0.0072752170855915,-0.0042857700377288,1.0,1899000.0,1862000.0,0.0320652173913043,,,-25722.573339939117,25722.573339939117,0.01354532561344872,-0.013979659423880002,1.0,-25722.573339939117,,,scored,True,2026-09-24T01:27:55.053708+00:00,github-actions,7fa00c14b86e,0.0180855579674243,1873277.4266600609,1873277.4266600609,1822546.0330194533,1924008.8203006685,0.8089569945625308,0.6305882147595455,,,,,,,
3,postopen_20260923T050816_9fc056e988de,2026-09-23T05:08:16.535917+00:00,2026-09-23,2026-09-22,,post-open-grid-v1,close_to_close,0.0107629559289952,,,,상승,0.0606629365675977,0.1640578531230091,0.7752792103093932,Post-open,postopen_20260923T050816_9fc056e988de:direction:Post-open,direction,1,2026-09-23,,,1840000.0,,,,,,,,,,,,,,1899000.0,1862000.0,0.011956521739130421,2.0,1.0,,,,,,,0.25453204314397704,0.08109440436350515,scored,True,2026-09-24T01:27:55.053708+00:00,,,,,,,,,,,,post_open,0.0320652173913043,상승,False,1899000.0
3,20260923T115424_63214cbd9661,2026-09-23T11:54:42.320070+00:00,2026-09-28,2026-09-23,4b7eeafc690b872f5dec,53c9db3770b61e827785,close_to_close,0.0107723785153016,{},e01ef2214b2f64572f6d,lagged_latest_vintage,상승,0.1794880170638624,0.2533222317017777,0.56718975123436,Candidate evening forecast,20260923T115424_63214cbd9661:direction:Candidate evening forecast,direction,1,2026-09-28,,,,,,,,,,,,,,,,,,,,,,,,,,,,,,pending,True,2026-09-24T01:27:55.053708+00:00,github-actions,7fa00c14b86e,,,,,,,,,No macro ensemble,,,,,
3,20260923T115424_63214cbd9661,2026-09-23T11:54:42.320070+00:00,2026-09-28,2026-09-23,4b7eeafc690b872f5dec,53c9db3770b61e827785,close_to_close,0.0107723785153016,{},e01ef2214b2f64572f6d,lagged_latest_vintage,,,,,Candidate evening open,20260923T115424_63214cbd9661:open:Candidate evening open,open,1,2026-09-28,시초가예측,1.0,1862000.0,있음,0.0190430097281932,,,,,0.8173913043478261,,0.0173560517544947,0.023115602252493,-0.0072929043078565,-0.0043130582827836,1.0,,,,,,,,,,,,,,pending,True,2026-09-24T01:27:55.053708+00:00,github-actions,7fa00c14b86e,0.0190430097281932,1897458.084113896,1897458.084113896,1845481.622270426,1949434.545957366,0.8086999750088548,0.6310735507672033,,,,,,,
3,20260923T214127_a1dd2d48d0ba,2026-09-23T21:41:51.325755+00:00,2026-09-28,2026-09-23,e91b365567f3348e1c87,53c9db3770b61e827785,close_to_close,0.0107723785153015,{},e01ef2214b2f64572f6d,lagged_latest_vintage,하락,0.4430797564065529,0.2494403943586232,0.3074798492348239,Logistic,20260923T214127_a1dd2d48d0ba:direction:Logistic,direction,1,2026-09-28,,,,,,,,,,,,,,,,,,,,,,,,,,,,,,pending,True,2026-09-24T01:27:55.053708+00:00,github-actions,7fa00c14b86e,,,,,,,,,,,,,,
3,20260923T214127_a1dd2d48d0ba,2026-09-23T21:41:51.325755+00:00,2026-09-28,2026-09-23,e91b365567f3348e1c87,53c9db3770b61e827785,close_to_close,0.0107723785153015,{},e01ef2214b2f64572f6d,lagged_latest_vintage,하락,0.4004532469268477,0.339602458450654,0.2599442946224983,LightGBM,20260923T214127_a1dd2d48d0ba:direction:LightGBM,direction,1,2026-09-28,,,,,,,,,,,,,,,,,,,,,,,,,,,,,,pending,True,2026-09-24T01:27:55.053708+00:00,github-actions,7fa00c14b86e,,,,,,,,,,,,,,
3,20260923T214127_a1dd2d48d0ba,2026-09-23T21:41:51.325755+00:00,2026-09-28,2026-09-23,e91b365567f3348e1c87,53c9db3770b61e827785,close_to_close,0.0107723785153015,{},e01ef2214b2f64572f6d,lagged_latest_vintage,하락,0.4217665016667003,0.2945214264046386,0.2837120719286611,Mean ensemble,20260923T214127_a1dd2d48d0ba:direction:Mean ensemble,direction,1,2026-09-28,,,,,,,,,,,,,,,,,,,,,,,,,,,,,,pending,True,2026-09-24T01:27:55.053708+00:00,github-actions,7fa00c14b86e,,,,,,,,,,,,,,
3,20260923T214127_a1dd2d48d0ba,2026-09-23T21:41:51.325755+00:00,2026-09-28,2026-09-23,e91b365567f3348e1c87,53c9db3770b61e827785,close_to_close,0.0107723785153015,{},e01ef2214b2f64572f6d,lagged_latest_vintage,하락,0.4112492799986105,0.3206563447928315,0.2680943752085579,No macro ensemble,20260923T214127_a1dd2d48d0ba:direction:No macro ensemble,direction,1,2026-09-28,,,,,,,,,,,,,,,,,,,,,,,,,,,,,,pending,True,2026-09-24T01:27:55.053708+00:00,github-actions,7fa00c14b86e,,,,,,,,,,,,,,
3,20260923T214127_a1dd2d48d0ba,2026-09-23T21:41:51.325755+00:00,2026-09-28,2026-09-23,e91b365567f3348e1c87,53c9db3770b61e827785,close_to_close,0.0107723785153015,{},e01ef2214b2f64572f6d,lagged_latest_vintage,하락,0.497431823225957,0.2540034515389613,0.2485647252350816,Candidate expanding,20260923T214127_a1dd2d48d0ba:direction:Candidate expanding,direction,1,2026-09-28,,,,,,,,,,,,,,,,,,,,,,,,,,,,,,pending,True,2026-09-24T01:27:55.053708+00:00,github-actions,7fa00c14b86e,,,,,,,,,,,,,,
3,20260923T214127_a1dd2d48d0ba,2026-09-23T21:41:51.325755+00:00,2026-09-28,2026-09-23,e91b365567f3348e1c87,53c9db3770b61e827785,close_to_close,0.0107723785153015,{},e01ef2214b2f64572f6d,lagged_latest_vintage,하락,0.4132104998637955,0.3002710605754455,0.286518439560759,No NSI ensemble,20260923T214127_a1dd2d48d0ba:direction:No NSI ensemble,direction,1,2026-09-28,,,,,,,,,,,,,,,,,,,,,,,,,,,,,,pending,True,2026-09-24T01:27:55.053708+00:00,github-actions,7fa00c14b86e,,,,,,,,,,,,,,
3,20260923T214127_a1dd2d48d0ba,2026-09-23T21:41:51.325755+00:00,2026-09-28,2026-09-23,e91b365567f3348e1c87,53c9db3770b61e827785,close_to_close,0.0107723785153015,{},e01ef2214b2f64572f6d,lagged_latest_vintage,하락,0.4210356990303529,0.3047545463351604,0.2742097546344867,No flow ensemble,20260923T214127_a1dd2d48d0ba:direction:No flow ensemble,direction,1,2026-09-28,,,,,,,,,,,,,,,,,,,,,,,,,,,,,,pending,True,2026-09-24T01:27:55.053708+00:00,github-actions,7fa00c14b86e,,,,,,,,,,,,,,
3,20260923T214127_a1dd2d48d0ba,2026-09-23T21:41:51.325755+00:00,2026-09-28,2026-09-23,e91b365567f3348e1c87,53c9db3770b61e827785,close_to_close,0.0107723785153015,{},e01ef2214b2f64572f6d,lagged_latest_vintage,하락,0.4493307597591102,0.2765942209435193,0.2740750192973706,No macro price ensemble,20260923T214127_a1dd2d48d0ba:direction:No macro price ensemble,direction,1,2026-09-28,,,,,,,,,,,,,,,,,,,,,,,,,,,,,,pending,True,2026-09-24T01:27:55.053708+00:00,github-actions,7fa00c14b86e,,,,,,,,,,,,,,
3,20260923T214127_a1dd2d48d0ba,2026-09-23T21:41:51.325755+00:00,2026-09-28,2026-09-23,e91b365567f3348e1c87,53c9db3770b61e827785,close_to_close,0.0107723785153015,{},e01ef2214b2f64572f6d,lagged_latest_vintage,,,,,Ridge,20260923T214127_a1dd2d48d0ba:price:1,price,1,2026-09-28,1거래일,1.0,1862000.0,있음,-0.0014959385966393,1859214.5623330576,1859214.5623330576,1776016.860406652,1942412.264259464,0.8016701461377871,simple,0.030328744587096,0.0332662263033892,-0.0039346843098908,-0.0019293502880166,1.0,,,,,,,,,,,,,,pending,True,2026-09-24T01:27:55.053708+00:00,github-actions,7fa00c14b86e,-0.0014959385966393,,,,,,,,,,,,,
3,20260923T214127_a1dd2d48d0ba,2026-09-23T21:41:51.325755+00:00,2026-09-28,2026-09-23,e91b365567f3348e1c87,53c9db3770b61e827785,close_to_close,0.0107723785153015,{},e01ef2214b2f64572f6d,lagged_latest_vintage,,,,,Ridge,20260923T214127_a1dd2d48d0ba:price:5,price,5,2026-10-02,1주일,5.0,1862000.0,없음,,,1862000.0,1668990.4910948866,2055009.5089051127,0.7589098532494759,simple,0.0757183588643388,0.0786039543596856,0.0,0.0,0.0,,,,,,,,,,,,,,pending,True,2026-09-24T01:27:55.053708+00:00,github-actions,7fa00c14b86e,0.0076241752695309,,,,,,,,,,,,,
3,20260923T214127_a1dd2d48d0ba,2026-09-23T21:41:51.325755+00:00,2026-09-28,2026-09-23,e91b365567f3348e1c87,53c9db3770b61e827785,close_to_close,0.0107723785153015,{},e01ef2214b2f64572f6d,lagged_latest_vintage,,,,,Ridge,20260923T214127_a1dd2d48d0ba:price:20,price,20,2026-10-27,1개월,20.0,1862000.0,없음,,,1862000.0,1461876.5162711127,2262123.483728887,0.6638297872340425,simple,0.1990907936671509,0.1991207485027019,0.0,0.0,0.0,,,,,,,,,,,,,,pending,True,2026-09-24T01:27:55.053708+00:00,github-actions,7fa00c14b86e,0.0417176764115022,,,,,,,,,,,,,
3,20260923T214127_a1dd2d48d0ba,2026-09-23T21:41:51.325755+00:00,2026-09-28,2026-09-23,e91b365567f3348e1c87,53c9db3770b61e827785,close_to_close,0.0107723785153015,{},e01ef2214b2f64572f6d,lagged_latest_vintage,,,,,Candidate IV interval,20260923T214127_a1dd2d48d0ba:price_candidate:iv_interval:1,price,1,2026-09-28,1거래일,1.0,1862000.0,있음,-0.0014959385966393,1859214.5623330576,1859214.5623330576,1787875.6430450962,1930553.481621019,0.8225469728601252,iv,0.030328744587096,0.0332662263033892,-0.0039346843098908,-0.0019293502880166,1.0,,,,,,,,,,,,,,pending,True,2026-09-24T01:27:55.053708+00:00,github-actions,7fa00c14b86e,-0.0014959385966393,,,,,,,,,,,,,
3,20260923T214127_a1dd2d48d0ba,2026-09-23T21:41:51.325755+00:00,2026-09-28,2026-09-23,e91b365567f3348e1c87,53c9db3770b61e827785,close_to_close,0.0107723785153015,{},e01ef2214b2f64572f6d,lagged_latest_vintage,,,,,Candidate HAR interval,20260923T214127_a1dd2d48d0ba:price_candidate:har_interval:5,price,5,2026-10-02,1주일,5.0,1862000.0,없음,,,1862000.0,1707326.3624263331,2016673.6375736664,0.6247379454926625,har,0.0757183588643388,0.0786039543596856,0.0,0.0,0.0,,,,,,,,,,,,,,pending,True,2026-09-24T01:27:55.053708+00:00,github-actions,7fa00c14b86e,0.0076241752695309,,,,,,,,,,,,,
3,20260923T214127_a1dd2d48d0ba,2026-09-23T21:41:51.325755+00:00,2026-09-28,2026-09-23,e91b365567f3348e1c87,53c9db3770b61e827785,close_to_close,0.0107723785153015,{},e01ef2214b2f64572f6d,lagged_latest_vintage,,,,,Candidate strict gate,20260923T214127_a1dd2d48d0ba:price_candidate:strict_gate:5,price,5,2026-10-02,1주일,5.0,1862000.0,없음,,,1862000.0,1668990.4910948866,2055009.5089051127,0.7589098532494759,simple,0.0757183588643388,0.0786039543596856,0.0,0.0,0.0,,,,,,,,,,,,,,pending,True,2026-09-24T01:27:55.053708+00:00,github-actions,7fa00c14b86e,0.0076241752695309,,,,,,,,,,,,,
3,20260923T214127_a1dd2d48d0ba,2026-09-23T21:41:51.325755+00:00,2026-09-28,2026-09-23,e91b365567f3348e1c87,53c9db3770b61e827785,close_to_close,0.0107723785153015,{},e01ef2214b2f64572f6d,lagged_latest_vintage,,,,,Candidate IV interval,20260923T214127_a1dd2d48d0ba:price_candidate:iv_interval:5,price,5,2026-10-02,1주일,5.0,1862000.0,없음,,,1862000.0,1702422.821992551,2021577.1780074493,0.7610062893081762,iv,0.0757183588643388,0.0786039543596856,0.0,0.0,0.0,,,,,,,,,,,,,,pending,True,2026-09-24T01:27:55.053708+00:00,github-actions,7fa00c14b86e,0.0076241752695309,,,,,,,,,,,,,
3,20260923T214127_a1dd2d48d0ba,2026-09-23T21:41:51.325755+00:00,2026-09-28,2026-09-23,e91b365567f3348e1c87,53c9db3770b61e827785,close_to_close,0.0107723785153015,{},e01ef2214b2f64572f6d,lagged_latest_vintage,,,,,Candidate HAR interval,20260923T214127_a1dd2d48d0ba:price_candidate:har_interval:20,price,20,2026-10-27,1개월,20.0,1862000.0,없음,,,1862000.0,1525307.4137067436,2198692.5862932564,0.5659574468085107,har,0.1990907936671509,0.1991207485027019,0.0,0.0,0.0,,,,,,,,,,,,,,pending,True,2026-09-24T01:27:55.053708+00:00,github-actions,7fa00c14b86e,0.0417176764115022,,,,,,,,,,,,,
3,20260923T214127_a1dd2d48d0ba,2026-09-23T21:41:51.325755+00:00,2026-09-28,2026-09-23,e91b365567f3348e1c87,53c9db3770b61e827785,close_to_close,0.0107723785153015,{},e01ef2214b2f64572f6d,lagged_latest_vintage,,,,,Candidate IV interval,20260923T214127_a1dd2d48d0ba:price_candidate:iv_interval:20,price,20,2026-10-27,1개월,20.0,1862000.0,없음,,,1862000.0,1510225.7739760478,2213774.2260239525,0.7021276595744681,iv,0.1990907936671509,0.1991207485027019,0.0,0.0,0.0,,,,,,,,,,,,,,pending,True,2026-09-24T01:27:55.053708+00:00,github-actions,7fa00c14b86e,0.0417176764115022,,,,,,,,,,,,,
3,20260923T214127_a1dd2d48d0ba,2026-09-23T21:41:51.325755+00:00,2026-09-28,2026-09-23,e91b365567f3348e1c87,53c9db3770b61e827785,close_to_close,0.0107723785153015,{},e01ef2214b2f64572f6d,lagged_latest_vintage,,,,,Ridge,20260923T214127_a1dd2d48d0ba:open:1,open,1,2026-09-28,시초가예측,1.0,1862000.0,있음,-0.0030755929183214,,,,,0.8173913043478261,,0.017355615783547,0.023115602252493,-0.0072931261359667,-0.0043132838450709,1.0,,,,,,,,,,,,,,pending,True,2026-09-24T01:27:55.053708+00:00,github-actions,7fa00c14b86e,-0.0030755929183214,1856273.2459860847,1856273.2459860847,1804296.7727433275,1908249.719228844,0.8086999750088548,0.6310765578493902,,,,,,,
