schema_version,run_id,created_at_utc,runtime,versions_hash,prediction_date,as_of_date,data_snapshot_hash,config_hash,target_mode,band,imputed_features,macro_snapshot_hash,macro_history_mode,prediction,p_down,p_flat,p_up,model,record_id,kind,horizon_days,target_date,horizon,trading_days,current_close,signal,predicted_return,predicted_close,center_close,low_close,high_close,band_coverage,vol_model,model_mae,zero_baseline_mae,mae_diff_lo,mae_diff_hi,oof_slope,actual_open,actual_close,actual_return,actual_class,direction_correct,price_error,absolute_price_error,price_ape,return_error,interval_hit,center_price_error,log_loss,brier,status,is_prospective,actual_updated_at_utc
3,20260906T235225_c30b9404115e,2026-09-06T23:52:37.092737+00:00,github-actions,823ac12bac50,2026-09-07,2026-09-06,2943991ecd1617b01fa3,9b0b1adcafba0fea37db,close_to_close,0.0044967643088917,{},,disabled,상승,0.2961895303263459,0.3218355276909288,0.3819749419827252,Logistic,20260906T235225_c30b9404115e:direction:Logistic,direction,1,2026-09-07,,,,,,,,,,,,,,,,,,,,,,,,,,,,,,missing_actual,True,2026-09-24T03:10:09.841863+00:00
3,20260906T235225_c30b9404115e,2026-09-06T23:52:37.092737+00:00,github-actions,823ac12bac50,2026-09-07,2026-09-06,2943991ecd1617b01fa3,9b0b1adcafba0fea37db,close_to_close,0.0044967643088917,{},,disabled,,,,,Ridge,20260906T235225_c30b9404115e:price:1,price,1,2026-09-07,1거래일,1.0,4476.60009765625,있음,0.0003130267432425,4478.001393205618,4478.001393205618,4394.889930405508,4561.112856005729,0.781305114638448,simple,0.0086178820418615,0.0086332838082833,-3.5743601020460986e-05,4.164326356074231e-06,0.4543233663529812,,,,,,,,,,,,,,missing_actual,True,2026-09-24T03:10:09.841863+00:00
3,20260906T235225_c30b9404115e,2026-09-06T23:52:37.092737+00:00,github-actions,823ac12bac50,2026-09-07,2026-09-06,2943991ecd1617b01fa3,9b0b1adcafba0fea37db,close_to_close,0.0044967643088917,{},,disabled,,,,,Ridge,20260906T235225_c30b9404115e:price:5,price,5,2026-09-11,1주일,5.0,4476.60009765625,없음,,,4476.60009765625,4278.075167144338,4675.125028168162,0.7865961199294532,simple,0.0197341496492808,0.0200027758978644,0.0,0.0,0.0,4359.39990234375,4408.89990234375,-0.015123127783503554,,,,,,,1.0,67.7001953125,,,scored,True,2026-09-24T03:10:09.841863+00:00
3,20260906T235225_c30b9404115e,2026-09-06T23:52:37.092737+00:00,github-actions,823ac12bac50,2026-09-07,2026-09-06,2943991ecd1617b01fa3,9b0b1adcafba0fea37db,close_to_close,0.0044967643088917,{},,disabled,,,,,Ridge,20260906T235225_c30b9404115e:price:20,price,20,2026-10-02,1개월,20.0,4476.60009765625,없음,,,4476.60009765625,4068.1420905329055,4885.058104779594,0.7495575221238938,simple,0.0390906414841217,0.0402194218244141,0.0,0.0,0.0,4204.60009765625,4162.2998046875,-0.07020959793422332,,,,,,,1.0,314.30029296875,,,scored,True,2026-10-03T05:27:56.917459+00:00
3,20260907T051030_e5b3aeb07ed2,2026-09-07T05:10:43.333887+00:00,github-actions,823ac12bac50,2026-09-07,2026-09-04,bd630aa42971306e535f,9b0b1adcafba0fea37db,close_to_close,0.0044578456364536,{},,disabled,상승,0.3126474164350979,0.3194993217017938,0.3678532618631083,Logistic,20260907T051030_e5b3aeb07ed2:direction:Logistic,direction,1,2026-09-07,,,,,,,,,,,,,,,,,,,,,,,,,,,,,,missing_actual,False,2026-09-24T03:10:09.841863+00:00
3,20260907T051030_e5b3aeb07ed2,2026-09-07T05:10:43.333887+00:00,github-actions,823ac12bac50,2026-09-07,2026-09-04,bd630aa42971306e535f,9b0b1adcafba0fea37db,close_to_close,0.0044578456364536,{},,disabled,,,,,Ridge,20260907T051030_e5b3aeb07ed2:price:1,price,1,2026-09-07,1거래일,1.0,4429.7998046875,있음,0.0001363998308079,4430.404028631372,4430.404028631372,4348.915394415049,4511.892662847695,0.781305114638448,simple,0.0086147234152507,0.0086301648293612,-3.606455685209812e-05,4.184665927672432e-06,0.4575634732279867,,,,,,,,,,,,,,missing_actual,False,2026-09-24T03:10:09.841863+00:00
3,20260907T051030_e5b3aeb07ed2,2026-09-07T05:10:43.333887+00:00,github-actions,823ac12bac50,2026-09-07,2026-09-04,bd630aa42971306e535f,9b0b1adcafba0fea37db,close_to_close,0.0044578456364536,{},,disabled,,,,,Ridge,20260907T051030_e5b3aeb07ed2:price:5,price,5,2026-09-11,1주일,5.0,4429.7998046875,없음,,,4429.7998046875,4234.923010165824,4624.676599209176,0.7864077669902912,simple,0.0197447496774802,0.0200113676414313,0.0,0.0,0.0,4359.39990234375,4408.89990234375,-0.0047180241241678855,,,,,,,1.0,20.89990234375,,,scored,False,2026-09-24T03:10:09.841863+00:00
3,20260907T051030_e5b3aeb07ed2,2026-09-07T05:10:43.333887+00:00,github-actions,823ac12bac50,2026-09-07,2026-09-04,bd630aa42971306e535f,9b0b1adcafba0fea37db,close_to_close,0.0044578456364536,{},,disabled,,,,,Ridge,20260907T051030_e5b3aeb07ed2:price:20,price,20,2026-10-02,1개월,20.0,4429.7998046875,없음,,,4429.7998046875,4029.562188837384,4830.0374205376165,0.7486725663716814,simple,0.0391418221715633,0.0402733083396546,0.0,0.0,0.0,4204.60009765625,4162.2998046875,-0.06038647609242709,,,,,,,1.0,267.5,,,scored,False,2026-10-03T05:27:56.917459+00:00
3,20260907T051544_df3e74473b82,2026-09-07T05:15:57.194943+00:00,github-actions,823ac12bac50,2026-09-07,2026-09-04,bd630aa42971306e535f,9b0b1adcafba0fea37db,close_to_close,0.0044578456364536,{},,disabled,상승,0.3126474164350979,0.3194993217017938,0.3678532618631083,Logistic,20260907T051544_df3e74473b82:direction:Logistic,direction,1,2026-09-07,,,,,,,,,,,,,,,,,,,,,,,,,,,,,,missing_actual,False,2026-09-24T03:10:09.841863+00:00
3,20260907T051544_df3e74473b82,2026-09-07T05:15:57.194943+00:00,github-actions,823ac12bac50,2026-09-07,2026-09-04,bd630aa42971306e535f,9b0b1adcafba0fea37db,close_to_close,0.0044578456364536,{},,disabled,,,,,Ridge,20260907T051544_df3e74473b82:price:1,price,1,2026-09-07,1거래일,1.0,4429.7998046875,있음,0.0001363998308079,4430.404028631372,4430.404028631372,4348.915394415049,4511.892662847695,0.781305114638448,simple,0.0086147234152507,0.0086301648293612,-3.606455685209812e-05,4.184665927672432e-06,0.4575634732279867,,,,,,,,,,,,,,missing_actual,False,2026-09-24T03:10:09.841863+00:00
3,20260907T051544_df3e74473b82,2026-09-07T05:15:57.194943+00:00,github-actions,823ac12bac50,2026-09-07,2026-09-04,bd630aa42971306e535f,9b0b1adcafba0fea37db,close_to_close,0.0044578456364536,{},,disabled,,,,,Ridge,20260907T051544_df3e74473b82:price:5,price,5,2026-09-11,1주일,5.0,4429.7998046875,없음,,,4429.7998046875,4234.923010165824,4624.676599209176,0.7864077669902912,simple,0.0197447496774802,0.0200113676414313,0.0,0.0,0.0,4359.39990234375,4408.89990234375,-0.0047180241241678855,,,,,,,1.0,20.89990234375,,,scored,False,2026-09-24T03:10:09.841863+00:00
3,20260907T051544_df3e74473b82,2026-09-07T05:15:57.194943+00:00,github-actions,823ac12bac50,2026-09-07,2026-09-04,bd630aa42971306e535f,9b0b1adcafba0fea37db,close_to_close,0.0044578456364536,{},,disabled,,,,,Ridge,20260907T051544_df3e74473b82:price:20,price,20,2026-10-02,1개월,20.0,4429.7998046875,없음,,,4429.7998046875,4029.562188837384,4830.0374205376165,0.7486725663716814,simple,0.0391418221715633,0.0402733083396546,0.0,0.0,0.0,4204.60009765625,4162.2998046875,-0.06038647609242709,,,,,,,1.0,267.5,,,scored,False,2026-10-03T05:27:56.917459+00:00
3,20260907T073541_e334156002b3,2026-09-07T07:35:52.136194+00:00,github-actions,823ac12bac50,2026-09-07,2026-09-04,bd630aa42971306e535f,9b0b1adcafba0fea37db,close_to_close,0.0044578456364536,{},,disabled,상승,0.3126474164350979,0.3194993217017938,0.3678532618631083,Logistic,20260907T073541_e334156002b3:direction:Logistic,direction,1,2026-09-07,,,,,,,,,,,,,,,,,,,,,,,,,,,,,,missing_actual,False,2026-09-24T03:10:09.841863+00:00
3,20260907T073541_e334156002b3,2026-09-07T07:35:52.136194+00:00,github-actions,823ac12bac50,2026-09-07,2026-09-04,bd630aa42971306e535f,9b0b1adcafba0fea37db,close_to_close,0.0044578456364536,{},,disabled,,,,,Ridge,20260907T073541_e334156002b3:price:1,price,1,2026-09-07,1거래일,1.0,4429.7998046875,있음,0.0001363998308079,4430.404028631372,4430.404028631372,4348.915394415049,4511.892662847695,0.781305114638448,simple,0.0086147234152507,0.0086301648293612,-3.606455685209812e-05,4.184665927672432e-06,0.4575634732279867,,,,,,,,,,,,,,missing_actual,False,2026-09-24T03:10:09.841863+00:00
3,20260907T073541_e334156002b3,2026-09-07T07:35:52.136194+00:00,github-actions,823ac12bac50,2026-09-07,2026-09-04,bd630aa42971306e535f,9b0b1adcafba0fea37db,close_to_close,0.0044578456364536,{},,disabled,,,,,Ridge,20260907T073541_e334156002b3:price:5,price,5,2026-09-11,1주일,5.0,4429.7998046875,없음,,,4429.7998046875,4234.923010165824,4624.676599209176,0.7864077669902912,simple,0.0197447496774802,0.0200113676414313,0.0,0.0,0.0,4359.39990234375,4408.89990234375,-0.0047180241241678855,,,,,,,1.0,20.89990234375,,,scored,False,2026-09-24T03:10:09.841863+00:00
3,20260907T073541_e334156002b3,2026-09-07T07:35:52.136194+00:00,github-actions,823ac12bac50,2026-09-07,2026-09-04,bd630aa42971306e535f,9b0b1adcafba0fea37db,close_to_close,0.0044578456364536,{},,disabled,,,,,Ridge,20260907T073541_e334156002b3:price:20,price,20,2026-10-02,1개월,20.0,4429.7998046875,없음,,,4429.7998046875,4029.562188837384,4830.0374205376165,0.7486725663716814,simple,0.0391418221715633,0.0402733083396546,0.0,0.0,0.0,4204.60009765625,4162.2998046875,-0.06038647609242709,,,,,,,1.0,267.5,,,scored,False,2026-10-03T05:27:56.917459+00:00
3,20260907T074106_09b9c5113293,2026-09-07T07:41:16.830112+00:00,github-actions,823ac12bac50,2026-09-07,2026-09-04,bd630aa42971306e535f,9b0b1adcafba0fea37db,close_to_close,0.0044578456364536,{},,disabled,상승,0.3126474231698926,0.3194993122607302,0.367853264569377,Logistic,20260907T074106_09b9c5113293:direction:Logistic,direction,1,2026-09-07,,,,,,,,,,,,,,,,,,,,,,,,,,,,,,missing_actual,False,2026-09-24T03:10:09.841863+00:00
3,20260907T074106_09b9c5113293,2026-09-07T07:41:16.830112+00:00,github-actions,823ac12bac50,2026-09-07,2026-09-04,bd630aa42971306e535f,9b0b1adcafba0fea37db,close_to_close,0.0044578456364536,{},,disabled,,,,,Ridge,20260907T074106_09b9c5113293:price:1,price,1,2026-09-07,1거래일,1.0,4429.7998046875,있음,0.0001363997726002,4430.404028373524,4430.404028373524,4348.915394243577,4511.892662503471,0.781305114638448,simple,0.0086147234181367,0.0086301648293612,-3.606455677635144e-05,4.184666646744909e-06,0.457563487757294,,,,,,,,,,,,,,missing_actual,False,2026-09-24T03:10:09.841863+00:00
3,20260907T074106_09b9c5113293,2026-09-07T07:41:16.830112+00:00,github-actions,823ac12bac50,2026-09-07,2026-09-04,bd630aa42971306e535f,9b0b1adcafba0fea37db,close_to_close,0.0044578456364536,{},,disabled,,,,,Ridge,20260907T074106_09b9c5113293:price:5,price,5,2026-09-11,1주일,5.0,4429.7998046875,없음,,,4429.7998046875,4234.923010165824,4624.676599209176,0.7864077669902912,simple,0.0197447496853039,0.0200113676414313,0.0,0.0,0.0,4359.39990234375,4408.89990234375,-0.0047180241241678855,,,,,,,1.0,20.89990234375,,,scored,False,2026-09-24T03:10:09.841863+00:00
3,20260907T074106_09b9c5113293,2026-09-07T07:41:16.830112+00:00,github-actions,823ac12bac50,2026-09-07,2026-09-04,bd630aa42971306e535f,9b0b1adcafba0fea37db,close_to_close,0.0044578456364536,{},,disabled,,,,,Ridge,20260907T074106_09b9c5113293:price:20,price,20,2026-10-02,1개월,20.0,4429.7998046875,없음,,,4429.7998046875,4029.562188837384,4830.0374205376165,0.7486725663716814,simple,0.0391418221749249,0.0402733083396546,0.0,0.0,0.0,4204.60009765625,4162.2998046875,-0.06038647609242709,,,,,,,1.0,267.5,,,scored,False,2026-10-03T05:27:56.917459+00:00
3,20260907T081003_cd67d0a4d9e3,2026-09-07T08:10:14.886199+00:00,github-actions,823ac12bac50,2026-09-07,2026-09-04,bd630aa42971306e535f,9b0b1adcafba0fea37db,close_to_close,0.0044578456364536,{},,disabled,상승,0.3126474164350979,0.3194993217017938,0.3678532618631083,Logistic,20260907T081003_cd67d0a4d9e3:direction:Logistic,direction,1,2026-09-07,,,,,,,,,,,,,,,,,,,,,,,,,,,,,,missing_actual,False,2026-09-24T03:10:09.841863+00:00
3,20260907T081003_cd67d0a4d9e3,2026-09-07T08:10:14.886199+00:00,github-actions,823ac12bac50,2026-09-07,2026-09-04,bd630aa42971306e535f,9b0b1adcafba0fea37db,close_to_close,0.0044578456364536,{},,disabled,,,,,Ridge,20260907T081003_cd67d0a4d9e3:price:1,price,1,2026-09-07,1거래일,1.0,4429.7998046875,있음,0.0001363998308079,4430.404028631372,4430.404028631372,4348.915394415049,4511.892662847695,0.781305114638448,simple,0.0086147234152507,0.0086301648293612,-3.606455685209812e-05,4.184665927672432e-06,0.4575634732279867,,,,,,,,,,,,,,missing_actual,False,2026-09-24T03:10:09.841863+00:00
3,20260907T081003_cd67d0a4d9e3,2026-09-07T08:10:14.886199+00:00,github-actions,823ac12bac50,2026-09-07,2026-09-04,bd630aa42971306e535f,9b0b1adcafba0fea37db,close_to_close,0.0044578456364536,{},,disabled,,,,,Ridge,20260907T081003_cd67d0a4d9e3:price:5,price,5,2026-09-11,1주일,5.0,4429.7998046875,없음,,,4429.7998046875,4234.923010165824,4624.676599209176,0.7864077669902912,simple,0.0197447496774802,0.0200113676414313,0.0,0.0,0.0,4359.39990234375,4408.89990234375,-0.0047180241241678855,,,,,,,1.0,20.89990234375,,,scored,False,2026-09-24T03:10:09.841863+00:00
3,20260907T081003_cd67d0a4d9e3,2026-09-07T08:10:14.886199+00:00,github-actions,823ac12bac50,2026-09-07,2026-09-04,bd630aa42971306e535f,9b0b1adcafba0fea37db,close_to_close,0.0044578456364536,{},,disabled,,,,,Ridge,20260907T081003_cd67d0a4d9e3:price:20,price,20,2026-10-02,1개월,20.0,4429.7998046875,없음,,,4429.7998046875,4029.562188837384,4830.0374205376165,0.7486725663716814,simple,0.0391418221715633,0.0402733083396546,0.0,0.0,0.0,4204.60009765625,4162.2998046875,-0.06038647609242709,,,,,,,1.0,267.5,,,scored,False,2026-10-03T05:27:56.917459+00:00
3,20260907T110015_91da4c5b9254,2026-09-07T11:00:28.980221+00:00,github-actions,823ac12bac50,2026-09-07,2026-09-04,bd630aa42971306e535f,9b0b1adcafba0fea37db,close_to_close,0.0044578456364536,{},,disabled,상승,0.3126474164350979,0.3194993217017938,0.3678532618631083,Logistic,20260907T110015_91da4c5b9254:direction:Logistic,direction,1,2026-09-07,,,,,,,,,,,,,,,,,,,,,,,,,,,,,,missing_actual,False,2026-09-24T03:10:09.841863+00:00
3,20260907T110015_91da4c5b9254,2026-09-07T11:00:28.980221+00:00,github-actions,823ac12bac50,2026-09-07,2026-09-04,bd630aa42971306e535f,9b0b1adcafba0fea37db,close_to_close,0.0044578456364536,{},,disabled,,,,,Ridge,20260907T110015_91da4c5b9254:price:1,price,1,2026-09-07,1거래일,1.0,4429.7998046875,있음,0.0001363998308079,4430.404028631372,4430.404028631372,4348.915394415049,4511.892662847695,0.781305114638448,simple,0.0086147234152507,0.0086301648293612,-3.606455685209812e-05,4.184665927672432e-06,0.4575634732279867,,,,,,,,,,,,,,missing_actual,False,2026-09-24T03:10:09.841863+00:00
3,20260907T110015_91da4c5b9254,2026-09-07T11:00:28.980221+00:00,github-actions,823ac12bac50,2026-09-07,2026-09-04,bd630aa42971306e535f,9b0b1adcafba0fea37db,close_to_close,0.0044578456364536,{},,disabled,,,,,Ridge,20260907T110015_91da4c5b9254:price:5,price,5,2026-09-11,1주일,5.0,4429.7998046875,없음,,,4429.7998046875,4234.923010165824,4624.676599209176,0.7864077669902912,simple,0.0197447496774802,0.0200113676414313,0.0,0.0,0.0,4359.39990234375,4408.89990234375,-0.0047180241241678855,,,,,,,1.0,20.89990234375,,,scored,False,2026-09-24T03:10:09.841863+00:00
3,20260907T110015_91da4c5b9254,2026-09-07T11:00:28.980221+00:00,github-actions,823ac12bac50,2026-09-07,2026-09-04,bd630aa42971306e535f,9b0b1adcafba0fea37db,close_to_close,0.0044578456364536,{},,disabled,,,,,Ridge,20260907T110015_91da4c5b9254:price:20,price,20,2026-10-02,1개월,20.0,4429.7998046875,없음,,,4429.7998046875,4029.562188837384,4830.0374205376165,0.7486725663716814,simple,0.0391418221715633,0.0402733083396546,0.0,0.0,0.0,4204.60009765625,4162.2998046875,-0.06038647609242709,,,,,,,1.0,267.5,,,scored,False,2026-10-03T05:27:56.917459+00:00
3,20260907T110447_63ebb2b8ecfb,2026-09-07T11:04:59.252409+00:00,github-actions,823ac12bac50,2026-09-07,2026-09-04,bd630aa42971306e535f,9b0b1adcafba0fea37db,close_to_close,0.0044578456364536,{},,disabled,상승,0.3126474164350979,0.3194993217017938,0.3678532618631083,Logistic,20260907T110447_63ebb2b8ecfb:direction:Logistic,direction,1,2026-09-07,,,,,,,,,,,,,,,,,,,,,,,,,,,,,,missing_actual,False,2026-09-24T03:10:09.841863+00:00
3,20260907T110447_63ebb2b8ecfb,2026-09-07T11:04:59.252409+00:00,github-actions,823ac12bac50,2026-09-07,2026-09-04,bd630aa42971306e535f,9b0b1adcafba0fea37db,close_to_close,0.0044578456364536,{},,disabled,,,,,Ridge,20260907T110447_63ebb2b8ecfb:price:1,price,1,2026-09-07,1거래일,1.0,4429.7998046875,있음,0.0001363998308079,4430.404028631372,4430.404028631372,4348.915394415049,4511.892662847695,0.781305114638448,simple,0.0086147234152507,0.0086301648293612,-3.606455685209812e-05,4.184665927672432e-06,0.4575634732279867,,,,,,,,,,,,,,missing_actual,False,2026-09-24T03:10:09.841863+00:00
3,20260907T110447_63ebb2b8ecfb,2026-09-07T11:04:59.252409+00:00,github-actions,823ac12bac50,2026-09-07,2026-09-04,bd630aa42971306e535f,9b0b1adcafba0fea37db,close_to_close,0.0044578456364536,{},,disabled,,,,,Ridge,20260907T110447_63ebb2b8ecfb:price:5,price,5,2026-09-11,1주일,5.0,4429.7998046875,없음,,,4429.7998046875,4234.923010165824,4624.676599209176,0.7864077669902912,simple,0.0197447496774802,0.0200113676414313,0.0,0.0,0.0,4359.39990234375,4408.89990234375,-0.0047180241241678855,,,,,,,1.0,20.89990234375,,,scored,False,2026-09-24T03:10:09.841863+00:00
3,20260907T110447_63ebb2b8ecfb,2026-09-07T11:04:59.252409+00:00,github-actions,823ac12bac50,2026-09-07,2026-09-04,bd630aa42971306e535f,9b0b1adcafba0fea37db,close_to_close,0.0044578456364536,{},,disabled,,,,,Ridge,20260907T110447_63ebb2b8ecfb:price:20,price,20,2026-10-02,1개월,20.0,4429.7998046875,없음,,,4429.7998046875,4029.562188837384,4830.0374205376165,0.7486725663716814,simple,0.0391418221715633,0.0402733083396546,0.0,0.0,0.0,4204.60009765625,4162.2998046875,-0.06038647609242709,,,,,,,1.0,267.5,,,scored,False,2026-10-03T05:27:56.917459+00:00
3,20260907T190713_c03a8d122079,2026-09-07T19:07:25.236374+00:00,github-actions,823ac12bac50,2026-09-07,2026-09-04,bd630aa42971306e535f,9b0b1adcafba0fea37db,close_to_close,0.0044578456364536,{},,disabled,상승,0.3126474164350979,0.3194993217017938,0.3678532618631083,Logistic,20260907T190713_c03a8d122079:direction:Logistic,direction,1,2026-09-07,,,,,,,,,,,,,,,,,,,,,,,,,,,,,,missing_actual,False,2026-09-24T03:10:09.841863+00:00
3,20260907T190713_c03a8d122079,2026-09-07T19:07:25.236374+00:00,github-actions,823ac12bac50,2026-09-07,2026-09-04,bd630aa42971306e535f,9b0b1adcafba0fea37db,close_to_close,0.0044578456364536,{},,disabled,,,,,Ridge,20260907T190713_c03a8d122079:price:1,price,1,2026-09-07,1거래일,1.0,4429.7998046875,있음,0.0001363998308079,4430.404028631372,4430.404028631372,4348.915394415049,4511.892662847695,0.781305114638448,simple,0.0086147234152507,0.0086301648293612,-3.606455685209812e-05,4.184665927672432e-06,0.4575634732279867,,,,,,,,,,,,,,missing_actual,False,2026-09-24T03:10:09.841863+00:00
3,20260907T190713_c03a8d122079,2026-09-07T19:07:25.236374+00:00,github-actions,823ac12bac50,2026-09-07,2026-09-04,bd630aa42971306e535f,9b0b1adcafba0fea37db,close_to_close,0.0044578456364536,{},,disabled,,,,,Ridge,20260907T190713_c03a8d122079:price:5,price,5,2026-09-11,1주일,5.0,4429.7998046875,없음,,,4429.7998046875,4234.923010165824,4624.676599209176,0.7864077669902912,simple,0.0197447496774802,0.0200113676414313,0.0,0.0,0.0,4359.39990234375,4408.89990234375,-0.0047180241241678855,,,,,,,1.0,20.89990234375,,,scored,False,2026-09-24T03:10:09.841863+00:00
3,20260907T190713_c03a8d122079,2026-09-07T19:07:25.236374+00:00,github-actions,823ac12bac50,2026-09-07,2026-09-04,bd630aa42971306e535f,9b0b1adcafba0fea37db,close_to_close,0.0044578456364536,{},,disabled,,,,,Ridge,20260907T190713_c03a8d122079:price:20,price,20,2026-10-02,1개월,20.0,4429.7998046875,없음,,,4429.7998046875,4029.562188837384,4830.0374205376165,0.7486725663716814,simple,0.0391418221715633,0.0402733083396546,0.0,0.0,0.0,4204.60009765625,4162.2998046875,-0.06038647609242709,,,,,,,1.0,267.5,,,scored,False,2026-10-03T05:27:56.917459+00:00
3,20260907T231529_550f9215463e,2026-09-07T23:15:38.694232+00:00,github-actions,823ac12bac50,2026-09-08,2026-09-07,25bc0daff4e538bb86df,9b0b1adcafba0fea37db,close_to_close,0.0044643519587691,{},,disabled,상승,0.2966306283466401,0.3220688907516982,0.3813004809016617,Logistic,20260907T231529_550f9215463e:direction:Logistic,direction,1,2026-09-08,,,,,,,,,,,,,,,,,4466.5,4439.0,,,,,,,,,,,,missing_reference,True,2026-09-24T03:10:09.841863+00:00
3,20260907T231529_550f9215463e,2026-09-07T23:15:38.694232+00:00,github-actions,823ac12bac50,2026-09-08,2026-09-07,25bc0daff4e538bb86df,9b0b1adcafba0fea37db,close_to_close,0.0044643519587691,{},,disabled,,,,,Ridge,20260907T231529_550f9215463e:price:1,price,1,2026-09-08,1거래일,1.0,4457.5,있음,0.0002367970737395,4458.555522956194,4458.555522956194,4376.395173268526,4540.715872643862,0.781305114638448,simple,0.0086140798160905,0.008629481577851,-3.574359927224442e-05,4.164326838658534e-06,0.4543233580542843,4466.5,4439.0,-0.004150308468872654,,,19.55552295619418,19.55552295619418,0.004405389266995761,0.0043871055426121545,1.0,19.55552295619418,,,scored,True,2026-09-24T03:10:09.841863+00:00
3,20260907T231529_550f9215463e,2026-09-07T23:15:38.694232+00:00,github-actions,823ac12bac50,2026-09-08,2026-09-07,25bc0daff4e538bb86df,9b0b1adcafba0fea37db,close_to_close,0.0044643519587691,{},,disabled,,,,,Ridge,20260907T231529_550f9215463e:price:5,price,5,2026-09-14,1주일,5.0,4457.5,없음,,,4457.5,4261.246954289731,4653.753045710269,0.7865961199294532,simple,0.019730348544639,0.0199989747831852,0.0,0.0,0.0,4375.0,4351.89990234375,-0.02369043133062254,,,,,,,1.0,105.60009765625,,,scored,True,2026-09-24T03:10:09.841863+00:00
3,20260907T231529_550f9215463e,2026-09-07T23:15:38.694232+00:00,github-actions,823ac12bac50,2026-09-08,2026-09-07,25bc0daff4e538bb86df,9b0b1adcafba0fea37db,close_to_close,0.0044643519587691,{},,disabled,,,,,Ridge,20260907T231529_550f9215463e:price:20,price,20,2026-10-05,1개월,20.0,4457.5,없음,,,4457.5,4053.716315321198,4861.283684678802,0.7495575221238938,simple,0.0390867662865059,0.0402155466485588,0.0,0.0,0.0,4169.39990234375,4156.7998046875,-0.06745938201065615,,,,,,,1.0,300.7001953125,,,scored,True,2026-10-06T06:31:22.959310+00:00
3,20260907T235332_31b204013eec,2026-09-07T23:53:43.093388+00:00,github-actions,823ac12bac50,2026-09-08,2026-09-07,4086c168534b9b752267,9b0b1adcafba0fea37db,close_to_close,0.0044866938245691,{},,disabled,상승,0.2971067852012092,0.3220098608306918,0.380883353968099,Logistic,20260907T235332_31b204013eec:direction:Logistic,direction,1,2026-09-08,,,,,,,,,,,,,,,,,4466.5,4439.0,,,,,,,,,,,,missing_reference,True,2026-09-24T03:10:09.841863+00:00
3,20260907T235332_31b204013eec,2026-09-07T23:53:43.093388+00:00,github-actions,823ac12bac50,2026-09-08,2026-09-07,4086c168534b9b752267,9b0b1adcafba0fea37db,close_to_close,0.0044866938245691,{},,disabled,,,,,Ridge,20260907T235332_31b204013eec:price:1,price,1,2026-09-08,1거래일,1.0,4471.7001953125,있음,0.0002135385002475,4472.655075465764,4472.655075465764,4389.820507066541,4555.489643864986,0.781305114638448,simple,0.0086169066296353,0.0086323083913958,-3.574359927224442e-05,4.164326838658534e-06,0.4543233580542843,4466.5,4439.0,-0.00731269850039995,,,33.65507546576373,33.65507546576373,0.007581679537229946,0.00752623700064745,1.0,33.65507546576373,,,scored,True,2026-09-24T03:10:09.841863+00:00
3,20260907T235332_31b204013eec,2026-09-07T23:53:43.093388+00:00,github-actions,823ac12bac50,2026-09-08,2026-09-07,4086c168534b9b752267,9b0b1adcafba0fea37db,close_to_close,0.0044866938245691,{},,disabled,,,,,Ridge,20260907T235332_31b204013eec:price:5,price,5,2026-09-14,1주일,5.0,4471.7001953125,없음,,,4471.7001953125,4273.836671115705,4669.563719509296,0.7865961199294532,simple,0.0197331745286639,0.02000180076721,0.0,0.0,0.0,4375.0,4351.89990234375,-0.026790770341520553,,,,,,,1.0,119.80029296875,,,scored,True,2026-09-24T03:10:09.841863+00:00
3,20260907T235332_31b204013eec,2026-09-07T23:53:43.093388+00:00,github-actions,823ac12bac50,2026-09-08,2026-09-07,4086c168534b9b752267,9b0b1adcafba0fea37db,close_to_close,0.0044866938245691,{},,disabled,,,,,Ridge,20260907T235332_31b204013eec:price:20,price,20,2026-10-05,1개월,20.0,4471.7001953125,없음,,,4471.7001953125,4064.6030082366674,4878.797382388333,0.7495575221238938,simple,0.0390896473321951,0.040218427694248,0.0,0.0,0.0,4169.39990234375,4156.7998046875,-0.07042072967125501,,,,,,,1.0,314.900390625,,,scored,True,2026-10-06T06:31:22.959310+00:00
3,20260908T001433_e9dbc054433e,2026-09-08T00:14:44.361186+00:00,github-actions,823ac12bac50,2026-09-08,2026-09-07,7efbf70e8cadd1cb268e,9b0b1adcafba0fea37db,close_to_close,0.0044763335760088,{},,disabled,상승,0.2968373855008195,0.3221395434961221,0.3810230710030582,Logistic,20260908T001433_e9dbc054433e:direction:Logistic,direction,1,2026-09-08,,,,,,,,,,,,,,,,,4466.5,4439.0,,,,,,,,,,,,missing_reference,False,2026-09-24T03:10:09.841863+00:00
3,20260908T001433_e9dbc054433e,2026-09-08T00:14:44.361186+00:00,github-actions,823ac12bac50,2026-09-08,2026-09-07,7efbf70e8cadd1cb268e,9b0b1adcafba0fea37db,close_to_close,0.0044763335760088,{},,disabled,,,,,Ridge,20260908T001433_e9dbc054433e:price:1,price,1,2026-09-08,1거래일,1.0,4465.89990234375,있음,0.0002205577329732,4466.884891101897,4466.884891101897,4384.348794021773,4549.42098818202,0.781305114638448,simple,0.0086157519685508,0.0086311537349726,-3.5743601020460986e-05,4.164326356074231e-06,0.4543233663529812,4466.5,4439.0,-0.006023400195251272,,,27.884891101896756,27.884891101896756,0.006281795697656399,0.006243957928224472,1.0,27.884891101896756,,,scored,False,2026-09-24T03:10:09.841863+00:00
3,20260908T001433_e9dbc054433e,2026-09-08T00:14:44.361186+00:00,github-actions,823ac12bac50,2026-09-08,2026-09-07,7efbf70e8cadd1cb268e,9b0b1adcafba0fea37db,close_to_close,0.0044763335760088,{},,disabled,,,,,Ridge,20260908T001433_e9dbc054433e:price:5,price,5,2026-09-14,1주일,5.0,4465.89990234375,없음,,,4465.89990234375,4268.749324246425,4663.050480441075,0.7865961199294532,simple,0.0197320202010337,0.0200006464496173,0.0,0.0,0.0,4375.0,4351.89990234375,-0.025526770078337813,,,,,,,1.0,114.0,,,scored,False,2026-09-24T03:10:09.841863+00:00
3,20260908T001433_e9dbc054433e,2026-09-08T00:14:44.361186+00:00,github-actions,823ac12bac50,2026-09-08,2026-09-07,7efbf70e8cadd1cb268e,9b0b1adcafba0fea37db,close_to_close,0.0044763335760088,{},,disabled,,,,,Ridge,20260908T001433_e9dbc054433e:price:20,price,20,2026-10-05,1개월,20.0,4465.89990234375,없음,,,4465.89990234375,4060.269576594731,4871.530228092769,0.7495575221238938,simple,0.0390884705455607,0.040217250885853,0.0,0.0,0.0,4169.39990234375,4156.7998046875,-0.06921339582511266,,,,,,,1.0,309.10009765625,,,scored,False,2026-10-06T06:31:22.959310+00:00
3,20260908T003400_e8d4e0705ddb,2026-09-08T00:34:06.872506+00:00,github-actions,823ac12bac50,2026-09-08,2026-09-07,6af3a7b84c588d305d00,9b0b1adcafba0fea37db,close_to_close,0.0044791944358592,{},,disabled,상승,0.2967214453378246,0.3227866501571628,0.3804919045050126,Logistic,20260908T003400_e8d4e0705ddb:direction:Logistic,direction,1,2026-09-08,,,,,,,,,,,,,,,,,4466.5,4439.0,,,,,,,,,,,,missing_reference,False,2026-09-24T03:10:09.841863+00:00
3,20260908T003400_e8d4e0705ddb,2026-09-08T00:34:06.872506+00:00,github-actions,823ac12bac50,2026-09-08,2026-09-07,6af3a7b84c588d305d00,9b0b1adcafba0fea37db,close_to_close,0.0044791944358592,{},,disabled,,,,,Ridge,20260908T003400_e8d4e0705ddb:price:1,price,1,2026-09-08,1거래일,1.0,4467.60009765625,있음,0.0002073578361887,4468.526489545457,4468.526489545457,4385.906200898537,4551.146778192377,0.781305114638448,simple,0.0086160904287779,0.0086314921905384,-3.574359927224442e-05,4.164326838658534e-06,0.4543233580542843,4466.5,4439.0,-0.0064016691357970945,,,29.52648954545657,29.52648954545657,0.006651608367978502,0.006609026971985794,1.0,29.52648954545657,,,scored,False,2026-09-24T03:10:09.841863+00:00
3,20260908T003400_e8d4e0705ddb,2026-09-08T00:34:06.872506+00:00,github-actions,823ac12bac50,2026-09-08,2026-09-07,6af3a7b84c588d305d00,9b0b1adcafba0fea37db,close_to_close,0.0044791944358592,{},,disabled,,,,,Ridge,20260908T003400_e8d4e0705ddb:price:5,price,5,2026-09-14,1주일,5.0,4467.60009765625,없음,,,4467.60009765625,4270.248414684367,4664.951780628133,0.7865961199294532,simple,0.0197323585673181,0.0200009848058643,0.0,0.0,0.0,4375.0,4351.89990234375,-0.025897616792782685,,,,,,,1.0,115.7001953125,,,scored,False,2026-09-24T03:10:09.841863+00:00
3,20260908T003400_e8d4e0705ddb,2026-09-08T00:34:06.872506+00:00,github-actions,823ac12bac50,2026-09-08,2026-09-07,6af3a7b84c588d305d00,9b0b1adcafba0fea37db,close_to_close,0.0044791944358592,{},,disabled,,,,,Ridge,20260908T003400_e8d4e0705ddb:price:20,price,20,2026-10-05,1개월,20.0,4467.60009765625,없음,,,4467.60009765625,4061.556005756688,4873.644189555812,0.7495575221238938,simple,0.0390888154726032,0.0402175958346561,0.0,0.0,0.0,4169.39990234375,4156.7998046875,-0.06956761710427017,,,,,,,1.0,310.80029296875,,,scored,False,2026-10-06T06:31:22.959310+00:00
3,20260908T005820_b059ecb4b01a,2026-09-08T00:58:34.251391+00:00,github-actions,823ac12bac50,2026-09-08,2026-09-07,4216b626855f9653b00f,9b0b1adcafba0fea37db,close_to_close,0.0044730018770058,{},,disabled,상승,0.29694542177197,0.3227719626537095,0.3802826155743204,Logistic,20260908T005820_b059ecb4b01a:direction:Logistic,direction,1,2026-09-08,,,,,,,,,,,,,,,,,4466.5,4439.0,,,,,,,,,,,,missing_reference,False,2026-09-24T03:10:09.841863+00:00
3,20260908T005820_b059ecb4b01a,2026-09-08T00:58:34.251391+00:00,github-actions,823ac12bac50,2026-09-08,2026-09-07,4216b626855f9653b00f,9b0b1adcafba0fea37db,close_to_close,0.0044730018770058,{},,disabled,,,,,Ridge,20260908T005820_b059ecb4b01a:price:1,price,1,2026-09-08,1거래일,1.0,4463.7998046875,있음,0.0002147033810615,4464.758197597948,4464.758197597948,4382.322315333353,4547.194079862544,0.781305114638448,simple,0.0086153339049701,0.0086307356713919,-3.5743601020460986e-05,4.164326356074231e-06,0.4543233663529812,4466.5,4439.0,-0.005555760959856992,,,25.75819759794831,25.75819759794831,0.005802702770432149,0.0057704643409184925,1.0,25.75819759794831,,,scored,False,2026-09-24T03:10:09.841863+00:00
3,20260908T005820_b059ecb4b01a,2026-09-08T00:58:34.251391+00:00,github-actions,823ac12bac50,2026-09-08,2026-09-07,4216b626855f9653b00f,9b0b1adcafba0fea37db,close_to_close,0.0044730018770058,{},,disabled,,,,,Ridge,20260908T005820_b059ecb4b01a:price:5,price,5,2026-09-14,1주일,5.0,4463.7998046875,없음,,,4463.7998046875,4266.888605595415,4660.711003779585,0.7865961199294532,simple,0.0197316022601324,0.020000228508716,0.0,0.0,0.0,4375.0,4351.89990234375,-0.025068306653502348,,,,,,,1.0,111.89990234375,,,scored,False,2026-09-24T03:10:09.841863+00:00
3,20260908T005820_b059ecb4b01a,2026-09-08T00:58:34.251391+00:00,github-actions,823ac12bac50,2026-09-08,2026-09-07,4216b626855f9653b00f,9b0b1adcafba0fea37db,close_to_close,0.0044730018770058,{},,disabled,,,,,Ridge,20260908T005820_b059ecb4b01a:price:20,price,20,2026-10-05,1개월,20.0,4463.7998046875,없음,,,4463.7998046875,4058.661992756143,4868.937616618858,0.7495575221238938,simple,0.0390880444614705,0.0402168248017629,0.0,0.0,0.0,4169.39990234375,4156.7998046875,-0.06877548578178061,,,,,,,1.0,307.0,,,scored,False,2026-10-06T06:31:22.959310+00:00
3,20260908T020029_f90cddbaead8,2026-09-08T02:00:41.019210+00:00,github-actions,823ac12bac50,2026-09-08,2026-09-07,cfd48a8c6ef4168bc040,9b0b1adcafba0fea37db,close_to_close,0.0045124725604549,{},,disabled,상승,0.2971418906266304,0.3262605889447862,0.3765975204285834,Logistic,20260908T020029_f90cddbaead8:direction:Logistic,direction,1,2026-09-08,,,,,,,,,,,,,,,,,4466.5,4439.0,,,,,,,,,,,,missing_reference,False,2026-09-24T03:10:09.841863+00:00
3,20260908T020029_f90cddbaead8,2026-09-08T02:00:41.019210+00:00,github-actions,823ac12bac50,2026-09-08,2026-09-07,cfd48a8c6ef4168bc040,9b0b1adcafba0fea37db,close_to_close,0.0045124725604549,{},,disabled,,,,,Ridge,20260908T020029_f90cddbaead8:price:1,price,1,2026-09-08,1거래일,1.0,4483.2998046875,있음,0.0001489106798544,4483.967415909408,4483.967415909408,4400.4408056633565,4567.494026155458,0.781305114638448,simple,0.0086192157434174,0.0086346175098392,-3.5743601020460986e-05,4.164326356074231e-06,0.4543233663529812,4466.5,4439.0,-0.009881071223740712,,,44.96741590940837,44.96741590940837,0.010130077925075101,0.010029981903595112,1.0,44.96741590940837,,,scored,False,2026-09-24T03:10:09.841863+00:00
3,20260908T020029_f90cddbaead8,2026-09-08T02:00:41.019210+00:00,github-actions,823ac12bac50,2026-09-08,2026-09-07,cfd48a8c6ef4168bc040,9b0b1adcafba0fea37db,close_to_close,0.0045124725604549,{},,disabled,,,,,Ridge,20260908T020029_f90cddbaead8:price:5,price,5,2026-09-14,1주일,5.0,4483.2998046875,없음,,,4483.2998046875,4283.783228557993,4682.816380817007,0.7865961199294532,simple,0.0197354829594659,0.0200041092080496,0.0,0.0,0.0,4375.0,4351.89990234375,-0.029308747589524398,,,,,,,1.0,131.39990234375,,,scored,False,2026-09-24T03:10:09.841863+00:00
3,20260908T020029_f90cddbaead8,2026-09-08T02:00:41.019210+00:00,github-actions,823ac12bac50,2026-09-08,2026-09-07,cfd48a8c6ef4168bc040,9b0b1adcafba0fea37db,close_to_close,0.0045124725604549,{},,disabled,,,,,Ridge,20260908T020029_f90cddbaead8:price:20,price,20,2026-10-05,1개월,20.0,4483.2998046875,없음,,,4483.2998046875,4072.801521858274,4893.798087516725,0.7495575221238938,simple,0.0390920007726129,0.0402207811129053,0.0,0.0,0.0,4169.39990234375,4156.7998046875,-0.07282582343893862,,,,,,,1.0,326.5,,,scored,False,2026-10-06T06:31:22.959310+00:00
3,20260908T040632_ea3b5752675a,2026-09-08T04:06:43.848066+00:00,github-actions,823ac12bac50,2026-09-07,2026-09-04,bd630aa42971306e535f,9b0b1adcafba0fea37db,close_to_close,0.0044578456364536,{},,disabled,상승,0.3126474231698926,0.3194993122607302,0.367853264569377,Logistic,20260908T040632_ea3b5752675a:direction:Logistic,direction,1,2026-09-07,,,,,,,,,,,,,,,,,,,,,,,,,,,,,,missing_actual,False,2026-09-24T03:10:09.841863+00:00
3,20260908T040632_ea3b5752675a,2026-09-08T04:06:43.848066+00:00,github-actions,823ac12bac50,2026-09-07,2026-09-04,bd630aa42971306e535f,9b0b1adcafba0fea37db,close_to_close,0.0044578456364536,{},,disabled,,,,,Ridge,20260908T040632_ea3b5752675a:price:1,price,1,2026-09-07,1거래일,1.0,4429.7998046875,있음,0.0001363997871521,4430.404028437986,4430.404028437986,4348.915394312247,4511.892662563727,0.781305114638448,simple,0.0086147234159191,0.0086301648293612,-3.606455657563609e-05,4.184665552031293e-06,0.4575634735155608,,,,,,,,,,,,,,missing_actual,False,2026-09-24T03:10:09.841863+00:00
3,20260908T040632_ea3b5752675a,2026-09-08T04:06:43.848066+00:00,github-actions,823ac12bac50,2026-09-07,2026-09-04,bd630aa42971306e535f,9b0b1adcafba0fea37db,close_to_close,0.0044578456364536,{},,disabled,,,,,Ridge,20260908T040632_ea3b5752675a:price:5,price,5,2026-09-11,1주일,5.0,4429.7998046875,없음,,,4429.7998046875,4234.923010165824,4624.676599209176,0.7864077669902912,simple,0.0197447496883291,0.0200113676414313,0.0,0.0,0.0,4359.39990234375,4408.89990234375,-0.0047180241241678855,,,,,,,1.0,20.89990234375,,,scored,False,2026-09-24T03:10:09.841863+00:00
3,20260908T040632_ea3b5752675a,2026-09-08T04:06:43.848066+00:00,github-actions,823ac12bac50,2026-09-07,2026-09-04,bd630aa42971306e535f,9b0b1adcafba0fea37db,close_to_close,0.0044578456364536,{},,disabled,,,,,Ridge,20260908T040632_ea3b5752675a:price:20,price,20,2026-10-02,1개월,20.0,4429.7998046875,없음,,,4429.7998046875,4029.562188837384,4830.0374205376165,0.7486725663716814,simple,0.0391418221647501,0.0402733083396546,0.0,0.0,0.0,4204.60009765625,4162.2998046875,-0.06038647609242709,,,,,,,1.0,267.5,,,scored,False,2026-10-03T05:27:56.917459+00:00
3,20260908T050219_3ee435f900a0,2026-09-08T05:02:34.103131+00:00,github-actions,823ac12bac50,2026-09-07,2026-09-04,bd630aa42971306e535f,9b0b1adcafba0fea37db,close_to_close,0.0044578456364536,{},,disabled,상승,0.3126474164350979,0.3194993217017938,0.3678532618631083,Logistic,20260908T050219_3ee435f900a0:direction:Logistic,direction,1,2026-09-07,,,,,,,,,,,,,,,,,,,,,,,,,,,,,,missing_actual,False,2026-09-24T03:10:09.841863+00:00
3,20260908T050219_3ee435f900a0,2026-09-08T05:02:34.103131+00:00,github-actions,823ac12bac50,2026-09-07,2026-09-04,bd630aa42971306e535f,9b0b1adcafba0fea37db,close_to_close,0.0044578456364536,{},,disabled,,,,,Ridge,20260908T050219_3ee435f900a0:price:1,price,1,2026-09-07,1거래일,1.0,4429.7998046875,있음,0.0001363998308079,4430.404028631372,4430.404028631372,4348.915394415049,4511.892662847695,0.781305114638448,simple,0.0086147234152507,0.0086301648293612,-3.606455685209812e-05,4.184665927672432e-06,0.4575634732279867,,,,,,,,,,,,,,missing_actual,False,2026-09-24T03:10:09.841863+00:00
3,20260908T050219_3ee435f900a0,2026-09-08T05:02:34.103131+00:00,github-actions,823ac12bac50,2026-09-07,2026-09-04,bd630aa42971306e535f,9b0b1adcafba0fea37db,close_to_close,0.0044578456364536,{},,disabled,,,,,Ridge,20260908T050219_3ee435f900a0:price:5,price,5,2026-09-11,1주일,5.0,4429.7998046875,없음,,,4429.7998046875,4234.923010165824,4624.676599209176,0.7864077669902912,simple,0.0197447496774802,0.0200113676414313,0.0,0.0,0.0,4359.39990234375,4408.89990234375,-0.0047180241241678855,,,,,,,1.0,20.89990234375,,,scored,False,2026-09-24T03:10:09.841863+00:00
3,20260908T050219_3ee435f900a0,2026-09-08T05:02:34.103131+00:00,github-actions,823ac12bac50,2026-09-07,2026-09-04,bd630aa42971306e535f,9b0b1adcafba0fea37db,close_to_close,0.0044578456364536,{},,disabled,,,,,Ridge,20260908T050219_3ee435f900a0:price:20,price,20,2026-10-02,1개월,20.0,4429.7998046875,없음,,,4429.7998046875,4029.562188837384,4830.0374205376165,0.7486725663716814,simple,0.0391418221715633,0.0402733083396546,0.0,0.0,0.0,4204.60009765625,4162.2998046875,-0.06038647609242709,,,,,,,1.0,267.5,,,scored,False,2026-10-03T05:27:56.917459+00:00
3,20260908T050704_6176a47c1a61,2026-09-08T05:07:13.131054+00:00,github-actions,823ac12bac50,2026-09-07,2026-09-04,bd630aa42971306e535f,9b0b1adcafba0fea37db,close_to_close,0.0044578456364536,{},,disabled,상승,0.3126474231698926,0.3194993122607302,0.367853264569377,Logistic,20260908T050704_6176a47c1a61:direction:Logistic,direction,1,2026-09-07,,,,,,,,,,,,,,,,,,,,,,,,,,,,,,missing_actual,False,2026-09-24T03:10:09.841863+00:00
3,20260908T050704_6176a47c1a61,2026-09-08T05:07:13.131054+00:00,github-actions,823ac12bac50,2026-09-07,2026-09-04,bd630aa42971306e535f,9b0b1adcafba0fea37db,close_to_close,0.0044578456364536,{},,disabled,,,,,Ridge,20260908T050704_6176a47c1a61:price:1,price,1,2026-09-07,1거래일,1.0,4429.7998046875,있음,0.0001363997871521,4430.404028437986,4430.404028437986,4348.915394312247,4511.892662563727,0.781305114638448,simple,0.0086147234159191,0.0086301648293612,-3.606455657563609e-05,4.184665552031293e-06,0.4575634735155608,,,,,,,,,,,,,,missing_actual,False,2026-09-24T03:10:09.841863+00:00
3,20260908T050704_6176a47c1a61,2026-09-08T05:07:13.131054+00:00,github-actions,823ac12bac50,2026-09-07,2026-09-04,bd630aa42971306e535f,9b0b1adcafba0fea37db,close_to_close,0.0044578456364536,{},,disabled,,,,,Ridge,20260908T050704_6176a47c1a61:price:5,price,5,2026-09-11,1주일,5.0,4429.7998046875,없음,,,4429.7998046875,4234.923010165824,4624.676599209176,0.7864077669902912,simple,0.0197447496883291,0.0200113676414313,0.0,0.0,0.0,4359.39990234375,4408.89990234375,-0.0047180241241678855,,,,,,,1.0,20.89990234375,,,scored,False,2026-09-24T03:10:09.841863+00:00
3,20260908T050704_6176a47c1a61,2026-09-08T05:07:13.131054+00:00,github-actions,823ac12bac50,2026-09-07,2026-09-04,bd630aa42971306e535f,9b0b1adcafba0fea37db,close_to_close,0.0044578456364536,{},,disabled,,,,,Ridge,20260908T050704_6176a47c1a61:price:20,price,20,2026-10-02,1개월,20.0,4429.7998046875,없음,,,4429.7998046875,4029.562188837384,4830.0374205376165,0.7486725663716814,simple,0.0391418221647501,0.0402733083396546,0.0,0.0,0.0,4204.60009765625,4162.2998046875,-0.06038647609242709,,,,,,,1.0,267.5,,,scored,False,2026-10-03T05:27:56.917459+00:00
3,20260908T052551_0aa27f0027f0,2026-09-08T05:26:02.289903+00:00,github-actions,823ac12bac50,2026-09-07,2026-09-04,bd630aa42971306e535f,9b0b1adcafba0fea37db,close_to_close,0.0044578456364536,{},,disabled,상승,0.3126474164350979,0.3194993217017938,0.3678532618631083,Logistic,20260908T052551_0aa27f0027f0:direction:Logistic,direction,1,2026-09-07,,,,,,,,,,,,,,,,,,,,,,,,,,,,,,missing_actual,False,2026-09-24T03:10:09.841863+00:00
3,20260908T052551_0aa27f0027f0,2026-09-08T05:26:02.289903+00:00,github-actions,823ac12bac50,2026-09-07,2026-09-04,bd630aa42971306e535f,9b0b1adcafba0fea37db,close_to_close,0.0044578456364536,{},,disabled,,,,,Ridge,20260908T052551_0aa27f0027f0:price:1,price,1,2026-09-07,1거래일,1.0,4429.7998046875,있음,0.0001363998308079,4430.404028631372,4430.404028631372,4348.915394415049,4511.892662847695,0.781305114638448,simple,0.0086147234152507,0.0086301648293612,-3.606455685209812e-05,4.184665927672432e-06,0.4575634732279867,,,,,,,,,,,,,,missing_actual,False,2026-09-24T03:10:09.841863+00:00
3,20260908T052551_0aa27f0027f0,2026-09-08T05:26:02.289903+00:00,github-actions,823ac12bac50,2026-09-07,2026-09-04,bd630aa42971306e535f,9b0b1adcafba0fea37db,close_to_close,0.0044578456364536,{},,disabled,,,,,Ridge,20260908T052551_0aa27f0027f0:price:5,price,5,2026-09-11,1주일,5.0,4429.7998046875,없음,,,4429.7998046875,4234.923010165824,4624.676599209176,0.7864077669902912,simple,0.0197447496774802,0.0200113676414313,0.0,0.0,0.0,4359.39990234375,4408.89990234375,-0.0047180241241678855,,,,,,,1.0,20.89990234375,,,scored,False,2026-09-24T03:10:09.841863+00:00
3,20260908T052551_0aa27f0027f0,2026-09-08T05:26:02.289903+00:00,github-actions,823ac12bac50,2026-09-07,2026-09-04,bd630aa42971306e535f,9b0b1adcafba0fea37db,close_to_close,0.0044578456364536,{},,disabled,,,,,Ridge,20260908T052551_0aa27f0027f0:price:20,price,20,2026-10-02,1개월,20.0,4429.7998046875,없음,,,4429.7998046875,4029.562188837384,4830.0374205376165,0.7486725663716814,simple,0.0391418221715633,0.0402733083396546,0.0,0.0,0.0,4204.60009765625,4162.2998046875,-0.06038647609242709,,,,,,,1.0,267.5,,,scored,False,2026-10-03T05:27:56.917459+00:00
3,20260908T054636_68501c9e3d36,2026-09-08T05:46:49.161793+00:00,github-actions,823ac12bac50,2026-09-07,2026-09-04,bd630aa42971306e535f,9b0b1adcafba0fea37db,close_to_close,0.0044578456364536,{},,disabled,상승,0.3126474164350979,0.3194993217017938,0.3678532618631083,Logistic,20260908T054636_68501c9e3d36:direction:Logistic,direction,1,2026-09-07,,,,,,,,,,,,,,,,,,,,,,,,,,,,,,missing_actual,False,2026-09-24T03:10:09.841863+00:00
3,20260908T054636_68501c9e3d36,2026-09-08T05:46:49.161793+00:00,github-actions,823ac12bac50,2026-09-07,2026-09-04,bd630aa42971306e535f,9b0b1adcafba0fea37db,close_to_close,0.0044578456364536,{},,disabled,,,,,Ridge,20260908T054636_68501c9e3d36:price:1,price,1,2026-09-07,1거래일,1.0,4429.7998046875,있음,0.0001363998308079,4430.404028631372,4430.404028631372,4348.915394415049,4511.892662847695,0.781305114638448,simple,0.0086147234152507,0.0086301648293612,-3.606455685209812e-05,4.184665927672432e-06,0.4575634732279867,,,,,,,,,,,,,,missing_actual,False,2026-09-24T03:10:09.841863+00:00
3,20260908T054636_68501c9e3d36,2026-09-08T05:46:49.161793+00:00,github-actions,823ac12bac50,2026-09-07,2026-09-04,bd630aa42971306e535f,9b0b1adcafba0fea37db,close_to_close,0.0044578456364536,{},,disabled,,,,,Ridge,20260908T054636_68501c9e3d36:price:5,price,5,2026-09-11,1주일,5.0,4429.7998046875,없음,,,4429.7998046875,4234.923010165824,4624.676599209176,0.7864077669902912,simple,0.0197447496774802,0.0200113676414313,0.0,0.0,0.0,4359.39990234375,4408.89990234375,-0.0047180241241678855,,,,,,,1.0,20.89990234375,,,scored,False,2026-09-24T03:10:09.841863+00:00
3,20260908T054636_68501c9e3d36,2026-09-08T05:46:49.161793+00:00,github-actions,823ac12bac50,2026-09-07,2026-09-04,bd630aa42971306e535f,9b0b1adcafba0fea37db,close_to_close,0.0044578456364536,{},,disabled,,,,,Ridge,20260908T054636_68501c9e3d36:price:20,price,20,2026-10-02,1개월,20.0,4429.7998046875,없음,,,4429.7998046875,4029.562188837384,4830.0374205376165,0.7486725663716814,simple,0.0391418221715633,0.0402733083396546,0.0,0.0,0.0,4204.60009765625,4162.2998046875,-0.06038647609242709,,,,,,,1.0,267.5,,,scored,False,2026-10-03T05:27:56.917459+00:00
3,20260908T060030_17dd11b213a8,2026-09-08T06:00:41.279792+00:00,github-actions,823ac12bac50,2026-09-07,2026-09-04,bd630aa42971306e535f,9b0b1adcafba0fea37db,close_to_close,0.0044578456364536,{},,disabled,상승,0.3126474164350979,0.3194993217017938,0.3678532618631083,Logistic,20260908T060030_17dd11b213a8:direction:Logistic,direction,1,2026-09-07,,,,,,,,,,,,,,,,,,,,,,,,,,,,,,missing_actual,False,2026-09-24T03:10:09.841863+00:00
3,20260908T060030_17dd11b213a8,2026-09-08T06:00:41.279792+00:00,github-actions,823ac12bac50,2026-09-07,2026-09-04,bd630aa42971306e535f,9b0b1adcafba0fea37db,close_to_close,0.0044578456364536,{},,disabled,,,,,Ridge,20260908T060030_17dd11b213a8:price:1,price,1,2026-09-07,1거래일,1.0,4429.7998046875,있음,0.0001363998308079,4430.404028631372,4430.404028631372,4348.915394415049,4511.892662847695,0.781305114638448,simple,0.0086147234152507,0.0086301648293612,-3.606455685209812e-05,4.184665927672432e-06,0.4575634732279867,,,,,,,,,,,,,,missing_actual,False,2026-09-24T03:10:09.841863+00:00
3,20260908T060030_17dd11b213a8,2026-09-08T06:00:41.279792+00:00,github-actions,823ac12bac50,2026-09-07,2026-09-04,bd630aa42971306e535f,9b0b1adcafba0fea37db,close_to_close,0.0044578456364536,{},,disabled,,,,,Ridge,20260908T060030_17dd11b213a8:price:5,price,5,2026-09-11,1주일,5.0,4429.7998046875,없음,,,4429.7998046875,4234.923010165824,4624.676599209176,0.7864077669902912,simple,0.0197447496774802,0.0200113676414313,0.0,0.0,0.0,4359.39990234375,4408.89990234375,-0.0047180241241678855,,,,,,,1.0,20.89990234375,,,scored,False,2026-09-24T03:10:09.841863+00:00
3,20260908T060030_17dd11b213a8,2026-09-08T06:00:41.279792+00:00,github-actions,823ac12bac50,2026-09-07,2026-09-04,bd630aa42971306e535f,9b0b1adcafba0fea37db,close_to_close,0.0044578456364536,{},,disabled,,,,,Ridge,20260908T060030_17dd11b213a8:price:20,price,20,2026-10-02,1개월,20.0,4429.7998046875,없음,,,4429.7998046875,4029.562188837384,4830.0374205376165,0.7486725663716814,simple,0.0391418221715633,0.0402733083396546,0.0,0.0,0.0,4204.60009765625,4162.2998046875,-0.06038647609242709,,,,,,,1.0,267.5,,,scored,False,2026-10-03T05:27:56.917459+00:00
3,20260908T070818_c5cc87c589ee,2026-09-08T07:08:28.728578+00:00,github-actions,823ac12bac50,2026-09-07,2026-09-04,bd630aa42971306e535f,9b0b1adcafba0fea37db,close_to_close,0.0044578456364536,{},,disabled,상승,0.3126474231698926,0.3194993122607302,0.367853264569377,Logistic,20260908T070818_c5cc87c589ee:direction:Logistic,direction,1,2026-09-07,,,,,,,,,,,,,,,,,,,,,,,,,,,,,,missing_actual,False,2026-09-24T03:10:09.841863+00:00
3,20260908T070818_c5cc87c589ee,2026-09-08T07:08:28.728578+00:00,github-actions,823ac12bac50,2026-09-07,2026-09-04,bd630aa42971306e535f,9b0b1adcafba0fea37db,close_to_close,0.0044578456364536,{},,disabled,,,,,Ridge,20260908T070818_c5cc87c589ee:price:1,price,1,2026-09-07,1거래일,1.0,4429.7998046875,있음,0.0001363997871521,4430.404028437986,4430.404028437986,4348.915394312247,4511.892662563727,0.781305114638448,simple,0.0086147234159191,0.0086301648293612,-3.606455657563609e-05,4.184665552031293e-06,0.4575634735155608,,,,,,,,,,,,,,missing_actual,False,2026-09-24T03:10:09.841863+00:00
3,20260908T070818_c5cc87c589ee,2026-09-08T07:08:28.728578+00:00,github-actions,823ac12bac50,2026-09-07,2026-09-04,bd630aa42971306e535f,9b0b1adcafba0fea37db,close_to_close,0.0044578456364536,{},,disabled,,,,,Ridge,20260908T070818_c5cc87c589ee:price:5,price,5,2026-09-11,1주일,5.0,4429.7998046875,없음,,,4429.7998046875,4234.923010165824,4624.676599209176,0.7864077669902912,simple,0.0197447496883291,0.0200113676414313,0.0,0.0,0.0,4359.39990234375,4408.89990234375,-0.0047180241241678855,,,,,,,1.0,20.89990234375,,,scored,False,2026-09-24T03:10:09.841863+00:00
3,20260908T070818_c5cc87c589ee,2026-09-08T07:08:28.728578+00:00,github-actions,823ac12bac50,2026-09-07,2026-09-04,bd630aa42971306e535f,9b0b1adcafba0fea37db,close_to_close,0.0044578456364536,{},,disabled,,,,,Ridge,20260908T070818_c5cc87c589ee:price:20,price,20,2026-10-02,1개월,20.0,4429.7998046875,없음,,,4429.7998046875,4029.562188837384,4830.0374205376165,0.7486725663716814,simple,0.0391418221647501,0.0402733083396546,0.0,0.0,0.0,4204.60009765625,4162.2998046875,-0.06038647609242709,,,,,,,1.0,267.5,,,scored,False,2026-10-03T05:27:56.917459+00:00
3,20260908T072215_d59d38c97f9c,2026-09-08T07:22:26.523976+00:00,github-actions,823ac12bac50,2026-09-07,2026-09-04,bd630aa42971306e535f,9b0b1adcafba0fea37db,close_to_close,0.0044578456364536,{},,disabled,상승,0.3126474164350979,0.3194993217017938,0.3678532618631083,Logistic,20260908T072215_d59d38c97f9c:direction:Logistic,direction,1,2026-09-07,,,,,,,,,,,,,,,,,,,,,,,,,,,,,,missing_actual,False,2026-09-24T03:10:09.841863+00:00
3,20260908T072215_d59d38c97f9c,2026-09-08T07:22:26.523976+00:00,github-actions,823ac12bac50,2026-09-07,2026-09-04,bd630aa42971306e535f,9b0b1adcafba0fea37db,close_to_close,0.0044578456364536,{},,disabled,,,,,Ridge,20260908T072215_d59d38c97f9c:price:1,price,1,2026-09-07,1거래일,1.0,4429.7998046875,있음,0.0001363998308079,4430.404028631372,4430.404028631372,4348.915394415049,4511.892662847695,0.781305114638448,simple,0.0086147234152507,0.0086301648293612,-3.606455685209812e-05,4.184665927672432e-06,0.4575634732279867,,,,,,,,,,,,,,missing_actual,False,2026-09-24T03:10:09.841863+00:00
3,20260908T072215_d59d38c97f9c,2026-09-08T07:22:26.523976+00:00,github-actions,823ac12bac50,2026-09-07,2026-09-04,bd630aa42971306e535f,9b0b1adcafba0fea37db,close_to_close,0.0044578456364536,{},,disabled,,,,,Ridge,20260908T072215_d59d38c97f9c:price:5,price,5,2026-09-11,1주일,5.0,4429.7998046875,없음,,,4429.7998046875,4234.923010165824,4624.676599209176,0.7864077669902912,simple,0.0197447496774802,0.0200113676414313,0.0,0.0,0.0,4359.39990234375,4408.89990234375,-0.0047180241241678855,,,,,,,1.0,20.89990234375,,,scored,False,2026-09-24T03:10:09.841863+00:00
3,20260908T072215_d59d38c97f9c,2026-09-08T07:22:26.523976+00:00,github-actions,823ac12bac50,2026-09-07,2026-09-04,bd630aa42971306e535f,9b0b1adcafba0fea37db,close_to_close,0.0044578456364536,{},,disabled,,,,,Ridge,20260908T072215_d59d38c97f9c:price:20,price,20,2026-10-02,1개월,20.0,4429.7998046875,없음,,,4429.7998046875,4029.562188837384,4830.0374205376165,0.7486725663716814,simple,0.0391418221715633,0.0402733083396546,0.0,0.0,0.0,4204.60009765625,4162.2998046875,-0.06038647609242709,,,,,,,1.0,267.5,,,scored,False,2026-10-03T05:27:56.917459+00:00
3,20260908T073600_3a316b35dd1f,2026-09-08T07:36:12.817547+00:00,github-actions,823ac12bac50,2026-09-07,2026-09-04,bd630aa42971306e535f,9b0b1adcafba0fea37db,close_to_close,0.0044578456364536,{},,disabled,상승,0.3126474164350979,0.3194993217017938,0.3678532618631083,Logistic,20260908T073600_3a316b35dd1f:direction:Logistic,direction,1,2026-09-07,,,,,,,,,,,,,,,,,,,,,,,,,,,,,,missing_actual,False,2026-09-24T03:10:09.841863+00:00
3,20260908T073600_3a316b35dd1f,2026-09-08T07:36:12.817547+00:00,github-actions,823ac12bac50,2026-09-07,2026-09-04,bd630aa42971306e535f,9b0b1adcafba0fea37db,close_to_close,0.0044578456364536,{},,disabled,,,,,Ridge,20260908T073600_3a316b35dd1f:price:1,price,1,2026-09-07,1거래일,1.0,4429.7998046875,있음,0.0001363998308079,4430.404028631372,4430.404028631372,4348.915394415049,4511.892662847695,0.781305114638448,simple,0.0086147234152507,0.0086301648293612,-3.606455685209812e-05,4.184665927672432e-06,0.4575634732279867,,,,,,,,,,,,,,missing_actual,False,2026-09-24T03:10:09.841863+00:00
3,20260908T073600_3a316b35dd1f,2026-09-08T07:36:12.817547+00:00,github-actions,823ac12bac50,2026-09-07,2026-09-04,bd630aa42971306e535f,9b0b1adcafba0fea37db,close_to_close,0.0044578456364536,{},,disabled,,,,,Ridge,20260908T073600_3a316b35dd1f:price:5,price,5,2026-09-11,1주일,5.0,4429.7998046875,없음,,,4429.7998046875,4234.923010165824,4624.676599209176,0.7864077669902912,simple,0.0197447496774802,0.0200113676414313,0.0,0.0,0.0,4359.39990234375,4408.89990234375,-0.0047180241241678855,,,,,,,1.0,20.89990234375,,,scored,False,2026-09-24T03:10:09.841863+00:00
3,20260908T073600_3a316b35dd1f,2026-09-08T07:36:12.817547+00:00,github-actions,823ac12bac50,2026-09-07,2026-09-04,bd630aa42971306e535f,9b0b1adcafba0fea37db,close_to_close,0.0044578456364536,{},,disabled,,,,,Ridge,20260908T073600_3a316b35dd1f:price:20,price,20,2026-10-02,1개월,20.0,4429.7998046875,없음,,,4429.7998046875,4029.562188837384,4830.0374205376165,0.7486725663716814,simple,0.0391418221715633,0.0402733083396546,0.0,0.0,0.0,4204.60009765625,4162.2998046875,-0.06038647609242709,,,,,,,1.0,267.5,,,scored,False,2026-10-03T05:27:56.917459+00:00
3,20260908T080025_143aedb7f573,2026-09-08T08:00:36.964583+00:00,github-actions,823ac12bac50,2026-09-07,2026-09-04,bd630aa42971306e535f,9b0b1adcafba0fea37db,close_to_close,0.0044578456364536,{},,disabled,상승,0.3126474164350979,0.3194993217017938,0.3678532618631083,Logistic,20260908T080025_143aedb7f573:direction:Logistic,direction,1,2026-09-07,,,,,,,,,,,,,,,,,,,,,,,,,,,,,,missing_actual,False,2026-09-24T03:10:09.841863+00:00
3,20260908T080025_143aedb7f573,2026-09-08T08:00:36.964583+00:00,github-actions,823ac12bac50,2026-09-07,2026-09-04,bd630aa42971306e535f,9b0b1adcafba0fea37db,close_to_close,0.0044578456364536,{},,disabled,,,,,Ridge,20260908T080025_143aedb7f573:price:1,price,1,2026-09-07,1거래일,1.0,4429.7998046875,있음,0.0001363998308079,4430.404028631372,4430.404028631372,4348.915394415049,4511.892662847695,0.781305114638448,simple,0.0086147234152507,0.0086301648293612,-3.606455685209812e-05,4.184665927672432e-06,0.4575634732279867,,,,,,,,,,,,,,missing_actual,False,2026-09-24T03:10:09.841863+00:00
3,20260908T080025_143aedb7f573,2026-09-08T08:00:36.964583+00:00,github-actions,823ac12bac50,2026-09-07,2026-09-04,bd630aa42971306e535f,9b0b1adcafba0fea37db,close_to_close,0.0044578456364536,{},,disabled,,,,,Ridge,20260908T080025_143aedb7f573:price:5,price,5,2026-09-11,1주일,5.0,4429.7998046875,없음,,,4429.7998046875,4234.923010165824,4624.676599209176,0.7864077669902912,simple,0.0197447496774802,0.0200113676414313,0.0,0.0,0.0,4359.39990234375,4408.89990234375,-0.0047180241241678855,,,,,,,1.0,20.89990234375,,,scored,False,2026-09-24T03:10:09.841863+00:00
3,20260908T080025_143aedb7f573,2026-09-08T08:00:36.964583+00:00,github-actions,823ac12bac50,2026-09-07,2026-09-04,bd630aa42971306e535f,9b0b1adcafba0fea37db,close_to_close,0.0044578456364536,{},,disabled,,,,,Ridge,20260908T080025_143aedb7f573:price:20,price,20,2026-10-02,1개월,20.0,4429.7998046875,없음,,,4429.7998046875,4029.562188837384,4830.0374205376165,0.7486725663716814,simple,0.0391418221715633,0.0402733083396546,0.0,0.0,0.0,4204.60009765625,4162.2998046875,-0.06038647609242709,,,,,,,1.0,267.5,,,scored,False,2026-10-03T05:27:56.917459+00:00
3,20260908T082120_5508b0b70db0,2026-09-08T08:21:31.623695+00:00,github-actions,823ac12bac50,2026-09-07,2026-09-04,bd630aa42971306e535f,9b0b1adcafba0fea37db,close_to_close,0.0044578456364536,{},,disabled,상승,0.3126474164350979,0.3194993217017938,0.3678532618631083,Logistic,20260908T082120_5508b0b70db0:direction:Logistic,direction,1,2026-09-07,,,,,,,,,,,,,,,,,,,,,,,,,,,,,,missing_actual,False,2026-09-24T03:10:09.841863+00:00
3,20260908T082120_5508b0b70db0,2026-09-08T08:21:31.623695+00:00,github-actions,823ac12bac50,2026-09-07,2026-09-04,bd630aa42971306e535f,9b0b1adcafba0fea37db,close_to_close,0.0044578456364536,{},,disabled,,,,,Ridge,20260908T082120_5508b0b70db0:price:1,price,1,2026-09-07,1거래일,1.0,4429.7998046875,있음,0.0001363998308079,4430.404028631372,4430.404028631372,4348.915394415049,4511.892662847695,0.781305114638448,simple,0.0086147234152507,0.0086301648293612,-3.606455685209812e-05,4.184665927672432e-06,0.4575634732279867,,,,,,,,,,,,,,missing_actual,False,2026-09-24T03:10:09.841863+00:00
3,20260908T082120_5508b0b70db0,2026-09-08T08:21:31.623695+00:00,github-actions,823ac12bac50,2026-09-07,2026-09-04,bd630aa42971306e535f,9b0b1adcafba0fea37db,close_to_close,0.0044578456364536,{},,disabled,,,,,Ridge,20260908T082120_5508b0b70db0:price:5,price,5,2026-09-11,1주일,5.0,4429.7998046875,없음,,,4429.7998046875,4234.923010165824,4624.676599209176,0.7864077669902912,simple,0.0197447496774802,0.0200113676414313,0.0,0.0,0.0,4359.39990234375,4408.89990234375,-0.0047180241241678855,,,,,,,1.0,20.89990234375,,,scored,False,2026-09-24T03:10:09.841863+00:00
3,20260908T082120_5508b0b70db0,2026-09-08T08:21:31.623695+00:00,github-actions,823ac12bac50,2026-09-07,2026-09-04,bd630aa42971306e535f,9b0b1adcafba0fea37db,close_to_close,0.0044578456364536,{},,disabled,,,,,Ridge,20260908T082120_5508b0b70db0:price:20,price,20,2026-10-02,1개월,20.0,4429.7998046875,없음,,,4429.7998046875,4029.562188837384,4830.0374205376165,0.7486725663716814,simple,0.0391418221715633,0.0402733083396546,0.0,0.0,0.0,4204.60009765625,4162.2998046875,-0.06038647609242709,,,,,,,1.0,267.5,,,scored,False,2026-10-03T05:27:56.917459+00:00
3,20260908T104944_e77a22058de3,2026-09-08T10:49:55.063334+00:00,github-actions,823ac12bac50,2026-09-07,2026-09-04,bd630aa42971306e535f,9b0b1adcafba0fea37db,close_to_close,0.0044578456364536,{},,disabled,상승,0.3126474164350979,0.3194993217017938,0.3678532618631083,Logistic,20260908T104944_e77a22058de3:direction:Logistic,direction,1,2026-09-07,,,,,,,,,,,,,,,,,,,,,,,,,,,,,,missing_actual,False,2026-09-24T03:10:09.841863+00:00
3,20260908T104944_e77a22058de3,2026-09-08T10:49:55.063334+00:00,github-actions,823ac12bac50,2026-09-07,2026-09-04,bd630aa42971306e535f,9b0b1adcafba0fea37db,close_to_close,0.0044578456364536,{},,disabled,,,,,Ridge,20260908T104944_e77a22058de3:price:1,price,1,2026-09-07,1거래일,1.0,4429.7998046875,있음,0.0001363998308079,4430.404028631372,4430.404028631372,4348.915394415049,4511.892662847695,0.781305114638448,simple,0.0086147234152507,0.0086301648293612,-3.606455685209812e-05,4.184665927672432e-06,0.4575634732279867,,,,,,,,,,,,,,missing_actual,False,2026-09-24T03:10:09.841863+00:00
3,20260908T104944_e77a22058de3,2026-09-08T10:49:55.063334+00:00,github-actions,823ac12bac50,2026-09-07,2026-09-04,bd630aa42971306e535f,9b0b1adcafba0fea37db,close_to_close,0.0044578456364536,{},,disabled,,,,,Ridge,20260908T104944_e77a22058de3:price:5,price,5,2026-09-11,1주일,5.0,4429.7998046875,없음,,,4429.7998046875,4234.923010165824,4624.676599209176,0.7864077669902912,simple,0.0197447496774802,0.0200113676414313,0.0,0.0,0.0,4359.39990234375,4408.89990234375,-0.0047180241241678855,,,,,,,1.0,20.89990234375,,,scored,False,2026-09-24T03:10:09.841863+00:00
3,20260908T104944_e77a22058de3,2026-09-08T10:49:55.063334+00:00,github-actions,823ac12bac50,2026-09-07,2026-09-04,bd630aa42971306e535f,9b0b1adcafba0fea37db,close_to_close,0.0044578456364536,{},,disabled,,,,,Ridge,20260908T104944_e77a22058de3:price:20,price,20,2026-10-02,1개월,20.0,4429.7998046875,없음,,,4429.7998046875,4029.562188837384,4830.0374205376165,0.7486725663716814,simple,0.0391418221715633,0.0402733083396546,0.0,0.0,0.0,4204.60009765625,4162.2998046875,-0.06038647609242709,,,,,,,1.0,267.5,,,scored,False,2026-10-03T05:27:56.917459+00:00
3,20260908T111421_45fad4ac8758,2026-09-08T11:14:32.870914+00:00,github-actions,823ac12bac50,2026-09-07,2026-09-04,bd630aa42971306e535f,9b0b1adcafba0fea37db,close_to_close,0.0044578456364536,{},,disabled,상승,0.3126474164350979,0.3194993217017938,0.3678532618631083,Logistic,20260908T111421_45fad4ac8758:direction:Logistic,direction,1,2026-09-07,,,,,,,,,,,,,,,,,,,,,,,,,,,,,,missing_actual,False,2026-09-24T03:10:09.841863+00:00
3,20260908T111421_45fad4ac8758,2026-09-08T11:14:32.870914+00:00,github-actions,823ac12bac50,2026-09-07,2026-09-04,bd630aa42971306e535f,9b0b1adcafba0fea37db,close_to_close,0.0044578456364536,{},,disabled,,,,,Ridge,20260908T111421_45fad4ac8758:price:1,price,1,2026-09-07,1거래일,1.0,4429.7998046875,있음,0.0001363998308079,4430.404028631372,4430.404028631372,4348.915394415049,4511.892662847695,0.781305114638448,simple,0.0086147234152507,0.0086301648293612,-3.606455685209812e-05,4.184665927672432e-06,0.4575634732279867,,,,,,,,,,,,,,missing_actual,False,2026-09-24T03:10:09.841863+00:00
3,20260908T111421_45fad4ac8758,2026-09-08T11:14:32.870914+00:00,github-actions,823ac12bac50,2026-09-07,2026-09-04,bd630aa42971306e535f,9b0b1adcafba0fea37db,close_to_close,0.0044578456364536,{},,disabled,,,,,Ridge,20260908T111421_45fad4ac8758:price:5,price,5,2026-09-11,1주일,5.0,4429.7998046875,없음,,,4429.7998046875,4234.923010165824,4624.676599209176,0.7864077669902912,simple,0.0197447496774802,0.0200113676414313,0.0,0.0,0.0,4359.39990234375,4408.89990234375,-0.0047180241241678855,,,,,,,1.0,20.89990234375,,,scored,False,2026-09-24T03:10:09.841863+00:00
3,20260908T111421_45fad4ac8758,2026-09-08T11:14:32.870914+00:00,github-actions,823ac12bac50,2026-09-07,2026-09-04,bd630aa42971306e535f,9b0b1adcafba0fea37db,close_to_close,0.0044578456364536,{},,disabled,,,,,Ridge,20260908T111421_45fad4ac8758:price:20,price,20,2026-10-02,1개월,20.0,4429.7998046875,없음,,,4429.7998046875,4029.562188837384,4830.0374205376165,0.7486725663716814,simple,0.0391418221715633,0.0402733083396546,0.0,0.0,0.0,4204.60009765625,4162.2998046875,-0.06038647609242709,,,,,,,1.0,267.5,,,scored,False,2026-10-03T05:27:56.917459+00:00
3,20260908T232703_7eead13c528b,2026-09-08T23:27:15.929962+00:00,github-actions,823ac12bac50,2026-09-09,2026-09-08,3c31a4f3288d7234b6ba,9b0b1adcafba0fea37db,close_to_close,0.0044862853111975,{},,disabled,상승,0.2942414433287723,0.3338735984843352,0.3718849581868925,Logistic,20260908T232703_7eead13c528b:direction:Logistic,direction,1,2026-09-09,,,,,,,,,,,,,,,,,4399.0,4460.7001953125,0.004888532397499423,2.0,1.0,,,,,,,0.9891707247230813,0.5925781124889599,scored,True,2026-09-24T03:10:09.841863+00:00
3,20260908T232703_7eead13c528b,2026-09-08T23:27:15.929962+00:00,github-actions,823ac12bac50,2026-09-09,2026-09-08,3c31a4f3288d7234b6ba,9b0b1adcafba0fea37db,close_to_close,0.0044862853111975,{},,disabled,,,,,Ridge,20260908T232703_7eead13c528b:price:1,price,1,2026-09-09,1거래일,1.0,4396.2998046875,있음,0.0002991362125612,4397.614897160358,4397.614897160358,4316.184473921335,4479.045320399381,0.781305114638448,simple,0.0086156176244702,0.0086306361370727,-3.5481005480217e-05,4.164326356074231e-06,0.4543233663529812,4399.0,4460.7001953125,0.014648771350018963,,,-63.08529815214206,63.08529815214206,0.014142465395552669,-0.014349635137457763,1.0,-63.08529815214206,,,scored,True,2026-09-24T03:10:09.841863+00:00
3,20260908T232703_7eead13c528b,2026-09-08T23:27:15.929962+00:00,github-actions,823ac12bac50,2026-09-09,2026-09-08,3c31a4f3288d7234b6ba,9b0b1adcafba0fea37db,close_to_close,0.0044862853111975,{},,disabled,,,,,Ridge,20260908T232703_7eead13c528b:price:5,price,5,2026-09-15,1주일,5.0,4396.2998046875,없음,,,4396.2998046875,4201.790304187394,4590.809305187606,0.7865961199294532,simple,0.0197362626171357,0.0200006465467903,0.0,0.0,0.0,4340.2998046875,4332.7998046875,-0.014443964884354288,,,,,,,1.0,63.5,,,scored,True,2026-09-24T03:10:09.841863+00:00
3,20260908T232703_7eead13c528b,2026-09-08T23:27:15.929962+00:00,github-actions,823ac12bac50,2026-09-09,2026-09-08,3c31a4f3288d7234b6ba,9b0b1adcafba0fea37db,close_to_close,0.0044862853111975,{},,disabled,,,,,Ridge,20260908T232703_7eead13c528b:price:20,price,20,2026-10-06,1개월,20.0,4396.2998046875,없음,,,4396.2998046875,3996.103402472599,4796.496206902401,0.7495575221238938,simple,0.0390743495382854,0.0402031298785777,0.0,0.0,0.0,4169.2001953125,4187.10009765625,-0.04758540507364706,,,,,,,1.0,209.19970703125,,,scored,True,2026-10-07T05:38:09.599490+00:00
3,20260908T234431_656ddacf9a0b,2026-09-08T23:44:42.835064+00:00,github-actions,823ac12bac50,2026-09-09,2026-09-08,142158089c82a7c64fae,9b0b1adcafba0fea37db,close_to_close,0.0044745417602302,{},,disabled,상승,0.2945499970821478,0.3334224915002551,0.3720275114175969,Logistic,20260908T234431_656ddacf9a0b:direction:Logistic,direction,1,2026-09-09,,,,,,,,,,,,,,,,,4399.0,4460.7001953125,0.004888532397499423,2.0,1.0,,,,,,,0.9887874720199104,0.5922797050357074,scored,True,2026-09-24T03:10:09.841863+00:00
3,20260908T234431_656ddacf9a0b,2026-09-08T23:44:42.835064+00:00,github-actions,823ac12bac50,2026-09-09,2026-09-08,142158089c82a7c64fae,9b0b1adcafba0fea37db,close_to_close,0.0044745417602302,{},,disabled,,,,,Ridge,20260908T234431_656ddacf9a0b:price:1,price,1,2026-09-09,1거래일,1.0,4403.0,있음,0.0002907038724515,4404.279969150404,4404.279969150404,4322.938923290225,4485.621015010584,0.781305114638448,simple,0.0086142838257128,0.0086293023383153,-3.5481005480217e-05,4.164326356074231e-06,0.4543233663529812,4399.0,4460.7001953125,0.013104745698955256,,,-56.42022616209579,56.42022616209579,0.012648289212842558,-0.012814041826503756,1.0,-56.42022616209579,,,scored,True,2026-09-24T03:10:09.841863+00:00
3,20260908T234431_656ddacf9a0b,2026-09-08T23:44:42.835064+00:00,github-actions,823ac12bac50,2026-09-09,2026-09-08,142158089c82a7c64fae,9b0b1adcafba0fea37db,close_to_close,0.0044745417602302,{},,disabled,,,,,Ridge,20260908T234431_656ddacf9a0b:price:5,price,5,2026-09-15,1주일,5.0,4403.0,없음,,,4403.0,4208.703991566167,4597.296008433834,0.7865961199294532,simple,0.0197349292097775,0.0199993131394321,0.0,0.0,0.0,4340.2998046875,4332.7998046875,-0.01594371912616399,,,,,,,1.0,70.2001953125,,,scored,True,2026-09-24T03:10:09.841863+00:00
3,20260908T234431_656ddacf9a0b,2026-09-08T23:44:42.835064+00:00,github-actions,823ac12bac50,2026-09-09,2026-09-08,142158089c82a7c64fae,9b0b1adcafba0fea37db,close_to_close,0.0044745417602302,{},,disabled,,,,,Ridge,20260908T234431_656ddacf9a0b:price:20,price,20,2026-10-06,1개월,20.0,4403.0,없음,,,4403.0,4003.242850143489,4802.757149856511,0.7495575221238938,simple,0.0390757089258429,0.0402044892661352,0.0,0.0,0.0,4169.2001953125,4187.10009765625,-0.049034726855269106,,,,,,,1.0,215.89990234375,,,scored,True,2026-10-07T05:38:09.599490+00:00
3,20260908T235743_40f5f4c9d459,2026-09-08T23:57:55.070788+00:00,github-actions,823ac12bac50,2026-09-09,2026-09-08,8c7ae2aa60c70ce02b21,9b0b1adcafba0fea37db,close_to_close,0.0044796935278438,{},,disabled,상승,0.2938003110574829,0.3346297035910954,0.3715699853514216,Logistic,20260908T235743_40f5f4c9d459:direction:Logistic,direction,1,2026-09-09,,,,,,,,,,,,,,,,,4399.0,4460.7001953125,0.004888532397499423,2.0,1.0,,,,,,,0.9900180466947842,0.5932199446141506,scored,True,2026-09-24T03:10:09.841863+00:00
3,20260908T235743_40f5f4c9d459,2026-09-08T23:57:55.070788+00:00,github-actions,823ac12bac50,2026-09-09,2026-09-08,8c7ae2aa60c70ce02b21,9b0b1adcafba0fea37db,close_to_close,0.0044796935278438,{},,disabled,,,,,Ridge,20260908T235743_40f5f4c9d459:price:1,price,1,2026-09-09,1거래일,1.0,4399.89990234375,있음,0.0003091801772825,4401.260264175582,4401.260264175582,4319.882903390473,4482.637624960692,0.781305114638448,simple,0.0086149009579319,0.0086299194705344,-3.5481005480217e-05,4.164326356074231e-06,0.4543233663529812,4399.0,4460.7001953125,0.013818562766930942,,,-59.43993113691795,59.43993113691795,0.013325246829943883,-0.013509382589648442,1.0,-59.43993113691795,,,scored,True,2026-09-24T03:10:09.841863+00:00
3,20260908T235743_40f5f4c9d459,2026-09-08T23:57:55.070788+00:00,github-actions,823ac12bac50,2026-09-09,2026-09-08,8c7ae2aa60c70ce02b21,9b0b1adcafba0fea37db,close_to_close,0.0044796935278438,{},,disabled,,,,,Ridge,20260908T235743_40f5f4c9d459:price:5,price,5,2026-09-15,1주일,5.0,4399.89990234375,없음,,,4399.89990234375,4205.517149943376,4594.282654744124,0.7865961199294532,simple,0.0197355461609011,0.0199999300905557,0.0,0.0,0.0,4340.2998046875,4332.7998046875,-0.015250369132376651,,,,,,,1.0,67.10009765625,,,scored,True,2026-09-24T03:10:09.841863+00:00
3,20260908T235743_40f5f4c9d459,2026-09-08T23:57:55.070788+00:00,github-actions,823ac12bac50,2026-09-09,2026-09-08,8c7ae2aa60c70ce02b21,9b0b1adcafba0fea37db,close_to_close,0.0044796935278438,{},,disabled,,,,,Ridge,20260908T235743_40f5f4c9d459:price:20,price,20,2026-10-06,1개월,20.0,4399.89990234375,없음,,,4399.89990234375,3999.964279851024,4799.835524836476,0.7495575221238938,simple,0.0390750799540018,0.0402038602942942,0.0,0.0,0.0,4169.2001953125,4187.10009765625,-0.04836469224541795,,,,,,,1.0,212.7998046875,,,scored,True,2026-10-07T05:38:09.599490+00:00
3,20260909T004309_9d048d52cefc,2026-09-09T00:43:20.475026+00:00,github-actions,823ac12bac50,2026-09-09,2026-09-08,171a7c65847ea5be80de,9b0b1adcafba0fea37db,close_to_close,0.0044991629624361,{},,disabled,상승,0.2925501401744967,0.3377043535085552,0.3697455063169479,Logistic,20260909T004309_9d048d52cefc:direction:Logistic,direction,1,2026-09-09,,,,,,,,,,,,,,,,,4399.0,4460.7001953125,0.004888532397499423,2.0,1.0,,,,,,,0.9949403307660996,0.5968505417024292,scored,False,2026-09-24T03:10:09.841863+00:00
3,20260909T004309_9d048d52cefc,2026-09-09T00:43:20.475026+00:00,github-actions,823ac12bac50,2026-09-09,2026-09-08,171a7c65847ea5be80de,9b0b1adcafba0fea37db,close_to_close,0.0044991629624361,{},,disabled,,,,,Ridge,20260909T004309_9d048d52cefc:price:1,price,1,2026-09-09,1거래일,1.0,4390.10009765625,있음,0.0002732414577621,4391.299655006656,4391.299655006656,4309.750653568379,4472.848656444932,0.781305114638448,simple,0.0086168517917069,0.0086318703043094,-3.5481005480217e-05,4.164326356074231e-06,0.4543233663529812,4399.0,4460.7001953125,0.016081660118397068,,,-69.4005403058436,69.4005403058436,0.015558216707496448,-0.015808418660634968,1.0,-69.4005403058436,,,scored,False,2026-09-24T03:10:09.841863+00:00
3,20260909T004309_9d048d52cefc,2026-09-09T00:43:20.475026+00:00,github-actions,823ac12bac50,2026-09-09,2026-09-08,171a7c65847ea5be80de,9b0b1adcafba0fea37db,close_to_close,0.0044991629624361,{},,disabled,,,,,Ridge,20260909T004309_9d048d52cefc:price:5,price,5,2026-09-15,1주일,5.0,4390.10009765625,없음,,,4390.10009765625,4195.307354291995,4584.892841020505,0.7865961199294532,simple,0.0197374964222098,0.0200018803518643,0.0,0.0,0.0,4340.2998046875,4332.7998046875,-0.013052160928936685,,,,,,,1.0,57.30029296875,,,scored,False,2026-09-24T03:10:09.841863+00:00
3,20260909T004309_9d048d52cefc,2026-09-09T00:43:20.475026+00:00,github-actions,823ac12bac50,2026-09-09,2026-09-08,171a7c65847ea5be80de,9b0b1adcafba0fea37db,close_to_close,0.0044991629624361,{},,disabled,,,,,Ridge,20260909T004309_9d048d52cefc:price:20,price,20,2026-10-06,1개월,20.0,4390.10009765625,없음,,,4390.10009765625,3989.3209332888887,4790.879262023611,0.7495575221238938,simple,0.0390730916936696,0.040201872033962,0.0,0.0,0.0,4169.2001953125,4187.10009765625,-0.046240403517991746,,,,,,,1.0,203.0,,,scored,False,2026-10-07T05:38:09.599490+00:00
3,20260909T013106_a5102abd3caa,2026-09-09T01:31:17.335803+00:00,github-actions,823ac12bac50,2026-09-09,2026-09-08,204ec59adce01cef7f3e,9b0b1adcafba0fea37db,close_to_close,0.0044639760094834,{},,disabled,상승,0.2906281926511319,0.3383592561762155,0.3710125511726526,Logistic,20260909T013106_a5102abd3caa:direction:Logistic,direction,1,2026-09-09,,,,,,,,,,,,,,,,,4399.0,4460.7001953125,0.004888532397499423,2.0,1.0,,,,,,,0.9915193862928955,0.5945769433861203,scored,False,2026-09-24T03:10:09.841863+00:00
3,20260909T013106_a5102abd3caa,2026-09-09T01:31:17.335803+00:00,github-actions,823ac12bac50,2026-09-09,2026-09-08,204ec59adce01cef7f3e,9b0b1adcafba0fea37db,close_to_close,0.0044639760094834,{},,disabled,,,,,Ridge,20260909T013106_a5102abd3caa:price:1,price,1,2026-09-09,1거래일,1.0,4410.60009765625,있음,0.0002485603326931,4411.6963978839,4411.6963978839,4330.4073501819375,4492.985445585863,0.781305114638448,simple,0.008612770889185,0.0086277893972238,-3.548100379049256e-05,4.164326838658534e-06,0.4543233580542843,4399.0,4460.7001953125,0.011359020665435704,,,-49.00379742859968,49.00379742859968,0.010985673836608662,-0.011110460332742603,1.0,-49.00379742859968,,,scored,False,2026-09-24T03:10:09.841863+00:00
3,20260909T013106_a5102abd3caa,2026-09-09T01:31:17.335803+00:00,github-actions,823ac12bac50,2026-09-09,2026-09-08,204ec59adce01cef7f3e,9b0b1adcafba0fea37db,close_to_close,0.0044639760094834,{},,disabled,,,,,Ridge,20260909T013106_a5102abd3caa:price:5,price,5,2026-09-15,1주일,5.0,4410.60009765625,없음,,,4410.60009765625,4216.428295137838,4604.771900174662,0.7865961199294532,simple,0.0197334167222395,0.0199978006423086,0.0,0.0,0.0,4340.2998046875,4332.7998046875,-0.017639389481284518,,,,,,,1.0,77.80029296875,,,scored,False,2026-09-24T03:10:09.841863+00:00
3,20260909T013106_a5102abd3caa,2026-09-09T01:31:17.335803+00:00,github-actions,823ac12bac50,2026-09-09,2026-09-08,204ec59adce01cef7f3e,9b0b1adcafba0fea37db,close_to_close,0.0044639760094834,{},,disabled,,,,,Ridge,20260909T013106_a5102abd3caa:price:20,price,20,2026-10-06,1개월,20.0,4410.60009765625,없음,,,4410.60009765625,4011.098497067809,4810.101698244691,0.7495575221238938,simple,0.0390772508708024,0.0402060312328552,0.0,0.0,0.0,4169.2001953125,4187.10009765625,-0.05067337664975924,,,,,,,1.0,223.5,,,scored,False,2026-10-07T05:38:09.599490+00:00
3,20260909T015831_e9f4da5da4bf,2026-09-09T01:58:44.200939+00:00,github-actions,823ac12bac50,2026-09-09,2026-09-08,12c0510d5ce6f6514e6d,9b0b1adcafba0fea37db,close_to_close,0.0044569366008443,{},,disabled,상승,0.29086042204884,0.3373618521582385,0.3717777257929215,Logistic,20260909T015831_e9f4da5da4bf:direction:Logistic,direction,1,2026-09-09,,,,,,,,,,,,,,,,,4399.0,4460.7001953125,0.004888532397499423,2.0,1.0,,,,,,,0.9894591145993633,0.5930760302159801,scored,False,2026-09-24T03:10:09.841863+00:00
3,20260909T015831_e9f4da5da4bf,2026-09-09T01:58:44.200939+00:00,github-actions,823ac12bac50,2026-09-09,2026-09-08,12c0510d5ce6f6514e6d,9b0b1adcafba0fea37db,close_to_close,0.0044569366008443,{},,disabled,,,,,Ridge,20260909T015831_e9f4da5da4bf:price:1,price,1,2026-09-09,1거래일,1.0,4417.5,있음,0.0002845732087735,4418.757102149757,4418.757102149757,4337.469274867357,4500.044929432158,0.781305114638448,simple,0.0086113973304571,0.0086264158430596,-3.5481005480217e-05,4.164326356074231e-06,0.4543233663529812,4399.0,4460.7001953125,0.0097793311403509,,,-41.943093162743025,41.943093162743025,0.009402804789888967,-0.0094947579315774,1.0,-41.943093162743025,,,scored,False,2026-09-24T03:10:09.841863+00:00
3,20260909T015831_e9f4da5da4bf,2026-09-09T01:58:44.200939+00:00,github-actions,823ac12bac50,2026-09-09,2026-09-08,12c0510d5ce6f6514e6d,9b0b1adcafba0fea37db,close_to_close,0.0044569366008443,{},,disabled,,,,,Ridge,20260909T015831_e9f4da5da4bf:price:5,price,5,2026-09-15,1주일,5.0,4417.5,없음,,,4417.5,4223.331112592552,4611.668887407448,0.7865961199294532,simple,0.0197320435615552,0.0199964274912098,0.0,0.0,0.0,4340.2998046875,4332.7998046875,-0.019173785016977973,,,,,,,1.0,84.7001953125,,,scored,False,2026-09-24T03:10:09.841863+00:00
3,20260909T015831_e9f4da5da4bf,2026-09-09T01:58:44.200939+00:00,github-actions,823ac12bac50,2026-09-09,2026-09-08,12c0510d5ce6f6514e6d,9b0b1adcafba0fea37db,close_to_close,0.0044569366008443,{},,disabled,,,,,Ridge,20260909T015831_e9f4da5da4bf:price:20,price,20,2026-10-06,1개월,20.0,4417.5,없음,,,4417.5,4018.004397149032,4816.995602850968,0.7495575221238938,simple,0.0390786507982308,0.0402074311385231,0.0,0.0,0.0,4169.2001953125,4187.10009765625,-0.052156174837294844,,,,,,,1.0,230.39990234375,,,scored,False,2026-10-07T05:38:09.599490+00:00
3,20260909T022329_3940c1c00935,2026-09-09T02:23:41.256426+00:00,github-actions,823ac12bac50,2026-09-09,2026-09-08,3748814bd68c724cdb02,9b0b1adcafba0fea37db,close_to_close,0.0044560396960081,{},,disabled,상승,0.2911852427645637,0.3372391241854486,0.3715756330499877,Logistic,20260909T022329_3940c1c00935:direction:Logistic,direction,1,2026-09-09,,,,,,,,,,,,,,,,,4399.0,4460.7001953125,0.004888532397499423,2.0,1.0,,,,,,,0.9900028472549267,0.59343625746175,scored,False,2026-09-24T03:10:09.841863+00:00
3,20260909T022329_3940c1c00935,2026-09-09T02:23:41.256426+00:00,github-actions,823ac12bac50,2026-09-09,2026-09-08,3748814bd68c724cdb02,9b0b1adcafba0fea37db,close_to_close,0.0044560396960081,{},,disabled,,,,,Ridge,20260909T022329_3940c1c00935:price:1,price,1,2026-09-09,1거래일,1.0,4418.60009765625,있음,0.0002898663224186,4419.880901016796,4419.880901016796,4338.589192683081,4501.172609350511,0.781305114638448,simple,0.0086111783405649,0.0086261968481172,-3.54810067061896e-05,4.164328892530212e-06,0.4543233878508874,4399.0,4460.7001953125,0.009527926656811792,,,-40.81929429570391,40.81929429570391,0.009150871501877355,-0.009238060334393191,1.0,-40.81929429570391,,,scored,False,2026-09-24T03:10:09.841863+00:00
3,20260909T022329_3940c1c00935,2026-09-09T02:23:41.256426+00:00,github-actions,823ac12bac50,2026-09-09,2026-09-08,3748814bd68c724cdb02,9b0b1adcafba0fea37db,close_to_close,0.0044560396960081,{},,disabled,,,,,Ridge,20260909T022329_3940c1c00935:price:5,price,5,2026-09-15,1주일,5.0,4418.60009765625,없음,,,4418.60009765625,4224.421939917143,4612.7782553953575,0.7865961199294532,simple,0.0197318246425893,0.0199962085605307,0.0,0.0,0.0,4340.2998046875,4332.7998046875,-0.019417981051116362,,,,,,,1.0,85.80029296875,,,scored,False,2026-09-24T03:10:09.841863+00:00
3,20260909T022329_3940c1c00935,2026-09-09T02:23:41.256426+00:00,github-actions,823ac12bac50,2026-09-09,2026-09-08,3748814bd68c724cdb02,9b0b1adcafba0fea37db,close_to_close,0.0044560396960081,{},,disabled,,,,,Ridge,20260909T022329_3940c1c00935:price:20,price,20,2026-10-06,1개월,20.0,4418.60009765625,없음,,,4418.60009765625,4019.08542142651,4818.114773885991,0.7495575221238938,simple,0.0390788739921418,0.0402076543348624,0.0,0.0,0.0,4169.2001953125,4187.10009765625,-0.05239215925487217,,,,,,,1.0,231.5,,,scored,False,2026-10-07T05:38:09.599490+00:00
3,20260909T024804_39f186c69b62,2026-09-09T02:48:17.751273+00:00,github-actions,823ac12bac50,2026-09-09,2026-09-08,ba0652755c557817e378,9b0b1adcafba0fea37db,close_to_close,0.0044613590508307,{},,disabled,상승,0.2907393033605585,0.3373603026799465,0.371900393959495,Logistic,20260909T024804_39f186c69b62:direction:Logistic,direction,1,2026-09-09,,,,,,,,,,,,,,,,,4399.0,4460.7001953125,0.004888532397499423,2.0,1.0,,,,,,,0.989129218736011,0.5928504314511256,scored,False,2026-09-24T03:10:09.841863+00:00
3,20260909T024804_39f186c69b62,2026-09-09T02:48:17.751273+00:00,github-actions,823ac12bac50,2026-09-09,2026-09-08,ba0652755c557817e378,9b0b1adcafba0fea37db,close_to_close,0.0044613590508307,{},,disabled,,,,,Ridge,20260909T024804_39f186c69b62:price:1,price,1,2026-09-09,1거래일,1.0,4412.89990234375,있음,0.0002932004572357,4414.193766612853,4414.193766612853,4332.910012345113,4495.477520880593,0.781305114638448,simple,0.0086123130656337,0.0086273315782362,-3.5481005480217e-05,4.164326356074231e-06,0.4543233663529812,4399.0,4460.7001953125,0.010831945891943473,,,-46.506428699646676,46.506428699646676,0.010425813586063837,-0.010538745434707774,1.0,-46.506428699646676,,,scored,False,2026-09-24T03:10:09.841863+00:00
3,20260909T024804_39f186c69b62,2026-09-09T02:48:17.751273+00:00,github-actions,823ac12bac50,2026-09-09,2026-09-08,ba0652755c557817e378,9b0b1adcafba0fea37db,close_to_close,0.0044613590508307,{},,disabled,,,,,Ridge,20260909T024804_39f186c69b62:price:5,price,5,2026-09-15,1주일,5.0,4412.89990234375,없음,,,4412.89990234375,4218.740743978786,4607.059060708714,0.7865961199294532,simple,0.019732959028012,0.0199973429576666,0.0,0.0,0.0,4340.2998046875,4332.7998046875,-0.018151351589395404,,,,,,,1.0,80.10009765625,,,scored,False,2026-09-24T03:10:09.841863+00:00
3,20260909T024804_39f186c69b62,2026-09-09T02:48:17.751273+00:00,github-actions,823ac12bac50,2026-09-09,2026-09-08,ba0652755c557817e378,9b0b1adcafba0fea37db,close_to_close,0.0044613590508307,{},,disabled,,,,,Ridge,20260909T024804_39f186c69b62:price:20,price,20,2026-10-06,1개월,20.0,4412.89990234375,없음,,,4412.89990234375,4013.4243166528113,4812.375488034689,0.7495575221238938,simple,0.0390777174947634,0.0402064978350558,0.0,0.0,0.0,4169.2001953125,4187.10009765625,-0.05116812293149331,,,,,,,1.0,225.7998046875,,,scored,False,2026-10-07T05:38:09.599490+00:00
3,20260909T035937_6af4159c6b4e,2026-09-09T03:59:50.697341+00:00,github-actions,823ac12bac50,2026-09-09,2026-09-08,241f60aae1590f896fce,9b0b1adcafba0fea37db,close_to_close,0.0044539731765759,{},,disabled,상승,0.2910613334338973,0.3368823921725732,0.3720562743935295,Logistic,20260909T035937_6af4159c6b4e:direction:Logistic,direction,1,2026-09-09,,,,,,,,,,,,,,,,,4399.0,4460.7001953125,0.004888532397499423,2.0,1.0,,,,,,,0.9887101608985142,0.5925197685047681,scored,False,2026-09-24T03:10:09.841863+00:00
3,20260909T035937_6af4159c6b4e,2026-09-09T03:59:50.697341+00:00,github-actions,823ac12bac50,2026-09-09,2026-09-08,241f60aae1590f896fce,9b0b1adcafba0fea37db,close_to_close,0.0044539731765759,{},,disabled,,,,,Ridge,20260909T035937_6af4159c6b4e:price:1,price,1,2026-09-09,1거래일,1.0,4421.5,있음,0.0003009732463397,4422.830753208691,4422.830753208691,4341.523417996276,4504.138088421106,0.781305114638448,simple,0.0086106010559038,0.0086256195685063,-3.5481005480217e-05,4.164326356074231e-06,0.4543233663529812,4399.0,4460.7001953125,0.008865813708583081,,,-37.86944210380898,37.86944210380898,0.00848957348525773,-0.008564840462243381,1.0,-37.86944210380898,,,scored,False,2026-09-24T03:10:09.841863+00:00
3,20260909T035937_6af4159c6b4e,2026-09-09T03:59:50.697341+00:00,github-actions,823ac12bac50,2026-09-09,2026-09-08,241f60aae1590f896fce,9b0b1adcafba0fea37db,close_to_close,0.0044539731765759,{},,disabled,,,,,Ridge,20260909T035937_6af4159c6b4e:price:5,price,5,2026-09-15,1주일,5.0,4421.5,없음,,,4421.5,4227.28451480303,4615.71548519697,0.7865961199294532,simple,0.0197312475206663,0.0199956314503208,0.0,0.0,0.0,4340.2998046875,4332.7998046875,-0.020061109422707224,,,,,,,1.0,88.7001953125,,,scored,False,2026-09-24T03:10:09.841863+00:00
3,20260909T035937_6af4159c6b4e,2026-09-09T03:59:50.697341+00:00,github-actions,823ac12bac50,2026-09-09,2026-09-08,241f60aae1590f896fce,9b0b1adcafba0fea37db,close_to_close,0.0044539731765759,{},,disabled,,,,,Ridge,20260909T035937_6af4159c6b4e:price:20,price,20,2026-10-06,1개월,20.0,4421.5,없음,,,4421.5,4021.90852384891,4821.09147615109,0.7495575221238938,simple,0.0390794623492343,0.0402082426895267,0.0,0.0,0.0,4169.2001953125,4187.10009765625,-0.05301366105252747,,,,,,,1.0,234.39990234375,,,scored,False,2026-10-07T05:38:09.599490+00:00
3,20260909T041806_a9b4bffff437,2026-09-09T04:18:17.310023+00:00,github-actions,823ac12bac50,2026-09-09,2026-09-08,5313354c9893a9b41ac2,9b0b1adcafba0fea37db,close_to_close,0.0044910418063727,{},,disabled,상승,0.2935965143902258,0.3312194362597019,0.3751840493500722,Logistic,20260909T041806_a9b4bffff437:direction:Logistic,direction,1,2026-09-09,,,,,,,,,,,,,,,,,4399.0,4460.7001953125,0.004888532397499423,2.0,1.0,,,,,,,0.9803385751469426,0.5863002004048579,scored,False,2026-09-24T03:10:09.841863+00:00
3,20260909T041806_a9b4bffff437,2026-09-09T04:18:17.310023+00:00,github-actions,823ac12bac50,2026-09-09,2026-09-08,5313354c9893a9b41ac2,9b0b1adcafba0fea37db,close_to_close,0.0044910418063727,{},,disabled,,,,,Ridge,20260909T041806_a9b4bffff437:price:1,price,1,2026-09-09,1거래일,1.0,4393.89990234375,있음,0.0003201355575583,4395.306545938843,4395.306545938843,4313.834287004775,4476.77880487291,0.781305114638448,simple,0.0086160953697619,0.0086311138823644,-3.5481005480217e-05,4.164326356074231e-06,0.4543233663529812,4399.0,4460.7001953125,0.015202961936642723,,,-65.39364937365735,65.39364937365735,0.014659951691524994,-0.014882826379084422,1.0,-65.39364937365735,,,scored,False,2026-09-24T03:10:09.841863+00:00
3,20260909T041806_a9b4bffff437,2026-09-09T04:18:17.310023+00:00,github-actions,823ac12bac50,2026-09-09,2026-09-08,5313354c9893a9b41ac2,9b0b1adcafba0fea37db,close_to_close,0.0044910418063727,{},,disabled,,,,,Ridge,20260909T041806_a9b4bffff437:price:5,price,5,2026-09-15,1주일,5.0,4393.89990234375,없음,,,4393.89990234375,4199.290470640753,4588.509334046747,0.7865961199294532,simple,0.0197367402222344,0.020001124151889,0.0,0.0,0.0,4340.2998046875,4332.7998046875,-0.013905664447125599,,,,,,,1.0,61.10009765625,,,scored,False,2026-09-24T03:10:09.841863+00:00
3,20260909T041806_a9b4bffff437,2026-09-09T04:18:17.310023+00:00,github-actions,823ac12bac50,2026-09-09,2026-09-08,5313354c9893a9b41ac2,9b0b1adcafba0fea37db,close_to_close,0.0044910418063727,{},,disabled,,,,,Ridge,20260909T041806_a9b4bffff437:price:20,price,20,2026-10-06,1개월,20.0,4393.89990234375,없음,,,4393.89990234375,3993.4978952213096,4794.30190946619,0.7495575221238938,simple,0.0390738626274965,0.0402026429677888,0.0,0.0,0.0,4169.2001953125,4187.10009765625,-0.0470652061457274,,,,,,,1.0,206.7998046875,,,scored,False,2026-10-07T05:38:09.599490+00:00
3,20260909T044220_5123c289956b,2026-09-09T04:42:32.667432+00:00,github-actions,823ac12bac50,2026-09-09,2026-09-08,5313354c9893a9b41ac2,9b0b1adcafba0fea37db,close_to_close,0.0044910418063727,{},,disabled,상승,0.2935965143902258,0.3312194362597019,0.3751840493500722,Logistic,20260909T044220_5123c289956b:direction:Logistic,direction,1,2026-09-09,,,,,,,,,,,,,,,,,4399.0,4460.7001953125,0.004888532397499423,2.0,1.0,,,,,,,0.9803385751469426,0.5863002004048579,scored,False,2026-09-24T03:10:09.841863+00:00
3,20260909T044220_5123c289956b,2026-09-09T04:42:32.667432+00:00,github-actions,823ac12bac50,2026-09-09,2026-09-08,5313354c9893a9b41ac2,9b0b1adcafba0fea37db,close_to_close,0.0044910418063727,{},,disabled,,,,,Ridge,20260909T044220_5123c289956b:price:1,price,1,2026-09-09,1거래일,1.0,4393.89990234375,있음,0.0003201355575583,4395.306545938843,4395.306545938843,4313.834287004775,4476.77880487291,0.781305114638448,simple,0.0086160953697619,0.0086311138823644,-3.5481005480217e-05,4.164326356074231e-06,0.4543233663529812,4399.0,4460.7001953125,0.015202961936642723,,,-65.39364937365735,65.39364937365735,0.014659951691524994,-0.014882826379084422,1.0,-65.39364937365735,,,scored,False,2026-09-24T03:10:09.841863+00:00
3,20260909T044220_5123c289956b,2026-09-09T04:42:32.667432+00:00,github-actions,823ac12bac50,2026-09-09,2026-09-08,5313354c9893a9b41ac2,9b0b1adcafba0fea37db,close_to_close,0.0044910418063727,{},,disabled,,,,,Ridge,20260909T044220_5123c289956b:price:5,price,5,2026-09-15,1주일,5.0,4393.89990234375,없음,,,4393.89990234375,4199.290470640753,4588.509334046747,0.7865961199294532,simple,0.0197367402222344,0.020001124151889,0.0,0.0,0.0,4340.2998046875,4332.7998046875,-0.013905664447125599,,,,,,,1.0,61.10009765625,,,scored,False,2026-09-24T03:10:09.841863+00:00
3,20260909T044220_5123c289956b,2026-09-09T04:42:32.667432+00:00,github-actions,823ac12bac50,2026-09-09,2026-09-08,5313354c9893a9b41ac2,9b0b1adcafba0fea37db,close_to_close,0.0044910418063727,{},,disabled,,,,,Ridge,20260909T044220_5123c289956b:price:20,price,20,2026-10-06,1개월,20.0,4393.89990234375,없음,,,4393.89990234375,3993.4978952213096,4794.30190946619,0.7495575221238938,simple,0.0390738626274965,0.0402026429677888,0.0,0.0,0.0,4169.2001953125,4187.10009765625,-0.0470652061457274,,,,,,,1.0,206.7998046875,,,scored,False,2026-10-07T05:38:09.599490+00:00
3,20260909T050316_2b4fc2160c60,2026-09-09T05:03:27.010094+00:00,github-actions,823ac12bac50,2026-09-09,2026-09-08,5313354c9893a9b41ac2,9b0b1adcafba0fea37db,close_to_close,0.0044910418063727,{},,disabled,상승,0.2935965143902258,0.3312194362597019,0.3751840493500722,Logistic,20260909T050316_2b4fc2160c60:direction:Logistic,direction,1,2026-09-09,,,,,,,,,,,,,,,,,4399.0,4460.7001953125,0.004888532397499423,2.0,1.0,,,,,,,0.9803385751469426,0.5863002004048579,scored,False,2026-09-24T03:10:09.841863+00:00
3,20260909T050316_2b4fc2160c60,2026-09-09T05:03:27.010094+00:00,github-actions,823ac12bac50,2026-09-09,2026-09-08,5313354c9893a9b41ac2,9b0b1adcafba0fea37db,close_to_close,0.0044910418063727,{},,disabled,,,,,Ridge,20260909T050316_2b4fc2160c60:price:1,price,1,2026-09-09,1거래일,1.0,4393.89990234375,있음,0.0003201355866622,4395.306546066722,4395.306546066722,4313.834287058859,4476.778805074585,0.781305114638448,simple,0.0086160953748121,0.0086311138823644,-3.54810067061896e-05,4.164328892530212e-06,0.4543233878508874,4399.0,4460.7001953125,0.015202961936642723,,,-65.39364924577785,65.39364924577785,0.01465995166285696,-0.014882826349980522,1.0,-65.39364924577785,,,scored,False,2026-09-24T03:10:09.841863+00:00
3,20260909T050316_2b4fc2160c60,2026-09-09T05:03:27.010094+00:00,github-actions,823ac12bac50,2026-09-09,2026-09-08,5313354c9893a9b41ac2,9b0b1adcafba0fea37db,close_to_close,0.0044910418063727,{},,disabled,,,,,Ridge,20260909T050316_2b4fc2160c60:price:5,price,5,2026-09-15,1주일,5.0,4393.89990234375,없음,,,4393.89990234375,4199.290470640753,4588.509334046747,0.7865961199294532,simple,0.0197367402339476,0.020001124151889,0.0,0.0,0.0,4340.2998046875,4332.7998046875,-0.013905664447125599,,,,,,,1.0,61.10009765625,,,scored,False,2026-09-24T03:10:09.841863+00:00
3,20260909T050316_2b4fc2160c60,2026-09-09T05:03:27.010094+00:00,github-actions,823ac12bac50,2026-09-09,2026-09-08,5313354c9893a9b41ac2,9b0b1adcafba0fea37db,close_to_close,0.0044910418063727,{},,disabled,,,,,Ridge,20260909T050316_2b4fc2160c60:price:20,price,20,2026-10-06,1개월,20.0,4393.89990234375,없음,,,4393.89990234375,3993.4978952213096,4794.30190946619,0.7495575221238938,simple,0.0390738626250682,0.0402026429677888,0.0,0.0,0.0,4169.2001953125,4187.10009765625,-0.0470652061457274,,,,,,,1.0,206.7998046875,,,scored,False,2026-10-07T05:38:09.599490+00:00
3,20260909T052820_8b73fb814eb9,2026-09-09T05:28:32.463785+00:00,github-actions,823ac12bac50,2026-09-09,2026-09-08,5313354c9893a9b41ac2,9b0b1adcafba0fea37db,close_to_close,0.0044910418063727,{},,disabled,상승,0.2935965143902258,0.3312194362597019,0.3751840493500722,Logistic,20260909T052820_8b73fb814eb9:direction:Logistic,direction,1,2026-09-09,,,,,,,,,,,,,,,,,4399.0,4460.7001953125,0.004888532397499423,2.0,1.0,,,,,,,0.9803385751469426,0.5863002004048579,scored,False,2026-09-24T03:10:09.841863+00:00
3,20260909T052820_8b73fb814eb9,2026-09-09T05:28:32.463785+00:00,github-actions,823ac12bac50,2026-09-09,2026-09-08,5313354c9893a9b41ac2,9b0b1adcafba0fea37db,close_to_close,0.0044910418063727,{},,disabled,,,,,Ridge,20260909T052820_8b73fb814eb9:price:1,price,1,2026-09-09,1거래일,1.0,4393.89990234375,있음,0.0003201355866622,4395.306546066722,4395.306546066722,4313.834287058859,4476.778805074585,0.781305114638448,simple,0.0086160953748121,0.0086311138823644,-3.54810067061896e-05,4.164328892530212e-06,0.4543233878508874,4399.0,4460.7001953125,0.015202961936642723,,,-65.39364924577785,65.39364924577785,0.01465995166285696,-0.014882826349980522,1.0,-65.39364924577785,,,scored,False,2026-09-24T03:10:09.841863+00:00
3,20260909T052820_8b73fb814eb9,2026-09-09T05:28:32.463785+00:00,github-actions,823ac12bac50,2026-09-09,2026-09-08,5313354c9893a9b41ac2,9b0b1adcafba0fea37db,close_to_close,0.0044910418063727,{},,disabled,,,,,Ridge,20260909T052820_8b73fb814eb9:price:5,price,5,2026-09-15,1주일,5.0,4393.89990234375,없음,,,4393.89990234375,4199.290470640753,4588.509334046747,0.7865961199294532,simple,0.0197367402339476,0.020001124151889,0.0,0.0,0.0,4340.2998046875,4332.7998046875,-0.013905664447125599,,,,,,,1.0,61.10009765625,,,scored,False,2026-09-24T03:10:09.841863+00:00
3,20260909T052820_8b73fb814eb9,2026-09-09T05:28:32.463785+00:00,github-actions,823ac12bac50,2026-09-09,2026-09-08,5313354c9893a9b41ac2,9b0b1adcafba0fea37db,close_to_close,0.0044910418063727,{},,disabled,,,,,Ridge,20260909T052820_8b73fb814eb9:price:20,price,20,2026-10-06,1개월,20.0,4393.89990234375,없음,,,4393.89990234375,3993.4978952213096,4794.30190946619,0.7495575221238938,simple,0.0390738626250682,0.0402026429677888,0.0,0.0,0.0,4169.2001953125,4187.10009765625,-0.0470652061457274,,,,,,,1.0,206.7998046875,,,scored,False,2026-10-07T05:38:09.599490+00:00
3,20260909T061249_9dcf1172d3f3,2026-09-09T06:13:00.844470+00:00,github-actions,823ac12bac50,2026-09-09,2026-09-08,5313354c9893a9b41ac2,9b0b1adcafba0fea37db,close_to_close,0.0044910418063727,{},,disabled,상승,0.2935965143902258,0.3312194362597019,0.3751840493500722,Logistic,20260909T061249_9dcf1172d3f3:direction:Logistic,direction,1,2026-09-09,,,,,,,,,,,,,,,,,4399.0,4460.7001953125,0.004888532397499423,2.0,1.0,,,,,,,0.9803385751469426,0.5863002004048579,scored,False,2026-09-24T03:10:09.841863+00:00
3,20260909T061249_9dcf1172d3f3,2026-09-09T06:13:00.844470+00:00,github-actions,823ac12bac50,2026-09-09,2026-09-08,5313354c9893a9b41ac2,9b0b1adcafba0fea37db,close_to_close,0.0044910418063727,{},,disabled,,,,,Ridge,20260909T061249_9dcf1172d3f3:price:1,price,1,2026-09-09,1거래일,1.0,4393.89990234375,있음,0.0003201355575583,4395.306545938843,4395.306545938843,4313.834287004775,4476.77880487291,0.781305114638448,simple,0.0086160953697619,0.0086311138823644,-3.5481005480217e-05,4.164326356074231e-06,0.4543233663529812,4399.0,4460.7001953125,0.015202961936642723,,,-65.39364937365735,65.39364937365735,0.014659951691524994,-0.014882826379084422,1.0,-65.39364937365735,,,scored,False,2026-09-24T03:10:09.841863+00:00
3,20260909T061249_9dcf1172d3f3,2026-09-09T06:13:00.844470+00:00,github-actions,823ac12bac50,2026-09-09,2026-09-08,5313354c9893a9b41ac2,9b0b1adcafba0fea37db,close_to_close,0.0044910418063727,{},,disabled,,,,,Ridge,20260909T061249_9dcf1172d3f3:price:5,price,5,2026-09-15,1주일,5.0,4393.89990234375,없음,,,4393.89990234375,4199.290470640753,4588.509334046747,0.7865961199294532,simple,0.0197367402222344,0.020001124151889,0.0,0.0,0.0,4340.2998046875,4332.7998046875,-0.013905664447125599,,,,,,,1.0,61.10009765625,,,scored,False,2026-09-24T03:10:09.841863+00:00
3,20260909T061249_9dcf1172d3f3,2026-09-09T06:13:00.844470+00:00,github-actions,823ac12bac50,2026-09-09,2026-09-08,5313354c9893a9b41ac2,9b0b1adcafba0fea37db,close_to_close,0.0044910418063727,{},,disabled,,,,,Ridge,20260909T061249_9dcf1172d3f3:price:20,price,20,2026-10-06,1개월,20.0,4393.89990234375,없음,,,4393.89990234375,3993.4978952213096,4794.30190946619,0.7495575221238938,simple,0.0390738626274965,0.0402026429677888,0.0,0.0,0.0,4169.2001953125,4187.10009765625,-0.0470652061457274,,,,,,,1.0,206.7998046875,,,scored,False,2026-10-07T05:38:09.599490+00:00
3,20260909T072555_67413c0228cd,2026-09-09T07:26:07.437864+00:00,github-actions,823ac12bac50,2026-09-09,2026-09-08,5313354c9893a9b41ac2,9b0b1adcafba0fea37db,close_to_close,0.0044910418063727,{},,disabled,상승,0.2935965143902258,0.3312194362597019,0.3751840493500722,Logistic,20260909T072555_67413c0228cd:direction:Logistic,direction,1,2026-09-09,,,,,,,,,,,,,,,,,4399.0,4460.7001953125,0.004888532397499423,2.0,1.0,,,,,,,0.9803385751469426,0.5863002004048579,scored,False,2026-09-24T03:10:09.841863+00:00
3,20260909T072555_67413c0228cd,2026-09-09T07:26:07.437864+00:00,github-actions,823ac12bac50,2026-09-09,2026-09-08,5313354c9893a9b41ac2,9b0b1adcafba0fea37db,close_to_close,0.0044910418063727,{},,disabled,,,,,Ridge,20260909T072555_67413c0228cd:price:1,price,1,2026-09-09,1거래일,1.0,4393.89990234375,있음,0.0003201355575583,4395.306545938843,4395.306545938843,4313.834287004775,4476.77880487291,0.781305114638448,simple,0.0086160953697619,0.0086311138823644,-3.5481005480217e-05,4.164326356074231e-06,0.4543233663529812,4399.0,4460.7001953125,0.015202961936642723,,,-65.39364937365735,65.39364937365735,0.014659951691524994,-0.014882826379084422,1.0,-65.39364937365735,,,scored,False,2026-09-24T03:10:09.841863+00:00
3,20260909T072555_67413c0228cd,2026-09-09T07:26:07.437864+00:00,github-actions,823ac12bac50,2026-09-09,2026-09-08,5313354c9893a9b41ac2,9b0b1adcafba0fea37db,close_to_close,0.0044910418063727,{},,disabled,,,,,Ridge,20260909T072555_67413c0228cd:price:5,price,5,2026-09-15,1주일,5.0,4393.89990234375,없음,,,4393.89990234375,4199.290470640753,4588.509334046747,0.7865961199294532,simple,0.0197367402222344,0.020001124151889,0.0,0.0,0.0,4340.2998046875,4332.7998046875,-0.013905664447125599,,,,,,,1.0,61.10009765625,,,scored,False,2026-09-24T03:10:09.841863+00:00
3,20260909T072555_67413c0228cd,2026-09-09T07:26:07.437864+00:00,github-actions,823ac12bac50,2026-09-09,2026-09-08,5313354c9893a9b41ac2,9b0b1adcafba0fea37db,close_to_close,0.0044910418063727,{},,disabled,,,,,Ridge,20260909T072555_67413c0228cd:price:20,price,20,2026-10-06,1개월,20.0,4393.89990234375,없음,,,4393.89990234375,3993.4978952213096,4794.30190946619,0.7495575221238938,simple,0.0390738626274965,0.0402026429677888,0.0,0.0,0.0,4169.2001953125,4187.10009765625,-0.0470652061457274,,,,,,,1.0,206.7998046875,,,scored,False,2026-10-07T05:38:09.599490+00:00
3,20260909T150549_cc8dc6838372,2026-09-09T15:06:03.857922+00:00,github-actions,823ac12bac50,2026-09-09,2026-09-08,5313354c9893a9b41ac2,9b0b1adcafba0fea37db,close_to_close,0.0044910418063727,{},,disabled,상승,0.2935965143902258,0.3312194362597019,0.3751840493500722,Logistic,20260909T150549_cc8dc6838372:direction:Logistic,direction,1,2026-09-09,,,,,,,,,,,,,,,,,4399.0,4460.7001953125,0.004888532397499423,2.0,1.0,,,,,,,0.9803385751469426,0.5863002004048579,scored,False,2026-09-24T03:10:09.841863+00:00
3,20260909T150549_cc8dc6838372,2026-09-09T15:06:03.857922+00:00,github-actions,823ac12bac50,2026-09-09,2026-09-08,5313354c9893a9b41ac2,9b0b1adcafba0fea37db,close_to_close,0.0044910418063727,{},,disabled,,,,,Ridge,20260909T150549_cc8dc6838372:price:1,price,1,2026-09-09,1거래일,1.0,4393.89990234375,있음,0.0003201355575583,4395.306545938843,4395.306545938843,4313.834287004775,4476.77880487291,0.781305114638448,simple,0.0086160953697619,0.0086311138823644,-3.5481005480217e-05,4.164326356074231e-06,0.4543233663529812,4399.0,4460.7001953125,0.015202961936642723,,,-65.39364937365735,65.39364937365735,0.014659951691524994,-0.014882826379084422,1.0,-65.39364937365735,,,scored,False,2026-09-24T03:10:09.841863+00:00
3,20260909T150549_cc8dc6838372,2026-09-09T15:06:03.857922+00:00,github-actions,823ac12bac50,2026-09-09,2026-09-08,5313354c9893a9b41ac2,9b0b1adcafba0fea37db,close_to_close,0.0044910418063727,{},,disabled,,,,,Ridge,20260909T150549_cc8dc6838372:price:5,price,5,2026-09-15,1주일,5.0,4393.89990234375,없음,,,4393.89990234375,4199.290470640753,4588.509334046747,0.7865961199294532,simple,0.0197367402222344,0.020001124151889,0.0,0.0,0.0,4340.2998046875,4332.7998046875,-0.013905664447125599,,,,,,,1.0,61.10009765625,,,scored,False,2026-09-24T03:10:09.841863+00:00
3,20260909T150549_cc8dc6838372,2026-09-09T15:06:03.857922+00:00,github-actions,823ac12bac50,2026-09-09,2026-09-08,5313354c9893a9b41ac2,9b0b1adcafba0fea37db,close_to_close,0.0044910418063727,{},,disabled,,,,,Ridge,20260909T150549_cc8dc6838372:price:20,price,20,2026-10-06,1개월,20.0,4393.89990234375,없음,,,4393.89990234375,3993.4978952213096,4794.30190946619,0.7495575221238938,simple,0.0390738626274965,0.0402026429677888,0.0,0.0,0.0,4169.2001953125,4187.10009765625,-0.0470652061457274,,,,,,,1.0,206.7998046875,,,scored,False,2026-10-07T05:38:09.599490+00:00
3,20260909T174744_fd18a9792e55,2026-09-09T17:47:55.646472+00:00,github-actions,823ac12bac50,2026-09-09,2026-09-08,5313354c9893a9b41ac2,9b0b1adcafba0fea37db,close_to_close,0.0044910418063727,{},,disabled,상승,0.2935965143902258,0.3312194362597019,0.3751840493500722,Logistic,20260909T174744_fd18a9792e55:direction:Logistic,direction,1,2026-09-09,,,,,,,,,,,,,,,,,4399.0,4460.7001953125,0.004888532397499423,2.0,1.0,,,,,,,0.9803385751469426,0.5863002004048579,scored,False,2026-09-24T03:10:09.841863+00:00
3,20260909T174744_fd18a9792e55,2026-09-09T17:47:55.646472+00:00,github-actions,823ac12bac50,2026-09-09,2026-09-08,5313354c9893a9b41ac2,9b0b1adcafba0fea37db,close_to_close,0.0044910418063727,{},,disabled,,,,,Ridge,20260909T174744_fd18a9792e55:price:1,price,1,2026-09-09,1거래일,1.0,4393.89990234375,있음,0.0003201355575583,4395.306545938843,4395.306545938843,4313.834287004775,4476.77880487291,0.781305114638448,simple,0.0086160953697619,0.0086311138823644,-3.5481005480217e-05,4.164326356074231e-06,0.4543233663529812,4399.0,4460.7001953125,0.015202961936642723,,,-65.39364937365735,65.39364937365735,0.014659951691524994,-0.014882826379084422,1.0,-65.39364937365735,,,scored,False,2026-09-24T03:10:09.841863+00:00
3,20260909T174744_fd18a9792e55,2026-09-09T17:47:55.646472+00:00,github-actions,823ac12bac50,2026-09-09,2026-09-08,5313354c9893a9b41ac2,9b0b1adcafba0fea37db,close_to_close,0.0044910418063727,{},,disabled,,,,,Ridge,20260909T174744_fd18a9792e55:price:5,price,5,2026-09-15,1주일,5.0,4393.89990234375,없음,,,4393.89990234375,4199.290470640753,4588.509334046747,0.7865961199294532,simple,0.0197367402222344,0.020001124151889,0.0,0.0,0.0,4340.2998046875,4332.7998046875,-0.013905664447125599,,,,,,,1.0,61.10009765625,,,scored,False,2026-09-24T03:10:09.841863+00:00
3,20260909T174744_fd18a9792e55,2026-09-09T17:47:55.646472+00:00,github-actions,823ac12bac50,2026-09-09,2026-09-08,5313354c9893a9b41ac2,9b0b1adcafba0fea37db,close_to_close,0.0044910418063727,{},,disabled,,,,,Ridge,20260909T174744_fd18a9792e55:price:20,price,20,2026-10-06,1개월,20.0,4393.89990234375,없음,,,4393.89990234375,3993.4978952213096,4794.30190946619,0.7495575221238938,simple,0.0390738626274965,0.0402026429677888,0.0,0.0,0.0,4169.2001953125,4187.10009765625,-0.0470652061457274,,,,,,,1.0,206.7998046875,,,scored,False,2026-10-07T05:38:09.599490+00:00
3,20260909T232142_5cefe52cd94f,2026-09-09T23:21:54.498028+00:00,github-actions,823ac12bac50,2026-09-10,2026-09-09,faaae7d0788c1b4c627e,9b0b1adcafba0fea37db,close_to_close,0.0045432177572408,{},,disabled,상승,0.3140196279886711,0.3279359558463016,0.3580444161650273,Logistic,20260909T232142_5cefe52cd94f:direction:Logistic,direction,1,2026-09-10,,,,,,,,,,,,,,,,,4448.0,4407.2998046875,-0.011971302326283961,0.0,0.0,,,,,,,1.1582997855094612,0.7063068658685839,scored,True,2026-09-24T03:10:09.841863+00:00
3,20260909T232142_5cefe52cd94f,2026-09-09T23:21:54.498028+00:00,github-actions,823ac12bac50,2026-09-10,2026-09-09,faaae7d0788c1b4c627e,9b0b1adcafba0fea37db,close_to_close,0.0045432177572408,{},,disabled,,,,,Ridge,20260909T232142_5cefe52cd94f:price:1,price,1,2026-09-10,1거래일,1.0,4444.2998046875,있음,-0.0001368530356558,4443.691588767864,4443.691588767864,4360.323642325737,4527.059535209992,0.7821869488536155,simple,0.0086121654418045,0.0086272337209542,-3.523151688438835e-05,4.195201197934431e-06,0.4516974475080028,4448.0,4407.2998046875,-0.008325270937162066,,,36.39178408036423,36.39178408036423,0.00825716100403671,0.008188417901506265,1.0,36.39178408036423,,,scored,True,2026-09-24T03:10:09.841863+00:00
3,20260909T232142_5cefe52cd94f,2026-09-09T23:21:54.498028+00:00,github-actions,823ac12bac50,2026-09-10,2026-09-09,faaae7d0788c1b4c627e,9b0b1adcafba0fea37db,close_to_close,0.0045432177572408,{},,disabled,,,,,Ridge,20260909T232142_5cefe52cd94f:price:5,price,5,2026-09-16,1주일,5.0,4444.2998046875,없음,,,4444.2998046875,4245.171255904668,4643.428353470333,0.7874779541446209,simple,0.0197191529835307,0.0199839139438695,0.0,0.0,0.0,4333.5,4387.5,-0.012780371978414196,,,,,,,1.0,56.7998046875,,,scored,True,2026-09-24T03:10:09.841863+00:00
3,20260909T232142_5cefe52cd94f,2026-09-09T23:21:54.498028+00:00,github-actions,823ac12bac50,2026-09-10,2026-09-09,faaae7d0788c1b4c627e,9b0b1adcafba0fea37db,close_to_close,0.0045432177572408,{},,disabled,,,,,Ridge,20260909T232142_5cefe52cd94f:price:20,price,20,2026-10-07,1개월,20.0,4444.2998046875,없음,,,4444.2998046875,4034.5998743690825,4853.9997350059175,0.7504424778761062,simple,0.0390129701824689,0.0401364674163004,0.0,0.0,0.0,4195.0,4140.7001953125,-0.06831213525576896,,,,,,,1.0,303.599609375,,,scored,True,2026-10-08T06:18:38.368821+00:00
3,20260910T004718_0dc3340909c8,2026-09-10T00:47:32.323447+00:00,github-actions,823ac12bac50,2026-09-10,2026-09-09,ec18fc2b0cb1789eb75b,9b0b1adcafba0fea37db,close_to_close,0.004534900921981,{},,disabled,상승,0.3138604688505558,0.3249292796663016,0.3612102514831425,Logistic,20260910T004718_0dc3340909c8:direction:Logistic,direction,1,2026-09-10,,,,,,,,,,,,,,,,,4448.0,4407.2998046875,-0.011971302326283961,0.0,0.0,,,,,,,1.1588067585520072,0.7068393387669559,scored,False,2026-09-24T03:10:09.841863+00:00
3,20260910T004718_0dc3340909c8,2026-09-10T00:47:32.323447+00:00,github-actions,823ac12bac50,2026-09-10,2026-09-09,ec18fc2b0cb1789eb75b,9b0b1adcafba0fea37db,close_to_close,0.004534900921981,{},,disabled,,,,,Ridge,20260910T004718_0dc3340909c8:price:1,price,1,2026-09-10,1거래일,1.0,4440.89990234375,있음,-4.553991857392248e-06,4440.879678521756,4440.879678521756,4357.728005797475,4524.031351246035,0.7821869488536155,simple,0.0086114830980366,0.0086265513771864,-3.523151688438835e-05,4.195201197934431e-06,0.4516974475080028,4448.0,4407.2998046875,-0.007566056068617266,,,33.57987383425643,33.57987383425643,0.007619148985177199,0.007561502076759874,1.0,33.57987383425643,,,scored,False,2026-09-24T03:10:09.841863+00:00
3,20260910T004718_0dc3340909c8,2026-09-10T00:47:32.323447+00:00,github-actions,823ac12bac50,2026-09-10,2026-09-09,ec18fc2b0cb1789eb75b,9b0b1adcafba0fea37db,close_to_close,0.004534900921981,{},,disabled,,,,,Ridge,20260910T004718_0dc3340909c8:price:5,price,5,2026-09-16,1주일,5.0,4440.89990234375,없음,,,4440.89990234375,4242.28793425425,4639.51187043325,0.7874779541446209,simple,0.0197184634365631,0.0199832243969019,0.0,0.0,0.0,4333.5,4387.5,-0.012024567884443282,,,,,,,1.0,53.39990234375,,,scored,False,2026-09-24T03:10:09.841863+00:00
3,20260910T004718_0dc3340909c8,2026-09-10T00:47:32.323447+00:00,github-actions,823ac12bac50,2026-09-10,2026-09-09,ec18fc2b0cb1789eb75b,9b0b1adcafba0fea37db,close_to_close,0.004534900921981,{},,disabled,,,,,Ridge,20260910T004718_0dc3340909c8:price:20,price,20,2026-10-07,1개월,20.0,4440.89990234375,없음,,,4440.89990234375,4032.262818489869,4849.536986197631,0.7504424778761062,simple,0.0390122837204256,0.0401357809542571,0.0,0.0,0.0,4195.0,4140.7001953125,-0.06759884564676077,,,,,,,1.0,300.19970703125,,,scored,False,2026-10-08T06:18:38.368821+00:00
3,20260910T010655_c6fe95c41f31,2026-09-10T01:07:07.206866+00:00,github-actions,823ac12bac50,2026-09-10,2026-09-09,029dac06acec92a68369,9b0b1adcafba0fea37db,close_to_close,0.0045481179733791,{},,disabled,상승,0.3145638986110171,0.3243978751557508,0.361038226233232,Logistic,20260910T010655_c6fe95c41f31:direction:Logistic,direction,1,2026-09-10,,,,,,,,,,,,,,,,,4448.0,4407.2998046875,-0.011971302326283961,0.0,0.0,,,,,,,1.1565680482451757,0.7054052312945327,scored,False,2026-09-24T03:10:09.841863+00:00
3,20260910T010655_c6fe95c41f31,2026-09-10T01:07:07.206866+00:00,github-actions,823ac12bac50,2026-09-10,2026-09-09,029dac06acec92a68369,9b0b1adcafba0fea37db,close_to_close,0.0045481179733791,{},,disabled,,,,,Ridge,20260910T010655_c6fe95c41f31:price:1,price,1,2026-09-10,1거래일,1.0,4446.2001953125,있음,-5.81526137466426e-06,4446.1743394962405,4446.1743394962405,4362.680787461221,4529.66789153126,0.7821869488536155,simple,0.0086125468409061,0.0086276151200558,-3.523151688438835e-05,4.195201197934431e-06,0.4516974475080028,4448.0,4407.2998046875,-0.00874913159916002,,,38.874534808740464,38.874534808740464,0.008820487947607836,0.008743316337785356,1.0,38.874534808740464,,,scored,False,2026-09-24T03:10:09.841863+00:00
3,20260910T010655_c6fe95c41f31,2026-09-10T01:07:07.206866+00:00,github-actions,823ac12bac50,2026-09-10,2026-09-09,029dac06acec92a68369,9b0b1adcafba0fea37db,close_to_close,0.0045481179733791,{},,disabled,,,,,Ridge,20260910T010655_c6fe95c41f31:price:5,price,5,2026-09-16,1주일,5.0,4446.2001953125,없음,,,4446.2001953125,4246.771631230036,4645.628759394964,0.7874779541446209,simple,0.019719538408893,0.0199842993692318,0.0,0.0,0.0,4333.5,4387.5,-0.01320232844539615,,,,,,,1.0,58.7001953125,,,scored,False,2026-09-24T03:10:09.841863+00:00
3,20260910T010655_c6fe95c41f31,2026-09-10T01:07:07.206866+00:00,github-actions,823ac12bac50,2026-09-10,2026-09-09,029dac06acec92a68369,9b0b1adcafba0fea37db,close_to_close,0.0045481179733791,{},,disabled,,,,,Ridge,20260910T010655_c6fe95c41f31:price:20,price,20,2026-10-07,1개월,20.0,4446.2001953125,없음,,,4446.2001953125,4035.882994150174,4856.517396474826,0.7504424778761062,simple,0.0390133538834991,0.0401368511173306,0.0,0.0,0.0,4195.0,4140.7001953125,-0.068710356389728,,,,,,,1.0,305.5,,,scored,False,2026-10-08T06:18:38.368821+00:00
3,20260910T014256_f2872c2118ec,2026-09-10T01:43:07.825172+00:00,github-actions,823ac12bac50,2026-09-10,2026-09-09,d0ac0666eda1c1d69f3d,9b0b1adcafba0fea37db,close_to_close,0.004560720458084,{},,disabled,상승,0.3161801741997657,0.3267254972535032,0.3570943285467311,Logistic,20260910T014256_f2872c2118ec:direction:Logistic,direction,1,2026-09-10,,,,,,,,,,,,,,,,,4448.0,4407.2998046875,-0.011971302326283961,0.0,0.0,,,,,,,1.151443056362999,0.7018754641932525,scored,False,2026-09-24T03:10:09.841863+00:00
3,20260910T014256_f2872c2118ec,2026-09-10T01:43:07.825172+00:00,github-actions,823ac12bac50,2026-09-10,2026-09-09,d0ac0666eda1c1d69f3d,9b0b1adcafba0fea37db,close_to_close,0.004560720458084,{},,disabled,,,,,Ridge,20260910T014256_f2872c2118ec:price:1,price,1,2026-09-10,1거래일,1.0,4450.7998046875,있음,-0.0001419795298716,4450.167882223678,4450.167882223678,4366.356362028124,4533.979402419232,0.7821869488536155,simple,0.0086134699600589,0.0086285382391558,-3.523151759804486e-05,4.195200564775086e-06,0.4516974384722332,4448.0,4407.2998046875,-0.009773524289766189,,,42.868077536178134,42.868077536178134,0.00972660799943418,0.009631544759894589,1.0,42.868077536178134,,,scored,False,2026-09-24T03:10:09.841863+00:00
3,20260910T014256_f2872c2118ec,2026-09-10T01:43:07.825172+00:00,github-actions,823ac12bac50,2026-09-10,2026-09-09,d0ac0666eda1c1d69f3d,9b0b1adcafba0fea37db,close_to_close,0.004560720458084,{},,disabled,,,,,Ridge,20260910T014256_f2872c2118ec:price:5,price,5,2026-09-16,1주일,5.0,4450.7998046875,없음,,,4450.7998046875,4250.611758207288,4650.9878511677125,0.7874779541446209,simple,0.0197204712812286,0.0199852322332896,0.0,0.0,0.0,4333.5,4387.5,-0.014222119049442261,,,,,,,1.0,63.2998046875,,,scored,False,2026-09-24T03:10:09.841863+00:00
3,20260910T014256_f2872c2118ec,2026-09-10T01:43:07.825172+00:00,github-actions,823ac12bac50,2026-09-10,2026-09-09,d0ac0666eda1c1d69f3d,9b0b1adcafba0fea37db,close_to_close,0.004560720458084,{},,disabled,,,,,Ridge,20260910T014256_f2872c2118ec:price:20,price,20,2026-10-07,1개월,20.0,4450.7998046875,없음,,,4450.7998046875,4038.9199954142928,4862.679613960707,0.7504424778761062,simple,0.0390142825593012,0.0401377798079019,0.0,0.0,0.0,4195.0,4140.7001953125,-0.06967278309134661,,,,,,,1.0,310.099609375,,,scored,False,2026-10-08T06:18:38.368821+00:00
3,20260910T023459_aac1b1dba9a7,2026-09-10T02:35:12.611158+00:00,github-actions,823ac12bac50,2026-09-10,2026-09-09,5b5d9001718aed146931,9b0b1adcafba0fea37db,close_to_close,0.0045768480310508,{},,disabled,상승,0.3160634007842109,0.3274698780046856,0.3564667212111035,Logistic,20260910T023459_aac1b1dba9a7:direction:Logistic,direction,1,2026-09-10,,,,,,,,,,,,,,,,,4448.0,4407.2998046875,-0.011971302326283961,0.0,0.0,,,,,,,1.151812450126741,0.7020743160782571,scored,False,2026-09-24T03:10:09.841863+00:00
3,20260910T023459_aac1b1dba9a7,2026-09-10T02:35:12.611158+00:00,github-actions,823ac12bac50,2026-09-10,2026-09-09,5b5d9001718aed146931,9b0b1adcafba0fea37db,close_to_close,0.0045768480310508,{},,disabled,,,,,Ridge,20260910T023459_aac1b1dba9a7:price:1,price,1,2026-09-10,1거래일,1.0,4456.2001953125,있음,-0.0001400413893861,4455.576142845765,4455.576142845765,4371.366196913457,4539.786088778074,0.7821869488536155,simple,0.0086145537919855,0.0086296220711352,-3.523151688438835e-05,4.195201197934431e-06,0.4516974475080028,4448.0,4407.2998046875,-0.010973562336009657,,,48.27633815826539,48.27633815826539,0.010953722301105955,0.010833520946623557,1.0,48.27633815826539,,,scored,False,2026-09-24T03:10:09.841863+00:00
3,20260910T023459_aac1b1dba9a7,2026-09-10T02:35:12.611158+00:00,github-actions,823ac12bac50,2026-09-10,2026-09-09,5b5d9001718aed146931,9b0b1adcafba0fea37db,close_to_close,0.0045768480310508,{},,disabled,,,,,Ridge,20260910T023459_aac1b1dba9a7:price:5,price,5,2026-09-16,1주일,5.0,4456.2001953125,없음,,,4456.2001953125,4255.060488240288,4657.339902384712,0.7874779541446209,simple,0.0197215665464624,0.0199863275068012,0.0,0.0,0.0,4333.5,4387.5,-0.01541676592195429,,,,,,,1.0,68.7001953125,,,scored,False,2026-09-24T03:10:09.841863+00:00
3,20260910T023459_aac1b1dba9a7,2026-09-10T02:35:12.611158+00:00,github-actions,823ac12bac50,2026-09-10,2026-09-09,5b5d9001718aed146931,9b0b1adcafba0fea37db,close_to_close,0.0045768480310508,{},,disabled,,,,,Ridge,20260910T023459_aac1b1dba9a7:price:20,price,20,2026-10-07,1개월,20.0,4456.2001953125,없음,,,4456.2001953125,4042.362378106168,4870.038012518833,0.7504424778761062,simple,0.0390153729475014,0.0401388701813329,0.0,0.0,0.0,4195.0,4140.7001953125,-0.07080023027957227,,,,,,,1.0,315.5,,,scored,False,2026-10-08T06:18:38.368821+00:00
3,20260910T030003_2430db8d0d62,2026-09-10T03:00:14.641907+00:00,github-actions,823ac12bac50,2026-09-10,2026-09-09,3802f81d89e2d151b1e3,9b0b1adcafba0fea37db,close_to_close,0.0045923770911935,{},,disabled,상승,0.3161505678677626,0.3277042657663486,0.3561451663658888,Logistic,20260910T030003_2430db8d0d62:direction:Logistic,direction,1,2026-09-10,,,,,,,,,,,,,,,,,4448.0,4407.2998046875,-0.011971302326283961,0.0,0.0,,,,,,,1.1515366982818718,0.7018795111548319,scored,False,2026-09-24T03:10:09.841863+00:00
3,20260910T030003_2430db8d0d62,2026-09-10T03:00:14.641907+00:00,github-actions,823ac12bac50,2026-09-10,2026-09-09,3802f81d89e2d151b1e3,9b0b1adcafba0fea37db,close_to_close,0.0045923770911935,{},,disabled,,,,,Ridge,20260910T030003_2430db8d0d62:price:1,price,1,2026-09-10,1거래일,1.0,4461.0,있음,-0.0001472062431275,4460.343312949408,4460.343312949408,4375.756635199301,4544.929990699515,0.7821869488536155,simple,0.0086155170893053,0.008630585368455,-3.523151688438835e-05,4.195201197934431e-06,0.4516974475080028,4448.0,4407.2998046875,-0.012037703499775843,,,53.043508261907846,53.043508261907846,0.01203537553889391,0.011890497256648343,1.0,53.043508261907846,,,scored,False,2026-09-24T03:10:09.841863+00:00
3,20260910T030003_2430db8d0d62,2026-09-10T03:00:14.641907+00:00,github-actions,823ac12bac50,2026-09-10,2026-09-09,3802f81d89e2d151b1e3,9b0b1adcafba0fea37db,close_to_close,0.0045923770911935,{},,disabled,,,,,Ridge,20260910T030003_2430db8d0d62:price:5,price,5,2026-09-16,1주일,5.0,4461.0,없음,,,4461.0,4258.960449962236,4663.039550037765,0.7874779541446209,simple,0.0197225400128836,0.0199873009732224,0.0,0.0,0.0,4333.5,4387.5,-0.01647612642905183,,,,,,,1.0,73.5,,,scored,False,2026-09-24T03:10:09.841863+00:00
3,20260910T030003_2430db8d0d62,2026-09-10T03:00:14.641907+00:00,github-actions,823ac12bac50,2026-09-10,2026-09-09,3802f81d89e2d151b1e3,9b0b1adcafba0fea37db,close_to_close,0.0045923770911935,{},,disabled,,,,,Ridge,20260910T030003_2430db8d0d62:price:20,price,20,2026-10-07,1개월,20.0,4461.0,없음,,,4461.0,4045.3107877900975,4876.689212209903,0.7504424778761062,simple,0.0390163420587876,0.0401398392926191,0.0,0.0,0.0,4195.0,4140.7001953125,-0.07180000105077333,,,,,,,1.0,320.2998046875,,,scored,False,2026-10-08T06:18:38.368821+00:00
3,20260910T043011_512ad3cdd4d9,2026-09-10T04:30:22.334028+00:00,github-actions,823ac12bac50,2026-09-10,2026-09-09,8cd58dc1ddaf967c70de,9b0b1adcafba0fea37db,close_to_close,0.0044918395669532,{},,disabled,상승,0.3117026702450855,0.3268465931834811,0.3614507365714334,Logistic,20260910T043011_512ad3cdd4d9:direction:Logistic,direction,1,2026-09-10,,,,,,,,,,,,,,,,,4448.0,4407.2998046875,-0.011971302326283961,0.0,0.0,,,,,,,1.1657055255304756,0.7112285445914251,scored,False,2026-09-24T03:10:09.841863+00:00
3,20260910T043011_512ad3cdd4d9,2026-09-10T04:30:22.334028+00:00,github-actions,823ac12bac50,2026-09-10,2026-09-09,8cd58dc1ddaf967c70de,9b0b1adcafba0fea37db,close_to_close,0.0044918395669532,{},,disabled,,,,,Ridge,20260910T043011_512ad3cdd4d9:price:1,price,1,2026-09-10,1거래일,1.0,4416.0,있음,-6.754221976734698e-05,4415.701733557507,4415.701733557507,4333.801431305641,4497.602035809374,0.7821869488536155,simple,0.0086064858070043,0.0086215540885979,-3.5231518277436574e-05,4.195201239633064e-06,0.4516974652765548,4448.0,4407.2998046875,-0.001970152924026247,,,8.401928870007396,8.401928870007396,0.001906366537867767,0.0019026107042589002,1.0,8.401928870007396,,,scored,False,2026-09-24T03:10:09.841863+00:00
3,20260910T043011_512ad3cdd4d9,2026-09-10T04:30:22.334028+00:00,github-actions,823ac12bac50,2026-09-10,2026-09-09,8cd58dc1ddaf967c70de,9b0b1adcafba0fea37db,close_to_close,0.0044918395669532,{},,disabled,,,,,Ridge,20260910T043011_512ad3cdd4d9:price:5,price,5,2026-09-16,1주일,5.0,4416.0,없음,,,4416.0,4220.376993763617,4611.623006236383,0.7874779541446209,simple,0.0197134133996709,0.0199781743541602,0.0,0.0,0.0,4333.5,4387.5,-0.006453804347826053,,,,,,,1.0,28.5,,,scored,False,2026-09-24T03:10:09.841863+00:00
3,20260910T043011_512ad3cdd4d9,2026-09-10T04:30:22.334028+00:00,github-actions,823ac12bac50,2026-09-10,2026-09-09,8cd58dc1ddaf967c70de,9b0b1adcafba0fea37db,close_to_close,0.0044918395669532,{},,disabled,,,,,Ridge,20260910T043011_512ad3cdd4d9:price:20,price,20,2026-10-07,1개월,20.0,4416.0,없음,,,4416.0,4013.5125992047833,4818.487400795216,0.7504424778761062,simple,0.0390072562482918,0.0401307535046088,0.0,0.0,0.0,4195.0,4140.7001953125,-0.06234144127887231,,,,,,,1.0,275.2998046875,,,scored,False,2026-10-08T06:18:38.368821+00:00
3,20260910T045444_1c3837eac056,2026-09-10T04:54:58.895893+00:00,github-actions,823ac12bac50,2026-09-10,2026-09-09,8cd58dc1ddaf967c70de,9b0b1adcafba0fea37db,close_to_close,0.0044918395669532,{},,disabled,상승,0.3117026501785913,0.3268466041728858,0.3614507456485229,Logistic,20260910T045444_1c3837eac056:direction:Logistic,direction,1,2026-09-10,,,,,,,,,,,,,,,,,4448.0,4407.2998046875,-0.011971302326283961,0.0,0.0,,,,,,,1.1657055899075144,0.7112285859603948,scored,False,2026-09-24T03:10:09.841863+00:00
3,20260910T045444_1c3837eac056,2026-09-10T04:54:58.895893+00:00,github-actions,823ac12bac50,2026-09-10,2026-09-09,8cd58dc1ddaf967c70de,9b0b1adcafba0fea37db,close_to_close,0.0044918395669532,{},,disabled,,,,,Ridge,20260910T045444_1c3837eac056:price:1,price,1,2026-09-10,1거래일,1.0,4416.0,있음,-6.754221976734698e-05,4415.701733557507,4415.701733557507,4333.8014314338325,4497.602035681182,0.7821869488536155,simple,0.0086064858094481,0.0086215540885979,-3.523151688438835e-05,4.195201197934431e-06,0.4516974475080028,4448.0,4407.2998046875,-0.001970152924026247,,,8.401928870007396,8.401928870007396,0.001906366537867767,0.0019026107042589002,1.0,8.401928870007396,,,scored,False,2026-09-24T03:10:09.841863+00:00
3,20260910T045444_1c3837eac056,2026-09-10T04:54:58.895893+00:00,github-actions,823ac12bac50,2026-09-10,2026-09-09,8cd58dc1ddaf967c70de,9b0b1adcafba0fea37db,close_to_close,0.0044918395669532,{},,disabled,,,,,Ridge,20260910T045444_1c3837eac056:price:5,price,5,2026-09-16,1주일,5.0,4416.0,없음,,,4416.0,4220.376993763617,4611.623006236383,0.7874779541446209,simple,0.0197134133938214,0.0199781743541602,0.0,0.0,0.0,4333.5,4387.5,-0.006453804347826053,,,,,,,1.0,28.5,,,scored,False,2026-09-24T03:10:09.841863+00:00
3,20260910T045444_1c3837eac056,2026-09-10T04:54:58.895893+00:00,github-actions,823ac12bac50,2026-09-10,2026-09-09,8cd58dc1ddaf967c70de,9b0b1adcafba0fea37db,close_to_close,0.0044918395669532,{},,disabled,,,,,Ridge,20260910T045444_1c3837eac056:price:20,price,20,2026-10-07,1개월,20.0,4416.0,없음,,,4416.0,4013.5125992047833,4818.487400795216,0.7504424778761062,simple,0.0390072562707773,0.0401307535046088,0.0,0.0,0.0,4195.0,4140.7001953125,-0.06234144127887231,,,,,,,1.0,275.2998046875,,,scored,False,2026-10-08T06:18:38.368821+00:00
3,20260910T053822_36dc0185ad6f,2026-09-10T05:38:33.691167+00:00,github-actions,823ac12bac50,2026-09-10,2026-09-09,8cd58dc1ddaf967c70de,9b0b1adcafba0fea37db,close_to_close,0.0044918395669532,{},,disabled,상승,0.3117026501785913,0.3268466041728858,0.3614507456485229,Logistic,20260910T053822_36dc0185ad6f:direction:Logistic,direction,1,2026-09-10,,,,,,,,,,,,,,,,,4448.0,4407.2998046875,-0.011971302326283961,0.0,0.0,,,,,,,1.1657055899075144,0.7112285859603948,scored,False,2026-09-24T03:10:09.841863+00:00
3,20260910T053822_36dc0185ad6f,2026-09-10T05:38:33.691167+00:00,github-actions,823ac12bac50,2026-09-10,2026-09-09,8cd58dc1ddaf967c70de,9b0b1adcafba0fea37db,close_to_close,0.0044918395669532,{},,disabled,,,,,Ridge,20260910T053822_36dc0185ad6f:price:1,price,1,2026-09-10,1거래일,1.0,4416.0,있음,-6.754221976734698e-05,4415.701733557507,4415.701733557507,4333.8014314338325,4497.602035681182,0.7821869488536155,simple,0.0086064858094481,0.0086215540885979,-3.523151688438835e-05,4.195201197934431e-06,0.4516974475080028,4448.0,4407.2998046875,-0.001970152924026247,,,8.401928870007396,8.401928870007396,0.001906366537867767,0.0019026107042589002,1.0,8.401928870007396,,,scored,False,2026-09-24T03:10:09.841863+00:00
3,20260910T053822_36dc0185ad6f,2026-09-10T05:38:33.691167+00:00,github-actions,823ac12bac50,2026-09-10,2026-09-09,8cd58dc1ddaf967c70de,9b0b1adcafba0fea37db,close_to_close,0.0044918395669532,{},,disabled,,,,,Ridge,20260910T053822_36dc0185ad6f:price:5,price,5,2026-09-16,1주일,5.0,4416.0,없음,,,4416.0,4220.376993763617,4611.623006236383,0.7874779541446209,simple,0.0197134133938214,0.0199781743541602,0.0,0.0,0.0,4333.5,4387.5,-0.006453804347826053,,,,,,,1.0,28.5,,,scored,False,2026-09-24T03:10:09.841863+00:00
3,20260910T053822_36dc0185ad6f,2026-09-10T05:38:33.691167+00:00,github-actions,823ac12bac50,2026-09-10,2026-09-09,8cd58dc1ddaf967c70de,9b0b1adcafba0fea37db,close_to_close,0.0044918395669532,{},,disabled,,,,,Ridge,20260910T053822_36dc0185ad6f:price:20,price,20,2026-10-07,1개월,20.0,4416.0,없음,,,4416.0,4013.5125992047833,4818.487400795216,0.7504424778761062,simple,0.0390072562707773,0.0401307535046088,0.0,0.0,0.0,4195.0,4140.7001953125,-0.06234144127887231,,,,,,,1.0,275.2998046875,,,scored,False,2026-10-08T06:18:38.368821+00:00
3,20260910T064039_06308e2ec122,2026-09-10T06:40:50.389676+00:00,github-actions,823ac12bac50,2026-09-10,2026-09-09,8cd58dc1ddaf967c70de,9b0b1adcafba0fea37db,close_to_close,0.0044918395669532,{},,disabled,상승,0.3117026501785913,0.3268466041728858,0.3614507456485229,Logistic,20260910T064039_06308e2ec122:direction:Logistic,direction,1,2026-09-10,,,,,,,,,,,,,,,,,4448.0,4407.2998046875,-0.011971302326283961,0.0,0.0,,,,,,,1.1657055899075144,0.7112285859603948,scored,False,2026-09-24T03:10:09.841863+00:00
3,20260910T064039_06308e2ec122,2026-09-10T06:40:50.389676+00:00,github-actions,823ac12bac50,2026-09-10,2026-09-09,8cd58dc1ddaf967c70de,9b0b1adcafba0fea37db,close_to_close,0.0044918395669532,{},,disabled,,,,,Ridge,20260910T064039_06308e2ec122:price:1,price,1,2026-09-10,1거래일,1.0,4416.0,있음,-6.754221976734698e-05,4415.701733557507,4415.701733557507,4333.8014314338325,4497.602035681182,0.7821869488536155,simple,0.0086064858094481,0.0086215540885979,-3.523151688438835e-05,4.195201197934431e-06,0.4516974475080028,4448.0,4407.2998046875,-0.001970152924026247,,,8.401928870007396,8.401928870007396,0.001906366537867767,0.0019026107042589002,1.0,8.401928870007396,,,scored,False,2026-09-24T03:10:09.841863+00:00
3,20260910T064039_06308e2ec122,2026-09-10T06:40:50.389676+00:00,github-actions,823ac12bac50,2026-09-10,2026-09-09,8cd58dc1ddaf967c70de,9b0b1adcafba0fea37db,close_to_close,0.0044918395669532,{},,disabled,,,,,Ridge,20260910T064039_06308e2ec122:price:5,price,5,2026-09-16,1주일,5.0,4416.0,없음,,,4416.0,4220.376993763617,4611.623006236383,0.7874779541446209,simple,0.0197134133938214,0.0199781743541602,0.0,0.0,0.0,4333.5,4387.5,-0.006453804347826053,,,,,,,1.0,28.5,,,scored,False,2026-09-24T03:10:09.841863+00:00
3,20260910T064039_06308e2ec122,2026-09-10T06:40:50.389676+00:00,github-actions,823ac12bac50,2026-09-10,2026-09-09,8cd58dc1ddaf967c70de,9b0b1adcafba0fea37db,close_to_close,0.0044918395669532,{},,disabled,,,,,Ridge,20260910T064039_06308e2ec122:price:20,price,20,2026-10-07,1개월,20.0,4416.0,없음,,,4416.0,4013.5125992047833,4818.487400795216,0.7504424778761062,simple,0.0390072562707773,0.0401307535046088,0.0,0.0,0.0,4195.0,4140.7001953125,-0.06234144127887231,,,,,,,1.0,275.2998046875,,,scored,False,2026-10-08T06:18:38.368821+00:00
3,20260910T072558_ca13ae88e446,2026-09-10T07:26:12.236733+00:00,github-actions,823ac12bac50,2026-09-10,2026-09-09,8cd58dc1ddaf967c70de,9b0b1adcafba0fea37db,close_to_close,0.0044918395669532,{},,disabled,상승,0.3117026501785913,0.3268466041728858,0.3614507456485229,Logistic,20260910T072558_ca13ae88e446:direction:Logistic,direction,1,2026-09-10,,,,,,,,,,,,,,,,,4448.0,4407.2998046875,-0.011971302326283961,0.0,0.0,,,,,,,1.1657055899075144,0.7112285859603948,scored,False,2026-09-24T03:10:09.841863+00:00
3,20260910T072558_ca13ae88e446,2026-09-10T07:26:12.236733+00:00,github-actions,823ac12bac50,2026-09-10,2026-09-09,8cd58dc1ddaf967c70de,9b0b1adcafba0fea37db,close_to_close,0.0044918395669532,{},,disabled,,,,,Ridge,20260910T072558_ca13ae88e446:price:1,price,1,2026-09-10,1거래일,1.0,4416.0,있음,-6.754221976734698e-05,4415.701733557507,4415.701733557507,4333.8014314338325,4497.602035681182,0.7821869488536155,simple,0.0086064858094481,0.0086215540885979,-3.523151688438835e-05,4.195201197934431e-06,0.4516974475080028,4448.0,4407.2998046875,-0.001970152924026247,,,8.401928870007396,8.401928870007396,0.001906366537867767,0.0019026107042589002,1.0,8.401928870007396,,,scored,False,2026-09-24T03:10:09.841863+00:00
3,20260910T072558_ca13ae88e446,2026-09-10T07:26:12.236733+00:00,github-actions,823ac12bac50,2026-09-10,2026-09-09,8cd58dc1ddaf967c70de,9b0b1adcafba0fea37db,close_to_close,0.0044918395669532,{},,disabled,,,,,Ridge,20260910T072558_ca13ae88e446:price:5,price,5,2026-09-16,1주일,5.0,4416.0,없음,,,4416.0,4220.376993763617,4611.623006236383,0.7874779541446209,simple,0.0197134133938214,0.0199781743541602,0.0,0.0,0.0,4333.5,4387.5,-0.006453804347826053,,,,,,,1.0,28.5,,,scored,False,2026-09-24T03:10:09.841863+00:00
3,20260910T072558_ca13ae88e446,2026-09-10T07:26:12.236733+00:00,github-actions,823ac12bac50,2026-09-10,2026-09-09,8cd58dc1ddaf967c70de,9b0b1adcafba0fea37db,close_to_close,0.0044918395669532,{},,disabled,,,,,Ridge,20260910T072558_ca13ae88e446:price:20,price,20,2026-10-07,1개월,20.0,4416.0,없음,,,4416.0,4013.5125992047833,4818.487400795216,0.7504424778761062,simple,0.0390072562707773,0.0401307535046088,0.0,0.0,0.0,4195.0,4140.7001953125,-0.06234144127887231,,,,,,,1.0,275.2998046875,,,scored,False,2026-10-08T06:18:38.368821+00:00
3,20260910T081559_a5ab30161339,2026-09-10T08:16:08.303880+00:00,github-actions,823ac12bac50,2026-09-10,2026-09-09,8cd58dc1ddaf967c70de,9b0b1adcafba0fea37db,close_to_close,0.0044918395669532,{},,disabled,상승,0.3117026702450855,0.3268465931834811,0.3614507365714334,Logistic,20260910T081559_a5ab30161339:direction:Logistic,direction,1,2026-09-10,,,,,,,,,,,,,,,,,4448.0,4407.2998046875,-0.011971302326283961,0.0,0.0,,,,,,,1.1657055255304756,0.7112285445914251,scored,False,2026-09-24T03:10:09.841863+00:00
3,20260910T081559_a5ab30161339,2026-09-10T08:16:08.303880+00:00,github-actions,823ac12bac50,2026-09-10,2026-09-09,8cd58dc1ddaf967c70de,9b0b1adcafba0fea37db,close_to_close,0.0044918395669532,{},,disabled,,,,,Ridge,20260910T081559_a5ab30161339:price:1,price,1,2026-09-10,1거래일,1.0,4416.0,있음,-6.754221976734698e-05,4415.701733557507,4415.701733557507,4333.801431185975,4497.60203592904,0.7821869488536155,simple,0.0086064858095009,0.0086215540885979,-3.523151759804486e-05,4.195200564775086e-06,0.4516974384722332,4448.0,4407.2998046875,-0.001970152924026247,,,8.401928870007396,8.401928870007396,0.001906366537867767,0.0019026107042589002,1.0,8.401928870007396,,,scored,False,2026-09-24T03:10:09.841863+00:00
3,20260910T081559_a5ab30161339,2026-09-10T08:16:08.303880+00:00,github-actions,823ac12bac50,2026-09-10,2026-09-09,8cd58dc1ddaf967c70de,9b0b1adcafba0fea37db,close_to_close,0.0044918395669532,{},,disabled,,,,,Ridge,20260910T081559_a5ab30161339:price:5,price,5,2026-09-16,1주일,5.0,4416.0,없음,,,4416.0,4220.376993763617,4611.623006236383,0.7874779541446209,simple,0.0197134134020992,0.0199781743541602,0.0,0.0,0.0,4333.5,4387.5,-0.006453804347826053,,,,,,,1.0,28.5,,,scored,False,2026-09-24T03:10:09.841863+00:00
3,20260910T081559_a5ab30161339,2026-09-10T08:16:08.303880+00:00,github-actions,823ac12bac50,2026-09-10,2026-09-09,8cd58dc1ddaf967c70de,9b0b1adcafba0fea37db,close_to_close,0.0044918395669532,{},,disabled,,,,,Ridge,20260910T081559_a5ab30161339:price:20,price,20,2026-10-07,1개월,20.0,4416.0,없음,,,4416.0,4013.5125992047833,4818.487400795216,0.7504424778761062,simple,0.039007256256008,0.0401307535046088,0.0,0.0,0.0,4195.0,4140.7001953125,-0.06234144127887231,,,,,,,1.0,275.2998046875,,,scored,False,2026-10-08T06:18:38.368821+00:00
3,20260910T083829_ded6e24ed603,2026-09-10T08:38:39.995643+00:00,github-actions,823ac12bac50,2026-09-10,2026-09-09,8cd58dc1ddaf967c70de,9b0b1adcafba0fea37db,close_to_close,0.0044918395669532,{},,disabled,상승,0.3117026501785913,0.3268466041728858,0.3614507456485229,Logistic,20260910T083829_ded6e24ed603:direction:Logistic,direction,1,2026-09-10,,,,,,,,,,,,,,,,,4448.0,4407.2998046875,-0.011971302326283961,0.0,0.0,,,,,,,1.1657055899075144,0.7112285859603948,scored,False,2026-09-24T03:10:09.841863+00:00
3,20260910T083829_ded6e24ed603,2026-09-10T08:38:39.995643+00:00,github-actions,823ac12bac50,2026-09-10,2026-09-09,8cd58dc1ddaf967c70de,9b0b1adcafba0fea37db,close_to_close,0.0044918395669532,{},,disabled,,,,,Ridge,20260910T083829_ded6e24ed603:price:1,price,1,2026-09-10,1거래일,1.0,4416.0,있음,-6.754221976734698e-05,4415.701733557507,4415.701733557507,4333.8014314338325,4497.602035681182,0.7821869488536155,simple,0.0086064858094481,0.0086215540885979,-3.523151688438835e-05,4.195201197934431e-06,0.4516974475080028,4448.0,4407.2998046875,-0.001970152924026247,,,8.401928870007396,8.401928870007396,0.001906366537867767,0.0019026107042589002,1.0,8.401928870007396,,,scored,False,2026-09-24T03:10:09.841863+00:00
3,20260910T083829_ded6e24ed603,2026-09-10T08:38:39.995643+00:00,github-actions,823ac12bac50,2026-09-10,2026-09-09,8cd58dc1ddaf967c70de,9b0b1adcafba0fea37db,close_to_close,0.0044918395669532,{},,disabled,,,,,Ridge,20260910T083829_ded6e24ed603:price:5,price,5,2026-09-16,1주일,5.0,4416.0,없음,,,4416.0,4220.376993763617,4611.623006236383,0.7874779541446209,simple,0.0197134133938214,0.0199781743541602,0.0,0.0,0.0,4333.5,4387.5,-0.006453804347826053,,,,,,,1.0,28.5,,,scored,False,2026-09-24T03:10:09.841863+00:00
3,20260910T083829_ded6e24ed603,2026-09-10T08:38:39.995643+00:00,github-actions,823ac12bac50,2026-09-10,2026-09-09,8cd58dc1ddaf967c70de,9b0b1adcafba0fea37db,close_to_close,0.0044918395669532,{},,disabled,,,,,Ridge,20260910T083829_ded6e24ed603:price:20,price,20,2026-10-07,1개월,20.0,4416.0,없음,,,4416.0,4013.5125992047833,4818.487400795216,0.7504424778761062,simple,0.0390072562707773,0.0401307535046088,0.0,0.0,0.0,4195.0,4140.7001953125,-0.06234144127887231,,,,,,,1.0,275.2998046875,,,scored,False,2026-10-08T06:18:38.368821+00:00
3,20260910T103816_7d20e03a4d06,2026-09-10T10:38:29.750165+00:00,github-actions,823ac12bac50,2026-09-10,2026-09-09,8cd58dc1ddaf967c70de,9b0b1adcafba0fea37db,close_to_close,0.0044918395669532,{},,disabled,상승,0.3117026501785913,0.3268466041728858,0.3614507456485229,Logistic,20260910T103816_7d20e03a4d06:direction:Logistic,direction,1,2026-09-10,,,,,,,,,,,,,,,,,4448.0,4407.2998046875,-0.011971302326283961,0.0,0.0,,,,,,,1.1657055899075144,0.7112285859603948,scored,False,2026-09-24T03:10:09.841863+00:00
3,20260910T103816_7d20e03a4d06,2026-09-10T10:38:29.750165+00:00,github-actions,823ac12bac50,2026-09-10,2026-09-09,8cd58dc1ddaf967c70de,9b0b1adcafba0fea37db,close_to_close,0.0044918395669532,{},,disabled,,,,,Ridge,20260910T103816_7d20e03a4d06:price:1,price,1,2026-09-10,1거래일,1.0,4416.0,있음,-6.754221976734698e-05,4415.701733557507,4415.701733557507,4333.8014314338325,4497.602035681182,0.7821869488536155,simple,0.0086064858094481,0.0086215540885979,-3.523151688438835e-05,4.195201197934431e-06,0.4516974475080028,4448.0,4407.2998046875,-0.001970152924026247,,,8.401928870007396,8.401928870007396,0.001906366537867767,0.0019026107042589002,1.0,8.401928870007396,,,scored,False,2026-09-24T03:10:09.841863+00:00
3,20260910T103816_7d20e03a4d06,2026-09-10T10:38:29.750165+00:00,github-actions,823ac12bac50,2026-09-10,2026-09-09,8cd58dc1ddaf967c70de,9b0b1adcafba0fea37db,close_to_close,0.0044918395669532,{},,disabled,,,,,Ridge,20260910T103816_7d20e03a4d06:price:5,price,5,2026-09-16,1주일,5.0,4416.0,없음,,,4416.0,4220.376993763617,4611.623006236383,0.7874779541446209,simple,0.0197134133938214,0.0199781743541602,0.0,0.0,0.0,4333.5,4387.5,-0.006453804347826053,,,,,,,1.0,28.5,,,scored,False,2026-09-24T03:10:09.841863+00:00
3,20260910T103816_7d20e03a4d06,2026-09-10T10:38:29.750165+00:00,github-actions,823ac12bac50,2026-09-10,2026-09-09,8cd58dc1ddaf967c70de,9b0b1adcafba0fea37db,close_to_close,0.0044918395669532,{},,disabled,,,,,Ridge,20260910T103816_7d20e03a4d06:price:20,price,20,2026-10-07,1개월,20.0,4416.0,없음,,,4416.0,4013.5125992047833,4818.487400795216,0.7504424778761062,simple,0.0390072562707773,0.0401307535046088,0.0,0.0,0.0,4195.0,4140.7001953125,-0.06234144127887231,,,,,,,1.0,275.2998046875,,,scored,False,2026-10-08T06:18:38.368821+00:00
3,20260910T104801_b17bd972f927,2026-09-10T10:48:12.060168+00:00,github-actions,823ac12bac50,2026-09-10,2026-09-09,8cd58dc1ddaf967c70de,9b0b1adcafba0fea37db,close_to_close,0.0044918395669532,{},,disabled,상승,0.3117026501785913,0.3268466041728858,0.3614507456485229,Logistic,20260910T104801_b17bd972f927:direction:Logistic,direction,1,2026-09-10,,,,,,,,,,,,,,,,,4448.0,4407.2998046875,-0.011971302326283961,0.0,0.0,,,,,,,1.1657055899075144,0.7112285859603948,scored,False,2026-09-24T03:10:09.841863+00:00
3,20260910T104801_b17bd972f927,2026-09-10T10:48:12.060168+00:00,github-actions,823ac12bac50,2026-09-10,2026-09-09,8cd58dc1ddaf967c70de,9b0b1adcafba0fea37db,close_to_close,0.0044918395669532,{},,disabled,,,,,Ridge,20260910T104801_b17bd972f927:price:1,price,1,2026-09-10,1거래일,1.0,4416.0,있음,-6.754221976734698e-05,4415.701733557507,4415.701733557507,4333.8014314338325,4497.602035681182,0.7821869488536155,simple,0.0086064858094481,0.0086215540885979,-3.523151688438835e-05,4.195201197934431e-06,0.4516974475080028,4448.0,4407.2998046875,-0.001970152924026247,,,8.401928870007396,8.401928870007396,0.001906366537867767,0.0019026107042589002,1.0,8.401928870007396,,,scored,False,2026-09-24T03:10:09.841863+00:00
3,20260910T104801_b17bd972f927,2026-09-10T10:48:12.060168+00:00,github-actions,823ac12bac50,2026-09-10,2026-09-09,8cd58dc1ddaf967c70de,9b0b1adcafba0fea37db,close_to_close,0.0044918395669532,{},,disabled,,,,,Ridge,20260910T104801_b17bd972f927:price:5,price,5,2026-09-16,1주일,5.0,4416.0,없음,,,4416.0,4220.376993763617,4611.623006236383,0.7874779541446209,simple,0.0197134133938214,0.0199781743541602,0.0,0.0,0.0,4333.5,4387.5,-0.006453804347826053,,,,,,,1.0,28.5,,,scored,False,2026-09-24T03:10:09.841863+00:00
3,20260910T104801_b17bd972f927,2026-09-10T10:48:12.060168+00:00,github-actions,823ac12bac50,2026-09-10,2026-09-09,8cd58dc1ddaf967c70de,9b0b1adcafba0fea37db,close_to_close,0.0044918395669532,{},,disabled,,,,,Ridge,20260910T104801_b17bd972f927:price:20,price,20,2026-10-07,1개월,20.0,4416.0,없음,,,4416.0,4013.5125992047833,4818.487400795216,0.7504424778761062,simple,0.0390072562707773,0.0401307535046088,0.0,0.0,0.0,4195.0,4140.7001953125,-0.06234144127887231,,,,,,,1.0,275.2998046875,,,scored,False,2026-10-08T06:18:38.368821+00:00
3,20260910T220218_6af1a577b29a,2026-09-10T22:02:31.717489+00:00,github-actions,823ac12bac50,2026-09-11,2026-09-10,179b75f69536d506ae47,9b0b1adcafba0fea37db,close_to_close,0.004562428633182,{},,disabled,상승,0.3190146808107337,0.2969353996998118,0.3840499194894544,Logistic,20260910T220218_6af1a577b29a:direction:Logistic,direction,1,2026-09-11,,,,,,,,,,,,,,,,,4359.39990234375,4408.89990234375,0.0003630562310619201,1.0,0.0,,,,,,,1.214240673266287,0.743564539427894,scored,True,2026-09-24T03:10:09.841863+00:00
3,20260910T220218_6af1a577b29a,2026-09-10T22:02:31.717489+00:00,github-actions,823ac12bac50,2026-09-11,2026-09-10,179b75f69536d506ae47,9b0b1adcafba0fea37db,close_to_close,0.004562428633182,{},,disabled,,,,,Ridge,20260910T220218_6af1a577b29a:price:1,price,1,2026-09-11,1거래일,1.0,4358.5,있음,-9.956924623111264e-05,4358.066027440302,4358.066027440302,4275.843419297091,4440.288635583513,0.7823788546255507,simple,0.0086101110856755,0.0086254301055536,-3.528731274662642e-05,4.025334550851561e-06,0.4505552398375003,4359.39990234375,4408.89990234375,0.011563588928243718,,,-50.833874903448304,50.833874903448304,0.011529831937537358,-0.01166315817447483,1.0,-50.833874903448304,,,scored,True,2026-09-24T03:10:09.841863+00:00
3,20260910T220218_6af1a577b29a,2026-09-10T22:02:31.717489+00:00,github-actions,823ac12bac50,2026-09-11,2026-09-10,179b75f69536d506ae47,9b0b1adcafba0fea37db,close_to_close,0.004562428633182,{},,disabled,,,,,Ridge,20260910T220218_6af1a577b29a:price:5,price,5,2026-09-17,1주일,5.0,4358.5,없음,,,4358.5,4162.389989906388,4554.610010093612,0.7883597883597884,simple,0.0196759170055854,0.0199358761284949,0.0,0.0,0.0,4301.39990234375,4399.7001953125,0.009452838204083935,,,,,,,1.0,-41.2001953125,,,scored,True,2026-09-24T03:10:09.841863+00:00
3,20260910T220218_6af1a577b29a,2026-09-10T22:02:31.717489+00:00,github-actions,823ac12bac50,2026-09-11,2026-09-10,179b75f69536d506ae47,9b0b1adcafba0fea37db,close_to_close,0.004562428633182,{},,disabled,,,,,Ridge,20260910T220218_6af1a577b29a:price:20,price,20,2026-10-08,1개월,20.0,4358.5,없음,,,4358.5,3955.465789396599,4761.534210603401,0.7513274336283186,simple,0.0389571772782627,0.0400702641785623,0.0,0.0,0.0,4159.7001953125,4172.7998046875,-0.042606446096707606,,,,,,,1.0,185.7001953125,,,scored,True,2026-10-09T01:17:07.421005+00:00
3,20260910T222229_f6ef8ba1aed3,2026-09-10T22:22:41.818933+00:00,github-actions,823ac12bac50,2026-09-11,2026-09-10,ac046302242da8b628bc,9b0b1adcafba0fea37db,close_to_close,0.004549093308611,{},,disabled,상승,0.3198081310296691,0.2963125605495371,0.3838793084207937,Logistic,20260910T222229_f6ef8ba1aed3:direction:Logistic,direction,1,2026-09-11,,,,,,,,,,,,,,,,,4359.39990234375,4408.89990234375,0.0003630562310619201,1.0,0.0,,,,,,,1.216340433976308,0.7448165765466658,scored,True,2026-09-24T03:10:09.841863+00:00
3,20260910T222229_f6ef8ba1aed3,2026-09-10T22:22:41.818933+00:00,github-actions,823ac12bac50,2026-09-11,2026-09-10,ac046302242da8b628bc,9b0b1adcafba0fea37db,close_to_close,0.004549093308611,{},,disabled,,,,,Ridge,20260910T222229_f6ef8ba1aed3:price:1,price,1,2026-09-11,1거래일,1.0,4363.2001953125,있음,-0.0001088658100343,4362.725191988895,4362.725191988895,4280.654499251571,4444.79588472622,0.7823788546255507,simple,0.0086091733272415,0.0086244923471196,-3.528731274662642e-05,4.025334550851561e-06,0.4505552398375003,4359.39990234375,4408.89990234375,0.010473896448837339,,,-46.17471035485505,46.17471035485505,0.010473068424689976,-0.010582762258871638,1.0,-46.17471035485505,,,scored,True,2026-09-24T03:10:09.841863+00:00
3,20260910T222229_f6ef8ba1aed3,2026-09-10T22:22:41.818933+00:00,github-actions,823ac12bac50,2026-09-11,2026-09-10,ac046302242da8b628bc,9b0b1adcafba0fea37db,close_to_close,0.004549093308611,{},,disabled,,,,,Ridge,20260910T222229_f6ef8ba1aed3:price:5,price,5,2026-09-17,1주일,5.0,4363.2001953125,없음,,,4363.2001953125,4167.452520256106,4558.947870368893,0.7883597883597884,simple,0.0196749677365865,0.019934926859496,0.0,0.0,0.0,4301.39990234375,4399.7001953125,0.008365419500854676,,,,,,,1.0,-36.5,,,scored,True,2026-09-24T03:10:09.841863+00:00
3,20260910T222229_f6ef8ba1aed3,2026-09-10T22:22:41.818933+00:00,github-actions,823ac12bac50,2026-09-11,2026-09-10,ac046302242da8b628bc,9b0b1adcafba0fea37db,close_to_close,0.004549093308611,{},,disabled,,,,,Ridge,20260910T222229_f6ef8ba1aed3:price:20,price,20,2026-10-08,1개월,20.0,4363.2001953125,없음,,,4363.2001953125,3960.910635202105,4765.489755422896,0.7513274336283186,simple,0.0389562338536057,0.0400693207539052,0.0,0.0,0.0,4159.7001953125,4172.7998046875,-0.04363778467684154,,,,,,,1.0,190.400390625,,,scored,True,2026-10-09T01:17:07.421005+00:00
3,20260910T225618_2bf7b9199475,2026-09-10T22:56:30.583240+00:00,github-actions,823ac12bac50,2026-09-11,2026-09-10,2361abf1cfd00d487dc8,9b0b1adcafba0fea37db,close_to_close,0.004569345940582,{},,disabled,상승,0.31925469242772,0.2963527061983789,0.3843926013739011,Logistic,20260910T225618_2bf7b9199475:direction:Logistic,direction,1,2026-09-11,,,,,,,,,,,,,,,,,4359.39990234375,4408.89990234375,0.0003630562310619201,1.0,0.0,,,,,,,1.2162049590255875,0.7448007447024578,scored,True,2026-09-24T03:10:09.841863+00:00
3,20260910T225618_2bf7b9199475,2026-09-10T22:56:30.583240+00:00,github-actions,823ac12bac50,2026-09-11,2026-09-10,2361abf1cfd00d487dc8,9b0b1adcafba0fea37db,close_to_close,0.004569345940582,{},,disabled,,,,,Ridge,20260910T225618_2bf7b9199475:price:1,price,1,2026-09-11,1거래일,1.0,4356.2001953125,있음,-9.384844452142715e-05,4355.791372700146,4355.791372700146,4273.487554421313,4438.095190978979,0.7823788546255507,simple,0.0086105699307018,0.00862588895058,-3.528731274662642e-05,4.025334550851561e-06,0.4505552398375003,4359.39990234375,4408.89990234375,0.012097632034440808,,,-53.108529643604015,53.108529643604015,0.012045755363003768,-0.012191480478962236,1.0,-53.108529643604015,,,scored,True,2026-09-24T03:10:09.841863+00:00
3,20260910T225618_2bf7b9199475,2026-09-10T22:56:30.583240+00:00,github-actions,823ac12bac50,2026-09-11,2026-09-10,2361abf1cfd00d487dc8,9b0b1adcafba0fea37db,close_to_close,0.004569345940582,{},,disabled,,,,,Ridge,20260910T225618_2bf7b9199475:price:5,price,5,2026-09-17,1주일,5.0,4356.2001953125,없음,,,4356.2001953125,4159.896490067684,4552.503900557316,0.7883597883597884,simple,0.019676381482729,0.0199363406056385,0.0,0.0,0.0,4301.39990234375,4399.7001953125,0.009985766964247578,,,,,,,1.0,-43.5,,,scored,True,2026-09-24T03:10:09.841863+00:00
3,20260910T225618_2bf7b9199475,2026-09-10T22:56:30.583240+00:00,github-actions,823ac12bac50,2026-09-11,2026-09-10,2361abf1cfd00d487dc8,9b0b1adcafba0fea37db,close_to_close,0.004569345940582,{},,disabled,,,,,Ridge,20260910T225618_2bf7b9199475:price:20,price,20,2026-10-08,1개월,20.0,4356.2001953125,없음,,,4356.2001953125,3952.767913380024,4759.632477244978,0.7513274336283186,simple,0.038957638895771,0.0400707257960706,0.0,0.0,0.0,4159.7001953125,4172.7998046875,-0.04210100142375195,,,,,,,1.0,183.400390625,,,scored,True,2026-10-09T01:17:07.421005+00:00
3,20260910T231543_ac47f76a5f31,2026-09-10T23:15:56.115003+00:00,github-actions,823ac12bac50,2026-09-11,2026-09-10,e0632f32088493fa687c,9b0b1adcafba0fea37db,close_to_close,0.0045577676694559,{},,disabled,상승,0.3197107854531796,0.2963042325502691,0.3839849819965513,Logistic,20260910T231543_ac47f76a5f31:direction:Logistic,direction,1,2026-09-11,,,,,,,,,,,,,,,,,4359.39990234375,4408.89990234375,0.0003630562310619201,1.0,0.0,,,,,,,1.2163685398260429,0.7448471858606465,scored,True,2026-09-24T03:10:09.841863+00:00
3,20260910T231543_ac47f76a5f31,2026-09-10T23:15:56.115003+00:00,github-actions,823ac12bac50,2026-09-11,2026-09-10,e0632f32088493fa687c,9b0b1adcafba0fea37db,close_to_close,0.0045577676694559,{},,disabled,,,,,Ridge,20260910T231543_ac47f76a5f31:price:1,price,1,2026-09-11,1거래일,1.0,4360.10009765625,있음,-0.0001021766656776,4359.654597166251,4359.654597166251,4277.485832575435,4441.823361757066,0.7823788546255507,simple,0.0086097918425435,0.0086251108624216,-3.528731274662642e-05,4.025334550851561e-06,0.4505552398375003,4359.39990234375,4408.89990234375,0.011192358797847746,,,-49.245305177499176,49.245305177499176,0.01116952216386691,-0.011294535463525346,1.0,-49.245305177499176,,,scored,True,2026-09-24T03:10:09.841863+00:00
3,20260910T231543_ac47f76a5f31,2026-09-10T23:15:56.115003+00:00,github-actions,823ac12bac50,2026-09-11,2026-09-10,e0632f32088493fa687c,9b0b1adcafba0fea37db,close_to_close,0.0045577676694559,{},,disabled,,,,,Ridge,20260910T231543_ac47f76a5f31:price:5,price,5,2026-09-17,1주일,5.0,4360.10009765625,없음,,,4360.10009765625,4164.1185103874805,4556.08168492502,0.7883597883597884,simple,0.0196755938438869,0.0199355529667964,0.0,0.0,0.0,4301.39990234375,4399.7001953125,0.00908238269060302,,,,,,,1.0,-39.60009765625,,,scored,True,2026-09-24T03:10:09.841863+00:00
3,20260910T231543_ac47f76a5f31,2026-09-10T23:15:56.115003+00:00,github-actions,823ac12bac50,2026-09-11,2026-09-10,e0632f32088493fa687c,9b0b1adcafba0fea37db,close_to_close,0.0045577676694559,{},,disabled,,,,,Ridge,20260910T231543_ac47f76a5f31:price:20,price,20,2026-10-08,1개월,20.0,4360.10009765625,없음,,,4360.10009765625,3957.3298143853153,4762.870380927185,0.7513274336283186,simple,0.0389568561061662,0.0400699430064658,0.0,0.0,0.0,4159.7001953125,4172.7998046875,-0.042957796558256156,,,,,,,1.0,187.30029296875,,,scored,True,2026-10-09T01:17:07.421005+00:00
3,20260911T022149_c35f055bff0b,2026-09-11T02:22:02.396117+00:00,github-actions,823ac12bac50,2026-09-11,2026-09-10,e276dd29f6f2b8d83bd1,9b0b1adcafba0fea37db,close_to_close,0.0045326811520611,{},,disabled,상승,0.3222592579068543,0.2954833910536791,0.3822573510394666,Logistic,20260911T022149_c35f055bff0b:direction:Logistic,direction,1,2026-09-11,,,,,,,,,,,,,,,,,4359.39990234375,4408.89990234375,0.0003630562310619201,1.0,0.0,,,,,,,1.2191426499637394,0.7463153640116096,scored,False,2026-09-24T03:10:09.841863+00:00
3,20260911T022149_c35f055bff0b,2026-09-11T02:22:02.396117+00:00,github-actions,823ac12bac50,2026-09-11,2026-09-10,e276dd29f6f2b8d83bd1,9b0b1adcafba0fea37db,close_to_close,0.0045326811520611,{},,disabled,,,,,Ridge,20260911T022149_c35f055bff0b:price:1,price,1,2026-09-11,1거래일,1.0,4369.60009765625,있음,-0.0001250384375452,4369.053729687341,4369.053729687341,4287.159184233487,4450.948275141194,0.7823788546255507,simple,0.008607896452133,0.0086232154720111,-3.528731274662642e-05,4.025334550851561e-06,0.4505552398375003,4359.39990234375,4408.89990234375,0.008993913358016359,,,-39.84617265640918,39.84617265640918,0.009037667794459825,-0.00911895179556156,1.0,-39.84617265640918,,,scored,False,2026-09-24T03:10:09.841863+00:00
3,20260911T022149_c35f055bff0b,2026-09-11T02:22:02.396117+00:00,github-actions,823ac12bac50,2026-09-11,2026-09-10,e276dd29f6f2b8d83bd1,9b0b1adcafba0fea37db,close_to_close,0.0045326811520611,{},,disabled,,,,,Ridge,20260911T022149_c35f055bff0b:price:5,price,5,2026-09-17,1주일,5.0,4369.60009765625,없음,,,4369.60009765625,4174.272553343936,4564.927641968564,0.7883597883597884,simple,0.0196736751884077,0.019934967390304,0.0,0.0,0.0,4301.39990234375,4399.7001953125,0.006888524575142441,,,,,,,1.0,-30.10009765625,,,scored,False,2026-09-24T03:10:09.841863+00:00
3,20260911T022149_c35f055bff0b,2026-09-11T02:22:02.396117+00:00,github-actions,823ac12bac50,2026-09-11,2026-09-10,e276dd29f6f2b8d83bd1,9b0b1adcafba0fea37db,close_to_close,0.0045326811520611,{},,disabled,,,,,Ridge,20260911T022149_c35f055bff0b:price:20,price,20,2026-10-08,1개월,20.0,4369.60009765625,없음,,,4369.60009765625,3968.173966509575,4771.026228802925,0.7513274336283186,simple,0.0389549492632275,0.0400680361635271,0.0,0.0,0.0,4159.7001953125,4172.7998046875,-0.04503851349561916,,,,,,,1.0,196.80029296875,,,scored,False,2026-10-09T01:17:07.421005+00:00
3,20260911T023458_2177a27ad873,2026-09-11T02:35:08.585214+00:00,github-actions,823ac12bac50,2026-09-11,2026-09-10,db466cb281e098d129b8,9b0b1adcafba0fea37db,close_to_close,0.0045368437863509,{},,disabled,상승,0.3223230459446923,0.2951362214070147,0.382540732648293,Logistic,20260911T023458_2177a27ad873:direction:Logistic,direction,1,2026-09-11,,,,,,,,,,,,,,,,,4359.39990234375,4408.89990234375,0.0003630562310619201,1.0,0.0,,,,,,,1.2203182617427055,0.747062504454538,scored,False,2026-09-24T03:10:09.841863+00:00
3,20260911T023458_2177a27ad873,2026-09-11T02:35:08.585214+00:00,github-actions,823ac12bac50,2026-09-11,2026-09-10,db466cb281e098d129b8,9b0b1adcafba0fea37db,close_to_close,0.0045368437863509,{},,disabled,,,,,Ridge,20260911T023458_2177a27ad873:price:1,price,1,2026-09-11,1거래일,1.0,4367.89990234375,있음,-0.0001229295594384,4367.362958333083,4367.362958333083,4285.425098246164,4449.300818420003,0.7823788546255507,simple,0.0086082356647645,0.0086235546861049,-3.528730928541733e-05,4.025331978735051e-06,0.4505552091373559,4359.39990234375,4408.89990234375,0.009386661992414336,,,-41.53694401066696,41.53694401066696,0.009421158323096906,-0.009509591551852735,1.0,-41.53694401066696,,,scored,False,2026-09-24T03:10:09.841863+00:00
3,20260911T023458_2177a27ad873,2026-09-11T02:35:08.585214+00:00,github-actions,823ac12bac50,2026-09-11,2026-09-10,db466cb281e098d129b8,9b0b1adcafba0fea37db,close_to_close,0.0045368437863509,{},,disabled,,,,,Ridge,20260911T023458_2177a27ad873:price:5,price,5,2026-09-17,1주일,5.0,4367.89990234375,없음,,,4367.89990234375,4172.469047999921,4563.330756687579,0.7883597883597884,simple,0.0196740185698263,0.0199346240125091,0.0,0.0,0.0,4301.39990234375,4399.7001953125,0.007280453691643984,,,,,,,1.0,-31.80029296875,,,scored,False,2026-09-24T03:10:09.841863+00:00
3,20260911T023458_2177a27ad873,2026-09-11T02:35:08.585214+00:00,github-actions,823ac12bac50,2026-09-11,2026-09-10,db466cb281e098d129b8,9b0b1adcafba0fea37db,close_to_close,0.0045368437863509,{},,disabled,,,,,Ridge,20260911T023458_2177a27ad873:price:20,price,20,2026-10-08,1개월,20.0,4367.89990234375,없음,,,4367.89990234375,3966.261454258336,4769.538350429164,0.7513274336283186,simple,0.0389552905338344,0.0400683774272562,0.0,0.0,0.0,4159.7001953125,4172.7998046875,-0.04466679686307884,,,,,,,1.0,195.10009765625,,,scored,False,2026-10-09T01:17:07.421005+00:00
3,20260911T034559_d7bf2161b5d3,2026-09-11T03:46:08.465592+00:00,github-actions,823ac12bac50,2026-09-11,2026-09-10,9c4ab50131fbf219008f,9b0b1adcafba0fea37db,close_to_close,0.0045947086904178,{},,disabled,상승,0.3194307804537886,0.2952037310650179,0.3853654884811934,Logistic,20260911T034559_d7bf2161b5d3:direction:Logistic,direction,1,2026-09-11,,,,,,,,,,,,,,,,,4359.39990234375,4408.89990234375,0.0003630562310619201,1.0,0.0,,,,,,,1.2200895472265532,0.7472803639183369,scored,False,2026-09-24T03:10:09.841863+00:00
3,20260911T034559_d7bf2161b5d3,2026-09-11T03:46:08.465592+00:00,github-actions,823ac12bac50,2026-09-11,2026-09-10,9c4ab50131fbf219008f,9b0b1adcafba0fea37db,close_to_close,0.0045947086904178,{},,disabled,,,,,Ridge,20260911T034559_d7bf2161b5d3:price:1,price,1,2026-09-11,1거래일,1.0,4348.39990234375,있음,-0.0001105942719732,4347.918994222302,4347.918994222302,4265.306530588889,4430.531457855715,0.7823788546255507,simple,0.0086121262060696,0.008627445224316,-3.5287310865168794e-05,4.025334418902368e-06,0.4505552198979441,4359.39990234375,4408.89990234375,0.013913163774884385,,,-60.98090812144801,60.98090812144801,0.013831320617878137,-0.014023758046857585,1.0,-60.98090812144801,,,scored,False,2026-09-24T03:10:09.841863+00:00
3,20260911T034559_d7bf2161b5d3,2026-09-11T03:46:08.465592+00:00,github-actions,823ac12bac50,2026-09-11,2026-09-10,9c4ab50131fbf219008f,9b0b1adcafba0fea37db,close_to_close,0.0045947086904178,{},,disabled,,,,,Ridge,20260911T034559_d7bf2161b5d3:price:5,price,5,2026-09-17,1주일,5.0,4348.39990234375,없음,,,4348.39990234375,4151.36004394769,4545.43976073981,0.7883597883597884,simple,0.0196779568579582,0.0199379159819379,0.0,0.0,0.0,4301.39990234375,4399.7001953125,0.011797510376425846,,,,,,,1.0,-51.30029296875,,,scored,False,2026-09-24T03:10:09.841863+00:00
3,20260911T034559_d7bf2161b5d3,2026-09-11T03:46:08.465592+00:00,github-actions,823ac12bac50,2026-09-11,2026-09-10,9c4ab50131fbf219008f,9b0b1adcafba0fea37db,close_to_close,0.0045947086904178,{},,disabled,,,,,Ridge,20260911T034559_d7bf2161b5d3:price:20,price,20,2026-10-08,1개월,20.0,4348.39990234375,없음,,,4348.39990234375,3943.454720054718,4753.345084632782,0.7513274336283186,simple,0.0389592046157133,0.0400722914732881,0.0,0.0,0.0,4159.7001953125,4172.7998046875,-0.04038269285251406,,,,,,,1.0,175.60009765625,,,scored,False,2026-10-09T01:17:07.421005+00:00
3,20260911T035543_7c643f473b1c,2026-09-11T03:55:54.932347+00:00,github-actions,823ac12bac50,2026-09-11,2026-09-10,9b661e7ce115ec775fe4,9b0b1adcafba0fea37db,close_to_close,0.0045981709096717,{},,disabled,상승,0.3191579772728728,0.2959721824573452,0.3848698402697819,Logistic,20260911T035543_7c643f473b1c:direction:Logistic,direction,1,2026-09-11,,,,,,,,,,,,,,,,,4359.39990234375,4408.89990234375,0.0003630562310619201,1.0,0.0,,,,,,,1.2174898072589475,0.7456417762800727,scored,False,2026-09-24T03:10:09.841863+00:00
3,20260911T035543_7c643f473b1c,2026-09-11T03:55:54.932347+00:00,github-actions,823ac12bac50,2026-09-11,2026-09-10,9b661e7ce115ec775fe4,9b0b1adcafba0fea37db,close_to_close,0.0045981709096717,{},,disabled,,,,,Ridge,20260911T035543_7c643f473b1c:price:1,price,1,2026-09-11,1거래일,1.0,4347.39990234375,있음,-0.0001114344995585,4346.915452011252,4346.915452011252,4264.259750709747,4429.571153312755,0.7823788546255507,simple,0.0086123257192179,0.008627644739096,-3.528731274662642e-05,4.025334550851561e-06,0.4505552398375003,4359.39990234375,4408.89990234375,0.014146386663634214,,,-61.984450332498454,61.984450332498454,0.014058937990301803,-0.014257821163192713,1.0,-61.984450332498454,,,scored,False,2026-09-24T03:10:09.841863+00:00
3,20260911T035543_7c643f473b1c,2026-09-11T03:55:54.932347+00:00,github-actions,823ac12bac50,2026-09-11,2026-09-10,9b661e7ce115ec775fe4,9b0b1adcafba0fea37db,close_to_close,0.0045981709096717,{},,disabled,,,,,Ridge,20260911T035543_7c643f473b1c:price:5,price,5,2026-09-17,1주일,5.0,4347.39990234375,없음,,,4347.39990234375,4150.256917189356,4544.542887498145,0.7883597883597884,simple,0.0196781588227631,0.0199381179456725,0.0,0.0,0.0,4301.39990234375,4399.7001953125,0.012030246617191542,,,,,,,1.0,-52.30029296875,,,scored,False,2026-09-24T03:10:09.841863+00:00
3,20260911T035543_7c643f473b1c,2026-09-11T03:55:54.932347+00:00,github-actions,823ac12bac50,2026-09-11,2026-09-10,9b661e7ce115ec775fe4,9b0b1adcafba0fea37db,close_to_close,0.0045981709096717,{},,disabled,,,,,Ridge,20260911T035543_7c643f473b1c:price:20,price,20,2026-10-08,1개월,20.0,4347.39990234375,없음,,,4347.39990234375,3942.242779768661,4752.557024918839,0.7513274336283186,simple,0.0389594052932979,0.0400724921935975,0.0,0.0,0.0,4159.7001953125,4172.7998046875,-0.04016195923501775,,,,,,,1.0,174.60009765625,,,scored,False,2026-10-09T01:17:07.421005+00:00
3,20260911T041652_4182bb58af28,2026-09-11T04:17:02.507435+00:00,github-actions,823ac12bac50,2026-09-11,2026-09-10,dc4ae904e6a857624467,9b0b1adcafba0fea37db,close_to_close,0.0045455965740319,{},,disabled,상승,0.3202322711777652,0.2927412390334561,0.3870264897887786,Logistic,20260911T041652_4182bb58af28:direction:Logistic,direction,1,2026-09-11,,,,,,,,,,,,,,,,,4359.39990234375,4408.89990234375,0.0003630562310619201,1.0,0.0,,,,,,,1.2284662033963298,0.7525531662658241,scored,False,2026-09-24T03:10:09.841863+00:00
3,20260911T041652_4182bb58af28,2026-09-11T04:17:02.507435+00:00,github-actions,823ac12bac50,2026-09-11,2026-09-10,dc4ae904e6a857624467,9b0b1adcafba0fea37db,close_to_close,0.0045455965740319,{},,disabled,,,,,Ridge,20260911T041652_4182bb58af28:price:1,price,1,2026-09-11,1거래일,1.0,4364.5,있음,-7.456467574229464e-05,4364.174562472723,4364.174562472723,4282.142524438261,4446.206600507185,0.7823788546255507,simple,0.0086089139955328,0.0086242330168732,-3.528730928541733e-05,4.025331978735051e-06,0.4505552091373559,4359.39990234375,4408.89990234375,0.010172964221274006,,,-44.725339871027245,44.725339871027245,0.010144330980898765,-0.0102475288970163,1.0,-44.725339871027245,,,scored,False,2026-09-24T03:10:09.841863+00:00
3,20260911T041652_4182bb58af28,2026-09-11T04:17:02.507435+00:00,github-actions,823ac12bac50,2026-09-11,2026-09-10,dc4ae904e6a857624467,9b0b1adcafba0fea37db,close_to_close,0.0045455965740319,{},,disabled,,,,,Ridge,20260911T041652_4182bb58af28:price:5,price,5,2026-09-17,1주일,5.0,4364.5,없음,,,4364.5,4168.844520840134,4560.155479159867,0.7883597883597884,simple,0.0196747052268011,0.019934664346087,0.0,0.0,0.0,4301.39990234375,4399.7001953125,0.008065115205063478,,,,,,,1.0,-35.2001953125,,,scored,False,2026-09-24T03:10:09.841863+00:00
3,20260911T041652_4182bb58af28,2026-09-11T04:17:02.507435+00:00,github-actions,823ac12bac50,2026-09-11,2026-09-10,dc4ae904e6a857624467,9b0b1adcafba0fea37db,close_to_close,0.0045455965740319,{},,disabled,,,,,Ridge,20260911T041652_4182bb58af28:price:20,price,20,2026-10-08,1개월,20.0,4364.5,없음,,,4364.5,3962.399915686173,4766.600084313827,0.7513274336283186,simple,0.0389559729632846,0.0400690598567063,0.0,0.0,0.0,4159.7001953125,4172.7998046875,-0.04392260174418605,,,,,,,1.0,191.7001953125,,,scored,False,2026-10-09T01:17:07.421005+00:00
3,20260911T045323_6b97b0708a41,2026-09-11T04:53:36.370199+00:00,github-actions,823ac12bac50,2026-09-11,2026-09-10,dc4ae904e6a857624467,9b0b1adcafba0fea37db,close_to_close,0.0045455965740319,{},,disabled,상승,0.3202322711777652,0.2927412390334561,0.3870264897887786,Logistic,20260911T045323_6b97b0708a41:direction:Logistic,direction,1,2026-09-11,,,,,,,,,,,,,,,,,4359.39990234375,4408.89990234375,0.0003630562310619201,1.0,0.0,,,,,,,1.2284662033963298,0.7525531662658241,scored,False,2026-09-24T03:10:09.841863+00:00
3,20260911T045323_6b97b0708a41,2026-09-11T04:53:36.370199+00:00,github-actions,823ac12bac50,2026-09-11,2026-09-10,dc4ae904e6a857624467,9b0b1adcafba0fea37db,close_to_close,0.0045455965740319,{},,disabled,,,,,Ridge,20260911T045323_6b97b0708a41:price:1,price,1,2026-09-11,1거래일,1.0,4364.5,있음,-7.456467574229464e-05,4364.174562472723,4364.174562472723,4282.142524438261,4446.206600507185,0.7823788546255507,simple,0.0086089139955328,0.0086242330168732,-3.528730928541733e-05,4.025331978735051e-06,0.4505552091373559,4359.39990234375,4408.89990234375,0.010172964221274006,,,-44.725339871027245,44.725339871027245,0.010144330980898765,-0.0102475288970163,1.0,-44.725339871027245,,,scored,False,2026-09-24T03:10:09.841863+00:00
3,20260911T045323_6b97b0708a41,2026-09-11T04:53:36.370199+00:00,github-actions,823ac12bac50,2026-09-11,2026-09-10,dc4ae904e6a857624467,9b0b1adcafba0fea37db,close_to_close,0.0045455965740319,{},,disabled,,,,,Ridge,20260911T045323_6b97b0708a41:price:5,price,5,2026-09-17,1주일,5.0,4364.5,없음,,,4364.5,4168.844520840134,4560.155479159867,0.7883597883597884,simple,0.0196747052268011,0.019934664346087,0.0,0.0,0.0,4301.39990234375,4399.7001953125,0.008065115205063478,,,,,,,1.0,-35.2001953125,,,scored,False,2026-09-24T03:10:09.841863+00:00
3,20260911T045323_6b97b0708a41,2026-09-11T04:53:36.370199+00:00,github-actions,823ac12bac50,2026-09-11,2026-09-10,dc4ae904e6a857624467,9b0b1adcafba0fea37db,close_to_close,0.0045455965740319,{},,disabled,,,,,Ridge,20260911T045323_6b97b0708a41:price:20,price,20,2026-10-08,1개월,20.0,4364.5,없음,,,4364.5,3962.399915686173,4766.600084313827,0.7513274336283186,simple,0.0389559729632846,0.0400690598567063,0.0,0.0,0.0,4159.7001953125,4172.7998046875,-0.04392260174418605,,,,,,,1.0,191.7001953125,,,scored,False,2026-10-09T01:17:07.421005+00:00
3,20260911T051816_3a5b7cf5dedd,2026-09-11T05:18:25.612766+00:00,github-actions,823ac12bac50,2026-09-11,2026-09-10,dc4ae904e6a857624467,9b0b1adcafba0fea37db,close_to_close,0.0045455965740319,{},,disabled,상승,0.3202322711777652,0.2927412390334561,0.3870264897887786,Logistic,20260911T051816_3a5b7cf5dedd:direction:Logistic,direction,1,2026-09-11,,,,,,,,,,,,,,,,,4359.39990234375,4408.89990234375,0.0003630562310619201,1.0,0.0,,,,,,,1.2284662033963298,0.7525531662658241,scored,False,2026-09-24T03:10:09.841863+00:00
3,20260911T051816_3a5b7cf5dedd,2026-09-11T05:18:25.612766+00:00,github-actions,823ac12bac50,2026-09-11,2026-09-10,dc4ae904e6a857624467,9b0b1adcafba0fea37db,close_to_close,0.0045455965740319,{},,disabled,,,,,Ridge,20260911T051816_3a5b7cf5dedd:price:1,price,1,2026-09-11,1거래일,1.0,4364.5,있음,-7.456463208654895e-05,4364.174562663258,4364.174562663258,4282.142524636298,4446.20660069022,0.7823788546255507,simple,0.0086089139986269,0.0086242330168732,-3.5287310865168794e-05,4.025334418902368e-06,0.4505552198979441,4359.39990234375,4408.89990234375,0.010172964221274006,,,-44.72533968049174,44.72533968049174,0.010144330937682655,-0.010247528853360555,1.0,-44.72533968049174,,,scored,False,2026-09-24T03:10:09.841863+00:00
3,20260911T051816_3a5b7cf5dedd,2026-09-11T05:18:25.612766+00:00,github-actions,823ac12bac50,2026-09-11,2026-09-10,dc4ae904e6a857624467,9b0b1adcafba0fea37db,close_to_close,0.0045455965740319,{},,disabled,,,,,Ridge,20260911T051816_3a5b7cf5dedd:price:5,price,5,2026-09-17,1주일,5.0,4364.5,없음,,,4364.5,4168.844520840134,4560.155479159867,0.7883597883597884,simple,0.0196747052221072,0.019934664346087,0.0,0.0,0.0,4301.39990234375,4399.7001953125,0.008065115205063478,,,,,,,1.0,-35.2001953125,,,scored,False,2026-09-24T03:10:09.841863+00:00
3,20260911T051816_3a5b7cf5dedd,2026-09-11T05:18:25.612766+00:00,github-actions,823ac12bac50,2026-09-11,2026-09-10,dc4ae904e6a857624467,9b0b1adcafba0fea37db,close_to_close,0.0045455965740319,{},,disabled,,,,,Ridge,20260911T051816_3a5b7cf5dedd:price:20,price,20,2026-10-08,1개월,20.0,4364.5,없음,,,4364.5,3962.399915686173,4766.600084313827,0.7513274336283186,simple,0.0389559729991314,0.0400690598567063,0.0,0.0,0.0,4159.7001953125,4172.7998046875,-0.04392260174418605,,,,,,,1.0,191.7001953125,,,scored,False,2026-10-09T01:17:07.421005+00:00
3,20260911T055830_77fb8b475480,2026-09-11T05:58:43.116468+00:00,github-actions,823ac12bac50,2026-09-11,2026-09-10,dc4ae904e6a857624467,9b0b1adcafba0fea37db,close_to_close,0.0045455965740319,{},,disabled,상승,0.320232292562705,0.2927412298240549,0.38702647761324,Logistic,20260911T055830_77fb8b475480:direction:Logistic,direction,1,2026-09-11,,,,,,,,,,,,,,,,,4359.39990234375,4408.89990234375,0.0003630562310619201,1.0,0.0,,,,,,,1.2284662348555169,0.7525531835644679,scored,False,2026-09-24T03:10:09.841863+00:00
3,20260911T055830_77fb8b475480,2026-09-11T05:58:43.116468+00:00,github-actions,823ac12bac50,2026-09-11,2026-09-10,dc4ae904e6a857624467,9b0b1adcafba0fea37db,close_to_close,0.0045455965740319,{},,disabled,,,,,Ridge,20260911T055830_77fb8b475480:price:1,price,1,2026-09-11,1거래일,1.0,4364.5,있음,-7.456463208654895e-05,4364.174562663258,4364.174562663258,4282.142524694596,4446.206600631919,0.7823788546255507,simple,0.0086089139969951,0.0086242330168732,-3.528731274662642e-05,4.025334550851561e-06,0.4505552398375003,4359.39990234375,4408.89990234375,0.010172964221274006,,,-44.72533968049174,44.72533968049174,0.010144330937682655,-0.010247528853360555,1.0,-44.72533968049174,,,scored,False,2026-09-24T03:10:09.841863+00:00
3,20260911T055830_77fb8b475480,2026-09-11T05:58:43.116468+00:00,github-actions,823ac12bac50,2026-09-11,2026-09-10,dc4ae904e6a857624467,9b0b1adcafba0fea37db,close_to_close,0.0045455965740319,{},,disabled,,,,,Ridge,20260911T055830_77fb8b475480:price:5,price,5,2026-09-17,1주일,5.0,4364.5,없음,,,4364.5,4168.844520840134,4560.155479159867,0.7883597883597884,simple,0.0196747052231775,0.019934664346087,0.0,0.0,0.0,4301.39990234375,4399.7001953125,0.008065115205063478,,,,,,,1.0,-35.2001953125,,,scored,False,2026-09-24T03:10:09.841863+00:00
3,20260911T055830_77fb8b475480,2026-09-11T05:58:43.116468+00:00,github-actions,823ac12bac50,2026-09-11,2026-09-10,dc4ae904e6a857624467,9b0b1adcafba0fea37db,close_to_close,0.0045455965740319,{},,disabled,,,,,Ridge,20260911T055830_77fb8b475480:price:20,price,20,2026-10-08,1개월,20.0,4364.5,없음,,,4364.5,3962.399915686173,4766.600084313827,0.7513274336283186,simple,0.0389559729564067,0.0400690598567063,0.0,0.0,0.0,4159.7001953125,4172.7998046875,-0.04392260174418605,,,,,,,1.0,191.7001953125,,,scored,False,2026-10-09T01:17:07.421005+00:00
3,20260911T062127_6fdb3453fe5f,2026-09-11T06:21:38.551927+00:00,github-actions,823ac12bac50,2026-09-11,2026-09-10,dc4ae904e6a857624467,9b0b1adcafba0fea37db,close_to_close,0.0045455965740319,{},,disabled,상승,0.320232292562705,0.2927412298240549,0.38702647761324,Logistic,20260911T062127_6fdb3453fe5f:direction:Logistic,direction,1,2026-09-11,,,,,,,,,,,,,,,,,4359.39990234375,4408.89990234375,0.0003630562310619201,1.0,0.0,,,,,,,1.2284662348555169,0.7525531835644679,scored,False,2026-09-24T03:10:09.841863+00:00
3,20260911T062127_6fdb3453fe5f,2026-09-11T06:21:38.551927+00:00,github-actions,823ac12bac50,2026-09-11,2026-09-10,dc4ae904e6a857624467,9b0b1adcafba0fea37db,close_to_close,0.0045455965740319,{},,disabled,,,,,Ridge,20260911T062127_6fdb3453fe5f:price:1,price,1,2026-09-11,1거래일,1.0,4364.5,있음,-7.456463208654895e-05,4364.174562663258,4364.174562663258,4282.142524694596,4446.206600631919,0.7823788546255507,simple,0.0086089139969951,0.0086242330168732,-3.528731274662642e-05,4.025334550851561e-06,0.4505552398375003,4359.39990234375,4408.89990234375,0.010172964221274006,,,-44.72533968049174,44.72533968049174,0.010144330937682655,-0.010247528853360555,1.0,-44.72533968049174,,,scored,False,2026-09-24T03:10:09.841863+00:00
3,20260911T062127_6fdb3453fe5f,2026-09-11T06:21:38.551927+00:00,github-actions,823ac12bac50,2026-09-11,2026-09-10,dc4ae904e6a857624467,9b0b1adcafba0fea37db,close_to_close,0.0045455965740319,{},,disabled,,,,,Ridge,20260911T062127_6fdb3453fe5f:price:5,price,5,2026-09-17,1주일,5.0,4364.5,없음,,,4364.5,4168.844520840134,4560.155479159867,0.7883597883597884,simple,0.0196747052231775,0.019934664346087,0.0,0.0,0.0,4301.39990234375,4399.7001953125,0.008065115205063478,,,,,,,1.0,-35.2001953125,,,scored,False,2026-09-24T03:10:09.841863+00:00
3,20260911T062127_6fdb3453fe5f,2026-09-11T06:21:38.551927+00:00,github-actions,823ac12bac50,2026-09-11,2026-09-10,dc4ae904e6a857624467,9b0b1adcafba0fea37db,close_to_close,0.0045455965740319,{},,disabled,,,,,Ridge,20260911T062127_6fdb3453fe5f:price:20,price,20,2026-10-08,1개월,20.0,4364.5,없음,,,4364.5,3962.399915686173,4766.600084313827,0.7513274336283186,simple,0.0389559729564067,0.0400690598567063,0.0,0.0,0.0,4159.7001953125,4172.7998046875,-0.04392260174418605,,,,,,,1.0,191.7001953125,,,scored,False,2026-10-09T01:17:07.421005+00:00
3,20260911T091959_ca59e1b7e4f7,2026-09-11T09:20:07.885804+00:00,github-actions,823ac12bac50,2026-09-11,2026-09-10,dc4ae904e6a857624467,9b0b1adcafba0fea37db,close_to_close,0.0045455965740319,{},,disabled,상승,0.3202322711777652,0.2927412390334561,0.3870264897887786,Logistic,20260911T091959_ca59e1b7e4f7:direction:Logistic,direction,1,2026-09-11,,,,,,,,,,,,,,,,,4359.39990234375,4408.89990234375,0.0003630562310619201,1.0,0.0,,,,,,,1.2284662033963298,0.7525531662658241,scored,False,2026-09-24T03:10:09.841863+00:00
3,20260911T091959_ca59e1b7e4f7,2026-09-11T09:20:07.885804+00:00,github-actions,823ac12bac50,2026-09-11,2026-09-10,dc4ae904e6a857624467,9b0b1adcafba0fea37db,close_to_close,0.0045455965740319,{},,disabled,,,,,Ridge,20260911T091959_ca59e1b7e4f7:price:1,price,1,2026-09-11,1거래일,1.0,4364.5,있음,-7.456463208654895e-05,4364.174562663258,4364.174562663258,4282.142524636298,4446.20660069022,0.7823788546255507,simple,0.0086089139986269,0.0086242330168732,-3.5287310865168794e-05,4.025334418902368e-06,0.4505552198979441,4359.39990234375,4408.89990234375,0.010172964221274006,,,-44.72533968049174,44.72533968049174,0.010144330937682655,-0.010247528853360555,1.0,-44.72533968049174,,,scored,False,2026-09-24T03:10:09.841863+00:00
3,20260911T091959_ca59e1b7e4f7,2026-09-11T09:20:07.885804+00:00,github-actions,823ac12bac50,2026-09-11,2026-09-10,dc4ae904e6a857624467,9b0b1adcafba0fea37db,close_to_close,0.0045455965740319,{},,disabled,,,,,Ridge,20260911T091959_ca59e1b7e4f7:price:5,price,5,2026-09-17,1주일,5.0,4364.5,없음,,,4364.5,4168.844520840134,4560.155479159867,0.7883597883597884,simple,0.0196747052221072,0.019934664346087,0.0,0.0,0.0,4301.39990234375,4399.7001953125,0.008065115205063478,,,,,,,1.0,-35.2001953125,,,scored,False,2026-09-24T03:10:09.841863+00:00
3,20260911T091959_ca59e1b7e4f7,2026-09-11T09:20:07.885804+00:00,github-actions,823ac12bac50,2026-09-11,2026-09-10,dc4ae904e6a857624467,9b0b1adcafba0fea37db,close_to_close,0.0045455965740319,{},,disabled,,,,,Ridge,20260911T091959_ca59e1b7e4f7:price:20,price,20,2026-10-08,1개월,20.0,4364.5,없음,,,4364.5,3962.399915686173,4766.600084313827,0.7513274336283186,simple,0.0389559729991314,0.0400690598567063,0.0,0.0,0.0,4159.7001953125,4172.7998046875,-0.04392260174418605,,,,,,,1.0,191.7001953125,,,scored,False,2026-10-09T01:17:07.421005+00:00
3,20260911T101536_9288cc33d87e,2026-09-11T10:15:47.127183+00:00,github-actions,823ac12bac50,2026-09-11,2026-09-10,dc4ae904e6a857624467,9b0b1adcafba0fea37db,close_to_close,0.0045455965740319,{},,disabled,상승,0.320232292562705,0.2927412298240549,0.38702647761324,Logistic,20260911T101536_9288cc33d87e:direction:Logistic,direction,1,2026-09-11,,,,,,,,,,,,,,,,,4359.39990234375,4408.89990234375,0.0003630562310619201,1.0,0.0,,,,,,,1.2284662348555169,0.7525531835644679,scored,False,2026-09-24T03:10:09.841863+00:00
3,20260911T101536_9288cc33d87e,2026-09-11T10:15:47.127183+00:00,github-actions,823ac12bac50,2026-09-11,2026-09-10,dc4ae904e6a857624467,9b0b1adcafba0fea37db,close_to_close,0.0045455965740319,{},,disabled,,,,,Ridge,20260911T101536_9288cc33d87e:price:1,price,1,2026-09-11,1거래일,1.0,4364.5,있음,-7.456463208654895e-05,4364.174562663258,4364.174562663258,4282.142524694596,4446.206600631919,0.7823788546255507,simple,0.0086089139969951,0.0086242330168732,-3.528731274662642e-05,4.025334550851561e-06,0.4505552398375003,4359.39990234375,4408.89990234375,0.010172964221274006,,,-44.72533968049174,44.72533968049174,0.010144330937682655,-0.010247528853360555,1.0,-44.72533968049174,,,scored,False,2026-09-24T03:10:09.841863+00:00
3,20260911T101536_9288cc33d87e,2026-09-11T10:15:47.127183+00:00,github-actions,823ac12bac50,2026-09-11,2026-09-10,dc4ae904e6a857624467,9b0b1adcafba0fea37db,close_to_close,0.0045455965740319,{},,disabled,,,,,Ridge,20260911T101536_9288cc33d87e:price:5,price,5,2026-09-17,1주일,5.0,4364.5,없음,,,4364.5,4168.844520840134,4560.155479159867,0.7883597883597884,simple,0.0196747052231775,0.019934664346087,0.0,0.0,0.0,4301.39990234375,4399.7001953125,0.008065115205063478,,,,,,,1.0,-35.2001953125,,,scored,False,2026-09-24T03:10:09.841863+00:00
3,20260911T101536_9288cc33d87e,2026-09-11T10:15:47.127183+00:00,github-actions,823ac12bac50,2026-09-11,2026-09-10,dc4ae904e6a857624467,9b0b1adcafba0fea37db,close_to_close,0.0045455965740319,{},,disabled,,,,,Ridge,20260911T101536_9288cc33d87e:price:20,price,20,2026-10-08,1개월,20.0,4364.5,없음,,,4364.5,3962.399915686173,4766.600084313827,0.7513274336283186,simple,0.0389559729564067,0.0400690598567063,0.0,0.0,0.0,4159.7001953125,4172.7998046875,-0.04392260174418605,,,,,,,1.0,191.7001953125,,,scored,False,2026-10-09T01:17:07.421005+00:00
3,20260911T103425_5bb97b5cfce5,2026-09-11T10:34:37.108472+00:00,github-actions,823ac12bac50,2026-09-11,2026-09-10,dc4ae904e6a857624467,9b0b1adcafba0fea37db,close_to_close,0.0045455965740319,{},,disabled,상승,0.3202322711777652,0.2927412390334561,0.3870264897887786,Logistic,20260911T103425_5bb97b5cfce5:direction:Logistic,direction,1,2026-09-11,,,,,,,,,,,,,,,,,4359.39990234375,4408.89990234375,0.0003630562310619201,1.0,0.0,,,,,,,1.2284662033963298,0.7525531662658241,scored,False,2026-09-24T03:10:09.841863+00:00
3,20260911T103425_5bb97b5cfce5,2026-09-11T10:34:37.108472+00:00,github-actions,823ac12bac50,2026-09-11,2026-09-10,dc4ae904e6a857624467,9b0b1adcafba0fea37db,close_to_close,0.0045455965740319,{},,disabled,,,,,Ridge,20260911T103425_5bb97b5cfce5:price:1,price,1,2026-09-11,1거래일,1.0,4364.5,있음,-7.456467574229464e-05,4364.174562472723,4364.174562472723,4282.142524438261,4446.206600507185,0.7823788546255507,simple,0.0086089139955328,0.0086242330168732,-3.528730928541733e-05,4.025331978735051e-06,0.4505552091373559,4359.39990234375,4408.89990234375,0.010172964221274006,,,-44.725339871027245,44.725339871027245,0.010144330980898765,-0.0102475288970163,1.0,-44.725339871027245,,,scored,False,2026-09-24T03:10:09.841863+00:00
3,20260911T103425_5bb97b5cfce5,2026-09-11T10:34:37.108472+00:00,github-actions,823ac12bac50,2026-09-11,2026-09-10,dc4ae904e6a857624467,9b0b1adcafba0fea37db,close_to_close,0.0045455965740319,{},,disabled,,,,,Ridge,20260911T103425_5bb97b5cfce5:price:5,price,5,2026-09-17,1주일,5.0,4364.5,없음,,,4364.5,4168.844520840134,4560.155479159867,0.7883597883597884,simple,0.0196747052268011,0.019934664346087,0.0,0.0,0.0,4301.39990234375,4399.7001953125,0.008065115205063478,,,,,,,1.0,-35.2001953125,,,scored,False,2026-09-24T03:10:09.841863+00:00
3,20260911T103425_5bb97b5cfce5,2026-09-11T10:34:37.108472+00:00,github-actions,823ac12bac50,2026-09-11,2026-09-10,dc4ae904e6a857624467,9b0b1adcafba0fea37db,close_to_close,0.0045455965740319,{},,disabled,,,,,Ridge,20260911T103425_5bb97b5cfce5:price:20,price,20,2026-10-08,1개월,20.0,4364.5,없음,,,4364.5,3962.399915686173,4766.600084313827,0.7513274336283186,simple,0.0389559729632846,0.0400690598567063,0.0,0.0,0.0,4159.7001953125,4172.7998046875,-0.04392260174418605,,,,,,,1.0,191.7001953125,,,scored,False,2026-10-09T01:17:07.421005+00:00
3,20260911T120427_7d519583f471,2026-09-11T12:04:39.118674+00:00,github-actions,823ac12bac50,2026-09-11,2026-09-10,dc4ae904e6a857624467,9b0b1adcafba0fea37db,close_to_close,0.0045455965740319,{},,disabled,상승,0.320232292562705,0.2927412298240549,0.38702647761324,Logistic,20260911T120427_7d519583f471:direction:Logistic,direction,1,2026-09-11,,,,,,,,,,,,,,,,,4359.39990234375,4408.89990234375,0.0003630562310619201,1.0,0.0,,,,,,,1.2284662348555169,0.7525531835644679,scored,False,2026-09-24T03:10:09.841863+00:00
3,20260911T120427_7d519583f471,2026-09-11T12:04:39.118674+00:00,github-actions,823ac12bac50,2026-09-11,2026-09-10,dc4ae904e6a857624467,9b0b1adcafba0fea37db,close_to_close,0.0045455965740319,{},,disabled,,,,,Ridge,20260911T120427_7d519583f471:price:1,price,1,2026-09-11,1거래일,1.0,4364.5,있음,-7.456463208654895e-05,4364.174562663258,4364.174562663258,4282.142524694596,4446.206600631919,0.7823788546255507,simple,0.0086089139969951,0.0086242330168732,-3.528731274662642e-05,4.025334550851561e-06,0.4505552398375003,4359.39990234375,4408.89990234375,0.010172964221274006,,,-44.72533968049174,44.72533968049174,0.010144330937682655,-0.010247528853360555,1.0,-44.72533968049174,,,scored,False,2026-09-24T03:10:09.841863+00:00
3,20260911T120427_7d519583f471,2026-09-11T12:04:39.118674+00:00,github-actions,823ac12bac50,2026-09-11,2026-09-10,dc4ae904e6a857624467,9b0b1adcafba0fea37db,close_to_close,0.0045455965740319,{},,disabled,,,,,Ridge,20260911T120427_7d519583f471:price:5,price,5,2026-09-17,1주일,5.0,4364.5,없음,,,4364.5,4168.844520840134,4560.155479159867,0.7883597883597884,simple,0.0196747052231775,0.019934664346087,0.0,0.0,0.0,4301.39990234375,4399.7001953125,0.008065115205063478,,,,,,,1.0,-35.2001953125,,,scored,False,2026-09-24T03:10:09.841863+00:00
3,20260911T120427_7d519583f471,2026-09-11T12:04:39.118674+00:00,github-actions,823ac12bac50,2026-09-11,2026-09-10,dc4ae904e6a857624467,9b0b1adcafba0fea37db,close_to_close,0.0045455965740319,{},,disabled,,,,,Ridge,20260911T120427_7d519583f471:price:20,price,20,2026-10-08,1개월,20.0,4364.5,없음,,,4364.5,3962.399915686173,4766.600084313827,0.7513274336283186,simple,0.0389559729564067,0.0400690598567063,0.0,0.0,0.0,4159.7001953125,4172.7998046875,-0.04392260174418605,,,,,,,1.0,191.7001953125,,,scored,False,2026-10-09T01:17:07.421005+00:00
3,20260911T143242_640ba71ea668,2026-09-11T14:32:53.411157+00:00,github-actions,823ac12bac50,2026-09-11,2026-09-10,dc4ae904e6a857624467,9b0b1adcafba0fea37db,close_to_close,0.0045455965740319,{},,disabled,상승,0.320232292562705,0.2927412298240549,0.38702647761324,Logistic,20260911T143242_640ba71ea668:direction:Logistic,direction,1,2026-09-11,,,,,,,,,,,,,,,,,4359.39990234375,4408.89990234375,0.0003630562310619201,1.0,0.0,,,,,,,1.2284662348555169,0.7525531835644679,scored,False,2026-09-24T03:10:09.841863+00:00
3,20260911T143242_640ba71ea668,2026-09-11T14:32:53.411157+00:00,github-actions,823ac12bac50,2026-09-11,2026-09-10,dc4ae904e6a857624467,9b0b1adcafba0fea37db,close_to_close,0.0045455965740319,{},,disabled,,,,,Ridge,20260911T143242_640ba71ea668:price:1,price,1,2026-09-11,1거래일,1.0,4364.5,있음,-7.456463208654895e-05,4364.174562663258,4364.174562663258,4282.142524694596,4446.206600631919,0.7823788546255507,simple,0.0086089139969951,0.0086242330168732,-3.528731274662642e-05,4.025334550851561e-06,0.4505552398375003,4359.39990234375,4408.89990234375,0.010172964221274006,,,-44.72533968049174,44.72533968049174,0.010144330937682655,-0.010247528853360555,1.0,-44.72533968049174,,,scored,False,2026-09-24T03:10:09.841863+00:00
3,20260911T143242_640ba71ea668,2026-09-11T14:32:53.411157+00:00,github-actions,823ac12bac50,2026-09-11,2026-09-10,dc4ae904e6a857624467,9b0b1adcafba0fea37db,close_to_close,0.0045455965740319,{},,disabled,,,,,Ridge,20260911T143242_640ba71ea668:price:5,price,5,2026-09-17,1주일,5.0,4364.5,없음,,,4364.5,4168.844520840134,4560.155479159867,0.7883597883597884,simple,0.0196747052231775,0.019934664346087,0.0,0.0,0.0,4301.39990234375,4399.7001953125,0.008065115205063478,,,,,,,1.0,-35.2001953125,,,scored,False,2026-09-24T03:10:09.841863+00:00
3,20260911T143242_640ba71ea668,2026-09-11T14:32:53.411157+00:00,github-actions,823ac12bac50,2026-09-11,2026-09-10,dc4ae904e6a857624467,9b0b1adcafba0fea37db,close_to_close,0.0045455965740319,{},,disabled,,,,,Ridge,20260911T143242_640ba71ea668:price:20,price,20,2026-10-08,1개월,20.0,4364.5,없음,,,4364.5,3962.399915686173,4766.600084313827,0.7513274336283186,simple,0.0389559729564067,0.0400690598567063,0.0,0.0,0.0,4159.7001953125,4172.7998046875,-0.04392260174418605,,,,,,,1.0,191.7001953125,,,scored,False,2026-10-09T01:17:07.421005+00:00
3,20260911T145354_c81018bc1c37,2026-09-11T14:54:06.032571+00:00,github-actions,823ac12bac50,2026-09-11,2026-09-10,dc4ae904e6a857624467,9b0b1adcafba0fea37db,close_to_close,0.0045455965740319,{},,disabled,상승,0.320232292562705,0.2927412298240549,0.38702647761324,Logistic,20260911T145354_c81018bc1c37:direction:Logistic,direction,1,2026-09-11,,,,,,,,,,,,,,,,,4359.39990234375,4408.89990234375,0.0003630562310619201,1.0,0.0,,,,,,,1.2284662348555169,0.7525531835644679,scored,False,2026-09-24T03:10:09.841863+00:00
3,20260911T145354_c81018bc1c37,2026-09-11T14:54:06.032571+00:00,github-actions,823ac12bac50,2026-09-11,2026-09-10,dc4ae904e6a857624467,9b0b1adcafba0fea37db,close_to_close,0.0045455965740319,{},,disabled,,,,,Ridge,20260911T145354_c81018bc1c37:price:1,price,1,2026-09-11,1거래일,1.0,4364.5,있음,-7.456463208654895e-05,4364.174562663258,4364.174562663258,4282.142524694596,4446.206600631919,0.7823788546255507,simple,0.0086089139969951,0.0086242330168732,-3.528731274662642e-05,4.025334550851561e-06,0.4505552398375003,4359.39990234375,4408.89990234375,0.010172964221274006,,,-44.72533968049174,44.72533968049174,0.010144330937682655,-0.010247528853360555,1.0,-44.72533968049174,,,scored,False,2026-09-24T03:10:09.841863+00:00
3,20260911T145354_c81018bc1c37,2026-09-11T14:54:06.032571+00:00,github-actions,823ac12bac50,2026-09-11,2026-09-10,dc4ae904e6a857624467,9b0b1adcafba0fea37db,close_to_close,0.0045455965740319,{},,disabled,,,,,Ridge,20260911T145354_c81018bc1c37:price:5,price,5,2026-09-17,1주일,5.0,4364.5,없음,,,4364.5,4168.844520840134,4560.155479159867,0.7883597883597884,simple,0.0196747052231775,0.019934664346087,0.0,0.0,0.0,4301.39990234375,4399.7001953125,0.008065115205063478,,,,,,,1.0,-35.2001953125,,,scored,False,2026-09-24T03:10:09.841863+00:00
3,20260911T145354_c81018bc1c37,2026-09-11T14:54:06.032571+00:00,github-actions,823ac12bac50,2026-09-11,2026-09-10,dc4ae904e6a857624467,9b0b1adcafba0fea37db,close_to_close,0.0045455965740319,{},,disabled,,,,,Ridge,20260911T145354_c81018bc1c37:price:20,price,20,2026-10-08,1개월,20.0,4364.5,없음,,,4364.5,3962.399915686173,4766.600084313827,0.7513274336283186,simple,0.0389559729564067,0.0400690598567063,0.0,0.0,0.0,4159.7001953125,4172.7998046875,-0.04392260174418605,,,,,,,1.0,191.7001953125,,,scored,False,2026-10-09T01:17:07.421005+00:00
3,20260911T222934_8cc82b71ed83,2026-09-11T22:29:46.297478+00:00,github-actions,823ac12bac50,2026-09-14,2026-09-11,ad56f16148d917d84a5f,9b0b1adcafba0fea37db,close_to_close,0.0045081285749495,{},,disabled,상승,0.3244365203619844,0.3213675526329572,0.3541959270050584,Logistic,20260911T222934_8cc82b71ed83:direction:Logistic,direction,1,2026-09-14,,,,,,,,,,,,,,,,,4375.0,4351.89990234375,-0.012928395124075953,0.0,0.0,,,,,,,1.1256653848961176,0.6851178736128928,scored,True,2026-09-24T03:10:09.841863+00:00
3,20260911T222934_8cc82b71ed83,2026-09-11T22:29:46.297478+00:00,github-actions,823ac12bac50,2026-09-14,2026-09-11,ad56f16148d917d84a5f,9b0b1adcafba0fea37db,close_to_close,0.0045081285749495,{},,disabled,,,,,Ridge,20260911T222934_8cc82b71ed83:price:1,price,1,2026-09-14,1거래일,1.0,4390.0,있음,-7.932898370199837e-06,4389.965174576155,4389.965174576155,4308.352828587143,4471.577520565166,0.7832599118942731,simple,0.0086022637655716,0.0086164681057837,-3.429060686641225e-05,4.404453341016863e-06,0.4521990138917148,4375.0,4351.89990234375,-0.00867883773490885,,,38.06527223240482,38.06527223240482,0.008746817042346141,0.008670904836538651,1.0,38.06527223240482,,,scored,True,2026-09-24T03:10:09.841863+00:00
3,20260911T222934_8cc82b71ed83,2026-09-11T22:29:46.297478+00:00,github-actions,823ac12bac50,2026-09-14,2026-09-11,ad56f16148d917d84a5f,9b0b1adcafba0fea37db,close_to_close,0.0045081285749495,{},,disabled,,,,,Ridge,20260911T222934_8cc82b71ed83:price:5,price,5,2026-09-18,1주일,5.0,4390.0,없음,,,4390.0,4194.82353776176,4585.17646223824,0.7892416225749559,simple,0.0196544765232715,0.0199102756600811,0.0,0.0,0.0,4381.60009765625,4424.89990234375,0.00794986385962404,,,,,,,1.0,-34.89990234375,,,scored,True,2026-09-24T03:10:09.841863+00:00
3,20260911T222934_8cc82b71ed83,2026-09-11T22:29:46.297478+00:00,github-actions,823ac12bac50,2026-09-14,2026-09-11,ad56f16148d917d84a5f,9b0b1adcafba0fea37db,close_to_close,0.0045081285749495,{},,disabled,,,,,Ridge,20260911T222934_8cc82b71ed83:price:20,price,20,2026-10-09,1개월,20.0,4390.0,없음,,,4390.0,3988.612554268734,4791.387445731266,0.7508833922261484,simple,0.0389507829524953,0.040074091877491,0.0,0.0,0.0,,,,,,,,,,,,,,pending,True,2026-09-24T03:10:09.841863+00:00
3,20260911T230701_c32b229733a8,2026-09-11T23:07:12.841982+00:00,github-actions,823ac12bac50,2026-09-14,2026-09-11,ad56f16148d917d84a5f,9b0b1adcafba0fea37db,close_to_close,0.0045081285749495,{},,disabled,상승,0.3244365203619844,0.3213675526329572,0.3541959270050584,Logistic,20260911T230701_c32b229733a8:direction:Logistic,direction,1,2026-09-14,,,,,,,,,,,,,,,,,4375.0,4351.89990234375,-0.012928395124075953,0.0,0.0,,,,,,,1.1256653848961176,0.6851178736128928,scored,True,2026-09-24T03:10:09.841863+00:00
3,20260911T230701_c32b229733a8,2026-09-11T23:07:12.841982+00:00,github-actions,823ac12bac50,2026-09-14,2026-09-11,ad56f16148d917d84a5f,9b0b1adcafba0fea37db,close_to_close,0.0045081285749495,{},,disabled,,,,,Ridge,20260911T230701_c32b229733a8:price:1,price,1,2026-09-14,1거래일,1.0,4390.0,있음,-7.932898370199837e-06,4389.965174576155,4389.965174576155,4308.352828587143,4471.577520565166,0.7832599118942731,simple,0.0086022637655716,0.0086164681057837,-3.429060686641225e-05,4.404453341016863e-06,0.4521990138917148,4375.0,4351.89990234375,-0.00867883773490885,,,38.06527223240482,38.06527223240482,0.008746817042346141,0.008670904836538651,1.0,38.06527223240482,,,scored,True,2026-09-24T03:10:09.841863+00:00
3,20260911T230701_c32b229733a8,2026-09-11T23:07:12.841982+00:00,github-actions,823ac12bac50,2026-09-14,2026-09-11,ad56f16148d917d84a5f,9b0b1adcafba0fea37db,close_to_close,0.0045081285749495,{},,disabled,,,,,Ridge,20260911T230701_c32b229733a8:price:5,price,5,2026-09-18,1주일,5.0,4390.0,없음,,,4390.0,4194.82353776176,4585.17646223824,0.7892416225749559,simple,0.0196544765232715,0.0199102756600811,0.0,0.0,0.0,4381.60009765625,4424.89990234375,0.00794986385962404,,,,,,,1.0,-34.89990234375,,,scored,True,2026-09-24T03:10:09.841863+00:00
3,20260911T230701_c32b229733a8,2026-09-11T23:07:12.841982+00:00,github-actions,823ac12bac50,2026-09-14,2026-09-11,ad56f16148d917d84a5f,9b0b1adcafba0fea37db,close_to_close,0.0045081285749495,{},,disabled,,,,,Ridge,20260911T230701_c32b229733a8:price:20,price,20,2026-10-09,1개월,20.0,4390.0,없음,,,4390.0,3988.612554268734,4791.387445731266,0.7508833922261484,simple,0.0389507829524953,0.040074091877491,0.0,0.0,0.0,,,,,,,,,,,,,,pending,True,2026-09-24T03:10:09.841863+00:00
3,20260911T234011_2608801bc651,2026-09-11T23:40:22.824831+00:00,github-actions,823ac12bac50,2026-09-14,2026-09-11,ad56f16148d917d84a5f,9b0b1adcafba0fea37db,close_to_close,0.0045081285749495,{},,disabled,상승,0.3244365203619844,0.3213675526329572,0.3541959270050584,Logistic,20260911T234011_2608801bc651:direction:Logistic,direction,1,2026-09-14,,,,,,,,,,,,,,,,,4375.0,4351.89990234375,-0.012928395124075953,0.0,0.0,,,,,,,1.1256653848961176,0.6851178736128928,scored,True,2026-09-24T03:10:09.841863+00:00
3,20260911T234011_2608801bc651,2026-09-11T23:40:22.824831+00:00,github-actions,823ac12bac50,2026-09-14,2026-09-11,ad56f16148d917d84a5f,9b0b1adcafba0fea37db,close_to_close,0.0045081285749495,{},,disabled,,,,,Ridge,20260911T234011_2608801bc651:price:1,price,1,2026-09-14,1거래일,1.0,4390.0,있음,-7.932898370199837e-06,4389.965174576155,4389.965174576155,4308.352828587143,4471.577520565166,0.7832599118942731,simple,0.0086022637655716,0.0086164681057837,-3.429060686641225e-05,4.404453341016863e-06,0.4521990138917148,4375.0,4351.89990234375,-0.00867883773490885,,,38.06527223240482,38.06527223240482,0.008746817042346141,0.008670904836538651,1.0,38.06527223240482,,,scored,True,2026-09-24T03:10:09.841863+00:00
3,20260911T234011_2608801bc651,2026-09-11T23:40:22.824831+00:00,github-actions,823ac12bac50,2026-09-14,2026-09-11,ad56f16148d917d84a5f,9b0b1adcafba0fea37db,close_to_close,0.0045081285749495,{},,disabled,,,,,Ridge,20260911T234011_2608801bc651:price:5,price,5,2026-09-18,1주일,5.0,4390.0,없음,,,4390.0,4194.82353776176,4585.17646223824,0.7892416225749559,simple,0.0196544765232715,0.0199102756600811,0.0,0.0,0.0,4381.60009765625,4424.89990234375,0.00794986385962404,,,,,,,1.0,-34.89990234375,,,scored,True,2026-09-24T03:10:09.841863+00:00
3,20260911T234011_2608801bc651,2026-09-11T23:40:22.824831+00:00,github-actions,823ac12bac50,2026-09-14,2026-09-11,ad56f16148d917d84a5f,9b0b1adcafba0fea37db,close_to_close,0.0045081285749495,{},,disabled,,,,,Ridge,20260911T234011_2608801bc651:price:20,price,20,2026-10-09,1개월,20.0,4390.0,없음,,,4390.0,3988.612554268734,4791.387445731266,0.7508833922261484,simple,0.0389507829524953,0.040074091877491,0.0,0.0,0.0,,,,,,,,,,,,,,pending,True,2026-09-24T03:10:09.841863+00:00
3,20260912T001613_b43f4177472f,2026-09-12T00:16:20.865444+00:00,github-actions,823ac12bac50,2026-09-14,2026-09-11,ad56f16148d917d84a5f,9b0b1adcafba0fea37db,close_to_close,0.0045081285749495,{},,disabled,상승,0.3218882124366626,0.3164535601323331,0.3616582274310043,Logistic,20260912T001613_b43f4177472f:direction:Logistic,direction,1,2026-09-14,,,,,,,,,,,,,,,,,4375.0,4351.89990234375,-0.012928395124075953,0.0,0.0,,,,,,,1.1335509600596838,0.6907751256213088,scored,True,2026-09-24T03:10:09.841863+00:00
3,20260912T001613_b43f4177472f,2026-09-12T00:16:20.865444+00:00,github-actions,823ac12bac50,2026-09-14,2026-09-11,ad56f16148d917d84a5f,9b0b1adcafba0fea37db,close_to_close,0.0045081285749495,{},,disabled,,,,,Ridge,20260912T001613_b43f4177472f:price:1,price,1,2026-09-14,1거래일,1.0,4390.0,있음,0.0002498706744518,4391.096932260844,4391.096932260844,4309.484585877751,4472.709278643937,0.7832599118942731,simple,0.0086022637691324,0.0086164681057837,-3.429060192792449e-05,4.404452511054865e-06,0.4521989841767564,4375.0,4351.89990234375,-0.00867883773490885,,,39.19702991709437,39.19702991709437,0.009006877638886983,0.00892870840936065,1.0,39.19702991709437,,,scored,True,2026-09-24T03:10:09.841863+00:00
3,20260912T001613_b43f4177472f,2026-09-12T00:16:20.865444+00:00,github-actions,823ac12bac50,2026-09-14,2026-09-11,ad56f16148d917d84a5f,9b0b1adcafba0fea37db,close_to_close,0.0045081285749495,{},,disabled,,,,,Ridge,20260912T001613_b43f4177472f:price:5,price,5,2026-09-18,1주일,5.0,4390.0,없음,,,4390.0,4194.82353776176,4585.17646223824,0.7892416225749559,simple,0.019654476518739,0.0199102756600811,0.0,0.0,0.0,4381.60009765625,4424.89990234375,0.00794986385962404,,,,,,,1.0,-34.89990234375,,,scored,True,2026-09-24T03:10:09.841863+00:00
3,20260912T001613_b43f4177472f,2026-09-12T00:16:20.865444+00:00,github-actions,823ac12bac50,2026-09-14,2026-09-11,ad56f16148d917d84a5f,9b0b1adcafba0fea37db,close_to_close,0.0045081285749495,{},,disabled,,,,,Ridge,20260912T001613_b43f4177472f:price:20,price,20,2026-10-09,1개월,20.0,4390.0,없음,,,4390.0,3988.612554268734,4791.387445731266,0.7508833922261484,simple,0.0389507830062838,0.040074091877491,0.0,0.0,0.0,,,,,,,,,,,,,,pending,True,2026-09-24T03:10:09.841863+00:00
3,20260912T004117_ffa363a37aec,2026-09-12T00:41:27.550307+00:00,github-actions,823ac12bac50,2026-09-14,2026-09-11,ad56f16148d917d84a5f,9b0b1adcafba0fea37db,close_to_close,0.0045081285749495,{},,disabled,상승,0.3218882127971997,0.3164535767675995,0.3616582104352008,Logistic,20260912T004117_ffa363a37aec:direction:Logistic,direction,1,2026-09-14,,,,,,,,,,,,,,,,,4375.0,4351.89990234375,-0.012928395124075953,0.0,0.0,,,,,,,1.1335509589396147,0.6907751233675749,scored,True,2026-09-24T03:10:09.841863+00:00
3,20260912T004117_ffa363a37aec,2026-09-12T00:41:27.550307+00:00,github-actions,823ac12bac50,2026-09-14,2026-09-11,ad56f16148d917d84a5f,9b0b1adcafba0fea37db,close_to_close,0.0045081285749495,{},,disabled,,,,,Ridge,20260912T004117_ffa363a37aec:price:1,price,1,2026-09-14,1거래일,1.0,4390.0,있음,0.0002498706744518,4391.096932260844,4391.096932260844,4309.484586271832,4472.709278249855,0.7832599118942731,simple,0.0086022637655716,0.0086164681057837,-3.429060686641225e-05,4.404453341016863e-06,0.4521990138917148,4375.0,4351.89990234375,-0.00867883773490885,,,39.19702991709437,39.19702991709437,0.009006877638886983,0.00892870840936065,1.0,39.19702991709437,,,scored,True,2026-09-24T03:10:09.841863+00:00
3,20260912T004117_ffa363a37aec,2026-09-12T00:41:27.550307+00:00,github-actions,823ac12bac50,2026-09-14,2026-09-11,ad56f16148d917d84a5f,9b0b1adcafba0fea37db,close_to_close,0.0045081285749495,{},,disabled,,,,,Ridge,20260912T004117_ffa363a37aec:price:5,price,5,2026-09-18,1주일,5.0,4390.0,없음,,,4390.0,4194.82353776176,4585.17646223824,0.7892416225749559,simple,0.0196544765232715,0.0199102756600811,0.0,0.0,0.0,4381.60009765625,4424.89990234375,0.00794986385962404,,,,,,,1.0,-34.89990234375,,,scored,True,2026-09-24T03:10:09.841863+00:00
3,20260912T004117_ffa363a37aec,2026-09-12T00:41:27.550307+00:00,github-actions,823ac12bac50,2026-09-14,2026-09-11,ad56f16148d917d84a5f,9b0b1adcafba0fea37db,close_to_close,0.0045081285749495,{},,disabled,,,,,Ridge,20260912T004117_ffa363a37aec:price:20,price,20,2026-10-09,1개월,20.0,4390.0,없음,,,4390.0,3988.612554268734,4791.387445731266,0.7508833922261484,simple,0.0389507829524953,0.040074091877491,0.0,0.0,0.0,,,,,,,,,,,,,,pending,True,2026-09-24T03:10:09.841863+00:00
3,20260912T014027_42b028f51a79,2026-09-12T01:40:38.704911+00:00,github-actions,823ac12bac50,2026-09-14,2026-09-11,ad56f16148d917d84a5f,9b0b1adcafba0fea37db,close_to_close,0.0045081285749495,{},,disabled,상승,0.3218882127971997,0.3164535767675995,0.3616582104352008,Logistic,20260912T014027_42b028f51a79:direction:Logistic,direction,1,2026-09-14,,,,,,,,,,,,,,,,,4375.0,4351.89990234375,-0.012928395124075953,0.0,0.0,,,,,,,1.1335509589396147,0.6907751233675749,scored,True,2026-09-24T03:10:09.841863+00:00
3,20260912T014027_42b028f51a79,2026-09-12T01:40:38.704911+00:00,github-actions,823ac12bac50,2026-09-14,2026-09-11,ad56f16148d917d84a5f,9b0b1adcafba0fea37db,close_to_close,0.0045081285749495,{},,disabled,,,,,Ridge,20260912T014027_42b028f51a79:price:1,price,1,2026-09-14,1거래일,1.0,4390.0,있음,0.0002498706744518,4391.096932260844,4391.096932260844,4309.484586271832,4472.709278249855,0.7832599118942731,simple,0.0086022637655716,0.0086164681057837,-3.429060686641225e-05,4.404453341016863e-06,0.4521990138917148,4375.0,4351.89990234375,-0.00867883773490885,,,39.19702991709437,39.19702991709437,0.009006877638886983,0.00892870840936065,1.0,39.19702991709437,,,scored,True,2026-09-24T03:10:09.841863+00:00
3,20260912T014027_42b028f51a79,2026-09-12T01:40:38.704911+00:00,github-actions,823ac12bac50,2026-09-14,2026-09-11,ad56f16148d917d84a5f,9b0b1adcafba0fea37db,close_to_close,0.0045081285749495,{},,disabled,,,,,Ridge,20260912T014027_42b028f51a79:price:5,price,5,2026-09-18,1주일,5.0,4390.0,없음,,,4390.0,4194.82353776176,4585.17646223824,0.7892416225749559,simple,0.0196544765232715,0.0199102756600811,0.0,0.0,0.0,4381.60009765625,4424.89990234375,0.00794986385962404,,,,,,,1.0,-34.89990234375,,,scored,True,2026-09-24T03:10:09.841863+00:00
3,20260912T014027_42b028f51a79,2026-09-12T01:40:38.704911+00:00,github-actions,823ac12bac50,2026-09-14,2026-09-11,ad56f16148d917d84a5f,9b0b1adcafba0fea37db,close_to_close,0.0045081285749495,{},,disabled,,,,,Ridge,20260912T014027_42b028f51a79:price:20,price,20,2026-10-09,1개월,20.0,4390.0,없음,,,4390.0,3988.612554268734,4791.387445731266,0.7508833922261484,simple,0.0389507829524953,0.040074091877491,0.0,0.0,0.0,,,,,,,,,,,,,,pending,True,2026-09-24T03:10:09.841863+00:00
3,20260912T020225_3d771b1038e1,2026-09-12T02:02:36.121364+00:00,github-actions,823ac12bac50,2026-09-14,2026-09-11,ad56f16148d917d84a5f,9b0b1adcafba0fea37db,close_to_close,0.0045081285749495,{},,disabled,상승,0.3244365203619844,0.3213675526329572,0.3541959270050584,Logistic,20260912T020225_3d771b1038e1:direction:Logistic,direction,1,2026-09-14,,,,,,,,,,,,,,,,,4375.0,4351.89990234375,-0.012928395124075953,0.0,0.0,,,,,,,1.1256653848961176,0.6851178736128928,scored,True,2026-09-24T03:10:09.841863+00:00
3,20260912T020225_3d771b1038e1,2026-09-12T02:02:36.121364+00:00,github-actions,823ac12bac50,2026-09-14,2026-09-11,ad56f16148d917d84a5f,9b0b1adcafba0fea37db,close_to_close,0.0045081285749495,{},,disabled,,,,,Ridge,20260912T020225_3d771b1038e1:price:1,price,1,2026-09-14,1거래일,1.0,4390.0,있음,-7.932898370199837e-06,4389.965174576155,4389.965174576155,4308.352828587143,4471.577520565166,0.7832599118942731,simple,0.0086022637655716,0.0086164681057837,-3.429060686641225e-05,4.404453341016863e-06,0.4521990138917148,4375.0,4351.89990234375,-0.00867883773490885,,,38.06527223240482,38.06527223240482,0.008746817042346141,0.008670904836538651,1.0,38.06527223240482,,,scored,True,2026-09-24T03:10:09.841863+00:00
3,20260912T020225_3d771b1038e1,2026-09-12T02:02:36.121364+00:00,github-actions,823ac12bac50,2026-09-14,2026-09-11,ad56f16148d917d84a5f,9b0b1adcafba0fea37db,close_to_close,0.0045081285749495,{},,disabled,,,,,Ridge,20260912T020225_3d771b1038e1:price:5,price,5,2026-09-18,1주일,5.0,4390.0,없음,,,4390.0,4194.82353776176,4585.17646223824,0.7892416225749559,simple,0.0196544765232715,0.0199102756600811,0.0,0.0,0.0,4381.60009765625,4424.89990234375,0.00794986385962404,,,,,,,1.0,-34.89990234375,,,scored,True,2026-09-24T03:10:09.841863+00:00
3,20260912T020225_3d771b1038e1,2026-09-12T02:02:36.121364+00:00,github-actions,823ac12bac50,2026-09-14,2026-09-11,ad56f16148d917d84a5f,9b0b1adcafba0fea37db,close_to_close,0.0045081285749495,{},,disabled,,,,,Ridge,20260912T020225_3d771b1038e1:price:20,price,20,2026-10-09,1개월,20.0,4390.0,없음,,,4390.0,3988.612554268734,4791.387445731266,0.7508833922261484,simple,0.0389507829524953,0.040074091877491,0.0,0.0,0.0,,,,,,,,,,,,,,pending,True,2026-09-24T03:10:09.841863+00:00
3,20260912T021751_138f5243cb62,2026-09-12T02:18:03.000100+00:00,github-actions,823ac12bac50,2026-09-14,2026-09-11,ad56f16148d917d84a5f,9b0b1adcafba0fea37db,close_to_close,0.0045081285749495,{},,disabled,상승,0.3244365203619844,0.3213675526329572,0.3541959270050584,Logistic,20260912T021751_138f5243cb62:direction:Logistic,direction,1,2026-09-14,,,,,,,,,,,,,,,,,4375.0,4351.89990234375,-0.012928395124075953,0.0,0.0,,,,,,,1.1256653848961176,0.6851178736128928,scored,True,2026-09-24T03:10:09.841863+00:00
3,20260912T021751_138f5243cb62,2026-09-12T02:18:03.000100+00:00,github-actions,823ac12bac50,2026-09-14,2026-09-11,ad56f16148d917d84a5f,9b0b1adcafba0fea37db,close_to_close,0.0045081285749495,{},,disabled,,,,,Ridge,20260912T021751_138f5243cb62:price:1,price,1,2026-09-14,1거래일,1.0,4390.0,있음,-7.932898370199837e-06,4389.965174576155,4389.965174576155,4308.352828587143,4471.577520565166,0.7832599118942731,simple,0.0086022637655716,0.0086164681057837,-3.429060686641225e-05,4.404453341016863e-06,0.4521990138917148,4375.0,4351.89990234375,-0.00867883773490885,,,38.06527223240482,38.06527223240482,0.008746817042346141,0.008670904836538651,1.0,38.06527223240482,,,scored,True,2026-09-24T03:10:09.841863+00:00
3,20260912T021751_138f5243cb62,2026-09-12T02:18:03.000100+00:00,github-actions,823ac12bac50,2026-09-14,2026-09-11,ad56f16148d917d84a5f,9b0b1adcafba0fea37db,close_to_close,0.0045081285749495,{},,disabled,,,,,Ridge,20260912T021751_138f5243cb62:price:5,price,5,2026-09-18,1주일,5.0,4390.0,없음,,,4390.0,4194.82353776176,4585.17646223824,0.7892416225749559,simple,0.0196544765232715,0.0199102756600811,0.0,0.0,0.0,4381.60009765625,4424.89990234375,0.00794986385962404,,,,,,,1.0,-34.89990234375,,,scored,True,2026-09-24T03:10:09.841863+00:00
3,20260912T021751_138f5243cb62,2026-09-12T02:18:03.000100+00:00,github-actions,823ac12bac50,2026-09-14,2026-09-11,ad56f16148d917d84a5f,9b0b1adcafba0fea37db,close_to_close,0.0045081285749495,{},,disabled,,,,,Ridge,20260912T021751_138f5243cb62:price:20,price,20,2026-10-09,1개월,20.0,4390.0,없음,,,4390.0,3988.612554268734,4791.387445731266,0.7508833922261484,simple,0.0389507829524953,0.040074091877491,0.0,0.0,0.0,,,,,,,,,,,,,,pending,True,2026-09-24T03:10:09.841863+00:00
3,20260912T022816_594deb1a411b,2026-09-12T02:28:26.682267+00:00,github-actions,823ac12bac50,2026-09-14,2026-09-11,ad56f16148d917d84a5f,9b0b1adcafba0fea37db,close_to_close,0.0045081285749495,{},,disabled,상승,0.3244365253863645,0.3213675421233284,0.354195932490307,Logistic,20260912T022816_594deb1a411b:direction:Logistic,direction,1,2026-09-14,,,,,,,,,,,,,,,,,4375.0,4351.89990234375,-0.012928395124075953,0.0,0.0,,,,,,,1.1256653694096361,0.6851178639551154,scored,True,2026-09-24T03:10:09.841863+00:00
3,20260912T022816_594deb1a411b,2026-09-12T02:28:26.682267+00:00,github-actions,823ac12bac50,2026-09-14,2026-09-11,ad56f16148d917d84a5f,9b0b1adcafba0fea37db,close_to_close,0.0045081285749495,{},,disabled,,,,,Ridge,20260912T022816_594deb1a411b:price:1,price,1,2026-09-14,1거래일,1.0,4390.0,있음,-7.932847438496538e-06,4389.965174799745,4389.965174799745,4308.352828416652,4471.577521182839,0.7832599118942731,simple,0.0086022637691324,0.0086164681057837,-3.429060192792449e-05,4.404452511054865e-06,0.4521989841767564,4375.0,4351.89990234375,-0.00867883773490885,,,38.065272455995,38.065272455995,0.008746817093723743,0.008670904887470354,1.0,38.065272455995,,,scored,True,2026-09-24T03:10:09.841863+00:00
3,20260912T022816_594deb1a411b,2026-09-12T02:28:26.682267+00:00,github-actions,823ac12bac50,2026-09-14,2026-09-11,ad56f16148d917d84a5f,9b0b1adcafba0fea37db,close_to_close,0.0045081285749495,{},,disabled,,,,,Ridge,20260912T022816_594deb1a411b:price:5,price,5,2026-09-18,1주일,5.0,4390.0,없음,,,4390.0,4194.82353776176,4585.17646223824,0.7892416225749559,simple,0.019654476518739,0.0199102756600811,0.0,0.0,0.0,4381.60009765625,4424.89990234375,0.00794986385962404,,,,,,,1.0,-34.89990234375,,,scored,True,2026-09-24T03:10:09.841863+00:00
3,20260912T022816_594deb1a411b,2026-09-12T02:28:26.682267+00:00,github-actions,823ac12bac50,2026-09-14,2026-09-11,ad56f16148d917d84a5f,9b0b1adcafba0fea37db,close_to_close,0.0045081285749495,{},,disabled,,,,,Ridge,20260912T022816_594deb1a411b:price:20,price,20,2026-10-09,1개월,20.0,4390.0,없음,,,4390.0,3988.612554268734,4791.387445731266,0.7508833922261484,simple,0.0389507830062838,0.040074091877491,0.0,0.0,0.0,,,,,,,,,,,,,,pending,True,2026-09-24T03:10:09.841863+00:00
3,20260912T024737_88867a7cc88b,2026-09-12T02:47:48.388514+00:00,github-actions,823ac12bac50,2026-09-14,2026-09-11,ad56f16148d917d84a5f,9b0b1adcafba0fea37db,close_to_close,0.0045081285749495,{},,disabled,상승,0.3244365203619844,0.3213675526329572,0.3541959270050584,Logistic,20260912T024737_88867a7cc88b:direction:Logistic,direction,1,2026-09-14,,,,,,,,,,,,,,,,,4375.0,4351.89990234375,-0.012928395124075953,0.0,0.0,,,,,,,1.1256653848961176,0.6851178736128928,scored,True,2026-09-24T03:10:09.841863+00:00
3,20260912T024737_88867a7cc88b,2026-09-12T02:47:48.388514+00:00,github-actions,823ac12bac50,2026-09-14,2026-09-11,ad56f16148d917d84a5f,9b0b1adcafba0fea37db,close_to_close,0.0045081285749495,{},,disabled,,,,,Ridge,20260912T024737_88867a7cc88b:price:1,price,1,2026-09-14,1거래일,1.0,4390.0,있음,-7.932898370199837e-06,4389.965174576155,4389.965174576155,4308.352828587143,4471.577520565166,0.7832599118942731,simple,0.0086022637655716,0.0086164681057837,-3.429060686641225e-05,4.404453341016863e-06,0.4521990138917148,4375.0,4351.89990234375,-0.00867883773490885,,,38.06527223240482,38.06527223240482,0.008746817042346141,0.008670904836538651,1.0,38.06527223240482,,,scored,True,2026-09-24T03:10:09.841863+00:00
3,20260912T024737_88867a7cc88b,2026-09-12T02:47:48.388514+00:00,github-actions,823ac12bac50,2026-09-14,2026-09-11,ad56f16148d917d84a5f,9b0b1adcafba0fea37db,close_to_close,0.0045081285749495,{},,disabled,,,,,Ridge,20260912T024737_88867a7cc88b:price:5,price,5,2026-09-18,1주일,5.0,4390.0,없음,,,4390.0,4194.82353776176,4585.17646223824,0.7892416225749559,simple,0.0196544765232715,0.0199102756600811,0.0,0.0,0.0,4381.60009765625,4424.89990234375,0.00794986385962404,,,,,,,1.0,-34.89990234375,,,scored,True,2026-09-24T03:10:09.841863+00:00
3,20260912T024737_88867a7cc88b,2026-09-12T02:47:48.388514+00:00,github-actions,823ac12bac50,2026-09-14,2026-09-11,ad56f16148d917d84a5f,9b0b1adcafba0fea37db,close_to_close,0.0045081285749495,{},,disabled,,,,,Ridge,20260912T024737_88867a7cc88b:price:20,price,20,2026-10-09,1개월,20.0,4390.0,없음,,,4390.0,3988.612554268734,4791.387445731266,0.7508833922261484,simple,0.0389507829524953,0.040074091877491,0.0,0.0,0.0,,,,,,,,,,,,,,pending,True,2026-09-24T03:10:09.841863+00:00
3,20260912T090213_dbe62d2faac6,2026-09-12T09:02:24.589201+00:00,github-actions,823ac12bac50,2026-09-14,2026-09-11,50d77dec60b69251f074,9b0b1adcafba0fea37db,close_to_close,0.0044918048052809,{},,disabled,상승,0.3250805315844675,0.3186116403910559,0.3563078280244766,Logistic,20260912T090213_dbe62d2faac6:direction:Logistic,direction,1,2026-09-14,,,,,,,,,,,,,,,,,4375.0,4351.89990234375,-0.012928395124075953,0.0,0.0,,,,,,,1.1236823378564755,0.6839849345505045,scored,True,2026-09-24T03:10:09.841863+00:00
3,20260912T090213_dbe62d2faac6,2026-09-12T09:02:24.589201+00:00,github-actions,823ac12bac50,2026-09-14,2026-09-11,50d77dec60b69251f074,9b0b1adcafba0fea37db,close_to_close,0.0044918048052809,{},,disabled,,,,,Ridge,20260912T090213_dbe62d2faac6:price:1,price,1,2026-09-14,1거래일,1.0,4366.2001953125,있음,7.530347647843882e-05,4366.528985366208,4366.528985366208,4285.65300316299,4447.404967569426,0.7832599118942731,simple,0.0085974593226997,0.0086116636629118,-3.429060686641225e-05,4.404453341016863e-06,0.4521990138917148,4375.0,4351.89990234375,-0.0032752261300575958,,,14.629083022457962,14.629083022457962,0.003361539408243134,0.0033505296065360346,1.0,14.629083022457962,,,scored,True,2026-09-24T03:10:09.841863+00:00
3,20260912T090213_dbe62d2faac6,2026-09-12T09:02:24.589201+00:00,github-actions,823ac12bac50,2026-09-14,2026-09-11,50d77dec60b69251f074,9b0b1adcafba0fea37db,close_to_close,0.0044918048052809,{},,disabled,,,,,Ridge,20260912T090213_dbe62d2faac6:price:5,price,5,2026-09-18,1주일,5.0,4366.2001953125,없음,,,4366.2001953125,4172.784751911422,4559.615638713578,0.7892416225749559,simple,0.0196591490261491,0.0199149481629586,0.0,0.0,0.0,4381.60009765625,4424.89990234375,0.013444117174074899,,,,,,,1.0,-58.69970703125,,,scored,True,2026-09-24T03:10:09.841863+00:00
3,20260912T090213_dbe62d2faac6,2026-09-12T09:02:24.589201+00:00,github-actions,823ac12bac50,2026-09-14,2026-09-11,50d77dec60b69251f074,9b0b1adcafba0fea37db,close_to_close,0.0044918048052809,{},,disabled,,,,,Ridge,20260912T090213_dbe62d2faac6:price:20,price,20,2026-10-09,1개월,20.0,4366.2001953125,없음,,,4366.2001953125,3968.434348440169,4763.966042184831,0.7508833922261484,simple,0.0389534638776176,0.0400692737085539,0.0,0.0,0.0,,,,,,,,,,,,,,pending,True,2026-09-24T03:10:09.841863+00:00
3,20260912T092246_1ef3c4a0fd42,2026-09-12T09:22:57.723423+00:00,github-actions,823ac12bac50,2026-09-14,2026-09-11,50d77dec60b69251f074,9b0b1adcafba0fea37db,close_to_close,0.0044918048052809,{},,disabled,상승,0.3250805315844675,0.3186116403910559,0.3563078280244766,Logistic,20260912T092246_1ef3c4a0fd42:direction:Logistic,direction,1,2026-09-14,,,,,,,,,,,,,,,,,4375.0,4351.89990234375,-0.012928395124075953,0.0,0.0,,,,,,,1.1236823378564755,0.6839849345505045,scored,True,2026-09-24T03:10:09.841863+00:00
3,20260912T092246_1ef3c4a0fd42,2026-09-12T09:22:57.723423+00:00,github-actions,823ac12bac50,2026-09-14,2026-09-11,50d77dec60b69251f074,9b0b1adcafba0fea37db,close_to_close,0.0044918048052809,{},,disabled,,,,,Ridge,20260912T092246_1ef3c4a0fd42:price:1,price,1,2026-09-14,1거래일,1.0,4366.2001953125,있음,7.530347647843882e-05,4366.528985366208,4366.528985366208,4285.65300316299,4447.404967569426,0.7832599118942731,simple,0.0085974593226997,0.0086116636629118,-3.429060686641225e-05,4.404453341016863e-06,0.4521990138917148,4375.0,4351.89990234375,-0.0032752261300575958,,,14.629083022457962,14.629083022457962,0.003361539408243134,0.0033505296065360346,1.0,14.629083022457962,,,scored,True,2026-09-24T03:10:09.841863+00:00
3,20260912T092246_1ef3c4a0fd42,2026-09-12T09:22:57.723423+00:00,github-actions,823ac12bac50,2026-09-14,2026-09-11,50d77dec60b69251f074,9b0b1adcafba0fea37db,close_to_close,0.0044918048052809,{},,disabled,,,,,Ridge,20260912T092246_1ef3c4a0fd42:price:5,price,5,2026-09-18,1주일,5.0,4366.2001953125,없음,,,4366.2001953125,4172.784751911422,4559.615638713578,0.7892416225749559,simple,0.0196591490261491,0.0199149481629586,0.0,0.0,0.0,4381.60009765625,4424.89990234375,0.013444117174074899,,,,,,,1.0,-58.69970703125,,,scored,True,2026-09-24T03:10:09.841863+00:00
3,20260912T092246_1ef3c4a0fd42,2026-09-12T09:22:57.723423+00:00,github-actions,823ac12bac50,2026-09-14,2026-09-11,50d77dec60b69251f074,9b0b1adcafba0fea37db,close_to_close,0.0044918048052809,{},,disabled,,,,,Ridge,20260912T092246_1ef3c4a0fd42:price:20,price,20,2026-10-09,1개월,20.0,4366.2001953125,없음,,,4366.2001953125,3968.434348440169,4763.966042184831,0.7508833922261484,simple,0.0389534638776176,0.0400692737085539,0.0,0.0,0.0,,,,,,,,,,,,,,pending,True,2026-09-24T03:10:09.841863+00:00
3,20260912T094408_24a3d076d7f5,2026-09-12T09:44:19.139898+00:00,github-actions,823ac12bac50,2026-09-14,2026-09-11,50d77dec60b69251f074,9b0b1adcafba0fea37db,close_to_close,0.0044918048052809,{},,disabled,상승,0.3250805315844675,0.3186116403910559,0.3563078280244766,Logistic,20260912T094408_24a3d076d7f5:direction:Logistic,direction,1,2026-09-14,,,,,,,,,,,,,,,,,4375.0,4351.89990234375,-0.012928395124075953,0.0,0.0,,,,,,,1.1236823378564755,0.6839849345505045,scored,True,2026-09-24T03:10:09.841863+00:00
3,20260912T094408_24a3d076d7f5,2026-09-12T09:44:19.139898+00:00,github-actions,823ac12bac50,2026-09-14,2026-09-11,50d77dec60b69251f074,9b0b1adcafba0fea37db,close_to_close,0.0044918048052809,{},,disabled,,,,,Ridge,20260912T094408_24a3d076d7f5:price:1,price,1,2026-09-14,1거래일,1.0,4366.2001953125,있음,7.530347647843882e-05,4366.528985366208,4366.528985366208,4285.65300316299,4447.404967569426,0.7832599118942731,simple,0.0085974593226997,0.0086116636629118,-3.429060686641225e-05,4.404453341016863e-06,0.4521990138917148,4375.0,4351.89990234375,-0.0032752261300575958,,,14.629083022457962,14.629083022457962,0.003361539408243134,0.0033505296065360346,1.0,14.629083022457962,,,scored,True,2026-09-24T03:10:09.841863+00:00
3,20260912T094408_24a3d076d7f5,2026-09-12T09:44:19.139898+00:00,github-actions,823ac12bac50,2026-09-14,2026-09-11,50d77dec60b69251f074,9b0b1adcafba0fea37db,close_to_close,0.0044918048052809,{},,disabled,,,,,Ridge,20260912T094408_24a3d076d7f5:price:5,price,5,2026-09-18,1주일,5.0,4366.2001953125,없음,,,4366.2001953125,4172.784751911422,4559.615638713578,0.7892416225749559,simple,0.0196591490261491,0.0199149481629586,0.0,0.0,0.0,4381.60009765625,4424.89990234375,0.013444117174074899,,,,,,,1.0,-58.69970703125,,,scored,True,2026-09-24T03:10:09.841863+00:00
3,20260912T094408_24a3d076d7f5,2026-09-12T09:44:19.139898+00:00,github-actions,823ac12bac50,2026-09-14,2026-09-11,50d77dec60b69251f074,9b0b1adcafba0fea37db,close_to_close,0.0044918048052809,{},,disabled,,,,,Ridge,20260912T094408_24a3d076d7f5:price:20,price,20,2026-10-09,1개월,20.0,4366.2001953125,없음,,,4366.2001953125,3968.434348440169,4763.966042184831,0.7508833922261484,simple,0.0389534638776176,0.0400692737085539,0.0,0.0,0.0,,,,,,,,,,,,,,pending,True,2026-09-24T03:10:09.841863+00:00
3,20260912T100535_e42df30bd436,2026-09-12T10:05:42.778024+00:00,github-actions,823ac12bac50,2026-09-14,2026-09-11,50d77dec60b69251f074,9b0b1adcafba0fea37db,close_to_close,0.0044918048052809,{},,disabled,상승,0.3250805315844675,0.3186116403910559,0.3563078280244766,Logistic,20260912T100535_e42df30bd436:direction:Logistic,direction,1,2026-09-14,,,,,,,,,,,,,,,,,4375.0,4351.89990234375,-0.012928395124075953,0.0,0.0,,,,,,,1.1236823378564755,0.6839849345505045,scored,True,2026-09-24T03:10:09.841863+00:00
3,20260912T100535_e42df30bd436,2026-09-12T10:05:42.778024+00:00,github-actions,823ac12bac50,2026-09-14,2026-09-11,50d77dec60b69251f074,9b0b1adcafba0fea37db,close_to_close,0.0044918048052809,{},,disabled,,,,,Ridge,20260912T100535_e42df30bd436:price:1,price,1,2026-09-14,1거래일,1.0,4366.2001953125,있음,7.530346920248121e-05,4366.528985334439,4366.528985334439,4285.653002740696,4447.404967928183,0.7832599118942731,simple,0.0085974593262605,0.0086116636629118,-3.429060192792449e-05,4.404452511054865e-06,0.4521989841767564,4375.0,4351.89990234375,-0.0032752261300575958,,,14.629082990689312,14.629082990689312,0.0033615394009431847,0.003350529599260077,1.0,14.629082990689312,,,scored,True,2026-09-24T03:10:09.841863+00:00
3,20260912T100535_e42df30bd436,2026-09-12T10:05:42.778024+00:00,github-actions,823ac12bac50,2026-09-14,2026-09-11,50d77dec60b69251f074,9b0b1adcafba0fea37db,close_to_close,0.0044918048052809,{},,disabled,,,,,Ridge,20260912T100535_e42df30bd436:price:5,price,5,2026-09-18,1주일,5.0,4366.2001953125,없음,,,4366.2001953125,4172.784751911422,4559.615638713578,0.7892416225749559,simple,0.0196591490216166,0.0199149481629586,0.0,0.0,0.0,4381.60009765625,4424.89990234375,0.013444117174074899,,,,,,,1.0,-58.69970703125,,,scored,True,2026-09-24T03:10:09.841863+00:00
3,20260912T100535_e42df30bd436,2026-09-12T10:05:42.778024+00:00,github-actions,823ac12bac50,2026-09-14,2026-09-11,50d77dec60b69251f074,9b0b1adcafba0fea37db,close_to_close,0.0044918048052809,{},,disabled,,,,,Ridge,20260912T100535_e42df30bd436:price:20,price,20,2026-10-09,1개월,20.0,4366.2001953125,없음,,,4366.2001953125,3968.434348440169,4763.966042184831,0.7508833922261484,simple,0.0389534639314062,0.0400692737085539,0.0,0.0,0.0,,,,,,,,,,,,,,pending,True,2026-09-24T03:10:09.841863+00:00
3,20260912T101600_e560370164ce,2026-09-12T10:16:14.156166+00:00,github-actions,823ac12bac50,2026-09-14,2026-09-11,50d77dec60b69251f074,9b0b1adcafba0fea37db,close_to_close,0.0044918048052809,{},,disabled,상승,0.3250805315844675,0.3186116403910559,0.3563078280244766,Logistic,20260912T101600_e560370164ce:direction:Logistic,direction,1,2026-09-14,,,,,,,,,,,,,,,,,4375.0,4351.89990234375,-0.012928395124075953,0.0,0.0,,,,,,,1.1236823378564755,0.6839849345505045,scored,True,2026-09-24T03:10:09.841863+00:00
3,20260912T101600_e560370164ce,2026-09-12T10:16:14.156166+00:00,github-actions,823ac12bac50,2026-09-14,2026-09-11,50d77dec60b69251f074,9b0b1adcafba0fea37db,close_to_close,0.0044918048052809,{},,disabled,,,,,Ridge,20260912T101600_e560370164ce:price:1,price,1,2026-09-14,1거래일,1.0,4366.2001953125,있음,7.530347647843882e-05,4366.528985366208,4366.528985366208,4285.65300316299,4447.404967569426,0.7832599118942731,simple,0.0085974593226997,0.0086116636629118,-3.429060686641225e-05,4.404453341016863e-06,0.4521990138917148,4375.0,4351.89990234375,-0.0032752261300575958,,,14.629083022457962,14.629083022457962,0.003361539408243134,0.0033505296065360346,1.0,14.629083022457962,,,scored,True,2026-09-24T03:10:09.841863+00:00
3,20260912T101600_e560370164ce,2026-09-12T10:16:14.156166+00:00,github-actions,823ac12bac50,2026-09-14,2026-09-11,50d77dec60b69251f074,9b0b1adcafba0fea37db,close_to_close,0.0044918048052809,{},,disabled,,,,,Ridge,20260912T101600_e560370164ce:price:5,price,5,2026-09-18,1주일,5.0,4366.2001953125,없음,,,4366.2001953125,4172.784751911422,4559.615638713578,0.7892416225749559,simple,0.0196591490261491,0.0199149481629586,0.0,0.0,0.0,4381.60009765625,4424.89990234375,0.013444117174074899,,,,,,,1.0,-58.69970703125,,,scored,True,2026-09-24T03:10:09.841863+00:00
3,20260912T101600_e560370164ce,2026-09-12T10:16:14.156166+00:00,github-actions,823ac12bac50,2026-09-14,2026-09-11,50d77dec60b69251f074,9b0b1adcafba0fea37db,close_to_close,0.0044918048052809,{},,disabled,,,,,Ridge,20260912T101600_e560370164ce:price:20,price,20,2026-10-09,1개월,20.0,4366.2001953125,없음,,,4366.2001953125,3968.434348440169,4763.966042184831,0.7508833922261484,simple,0.0389534638776176,0.0400692737085539,0.0,0.0,0.0,,,,,,,,,,,,,,pending,True,2026-09-24T03:10:09.841863+00:00
3,20260912T103053_d3ef218a474a,2026-09-12T10:31:03.798005+00:00,github-actions,823ac12bac50,2026-09-14,2026-09-11,50d77dec60b69251f074,9b0b1adcafba0fea37db,close_to_close,0.0044918048052809,{},,disabled,상승,0.3250805315844675,0.3186116403910559,0.3563078280244766,Logistic,20260912T103053_d3ef218a474a:direction:Logistic,direction,1,2026-09-14,,,,,,,,,,,,,,,,,4375.0,4351.89990234375,-0.012928395124075953,0.0,0.0,,,,,,,1.1236823378564755,0.6839849345505045,scored,True,2026-09-24T03:10:09.841863+00:00
3,20260912T103053_d3ef218a474a,2026-09-12T10:31:03.798005+00:00,github-actions,823ac12bac50,2026-09-14,2026-09-11,50d77dec60b69251f074,9b0b1adcafba0fea37db,close_to_close,0.0044918048052809,{},,disabled,,,,,Ridge,20260912T103053_d3ef218a474a:price:1,price,1,2026-09-14,1거래일,1.0,4366.2001953125,있음,7.530349830631167e-05,4366.528985461513,4366.528985461513,4285.6530030963,4447.404967826726,0.7832599118942731,simple,0.0085974593223019,0.0086116636629118,-3.429060555393931e-05,4.404452066364663e-06,0.4521989888591827,4375.0,4351.89990234375,-0.0032752261300575958,,,14.629083117763003,14.629083117763003,0.003361539430142774,0.0033505296283639074,1.0,14.629083117763003,,,scored,True,2026-09-24T03:10:09.841863+00:00
3,20260912T103053_d3ef218a474a,2026-09-12T10:31:03.798005+00:00,github-actions,823ac12bac50,2026-09-14,2026-09-11,50d77dec60b69251f074,9b0b1adcafba0fea37db,close_to_close,0.0044918048052809,{},,disabled,,,,,Ridge,20260912T103053_d3ef218a474a:price:5,price,5,2026-09-18,1주일,5.0,4366.2001953125,없음,,,4366.2001953125,4172.784751911422,4559.615638713578,0.7892416225749559,simple,0.0196591490316953,0.0199149481629586,0.0,0.0,0.0,4381.60009765625,4424.89990234375,0.013444117174074899,,,,,,,1.0,-58.69970703125,,,scored,True,2026-09-24T03:10:09.841863+00:00
3,20260912T103053_d3ef218a474a,2026-09-12T10:31:03.798005+00:00,github-actions,823ac12bac50,2026-09-14,2026-09-11,50d77dec60b69251f074,9b0b1adcafba0fea37db,close_to_close,0.0044918048052809,{},,disabled,,,,,Ridge,20260912T103053_d3ef218a474a:price:20,price,20,2026-10-09,1개월,20.0,4366.2001953125,없음,,,4366.2001953125,3968.434348440169,4763.966042184831,0.7508833922261484,simple,0.0389534638949813,0.0400692737085539,0.0,0.0,0.0,,,,,,,,,,,,,,pending,True,2026-09-24T03:10:09.841863+00:00
3,20260912T104943_8a7dbdc3c495,2026-09-12T10:49:53.174916+00:00,github-actions,823ac12bac50,2026-09-14,2026-09-11,50d77dec60b69251f074,9b0b1adcafba0fea37db,close_to_close,0.0044918048052809,{},,disabled,상승,0.3250805315844675,0.3186116403910559,0.3563078280244766,Logistic,20260912T104943_8a7dbdc3c495:direction:Logistic,direction,1,2026-09-14,,,,,,,,,,,,,,,,,4375.0,4351.89990234375,-0.012928395124075953,0.0,0.0,,,,,,,1.1236823378564755,0.6839849345505045,scored,True,2026-09-24T03:10:09.841863+00:00
3,20260912T104943_8a7dbdc3c495,2026-09-12T10:49:53.174916+00:00,github-actions,823ac12bac50,2026-09-14,2026-09-11,50d77dec60b69251f074,9b0b1adcafba0fea37db,close_to_close,0.0044918048052809,{},,disabled,,,,,Ridge,20260912T104943_8a7dbdc3c495:price:1,price,1,2026-09-14,1거래일,1.0,4366.2001953125,있음,7.530346920248121e-05,4366.528985334439,4366.528985334439,4285.653002740696,4447.404967928183,0.7832599118942731,simple,0.0085974593262605,0.0086116636629118,-3.429060192792449e-05,4.404452511054865e-06,0.4521989841767564,4375.0,4351.89990234375,-0.0032752261300575958,,,14.629082990689312,14.629082990689312,0.0033615394009431847,0.003350529599260077,1.0,14.629082990689312,,,scored,True,2026-09-24T03:10:09.841863+00:00
3,20260912T104943_8a7dbdc3c495,2026-09-12T10:49:53.174916+00:00,github-actions,823ac12bac50,2026-09-14,2026-09-11,50d77dec60b69251f074,9b0b1adcafba0fea37db,close_to_close,0.0044918048052809,{},,disabled,,,,,Ridge,20260912T104943_8a7dbdc3c495:price:5,price,5,2026-09-18,1주일,5.0,4366.2001953125,없음,,,4366.2001953125,4172.784751911422,4559.615638713578,0.7892416225749559,simple,0.0196591490216166,0.0199149481629586,0.0,0.0,0.0,4381.60009765625,4424.89990234375,0.013444117174074899,,,,,,,1.0,-58.69970703125,,,scored,True,2026-09-24T03:10:09.841863+00:00
3,20260912T104943_8a7dbdc3c495,2026-09-12T10:49:53.174916+00:00,github-actions,823ac12bac50,2026-09-14,2026-09-11,50d77dec60b69251f074,9b0b1adcafba0fea37db,close_to_close,0.0044918048052809,{},,disabled,,,,,Ridge,20260912T104943_8a7dbdc3c495:price:20,price,20,2026-10-09,1개월,20.0,4366.2001953125,없음,,,4366.2001953125,3968.434348440169,4763.966042184831,0.7508833922261484,simple,0.0389534639314062,0.0400692737085539,0.0,0.0,0.0,,,,,,,,,,,,,,pending,True,2026-09-24T03:10:09.841863+00:00
3,20260912T110734_58d1dc754e74,2026-09-12T11:07:45.778008+00:00,github-actions,823ac12bac50,2026-09-14,2026-09-11,50d77dec60b69251f074,9b0b1adcafba0fea37db,close_to_close,0.0044918048052809,{},,disabled,상승,0.3250805315844675,0.3186116403910559,0.3563078280244766,Logistic,20260912T110734_58d1dc754e74:direction:Logistic,direction,1,2026-09-14,,,,,,,,,,,,,,,,,4375.0,4351.89990234375,-0.012928395124075953,0.0,0.0,,,,,,,1.1236823378564755,0.6839849345505045,scored,True,2026-09-24T03:10:09.841863+00:00
3,20260912T110734_58d1dc754e74,2026-09-12T11:07:45.778008+00:00,github-actions,823ac12bac50,2026-09-14,2026-09-11,50d77dec60b69251f074,9b0b1adcafba0fea37db,close_to_close,0.0044918048052809,{},,disabled,,,,,Ridge,20260912T110734_58d1dc754e74:price:1,price,1,2026-09-14,1거래일,1.0,4366.2001953125,있음,7.530347647843882e-05,4366.528985366208,4366.528985366208,4285.65300316299,4447.404967569426,0.7832599118942731,simple,0.0085974593226997,0.0086116636629118,-3.429060686641225e-05,4.404453341016863e-06,0.4521990138917148,4375.0,4351.89990234375,-0.0032752261300575958,,,14.629083022457962,14.629083022457962,0.003361539408243134,0.0033505296065360346,1.0,14.629083022457962,,,scored,True,2026-09-24T03:10:09.841863+00:00
3,20260912T110734_58d1dc754e74,2026-09-12T11:07:45.778008+00:00,github-actions,823ac12bac50,2026-09-14,2026-09-11,50d77dec60b69251f074,9b0b1adcafba0fea37db,close_to_close,0.0044918048052809,{},,disabled,,,,,Ridge,20260912T110734_58d1dc754e74:price:5,price,5,2026-09-18,1주일,5.0,4366.2001953125,없음,,,4366.2001953125,4172.784751911422,4559.615638713578,0.7892416225749559,simple,0.0196591490261491,0.0199149481629586,0.0,0.0,0.0,4381.60009765625,4424.89990234375,0.013444117174074899,,,,,,,1.0,-58.69970703125,,,scored,True,2026-09-24T03:10:09.841863+00:00
3,20260912T110734_58d1dc754e74,2026-09-12T11:07:45.778008+00:00,github-actions,823ac12bac50,2026-09-14,2026-09-11,50d77dec60b69251f074,9b0b1adcafba0fea37db,close_to_close,0.0044918048052809,{},,disabled,,,,,Ridge,20260912T110734_58d1dc754e74:price:20,price,20,2026-10-09,1개월,20.0,4366.2001953125,없음,,,4366.2001953125,3968.434348440169,4763.966042184831,0.7508833922261484,simple,0.0389534638776176,0.0400692737085539,0.0,0.0,0.0,,,,,,,,,,,,,,pending,True,2026-09-24T03:10:09.841863+00:00
3,20260912T112919_172dafd617af,2026-09-12T11:29:29.868790+00:00,github-actions,823ac12bac50,2026-09-14,2026-09-11,50d77dec60b69251f074,9b0b1adcafba0fea37db,close_to_close,0.0044918048052809,{},,disabled,상승,0.3250805315844675,0.3186116403910559,0.3563078280244766,Logistic,20260912T112919_172dafd617af:direction:Logistic,direction,1,2026-09-14,,,,,,,,,,,,,,,,,4375.0,4351.89990234375,-0.012928395124075953,0.0,0.0,,,,,,,1.1236823378564755,0.6839849345505045,scored,True,2026-09-24T03:10:09.841863+00:00
3,20260912T112919_172dafd617af,2026-09-12T11:29:29.868790+00:00,github-actions,823ac12bac50,2026-09-14,2026-09-11,50d77dec60b69251f074,9b0b1adcafba0fea37db,close_to_close,0.0044918048052809,{},,disabled,,,,,Ridge,20260912T112919_172dafd617af:price:1,price,1,2026-09-14,1거래일,1.0,4366.2001953125,있음,7.530347647843882e-05,4366.528985366208,4366.528985366208,4285.65300316299,4447.404967569426,0.7832599118942731,simple,0.0085974593226997,0.0086116636629118,-3.429060686641225e-05,4.404453341016863e-06,0.4521990138917148,4375.0,4351.89990234375,-0.0032752261300575958,,,14.629083022457962,14.629083022457962,0.003361539408243134,0.0033505296065360346,1.0,14.629083022457962,,,scored,True,2026-09-24T03:10:09.841863+00:00
3,20260912T112919_172dafd617af,2026-09-12T11:29:29.868790+00:00,github-actions,823ac12bac50,2026-09-14,2026-09-11,50d77dec60b69251f074,9b0b1adcafba0fea37db,close_to_close,0.0044918048052809,{},,disabled,,,,,Ridge,20260912T112919_172dafd617af:price:5,price,5,2026-09-18,1주일,5.0,4366.2001953125,없음,,,4366.2001953125,4172.784751911422,4559.615638713578,0.7892416225749559,simple,0.0196591490261491,0.0199149481629586,0.0,0.0,0.0,4381.60009765625,4424.89990234375,0.013444117174074899,,,,,,,1.0,-58.69970703125,,,scored,True,2026-09-24T03:10:09.841863+00:00
3,20260912T112919_172dafd617af,2026-09-12T11:29:29.868790+00:00,github-actions,823ac12bac50,2026-09-14,2026-09-11,50d77dec60b69251f074,9b0b1adcafba0fea37db,close_to_close,0.0044918048052809,{},,disabled,,,,,Ridge,20260912T112919_172dafd617af:price:20,price,20,2026-10-09,1개월,20.0,4366.2001953125,없음,,,4366.2001953125,3968.434348440169,4763.966042184831,0.7508833922261484,simple,0.0389534638776176,0.0400692737085539,0.0,0.0,0.0,,,,,,,,,,,,,,pending,True,2026-09-24T03:10:09.841863+00:00
3,20260912T114953_2a5c8558a40d,2026-09-12T11:50:02.544722+00:00,github-actions,823ac12bac50,2026-09-14,2026-09-11,50d77dec60b69251f074,9b0b1adcafba0fea37db,close_to_close,0.0044918048052809,{},,disabled,상승,0.3250805315844675,0.3186116403910559,0.3563078280244766,Logistic,20260912T114953_2a5c8558a40d:direction:Logistic,direction,1,2026-09-14,,,,,,,,,,,,,,,,,4375.0,4351.89990234375,-0.012928395124075953,0.0,0.0,,,,,,,1.1236823378564755,0.6839849345505045,scored,True,2026-09-24T03:10:09.841863+00:00
3,20260912T114953_2a5c8558a40d,2026-09-12T11:50:02.544722+00:00,github-actions,823ac12bac50,2026-09-14,2026-09-11,50d77dec60b69251f074,9b0b1adcafba0fea37db,close_to_close,0.0044918048052809,{},,disabled,,,,,Ridge,20260912T114953_2a5c8558a40d:price:1,price,1,2026-09-14,1거래일,1.0,4366.2001953125,있음,7.530346920248121e-05,4366.528985334439,4366.528985334439,4285.653002740696,4447.404967928183,0.7832599118942731,simple,0.0085974593262605,0.0086116636629118,-3.429060192792449e-05,4.404452511054865e-06,0.4521989841767564,4375.0,4351.89990234375,-0.0032752261300575958,,,14.629082990689312,14.629082990689312,0.0033615394009431847,0.003350529599260077,1.0,14.629082990689312,,,scored,True,2026-09-24T03:10:09.841863+00:00
3,20260912T114953_2a5c8558a40d,2026-09-12T11:50:02.544722+00:00,github-actions,823ac12bac50,2026-09-14,2026-09-11,50d77dec60b69251f074,9b0b1adcafba0fea37db,close_to_close,0.0044918048052809,{},,disabled,,,,,Ridge,20260912T114953_2a5c8558a40d:price:5,price,5,2026-09-18,1주일,5.0,4366.2001953125,없음,,,4366.2001953125,4172.784751911422,4559.615638713578,0.7892416225749559,simple,0.0196591490216166,0.0199149481629586,0.0,0.0,0.0,4381.60009765625,4424.89990234375,0.013444117174074899,,,,,,,1.0,-58.69970703125,,,scored,True,2026-09-24T03:10:09.841863+00:00
3,20260912T114953_2a5c8558a40d,2026-09-12T11:50:02.544722+00:00,github-actions,823ac12bac50,2026-09-14,2026-09-11,50d77dec60b69251f074,9b0b1adcafba0fea37db,close_to_close,0.0044918048052809,{},,disabled,,,,,Ridge,20260912T114953_2a5c8558a40d:price:20,price,20,2026-10-09,1개월,20.0,4366.2001953125,없음,,,4366.2001953125,3968.434348440169,4763.966042184831,0.7508833922261484,simple,0.0389534639314062,0.0400692737085539,0.0,0.0,0.0,,,,,,,,,,,,,,pending,True,2026-09-24T03:10:09.841863+00:00
3,20260912T120643_9a5395b87ed4,2026-09-12T12:06:54.680760+00:00,github-actions,823ac12bac50,2026-09-14,2026-09-11,50d77dec60b69251f074,9b0b1adcafba0fea37db,close_to_close,0.0044918048052809,{},,disabled,상승,0.3250805315844675,0.3186116403910559,0.3563078280244766,Logistic,20260912T120643_9a5395b87ed4:direction:Logistic,direction,1,2026-09-14,,,,,,,,,,,,,,,,,4375.0,4351.89990234375,-0.012928395124075953,0.0,0.0,,,,,,,1.1236823378564755,0.6839849345505045,scored,True,2026-09-24T03:10:09.841863+00:00
3,20260912T120643_9a5395b87ed4,2026-09-12T12:06:54.680760+00:00,github-actions,823ac12bac50,2026-09-14,2026-09-11,50d77dec60b69251f074,9b0b1adcafba0fea37db,close_to_close,0.0044918048052809,{},,disabled,,,,,Ridge,20260912T120643_9a5395b87ed4:price:1,price,1,2026-09-14,1거래일,1.0,4366.2001953125,있음,7.530347647843882e-05,4366.528985366208,4366.528985366208,4285.65300316299,4447.404967569426,0.7832599118942731,simple,0.0085974593226997,0.0086116636629118,-3.429060686641225e-05,4.404453341016863e-06,0.4521990138917148,4375.0,4351.89990234375,-0.0032752261300575958,,,14.629083022457962,14.629083022457962,0.003361539408243134,0.0033505296065360346,1.0,14.629083022457962,,,scored,True,2026-09-24T03:10:09.841863+00:00
3,20260912T120643_9a5395b87ed4,2026-09-12T12:06:54.680760+00:00,github-actions,823ac12bac50,2026-09-14,2026-09-11,50d77dec60b69251f074,9b0b1adcafba0fea37db,close_to_close,0.0044918048052809,{},,disabled,,,,,Ridge,20260912T120643_9a5395b87ed4:price:5,price,5,2026-09-18,1주일,5.0,4366.2001953125,없음,,,4366.2001953125,4172.784751911422,4559.615638713578,0.7892416225749559,simple,0.0196591490261491,0.0199149481629586,0.0,0.0,0.0,4381.60009765625,4424.89990234375,0.013444117174074899,,,,,,,1.0,-58.69970703125,,,scored,True,2026-09-24T03:10:09.841863+00:00
3,20260912T120643_9a5395b87ed4,2026-09-12T12:06:54.680760+00:00,github-actions,823ac12bac50,2026-09-14,2026-09-11,50d77dec60b69251f074,9b0b1adcafba0fea37db,close_to_close,0.0044918048052809,{},,disabled,,,,,Ridge,20260912T120643_9a5395b87ed4:price:20,price,20,2026-10-09,1개월,20.0,4366.2001953125,없음,,,4366.2001953125,3968.434348440169,4763.966042184831,0.7508833922261484,simple,0.0389534638776176,0.0400692737085539,0.0,0.0,0.0,,,,,,,,,,,,,,pending,True,2026-09-24T03:10:09.841863+00:00
3,20260912T122315_55441f544b4f,2026-09-12T12:23:25.319751+00:00,github-actions,823ac12bac50,2026-09-14,2026-09-11,50d77dec60b69251f074,9b0b1adcafba0fea37db,close_to_close,0.0044918048052809,{},,disabled,상승,0.3250805315844675,0.3186116403910559,0.3563078280244766,Logistic,20260912T122315_55441f544b4f:direction:Logistic,direction,1,2026-09-14,,,,,,,,,,,,,,,,,4375.0,4351.89990234375,-0.012928395124075953,0.0,0.0,,,,,,,1.1236823378564755,0.6839849345505045,scored,True,2026-09-24T03:10:09.841863+00:00
3,20260912T122315_55441f544b4f,2026-09-12T12:23:25.319751+00:00,github-actions,823ac12bac50,2026-09-14,2026-09-11,50d77dec60b69251f074,9b0b1adcafba0fea37db,close_to_close,0.0044918048052809,{},,disabled,,,,,Ridge,20260912T122315_55441f544b4f:price:1,price,1,2026-09-14,1거래일,1.0,4366.2001953125,있음,7.530346920248121e-05,4366.528985334439,4366.528985334439,4285.653002740696,4447.404967928183,0.7832599118942731,simple,0.0085974593262605,0.0086116636629118,-3.429060192792449e-05,4.404452511054865e-06,0.4521989841767564,4375.0,4351.89990234375,-0.0032752261300575958,,,14.629082990689312,14.629082990689312,0.0033615394009431847,0.003350529599260077,1.0,14.629082990689312,,,scored,True,2026-09-24T03:10:09.841863+00:00
3,20260912T122315_55441f544b4f,2026-09-12T12:23:25.319751+00:00,github-actions,823ac12bac50,2026-09-14,2026-09-11,50d77dec60b69251f074,9b0b1adcafba0fea37db,close_to_close,0.0044918048052809,{},,disabled,,,,,Ridge,20260912T122315_55441f544b4f:price:5,price,5,2026-09-18,1주일,5.0,4366.2001953125,없음,,,4366.2001953125,4172.784751911422,4559.615638713578,0.7892416225749559,simple,0.0196591490216166,0.0199149481629586,0.0,0.0,0.0,4381.60009765625,4424.89990234375,0.013444117174074899,,,,,,,1.0,-58.69970703125,,,scored,True,2026-09-24T03:10:09.841863+00:00
3,20260912T122315_55441f544b4f,2026-09-12T12:23:25.319751+00:00,github-actions,823ac12bac50,2026-09-14,2026-09-11,50d77dec60b69251f074,9b0b1adcafba0fea37db,close_to_close,0.0044918048052809,{},,disabled,,,,,Ridge,20260912T122315_55441f544b4f:price:20,price,20,2026-10-09,1개월,20.0,4366.2001953125,없음,,,4366.2001953125,3968.434348440169,4763.966042184831,0.7508833922261484,simple,0.0389534639314062,0.0400692737085539,0.0,0.0,0.0,,,,,,,,,,,,,,pending,True,2026-09-24T03:10:09.841863+00:00
3,20260912T130354_3caec7e391ad,2026-09-12T13:04:08.518087+00:00,github-actions,823ac12bac50,2026-09-14,2026-09-11,50d77dec60b69251f074,9b0b1adcafba0fea37db,close_to_close,0.0044918048052809,{},,disabled,상승,0.3250805315844675,0.3186116403910559,0.3563078280244766,Logistic,20260912T130354_3caec7e391ad:direction:Logistic,direction,1,2026-09-14,,,,,,,,,,,,,,,,,4375.0,4351.89990234375,-0.012928395124075953,0.0,0.0,,,,,,,1.1236823378564755,0.6839849345505045,scored,True,2026-09-24T03:10:09.841863+00:00
3,20260912T130354_3caec7e391ad,2026-09-12T13:04:08.518087+00:00,github-actions,823ac12bac50,2026-09-14,2026-09-11,50d77dec60b69251f074,9b0b1adcafba0fea37db,close_to_close,0.0044918048052809,{},,disabled,,,,,Ridge,20260912T130354_3caec7e391ad:price:1,price,1,2026-09-14,1거래일,1.0,4366.2001953125,있음,7.530347647843882e-05,4366.528985366208,4366.528985366208,4285.65300316299,4447.404967569426,0.7832599118942731,simple,0.0085974593226997,0.0086116636629118,-3.429060686641225e-05,4.404453341016863e-06,0.4521990138917148,4375.0,4351.89990234375,-0.0032752261300575958,,,14.629083022457962,14.629083022457962,0.003361539408243134,0.0033505296065360346,1.0,14.629083022457962,,,scored,True,2026-09-24T03:10:09.841863+00:00
3,20260912T130354_3caec7e391ad,2026-09-12T13:04:08.518087+00:00,github-actions,823ac12bac50,2026-09-14,2026-09-11,50d77dec60b69251f074,9b0b1adcafba0fea37db,close_to_close,0.0044918048052809,{},,disabled,,,,,Ridge,20260912T130354_3caec7e391ad:price:5,price,5,2026-09-18,1주일,5.0,4366.2001953125,없음,,,4366.2001953125,4172.784751911422,4559.615638713578,0.7892416225749559,simple,0.0196591490261491,0.0199149481629586,0.0,0.0,0.0,4381.60009765625,4424.89990234375,0.013444117174074899,,,,,,,1.0,-58.69970703125,,,scored,True,2026-09-24T03:10:09.841863+00:00
3,20260912T130354_3caec7e391ad,2026-09-12T13:04:08.518087+00:00,github-actions,823ac12bac50,2026-09-14,2026-09-11,50d77dec60b69251f074,9b0b1adcafba0fea37db,close_to_close,0.0044918048052809,{},,disabled,,,,,Ridge,20260912T130354_3caec7e391ad:price:20,price,20,2026-10-09,1개월,20.0,4366.2001953125,없음,,,4366.2001953125,3968.434348440169,4763.966042184831,0.7508833922261484,simple,0.0389534638776176,0.0400692737085539,0.0,0.0,0.0,,,,,,,,,,,,,,pending,True,2026-09-24T03:10:09.841863+00:00
3,20260912T132917_365be64b3a29,2026-09-12T13:29:27.509811+00:00,github-actions,823ac12bac50,2026-09-14,2026-09-11,50d77dec60b69251f074,9b0b1adcafba0fea37db,close_to_close,0.0044918048052809,{},,disabled,상승,0.3250805315844675,0.3186116403910559,0.3563078280244766,Logistic,20260912T132917_365be64b3a29:direction:Logistic,direction,1,2026-09-14,,,,,,,,,,,,,,,,,4375.0,4351.89990234375,-0.012928395124075953,0.0,0.0,,,,,,,1.1236823378564755,0.6839849345505045,scored,True,2026-09-24T03:10:09.841863+00:00
3,20260912T132917_365be64b3a29,2026-09-12T13:29:27.509811+00:00,github-actions,823ac12bac50,2026-09-14,2026-09-11,50d77dec60b69251f074,9b0b1adcafba0fea37db,close_to_close,0.0044918048052809,{},,disabled,,,,,Ridge,20260912T132917_365be64b3a29:price:1,price,1,2026-09-14,1거래일,1.0,4366.2001953125,있음,7.530349830631167e-05,4366.528985461513,4366.528985461513,4285.6530030963,4447.404967826726,0.7832599118942731,simple,0.0085974593223019,0.0086116636629118,-3.429060555393931e-05,4.404452066364663e-06,0.4521989888591827,4375.0,4351.89990234375,-0.0032752261300575958,,,14.629083117763003,14.629083117763003,0.003361539430142774,0.0033505296283639074,1.0,14.629083117763003,,,scored,True,2026-09-24T03:10:09.841863+00:00
3,20260912T132917_365be64b3a29,2026-09-12T13:29:27.509811+00:00,github-actions,823ac12bac50,2026-09-14,2026-09-11,50d77dec60b69251f074,9b0b1adcafba0fea37db,close_to_close,0.0044918048052809,{},,disabled,,,,,Ridge,20260912T132917_365be64b3a29:price:5,price,5,2026-09-18,1주일,5.0,4366.2001953125,없음,,,4366.2001953125,4172.784751911422,4559.615638713578,0.7892416225749559,simple,0.0196591490316953,0.0199149481629586,0.0,0.0,0.0,4381.60009765625,4424.89990234375,0.013444117174074899,,,,,,,1.0,-58.69970703125,,,scored,True,2026-09-24T03:10:09.841863+00:00
3,20260912T132917_365be64b3a29,2026-09-12T13:29:27.509811+00:00,github-actions,823ac12bac50,2026-09-14,2026-09-11,50d77dec60b69251f074,9b0b1adcafba0fea37db,close_to_close,0.0044918048052809,{},,disabled,,,,,Ridge,20260912T132917_365be64b3a29:price:20,price,20,2026-10-09,1개월,20.0,4366.2001953125,없음,,,4366.2001953125,3968.434348440169,4763.966042184831,0.7508833922261484,simple,0.0389534638949813,0.0400692737085539,0.0,0.0,0.0,,,,,,,,,,,,,,pending,True,2026-09-24T03:10:09.841863+00:00
3,20260912T134141_8b813658395c,2026-09-12T13:41:52.890739+00:00,github-actions,823ac12bac50,2026-09-14,2026-09-11,50d77dec60b69251f074,9b0b1adcafba0fea37db,close_to_close,0.0044918048052809,{},,disabled,상승,0.3250805315844675,0.3186116403910559,0.3563078280244766,Logistic,20260912T134141_8b813658395c:direction:Logistic,direction,1,2026-09-14,,,,,,,,,,,,,,,,,4375.0,4351.89990234375,-0.012928395124075953,0.0,0.0,,,,,,,1.1236823378564755,0.6839849345505045,scored,True,2026-09-24T03:10:09.841863+00:00
3,20260912T134141_8b813658395c,2026-09-12T13:41:52.890739+00:00,github-actions,823ac12bac50,2026-09-14,2026-09-11,50d77dec60b69251f074,9b0b1adcafba0fea37db,close_to_close,0.0044918048052809,{},,disabled,,,,,Ridge,20260912T134141_8b813658395c:price:1,price,1,2026-09-14,1거래일,1.0,4366.2001953125,있음,7.530347647843882e-05,4366.528985366208,4366.528985366208,4285.65300316299,4447.404967569426,0.7832599118942731,simple,0.0085974593226997,0.0086116636629118,-3.429060686641225e-05,4.404453341016863e-06,0.4521990138917148,4375.0,4351.89990234375,-0.0032752261300575958,,,14.629083022457962,14.629083022457962,0.003361539408243134,0.0033505296065360346,1.0,14.629083022457962,,,scored,True,2026-09-24T03:10:09.841863+00:00
3,20260912T134141_8b813658395c,2026-09-12T13:41:52.890739+00:00,github-actions,823ac12bac50,2026-09-14,2026-09-11,50d77dec60b69251f074,9b0b1adcafba0fea37db,close_to_close,0.0044918048052809,{},,disabled,,,,,Ridge,20260912T134141_8b813658395c:price:5,price,5,2026-09-18,1주일,5.0,4366.2001953125,없음,,,4366.2001953125,4172.784751911422,4559.615638713578,0.7892416225749559,simple,0.0196591490261491,0.0199149481629586,0.0,0.0,0.0,4381.60009765625,4424.89990234375,0.013444117174074899,,,,,,,1.0,-58.69970703125,,,scored,True,2026-09-24T03:10:09.841863+00:00
3,20260912T134141_8b813658395c,2026-09-12T13:41:52.890739+00:00,github-actions,823ac12bac50,2026-09-14,2026-09-11,50d77dec60b69251f074,9b0b1adcafba0fea37db,close_to_close,0.0044918048052809,{},,disabled,,,,,Ridge,20260912T134141_8b813658395c:price:20,price,20,2026-10-09,1개월,20.0,4366.2001953125,없음,,,4366.2001953125,3968.434348440169,4763.966042184831,0.7508833922261484,simple,0.0389534638776176,0.0400692737085539,0.0,0.0,0.0,,,,,,,,,,,,,,pending,True,2026-09-24T03:10:09.841863+00:00
3,20260912T142218_af09f52920ca,2026-09-12T14:22:30.321867+00:00,github-actions,823ac12bac50,2026-09-14,2026-09-11,50d77dec60b69251f074,9b0b1adcafba0fea37db,close_to_close,0.0044918048052809,{},,disabled,상승,0.3250805315844675,0.3186116403910559,0.3563078280244766,Logistic,20260912T142218_af09f52920ca:direction:Logistic,direction,1,2026-09-14,,,,,,,,,,,,,,,,,4375.0,4351.89990234375,-0.012928395124075953,0.0,0.0,,,,,,,1.1236823378564755,0.6839849345505045,scored,True,2026-09-24T03:10:09.841863+00:00
3,20260912T142218_af09f52920ca,2026-09-12T14:22:30.321867+00:00,github-actions,823ac12bac50,2026-09-14,2026-09-11,50d77dec60b69251f074,9b0b1adcafba0fea37db,close_to_close,0.0044918048052809,{},,disabled,,,,,Ridge,20260912T142218_af09f52920ca:price:1,price,1,2026-09-14,1거래일,1.0,4366.2001953125,있음,7.530349830631167e-05,4366.528985461513,4366.528985461513,4285.6530030963,4447.404967826726,0.7832599118942731,simple,0.0085974593223019,0.0086116636629118,-3.429060555393931e-05,4.404452066364663e-06,0.4521989888591827,4375.0,4351.89990234375,-0.0032752261300575958,,,14.629083117763003,14.629083117763003,0.003361539430142774,0.0033505296283639074,1.0,14.629083117763003,,,scored,True,2026-09-24T03:10:09.841863+00:00
3,20260912T142218_af09f52920ca,2026-09-12T14:22:30.321867+00:00,github-actions,823ac12bac50,2026-09-14,2026-09-11,50d77dec60b69251f074,9b0b1adcafba0fea37db,close_to_close,0.0044918048052809,{},,disabled,,,,,Ridge,20260912T142218_af09f52920ca:price:5,price,5,2026-09-18,1주일,5.0,4366.2001953125,없음,,,4366.2001953125,4172.784751911422,4559.615638713578,0.7892416225749559,simple,0.0196591490316953,0.0199149481629586,0.0,0.0,0.0,4381.60009765625,4424.89990234375,0.013444117174074899,,,,,,,1.0,-58.69970703125,,,scored,True,2026-09-24T03:10:09.841863+00:00
3,20260912T142218_af09f52920ca,2026-09-12T14:22:30.321867+00:00,github-actions,823ac12bac50,2026-09-14,2026-09-11,50d77dec60b69251f074,9b0b1adcafba0fea37db,close_to_close,0.0044918048052809,{},,disabled,,,,,Ridge,20260912T142218_af09f52920ca:price:20,price,20,2026-10-09,1개월,20.0,4366.2001953125,없음,,,4366.2001953125,3968.434348440169,4763.966042184831,0.7508833922261484,simple,0.0389534638949813,0.0400692737085539,0.0,0.0,0.0,,,,,,,,,,,,,,pending,True,2026-09-24T03:10:09.841863+00:00
3,20260912T144812_ffcbaf0234ff,2026-09-12T14:48:22.926008+00:00,github-actions,823ac12bac50,2026-09-14,2026-09-11,50d77dec60b69251f074,9b0b1adcafba0fea37db,close_to_close,0.0044918048052809,{},,disabled,상승,0.3250805315844675,0.3186116403910559,0.3563078280244766,Logistic,20260912T144812_ffcbaf0234ff:direction:Logistic,direction,1,2026-09-14,,,,,,,,,,,,,,,,,4375.0,4351.89990234375,-0.012928395124075953,0.0,0.0,,,,,,,1.1236823378564755,0.6839849345505045,scored,True,2026-09-24T03:10:09.841863+00:00
3,20260912T144812_ffcbaf0234ff,2026-09-12T14:48:22.926008+00:00,github-actions,823ac12bac50,2026-09-14,2026-09-11,50d77dec60b69251f074,9b0b1adcafba0fea37db,close_to_close,0.0044918048052809,{},,disabled,,,,,Ridge,20260912T144812_ffcbaf0234ff:price:1,price,1,2026-09-14,1거래일,1.0,4366.2001953125,있음,7.530347647843882e-05,4366.528985366208,4366.528985366208,4285.65300316299,4447.404967569426,0.7832599118942731,simple,0.0085974593226997,0.0086116636629118,-3.429060686641225e-05,4.404453341016863e-06,0.4521990138917148,4375.0,4351.89990234375,-0.0032752261300575958,,,14.629083022457962,14.629083022457962,0.003361539408243134,0.0033505296065360346,1.0,14.629083022457962,,,scored,True,2026-09-24T03:10:09.841863+00:00
3,20260912T144812_ffcbaf0234ff,2026-09-12T14:48:22.926008+00:00,github-actions,823ac12bac50,2026-09-14,2026-09-11,50d77dec60b69251f074,9b0b1adcafba0fea37db,close_to_close,0.0044918048052809,{},,disabled,,,,,Ridge,20260912T144812_ffcbaf0234ff:price:5,price,5,2026-09-18,1주일,5.0,4366.2001953125,없음,,,4366.2001953125,4172.784751911422,4559.615638713578,0.7892416225749559,simple,0.0196591490261491,0.0199149481629586,0.0,0.0,0.0,4381.60009765625,4424.89990234375,0.013444117174074899,,,,,,,1.0,-58.69970703125,,,scored,True,2026-09-24T03:10:09.841863+00:00
3,20260912T144812_ffcbaf0234ff,2026-09-12T14:48:22.926008+00:00,github-actions,823ac12bac50,2026-09-14,2026-09-11,50d77dec60b69251f074,9b0b1adcafba0fea37db,close_to_close,0.0044918048052809,{},,disabled,,,,,Ridge,20260912T144812_ffcbaf0234ff:price:20,price,20,2026-10-09,1개월,20.0,4366.2001953125,없음,,,4366.2001953125,3968.434348440169,4763.966042184831,0.7508833922261484,simple,0.0389534638776176,0.0400692737085539,0.0,0.0,0.0,,,,,,,,,,,,,,pending,True,2026-09-24T03:10:09.841863+00:00
3,20260912T224416_c8bee24be1c3,2026-09-12T22:44:29.268145+00:00,github-actions,823ac12bac50,2026-09-14,2026-09-11,50d77dec60b69251f074,9b0b1adcafba0fea37db,close_to_close,0.0044918048052809,{},,disabled,상승,0.3250805315844675,0.3186116403910559,0.3563078280244766,Logistic,20260912T224416_c8bee24be1c3:direction:Logistic,direction,1,2026-09-14,,,,,,,,,,,,,,,,,4375.0,4351.89990234375,-0.012928395124075953,0.0,0.0,,,,,,,1.1236823378564755,0.6839849345505045,scored,True,2026-09-24T03:10:09.841863+00:00
3,20260912T224416_c8bee24be1c3,2026-09-12T22:44:29.268145+00:00,github-actions,823ac12bac50,2026-09-14,2026-09-11,50d77dec60b69251f074,9b0b1adcafba0fea37db,close_to_close,0.0044918048052809,{},,disabled,,,,,Ridge,20260912T224416_c8bee24be1c3:price:1,price,1,2026-09-14,1거래일,1.0,4366.2001953125,있음,7.530349830631167e-05,4366.528985461513,4366.528985461513,4285.6530030963,4447.404967826726,0.7832599118942731,simple,0.0085974593223019,0.0086116636629118,-3.429060555393931e-05,4.404452066364663e-06,0.4521989888591827,4375.0,4351.89990234375,-0.0032752261300575958,,,14.629083117763003,14.629083117763003,0.003361539430142774,0.0033505296283639074,1.0,14.629083117763003,,,scored,True,2026-09-24T03:10:09.841863+00:00
3,20260912T224416_c8bee24be1c3,2026-09-12T22:44:29.268145+00:00,github-actions,823ac12bac50,2026-09-14,2026-09-11,50d77dec60b69251f074,9b0b1adcafba0fea37db,close_to_close,0.0044918048052809,{},,disabled,,,,,Ridge,20260912T224416_c8bee24be1c3:price:5,price,5,2026-09-18,1주일,5.0,4366.2001953125,없음,,,4366.2001953125,4172.784751911422,4559.615638713578,0.7892416225749559,simple,0.0196591490316953,0.0199149481629586,0.0,0.0,0.0,4381.60009765625,4424.89990234375,0.013444117174074899,,,,,,,1.0,-58.69970703125,,,scored,True,2026-09-24T03:10:09.841863+00:00
3,20260912T224416_c8bee24be1c3,2026-09-12T22:44:29.268145+00:00,github-actions,823ac12bac50,2026-09-14,2026-09-11,50d77dec60b69251f074,9b0b1adcafba0fea37db,close_to_close,0.0044918048052809,{},,disabled,,,,,Ridge,20260912T224416_c8bee24be1c3:price:20,price,20,2026-10-09,1개월,20.0,4366.2001953125,없음,,,4366.2001953125,3968.434348440169,4763.966042184831,0.7508833922261484,simple,0.0389534638949813,0.0400692737085539,0.0,0.0,0.0,,,,,,,,,,,,,,pending,True,2026-09-24T03:10:09.841863+00:00
3,20260913T042818_1b0d120081f4,2026-09-13T04:28:27.663674+00:00,github-actions,823ac12bac50,2026-09-14,2026-09-11,f15ede9d0a2d5242fb8a,9b0b1adcafba0fea37db,close_to_close,0.0045420849620466,{},,disabled,상승,0.3247524964418674,0.3200071521291611,0.3552403514289716,Logistic,20260913T042818_1b0d120081f4:direction:Logistic,direction,1,2026-09-14,,,,,,,,,,,,,,,,,4375.0,4351.89990234375,-0.012928395124075953,0.0,0.0,,,,,,,1.1246919361880963,0.6845594757586857,scored,True,2026-09-24T03:10:09.841863+00:00
3,20260913T042818_1b0d120081f4,2026-09-13T04:28:27.663674+00:00,github-actions,823ac12bac50,2026-09-14,2026-09-11,f15ede9d0a2d5242fb8a,9b0b1adcafba0fea37db,close_to_close,0.0045420849620466,{},,disabled,,,,,Ridge,20260913T042818_1b0d120081f4:price:1,price,1,2026-09-14,1거래일,1.0,4408.89990234375,있음,-2.7746453270083293e-05,4408.777571008637,4408.777571008637,4326.196494236416,4491.3586477808585,0.7832599118942731,simple,0.0086060790696389,0.0086202834102488,-3.429060555393931e-05,4.404452066364663e-06,0.4521989888591827,4375.0,4351.89990234375,-0.012928395124075953,,,56.877668664887096,56.877668664887096,0.013069617854550188,0.01290064867080587,1.0,56.877668664887096,,,scored,True,2026-09-24T03:10:09.841863+00:00
3,20260913T042818_1b0d120081f4,2026-09-13T04:28:27.663674+00:00,github-actions,823ac12bac50,2026-09-14,2026-09-11,f15ede9d0a2d5242fb8a,9b0b1adcafba0fea37db,close_to_close,0.0045420849620466,{},,disabled,,,,,Ridge,20260913T042818_1b0d120081f4:price:5,price,5,2026-09-18,1주일,5.0,4408.89990234375,없음,,,4408.89990234375,4211.406714461215,4606.3930902262855,0.7892416225749559,simple,0.0196507660005489,0.0199065651318122,0.0,0.0,0.0,4381.60009765625,4424.89990234375,0.0036290231927231797,,,,,,,1.0,-16.0,,,scored,True,2026-09-24T03:10:09.841863+00:00
3,20260913T042818_1b0d120081f4,2026-09-13T04:28:27.663674+00:00,github-actions,823ac12bac50,2026-09-14,2026-09-11,f15ede9d0a2d5242fb8a,9b0b1adcafba0fea37db,close_to_close,0.0045420849620466,{},,disabled,,,,,Ridge,20260913T042818_1b0d120081f4:price:20,price,20,2026-10-09,1개월,20.0,4408.89990234375,없음,,,4408.89990234375,4002.748026628664,4815.051778058837,0.7508833922261484,simple,0.0389546091736529,0.0400779180821,0.0,0.0,0.0,,,,,,,,,,,,,,pending,True,2026-09-24T03:10:09.841863+00:00
3,20260913T045411_ac161ac9c346,2026-09-13T04:54:22.595562+00:00,github-actions,823ac12bac50,2026-09-14,2026-09-11,f15ede9d0a2d5242fb8a,9b0b1adcafba0fea37db,close_to_close,0.0045420849620466,{},,disabled,상승,0.3247524964418674,0.3200071521291611,0.3552403514289716,Logistic,20260913T045411_ac161ac9c346:direction:Logistic,direction,1,2026-09-14,,,,,,,,,,,,,,,,,4375.0,4351.89990234375,-0.012928395124075953,0.0,0.0,,,,,,,1.1246919361880963,0.6845594757586857,scored,True,2026-09-24T03:10:09.841863+00:00
3,20260913T045411_ac161ac9c346,2026-09-13T04:54:22.595562+00:00,github-actions,823ac12bac50,2026-09-14,2026-09-11,f15ede9d0a2d5242fb8a,9b0b1adcafba0fea37db,close_to_close,0.0045420849620466,{},,disabled,,,,,Ridge,20260913T045411_ac161ac9c346:price:1,price,1,2026-09-14,1거래일,1.0,4408.89990234375,있음,-2.7746453270083293e-05,4408.777571008637,4408.777571008637,4326.196494236416,4491.3586477808585,0.7832599118942731,simple,0.0086060790696389,0.0086202834102488,-3.429060555393931e-05,4.404452066364663e-06,0.4521989888591827,4375.0,4351.89990234375,-0.012928395124075953,,,56.877668664887096,56.877668664887096,0.013069617854550188,0.01290064867080587,1.0,56.877668664887096,,,scored,True,2026-09-24T03:10:09.841863+00:00
3,20260913T045411_ac161ac9c346,2026-09-13T04:54:22.595562+00:00,github-actions,823ac12bac50,2026-09-14,2026-09-11,f15ede9d0a2d5242fb8a,9b0b1adcafba0fea37db,close_to_close,0.0045420849620466,{},,disabled,,,,,Ridge,20260913T045411_ac161ac9c346:price:5,price,5,2026-09-18,1주일,5.0,4408.89990234375,없음,,,4408.89990234375,4211.406714461215,4606.3930902262855,0.7892416225749559,simple,0.0196507660005489,0.0199065651318122,0.0,0.0,0.0,4381.60009765625,4424.89990234375,0.0036290231927231797,,,,,,,1.0,-16.0,,,scored,True,2026-09-24T03:10:09.841863+00:00
3,20260913T045411_ac161ac9c346,2026-09-13T04:54:22.595562+00:00,github-actions,823ac12bac50,2026-09-14,2026-09-11,f15ede9d0a2d5242fb8a,9b0b1adcafba0fea37db,close_to_close,0.0045420849620466,{},,disabled,,,,,Ridge,20260913T045411_ac161ac9c346:price:20,price,20,2026-10-09,1개월,20.0,4408.89990234375,없음,,,4408.89990234375,4002.748026628664,4815.051778058837,0.7508833922261484,simple,0.0389546091736529,0.0400779180821,0.0,0.0,0.0,,,,,,,,,,,,,,pending,True,2026-09-24T03:10:09.841863+00:00
3,20260913T053748_55056c4d3a96,2026-09-13T05:37:58.543135+00:00,github-actions,823ac12bac50,2026-09-14,2026-09-11,f15ede9d0a2d5242fb8a,9b0b1adcafba0fea37db,close_to_close,0.0045420849620466,{},,disabled,상승,0.3247524964418674,0.3200071521291611,0.3552403514289716,Logistic,20260913T053748_55056c4d3a96:direction:Logistic,direction,1,2026-09-14,,,,,,,,,,,,,,,,,4375.0,4351.89990234375,-0.012928395124075953,0.0,0.0,,,,,,,1.1246919361880963,0.6845594757586857,scored,True,2026-09-24T03:10:09.841863+00:00
3,20260913T053748_55056c4d3a96,2026-09-13T05:37:58.543135+00:00,github-actions,823ac12bac50,2026-09-14,2026-09-11,f15ede9d0a2d5242fb8a,9b0b1adcafba0fea37db,close_to_close,0.0045420849620466,{},,disabled,,,,,Ridge,20260913T053748_55056c4d3a96:price:1,price,1,2026-09-14,1거래일,1.0,4408.89990234375,있음,-2.7746506020776e-05,4408.777570776065,4408.777570776065,4326.196493770495,4491.358647781634,0.7832599118942731,simple,0.0086060790735975,0.0086202834102488,-3.4290601927924495e-05,4.404452511054865e-06,0.4521989841767564,4375.0,4351.89990234375,-0.012928395124075953,,,56.87766843231475,56.87766843231475,0.013069617801108623,0.012900648618055177,1.0,56.87766843231475,,,scored,True,2026-09-24T03:10:09.841863+00:00
3,20260913T053748_55056c4d3a96,2026-09-13T05:37:58.543135+00:00,github-actions,823ac12bac50,2026-09-14,2026-09-11,f15ede9d0a2d5242fb8a,9b0b1adcafba0fea37db,close_to_close,0.0045420849620466,{},,disabled,,,,,Ridge,20260913T053748_55056c4d3a96:price:5,price,5,2026-09-18,1주일,5.0,4408.89990234375,없음,,,4408.89990234375,4211.406714461215,4606.3930902262855,0.7892416225749559,simple,0.0196507659904701,0.0199065651318122,0.0,0.0,0.0,4381.60009765625,4424.89990234375,0.0036290231927231797,,,,,,,1.0,-16.0,,,scored,True,2026-09-24T03:10:09.841863+00:00
3,20260913T053748_55056c4d3a96,2026-09-13T05:37:58.543135+00:00,github-actions,823ac12bac50,2026-09-14,2026-09-11,f15ede9d0a2d5242fb8a,9b0b1adcafba0fea37db,close_to_close,0.0045420849620466,{},,disabled,,,,,Ridge,20260913T053748_55056c4d3a96:price:20,price,20,2026-10-09,1개월,20.0,4408.89990234375,없음,,,4408.89990234375,4002.748026628664,4815.051778058837,0.7508833922261484,simple,0.0389546092108928,0.0400779180821,0.0,0.0,0.0,,,,,,,,,,,,,,pending,True,2026-09-24T03:10:09.841863+00:00
3,20260913T060401_1c1409efcc32,2026-09-13T06:04:13.668176+00:00,github-actions,823ac12bac50,2026-09-14,2026-09-11,f15ede9d0a2d5242fb8a,9b0b1adcafba0fea37db,close_to_close,0.0045420849620466,{},,disabled,상승,0.3247525166418048,0.3200071573807638,0.3552403259774314,Logistic,20260913T060401_1c1409efcc32:direction:Logistic,direction,1,2026-09-14,,,,,,,,,,,,,,,,,4375.0,4351.89990234375,-0.012928395124075953,0.0,0.0,,,,,,,1.1246918739870755,0.6845594337570448,scored,True,2026-09-24T03:10:09.841863+00:00
3,20260913T060401_1c1409efcc32,2026-09-13T06:04:13.668176+00:00,github-actions,823ac12bac50,2026-09-14,2026-09-11,f15ede9d0a2d5242fb8a,9b0b1adcafba0fea37db,close_to_close,0.0045420849620466,{},,disabled,,,,,Ridge,20260913T060401_1c1409efcc32:price:1,price,1,2026-09-14,1거래일,1.0,4408.89990234375,있음,-2.7746455089072697e-05,4408.777571000617,4408.777571000617,4326.196494393807,4491.358647607428,0.7832599118942731,simple,0.0086060790700367,0.0086202834102488,-3.429060686641225e-05,4.404453341016863e-06,0.4521990138917148,4375.0,4351.89990234375,-0.012928395124075953,,,56.87766865686717,56.87766865686717,0.013069617852707332,0.01290064866898688,1.0,56.87766865686717,,,scored,True,2026-09-24T03:10:09.841863+00:00
3,20260913T060401_1c1409efcc32,2026-09-13T06:04:13.668176+00:00,github-actions,823ac12bac50,2026-09-14,2026-09-11,f15ede9d0a2d5242fb8a,9b0b1adcafba0fea37db,close_to_close,0.0045420849620466,{},,disabled,,,,,Ridge,20260913T060401_1c1409efcc32:price:5,price,5,2026-09-18,1주일,5.0,4408.89990234375,없음,,,4408.89990234375,4211.406714461215,4606.3930902262855,0.7892416225749559,simple,0.0196507659950027,0.0199065651318122,0.0,0.0,0.0,4381.60009765625,4424.89990234375,0.0036290231927231797,,,,,,,1.0,-16.0,,,scored,True,2026-09-24T03:10:09.841863+00:00
3,20260913T060401_1c1409efcc32,2026-09-13T06:04:13.668176+00:00,github-actions,823ac12bac50,2026-09-14,2026-09-11,f15ede9d0a2d5242fb8a,9b0b1adcafba0fea37db,close_to_close,0.0045420849620466,{},,disabled,,,,,Ridge,20260913T060401_1c1409efcc32:price:20,price,20,2026-10-09,1개월,20.0,4408.89990234375,없음,,,4408.89990234375,4002.748026628664,4815.051778058837,0.7508833922261484,simple,0.0389546091571043,0.0400779180821,0.0,0.0,0.0,,,,,,,,,,,,,,pending,True,2026-09-24T03:10:09.841863+00:00
3,20260913T061516_3b17f37241f6,2026-09-13T06:15:26.668635+00:00,github-actions,823ac12bac50,2026-09-14,2026-09-11,f15ede9d0a2d5242fb8a,9b0b1adcafba0fea37db,close_to_close,0.0045420849620466,{},,disabled,상승,0.3247525166418048,0.3200071573807638,0.3552403259774314,Logistic,20260913T061516_3b17f37241f6:direction:Logistic,direction,1,2026-09-14,,,,,,,,,,,,,,,,,4375.0,4351.89990234375,-0.012928395124075953,0.0,0.0,,,,,,,1.1246918739870755,0.6845594337570448,scored,True,2026-09-24T03:10:09.841863+00:00
3,20260913T061516_3b17f37241f6,2026-09-13T06:15:26.668635+00:00,github-actions,823ac12bac50,2026-09-14,2026-09-11,f15ede9d0a2d5242fb8a,9b0b1adcafba0fea37db,close_to_close,0.0045420849620466,{},,disabled,,,,,Ridge,20260913T061516_3b17f37241f6:price:1,price,1,2026-09-14,1거래일,1.0,4408.89990234375,있음,-2.7746455089072697e-05,4408.777571000617,4408.777571000617,4326.196494393807,4491.358647607428,0.7832599118942731,simple,0.0086060790700367,0.0086202834102488,-3.429060686641225e-05,4.404453341016863e-06,0.4521990138917148,4375.0,4351.89990234375,-0.012928395124075953,,,56.87766865686717,56.87766865686717,0.013069617852707332,0.01290064866898688,1.0,56.87766865686717,,,scored,True,2026-09-24T03:10:09.841863+00:00
3,20260913T061516_3b17f37241f6,2026-09-13T06:15:26.668635+00:00,github-actions,823ac12bac50,2026-09-14,2026-09-11,f15ede9d0a2d5242fb8a,9b0b1adcafba0fea37db,close_to_close,0.0045420849620466,{},,disabled,,,,,Ridge,20260913T061516_3b17f37241f6:price:5,price,5,2026-09-18,1주일,5.0,4408.89990234375,없음,,,4408.89990234375,4211.406714461215,4606.3930902262855,0.7892416225749559,simple,0.0196507659950027,0.0199065651318122,0.0,0.0,0.0,4381.60009765625,4424.89990234375,0.0036290231927231797,,,,,,,1.0,-16.0,,,scored,True,2026-09-24T03:10:09.841863+00:00
3,20260913T061516_3b17f37241f6,2026-09-13T06:15:26.668635+00:00,github-actions,823ac12bac50,2026-09-14,2026-09-11,f15ede9d0a2d5242fb8a,9b0b1adcafba0fea37db,close_to_close,0.0045420849620466,{},,disabled,,,,,Ridge,20260913T061516_3b17f37241f6:price:20,price,20,2026-10-09,1개월,20.0,4408.89990234375,없음,,,4408.89990234375,4002.748026628664,4815.051778058837,0.7508833922261484,simple,0.0389546091571043,0.0400779180821,0.0,0.0,0.0,,,,,,,,,,,,,,pending,True,2026-09-24T03:10:09.841863+00:00
3,20260913T064038_10549a43017e,2026-09-13T06:40:51.547223+00:00,github-actions,823ac12bac50,2026-09-14,2026-09-11,f15ede9d0a2d5242fb8a,9b0b1adcafba0fea37db,close_to_close,0.0045420849620466,{},,disabled,상승,0.3247525166418048,0.3200071573807638,0.3552403259774314,Logistic,20260913T064038_10549a43017e:direction:Logistic,direction,1,2026-09-14,,,,,,,,,,,,,,,,,4375.0,4351.89990234375,-0.012928395124075953,0.0,0.0,,,,,,,1.1246918739870755,0.6845594337570448,scored,True,2026-09-24T03:10:09.841863+00:00
3,20260913T064038_10549a43017e,2026-09-13T06:40:51.547223+00:00,github-actions,823ac12bac50,2026-09-14,2026-09-11,f15ede9d0a2d5242fb8a,9b0b1adcafba0fea37db,close_to_close,0.0045420849620466,{},,disabled,,,,,Ridge,20260913T064038_10549a43017e:price:1,price,1,2026-09-14,1거래일,1.0,4408.89990234375,있음,-2.7746455089072697e-05,4408.777571000617,4408.777571000617,4326.196494393807,4491.358647607428,0.7832599118942731,simple,0.0086060790700367,0.0086202834102488,-3.429060686641225e-05,4.404453341016863e-06,0.4521990138917148,4375.0,4351.89990234375,-0.012928395124075953,,,56.87766865686717,56.87766865686717,0.013069617852707332,0.01290064866898688,1.0,56.87766865686717,,,scored,True,2026-09-24T03:10:09.841863+00:00
3,20260913T064038_10549a43017e,2026-09-13T06:40:51.547223+00:00,github-actions,823ac12bac50,2026-09-14,2026-09-11,f15ede9d0a2d5242fb8a,9b0b1adcafba0fea37db,close_to_close,0.0045420849620466,{},,disabled,,,,,Ridge,20260913T064038_10549a43017e:price:5,price,5,2026-09-18,1주일,5.0,4408.89990234375,없음,,,4408.89990234375,4211.406714461215,4606.3930902262855,0.7892416225749559,simple,0.0196507659950027,0.0199065651318122,0.0,0.0,0.0,4381.60009765625,4424.89990234375,0.0036290231927231797,,,,,,,1.0,-16.0,,,scored,True,2026-09-24T03:10:09.841863+00:00
3,20260913T064038_10549a43017e,2026-09-13T06:40:51.547223+00:00,github-actions,823ac12bac50,2026-09-14,2026-09-11,f15ede9d0a2d5242fb8a,9b0b1adcafba0fea37db,close_to_close,0.0045420849620466,{},,disabled,,,,,Ridge,20260913T064038_10549a43017e:price:20,price,20,2026-10-09,1개월,20.0,4408.89990234375,없음,,,4408.89990234375,4002.748026628664,4815.051778058837,0.7508833922261484,simple,0.0389546091571043,0.0400779180821,0.0,0.0,0.0,,,,,,,,,,,,,,pending,True,2026-09-24T03:10:09.841863+00:00
3,20260913T085110_cb9fafde1706,2026-09-13T08:51:22.237191+00:00,github-actions,823ac12bac50,2026-09-14,2026-09-11,f15ede9d0a2d5242fb8a,9b0b1adcafba0fea37db,close_to_close,0.0045420849620466,{},,disabled,상승,0.3247524964418674,0.3200071521291611,0.3552403514289716,Logistic,20260913T085110_cb9fafde1706:direction:Logistic,direction,1,2026-09-14,,,,,,,,,,,,,,,,,4375.0,4351.89990234375,-0.012928395124075953,0.0,0.0,,,,,,,1.1246919361880963,0.6845594757586857,scored,True,2026-09-24T03:10:09.841863+00:00
3,20260913T085110_cb9fafde1706,2026-09-13T08:51:22.237191+00:00,github-actions,823ac12bac50,2026-09-14,2026-09-11,f15ede9d0a2d5242fb8a,9b0b1adcafba0fea37db,close_to_close,0.0045420849620466,{},,disabled,,,,,Ridge,20260913T085110_cb9fafde1706:price:1,price,1,2026-09-14,1거래일,1.0,4408.89990234375,있음,-2.7746453270083293e-05,4408.777571008637,4408.777571008637,4326.196494236416,4491.3586477808585,0.7832599118942731,simple,0.0086060790696389,0.0086202834102488,-3.429060555393931e-05,4.404452066364663e-06,0.4521989888591827,4375.0,4351.89990234375,-0.012928395124075953,,,56.877668664887096,56.877668664887096,0.013069617854550188,0.01290064867080587,1.0,56.877668664887096,,,scored,True,2026-09-24T03:10:09.841863+00:00
3,20260913T085110_cb9fafde1706,2026-09-13T08:51:22.237191+00:00,github-actions,823ac12bac50,2026-09-14,2026-09-11,f15ede9d0a2d5242fb8a,9b0b1adcafba0fea37db,close_to_close,0.0045420849620466,{},,disabled,,,,,Ridge,20260913T085110_cb9fafde1706:price:5,price,5,2026-09-18,1주일,5.0,4408.89990234375,없음,,,4408.89990234375,4211.406714461215,4606.3930902262855,0.7892416225749559,simple,0.0196507660005489,0.0199065651318122,0.0,0.0,0.0,4381.60009765625,4424.89990234375,0.0036290231927231797,,,,,,,1.0,-16.0,,,scored,True,2026-09-24T03:10:09.841863+00:00
3,20260913T085110_cb9fafde1706,2026-09-13T08:51:22.237191+00:00,github-actions,823ac12bac50,2026-09-14,2026-09-11,f15ede9d0a2d5242fb8a,9b0b1adcafba0fea37db,close_to_close,0.0045420849620466,{},,disabled,,,,,Ridge,20260913T085110_cb9fafde1706:price:20,price,20,2026-10-09,1개월,20.0,4408.89990234375,없음,,,4408.89990234375,4002.748026628664,4815.051778058837,0.7508833922261484,simple,0.0389546091736529,0.0400779180821,0.0,0.0,0.0,,,,,,,,,,,,,,pending,True,2026-09-24T03:10:09.841863+00:00
3,20260913T091726_f8245cf2c611,2026-09-13T09:17:38.439401+00:00,github-actions,823ac12bac50,2026-09-14,2026-09-11,f15ede9d0a2d5242fb8a,9b0b1adcafba0fea37db,close_to_close,0.0045420849620466,{},,disabled,상승,0.3247525166418048,0.3200071573807638,0.3552403259774314,Logistic,20260913T091726_f8245cf2c611:direction:Logistic,direction,1,2026-09-14,,,,,,,,,,,,,,,,,4375.0,4351.89990234375,-0.012928395124075953,0.0,0.0,,,,,,,1.1246918739870755,0.6845594337570448,scored,True,2026-09-24T03:10:09.841863+00:00
3,20260913T091726_f8245cf2c611,2026-09-13T09:17:38.439401+00:00,github-actions,823ac12bac50,2026-09-14,2026-09-11,f15ede9d0a2d5242fb8a,9b0b1adcafba0fea37db,close_to_close,0.0045420849620466,{},,disabled,,,,,Ridge,20260913T091726_f8245cf2c611:price:1,price,1,2026-09-14,1거래일,1.0,4408.89990234375,있음,-2.7746455089072697e-05,4408.777571000617,4408.777571000617,4326.196494393807,4491.358647607428,0.7832599118942731,simple,0.0086060790700367,0.0086202834102488,-3.429060686641225e-05,4.404453341016863e-06,0.4521990138917148,4375.0,4351.89990234375,-0.012928395124075953,,,56.87766865686717,56.87766865686717,0.013069617852707332,0.01290064866898688,1.0,56.87766865686717,,,scored,True,2026-09-24T03:10:09.841863+00:00
3,20260913T091726_f8245cf2c611,2026-09-13T09:17:38.439401+00:00,github-actions,823ac12bac50,2026-09-14,2026-09-11,f15ede9d0a2d5242fb8a,9b0b1adcafba0fea37db,close_to_close,0.0045420849620466,{},,disabled,,,,,Ridge,20260913T091726_f8245cf2c611:price:5,price,5,2026-09-18,1주일,5.0,4408.89990234375,없음,,,4408.89990234375,4211.406714461215,4606.3930902262855,0.7892416225749559,simple,0.0196507659950027,0.0199065651318122,0.0,0.0,0.0,4381.60009765625,4424.89990234375,0.0036290231927231797,,,,,,,1.0,-16.0,,,scored,True,2026-09-24T03:10:09.841863+00:00
3,20260913T091726_f8245cf2c611,2026-09-13T09:17:38.439401+00:00,github-actions,823ac12bac50,2026-09-14,2026-09-11,f15ede9d0a2d5242fb8a,9b0b1adcafba0fea37db,close_to_close,0.0045420849620466,{},,disabled,,,,,Ridge,20260913T091726_f8245cf2c611:price:20,price,20,2026-10-09,1개월,20.0,4408.89990234375,없음,,,4408.89990234375,4002.748026628664,4815.051778058837,0.7508833922261484,simple,0.0389546091571043,0.0400779180821,0.0,0.0,0.0,,,,,,,,,,,,,,pending,True,2026-09-24T03:10:09.841863+00:00
3,20260913T122954_1aaac6fabd35,2026-09-13T12:30:04.724005+00:00,github-actions,823ac12bac50,2026-09-14,2026-09-11,f15ede9d0a2d5242fb8a,9b0b1adcafba0fea37db,close_to_close,0.0045420849620466,{},,disabled,상승,0.3247524964418674,0.3200071521291611,0.3552403514289716,Logistic,20260913T122954_1aaac6fabd35:direction:Logistic,direction,1,2026-09-14,,,,,,,,,,,,,,,,,4375.0,4351.89990234375,-0.012928395124075953,0.0,0.0,,,,,,,1.1246919361880963,0.6845594757586857,scored,True,2026-09-24T03:10:09.841863+00:00
3,20260913T122954_1aaac6fabd35,2026-09-13T12:30:04.724005+00:00,github-actions,823ac12bac50,2026-09-14,2026-09-11,f15ede9d0a2d5242fb8a,9b0b1adcafba0fea37db,close_to_close,0.0045420849620466,{},,disabled,,,,,Ridge,20260913T122954_1aaac6fabd35:price:1,price,1,2026-09-14,1거래일,1.0,4408.89990234375,있음,-2.7746453270083293e-05,4408.777571008637,4408.777571008637,4326.196494236416,4491.3586477808585,0.7832599118942731,simple,0.0086060790696389,0.0086202834102488,-3.429060555393931e-05,4.404452066364663e-06,0.4521989888591827,4375.0,4351.89990234375,-0.012928395124075953,,,56.877668664887096,56.877668664887096,0.013069617854550188,0.01290064867080587,1.0,56.877668664887096,,,scored,True,2026-09-24T03:10:09.841863+00:00
3,20260913T122954_1aaac6fabd35,2026-09-13T12:30:04.724005+00:00,github-actions,823ac12bac50,2026-09-14,2026-09-11,f15ede9d0a2d5242fb8a,9b0b1adcafba0fea37db,close_to_close,0.0045420849620466,{},,disabled,,,,,Ridge,20260913T122954_1aaac6fabd35:price:5,price,5,2026-09-18,1주일,5.0,4408.89990234375,없음,,,4408.89990234375,4211.406714461215,4606.3930902262855,0.7892416225749559,simple,0.0196507660005489,0.0199065651318122,0.0,0.0,0.0,4381.60009765625,4424.89990234375,0.0036290231927231797,,,,,,,1.0,-16.0,,,scored,True,2026-09-24T03:10:09.841863+00:00
3,20260913T122954_1aaac6fabd35,2026-09-13T12:30:04.724005+00:00,github-actions,823ac12bac50,2026-09-14,2026-09-11,f15ede9d0a2d5242fb8a,9b0b1adcafba0fea37db,close_to_close,0.0045420849620466,{},,disabled,,,,,Ridge,20260913T122954_1aaac6fabd35:price:20,price,20,2026-10-09,1개월,20.0,4408.89990234375,없음,,,4408.89990234375,4002.748026628664,4815.051778058837,0.7508833922261484,simple,0.0389546091736529,0.0400779180821,0.0,0.0,0.0,,,,,,,,,,,,,,pending,True,2026-09-24T03:10:09.841863+00:00
3,20260913T231414_a3dc12d36b77,2026-09-13T23:14:24.769138+00:00,github-actions,823ac12bac50,2026-09-14,2026-09-11,50d77dec60b69251f074,9b0b1adcafba0fea37db,close_to_close,0.0044918048052809,{},,disabled,상승,0.3250805315844675,0.3186116403910559,0.3563078280244766,Logistic,20260913T231414_a3dc12d36b77:direction:Logistic,direction,1,2026-09-14,,,,,,,,,,,,,,,,,4375.0,4351.89990234375,-0.012928395124075953,0.0,0.0,,,,,,,1.1236823378564755,0.6839849345505045,scored,True,2026-09-24T03:10:09.841863+00:00
3,20260913T231414_a3dc12d36b77,2026-09-13T23:14:24.769138+00:00,github-actions,823ac12bac50,2026-09-14,2026-09-11,50d77dec60b69251f074,9b0b1adcafba0fea37db,close_to_close,0.0044918048052809,{},,disabled,,,,,Ridge,20260913T231414_a3dc12d36b77:price:1,price,1,2026-09-14,1거래일,1.0,4366.2001953125,있음,7.530349830631167e-05,4366.528985461513,4366.528985461513,4285.6530030963,4447.404967826726,0.7832599118942731,simple,0.0085974593223019,0.0086116636629118,-3.429060555393931e-05,4.404452066364663e-06,0.4521989888591827,4375.0,4351.89990234375,-0.0032752261300575958,,,14.629083117763003,14.629083117763003,0.003361539430142774,0.0033505296283639074,1.0,14.629083117763003,,,scored,True,2026-09-24T03:10:09.841863+00:00
3,20260913T231414_a3dc12d36b77,2026-09-13T23:14:24.769138+00:00,github-actions,823ac12bac50,2026-09-14,2026-09-11,50d77dec60b69251f074,9b0b1adcafba0fea37db,close_to_close,0.0044918048052809,{},,disabled,,,,,Ridge,20260913T231414_a3dc12d36b77:price:5,price,5,2026-09-18,1주일,5.0,4366.2001953125,없음,,,4366.2001953125,4172.784751911422,4559.615638713578,0.7892416225749559,simple,0.0196591490316953,0.0199149481629586,0.0,0.0,0.0,4381.60009765625,4424.89990234375,0.013444117174074899,,,,,,,1.0,-58.69970703125,,,scored,True,2026-09-24T03:10:09.841863+00:00
3,20260913T231414_a3dc12d36b77,2026-09-13T23:14:24.769138+00:00,github-actions,823ac12bac50,2026-09-14,2026-09-11,50d77dec60b69251f074,9b0b1adcafba0fea37db,close_to_close,0.0044918048052809,{},,disabled,,,,,Ridge,20260913T231414_a3dc12d36b77:price:20,price,20,2026-10-09,1개월,20.0,4366.2001953125,없음,,,4366.2001953125,3968.434348440169,4763.966042184831,0.7508833922261484,simple,0.0389534638949813,0.0400692737085539,0.0,0.0,0.0,,,,,,,,,,,,,,pending,True,2026-09-24T03:10:09.841863+00:00
3,20260914T003632_90fcf5546c89,2026-09-14T00:36:44.885571+00:00,github-actions,823ac12bac50,2026-09-14,2026-09-11,50d77dec60b69251f074,9b0b1adcafba0fea37db,close_to_close,0.0044918048052809,{},,disabled,상승,0.3250805315844675,0.3186116403910559,0.3563078280244766,Logistic,20260914T003632_90fcf5546c89:direction:Logistic,direction,1,2026-09-14,,,,,,,,,,,,,,,,,4375.0,4351.89990234375,-0.012928395124075953,0.0,0.0,,,,,,,1.1236823378564755,0.6839849345505045,scored,False,2026-09-24T03:10:09.841863+00:00
3,20260914T003632_90fcf5546c89,2026-09-14T00:36:44.885571+00:00,github-actions,823ac12bac50,2026-09-14,2026-09-11,50d77dec60b69251f074,9b0b1adcafba0fea37db,close_to_close,0.0044918048052809,{},,disabled,,,,,Ridge,20260914T003632_90fcf5546c89:price:1,price,1,2026-09-14,1거래일,1.0,4366.2001953125,있음,7.530347647843882e-05,4366.528985366208,4366.528985366208,4285.65300316299,4447.404967569426,0.7832599118942731,simple,0.0085974593226997,0.0086116636629118,-3.429060686641225e-05,4.404453341016863e-06,0.4521990138917148,4375.0,4351.89990234375,-0.0032752261300575958,,,14.629083022457962,14.629083022457962,0.003361539408243134,0.0033505296065360346,1.0,14.629083022457962,,,scored,False,2026-09-24T03:10:09.841863+00:00
3,20260914T003632_90fcf5546c89,2026-09-14T00:36:44.885571+00:00,github-actions,823ac12bac50,2026-09-14,2026-09-11,50d77dec60b69251f074,9b0b1adcafba0fea37db,close_to_close,0.0044918048052809,{},,disabled,,,,,Ridge,20260914T003632_90fcf5546c89:price:5,price,5,2026-09-18,1주일,5.0,4366.2001953125,없음,,,4366.2001953125,4172.784751911422,4559.615638713578,0.7892416225749559,simple,0.0196591490261491,0.0199149481629586,0.0,0.0,0.0,4381.60009765625,4424.89990234375,0.013444117174074899,,,,,,,1.0,-58.69970703125,,,scored,False,2026-09-24T03:10:09.841863+00:00
3,20260914T003632_90fcf5546c89,2026-09-14T00:36:44.885571+00:00,github-actions,823ac12bac50,2026-09-14,2026-09-11,50d77dec60b69251f074,9b0b1adcafba0fea37db,close_to_close,0.0044918048052809,{},,disabled,,,,,Ridge,20260914T003632_90fcf5546c89:price:20,price,20,2026-10-09,1개월,20.0,4366.2001953125,없음,,,4366.2001953125,3968.434348440169,4763.966042184831,0.7508833922261484,simple,0.0389534638776176,0.0400692737085539,0.0,0.0,0.0,,,,,,,,,,,,,,pending,False,2026-09-24T03:10:09.841863+00:00
3,20260914T010112_c41c6134f5bc,2026-09-14T01:01:22.466296+00:00,github-actions,823ac12bac50,2026-09-14,2026-09-11,50d77dec60b69251f074,9b0b1adcafba0fea37db,close_to_close,0.0044918048052809,{},,disabled,상승,0.3250805315844675,0.3186116403910559,0.3563078280244766,Logistic,20260914T010112_c41c6134f5bc:direction:Logistic,direction,1,2026-09-14,,,,,,,,,,,,,,,,,4375.0,4351.89990234375,-0.012928395124075953,0.0,0.0,,,,,,,1.1236823378564755,0.6839849345505045,scored,False,2026-09-24T03:10:09.841863+00:00
3,20260914T010112_c41c6134f5bc,2026-09-14T01:01:22.466296+00:00,github-actions,823ac12bac50,2026-09-14,2026-09-11,50d77dec60b69251f074,9b0b1adcafba0fea37db,close_to_close,0.0044918048052809,{},,disabled,,,,,Ridge,20260914T010112_c41c6134f5bc:price:1,price,1,2026-09-14,1거래일,1.0,4366.2001953125,있음,7.530347647843882e-05,4366.528985366208,4366.528985366208,4285.65300316299,4447.404967569426,0.7832599118942731,simple,0.0085974593226997,0.0086116636629118,-3.429060686641225e-05,4.404453341016863e-06,0.4521990138917148,4375.0,4351.89990234375,-0.0032752261300575958,,,14.629083022457962,14.629083022457962,0.003361539408243134,0.0033505296065360346,1.0,14.629083022457962,,,scored,False,2026-09-24T03:10:09.841863+00:00
3,20260914T010112_c41c6134f5bc,2026-09-14T01:01:22.466296+00:00,github-actions,823ac12bac50,2026-09-14,2026-09-11,50d77dec60b69251f074,9b0b1adcafba0fea37db,close_to_close,0.0044918048052809,{},,disabled,,,,,Ridge,20260914T010112_c41c6134f5bc:price:5,price,5,2026-09-18,1주일,5.0,4366.2001953125,없음,,,4366.2001953125,4172.784751911422,4559.615638713578,0.7892416225749559,simple,0.0196591490261491,0.0199149481629586,0.0,0.0,0.0,4381.60009765625,4424.89990234375,0.013444117174074899,,,,,,,1.0,-58.69970703125,,,scored,False,2026-09-24T03:10:09.841863+00:00
3,20260914T010112_c41c6134f5bc,2026-09-14T01:01:22.466296+00:00,github-actions,823ac12bac50,2026-09-14,2026-09-11,50d77dec60b69251f074,9b0b1adcafba0fea37db,close_to_close,0.0044918048052809,{},,disabled,,,,,Ridge,20260914T010112_c41c6134f5bc:price:20,price,20,2026-10-09,1개월,20.0,4366.2001953125,없음,,,4366.2001953125,3968.434348440169,4763.966042184831,0.7508833922261484,simple,0.0389534638776176,0.0400692737085539,0.0,0.0,0.0,,,,,,,,,,,,,,pending,False,2026-09-24T03:10:09.841863+00:00
3,20260914T014154_11ff32dbeff3,2026-09-14T01:42:06.301786+00:00,github-actions,823ac12bac50,2026-09-14,2026-09-11,50d77dec60b69251f074,9b0b1adcafba0fea37db,close_to_close,0.0044918048052809,{},,disabled,상승,0.3250805315844675,0.3186116403910559,0.3563078280244766,Logistic,20260914T014154_11ff32dbeff3:direction:Logistic,direction,1,2026-09-14,,,,,,,,,,,,,,,,,4375.0,4351.89990234375,-0.012928395124075953,0.0,0.0,,,,,,,1.1236823378564755,0.6839849345505045,scored,False,2026-09-24T03:10:09.841863+00:00
3,20260914T014154_11ff32dbeff3,2026-09-14T01:42:06.301786+00:00,github-actions,823ac12bac50,2026-09-14,2026-09-11,50d77dec60b69251f074,9b0b1adcafba0fea37db,close_to_close,0.0044918048052809,{},,disabled,,,,,Ridge,20260914T014154_11ff32dbeff3:price:1,price,1,2026-09-14,1거래일,1.0,4366.2001953125,있음,7.530347647843882e-05,4366.528985366208,4366.528985366208,4285.65300316299,4447.404967569426,0.7832599118942731,simple,0.0085974593226997,0.0086116636629118,-3.429060686641225e-05,4.404453341016863e-06,0.4521990138917148,4375.0,4351.89990234375,-0.0032752261300575958,,,14.629083022457962,14.629083022457962,0.003361539408243134,0.0033505296065360346,1.0,14.629083022457962,,,scored,False,2026-09-24T03:10:09.841863+00:00
3,20260914T014154_11ff32dbeff3,2026-09-14T01:42:06.301786+00:00,github-actions,823ac12bac50,2026-09-14,2026-09-11,50d77dec60b69251f074,9b0b1adcafba0fea37db,close_to_close,0.0044918048052809,{},,disabled,,,,,Ridge,20260914T014154_11ff32dbeff3:price:5,price,5,2026-09-18,1주일,5.0,4366.2001953125,없음,,,4366.2001953125,4172.784751911422,4559.615638713578,0.7892416225749559,simple,0.0196591490261491,0.0199149481629586,0.0,0.0,0.0,4381.60009765625,4424.89990234375,0.013444117174074899,,,,,,,1.0,-58.69970703125,,,scored,False,2026-09-24T03:10:09.841863+00:00
3,20260914T014154_11ff32dbeff3,2026-09-14T01:42:06.301786+00:00,github-actions,823ac12bac50,2026-09-14,2026-09-11,50d77dec60b69251f074,9b0b1adcafba0fea37db,close_to_close,0.0044918048052809,{},,disabled,,,,,Ridge,20260914T014154_11ff32dbeff3:price:20,price,20,2026-10-09,1개월,20.0,4366.2001953125,없음,,,4366.2001953125,3968.434348440169,4763.966042184831,0.7508833922261484,simple,0.0389534638776176,0.0400692737085539,0.0,0.0,0.0,,,,,,,,,,,,,,pending,False,2026-09-24T03:10:09.841863+00:00
3,20260914T020859_196b7afa8f3f,2026-09-14T02:09:10.152094+00:00,github-actions,823ac12bac50,2026-09-14,2026-09-11,50d77dec60b69251f074,9b0b1adcafba0fea37db,close_to_close,0.0044918048052809,{},,disabled,상승,0.3250805315844675,0.3186116403910559,0.3563078280244766,Logistic,20260914T020859_196b7afa8f3f:direction:Logistic,direction,1,2026-09-14,,,,,,,,,,,,,,,,,4375.0,4351.89990234375,-0.012928395124075953,0.0,0.0,,,,,,,1.1236823378564755,0.6839849345505045,scored,False,2026-09-24T03:10:09.841863+00:00
3,20260914T020859_196b7afa8f3f,2026-09-14T02:09:10.152094+00:00,github-actions,823ac12bac50,2026-09-14,2026-09-11,50d77dec60b69251f074,9b0b1adcafba0fea37db,close_to_close,0.0044918048052809,{},,disabled,,,,,Ridge,20260914T020859_196b7afa8f3f:price:1,price,1,2026-09-14,1거래일,1.0,4366.2001953125,있음,7.530346920248121e-05,4366.528985334439,4366.528985334439,4285.653002740696,4447.404967928183,0.7832599118942731,simple,0.0085974593262605,0.0086116636629118,-3.429060192792449e-05,4.404452511054865e-06,0.4521989841767564,4375.0,4351.89990234375,-0.0032752261300575958,,,14.629082990689312,14.629082990689312,0.0033615394009431847,0.003350529599260077,1.0,14.629082990689312,,,scored,False,2026-09-24T03:10:09.841863+00:00
3,20260914T020859_196b7afa8f3f,2026-09-14T02:09:10.152094+00:00,github-actions,823ac12bac50,2026-09-14,2026-09-11,50d77dec60b69251f074,9b0b1adcafba0fea37db,close_to_close,0.0044918048052809,{},,disabled,,,,,Ridge,20260914T020859_196b7afa8f3f:price:5,price,5,2026-09-18,1주일,5.0,4366.2001953125,없음,,,4366.2001953125,4172.784751911422,4559.615638713578,0.7892416225749559,simple,0.0196591490216166,0.0199149481629586,0.0,0.0,0.0,4381.60009765625,4424.89990234375,0.013444117174074899,,,,,,,1.0,-58.69970703125,,,scored,False,2026-09-24T03:10:09.841863+00:00
3,20260914T020859_196b7afa8f3f,2026-09-14T02:09:10.152094+00:00,github-actions,823ac12bac50,2026-09-14,2026-09-11,50d77dec60b69251f074,9b0b1adcafba0fea37db,close_to_close,0.0044918048052809,{},,disabled,,,,,Ridge,20260914T020859_196b7afa8f3f:price:20,price,20,2026-10-09,1개월,20.0,4366.2001953125,없음,,,4366.2001953125,3968.434348440169,4763.966042184831,0.7508833922261484,simple,0.0389534639314062,0.0400692737085539,0.0,0.0,0.0,,,,,,,,,,,,,,pending,False,2026-09-24T03:10:09.841863+00:00
3,20260914T080659_47d1759793c6,2026-09-14T08:07:09.660208+00:00,github-actions,823ac12bac50,2026-09-14,2026-09-11,50d77dec60b69251f074,9b0b1adcafba0fea37db,close_to_close,0.0044918048052809,{},,disabled,상승,0.3250805315844675,0.3186116403910559,0.3563078280244766,Logistic,20260914T080659_47d1759793c6:direction:Logistic,direction,1,2026-09-14,,,,,,,,,,,,,,,,,4375.0,4351.89990234375,-0.012928395124075953,0.0,0.0,,,,,,,1.1236823378564755,0.6839849345505045,scored,False,2026-09-24T03:10:09.841863+00:00
3,20260914T080659_47d1759793c6,2026-09-14T08:07:09.660208+00:00,github-actions,823ac12bac50,2026-09-14,2026-09-11,50d77dec60b69251f074,9b0b1adcafba0fea37db,close_to_close,0.0044918048052809,{},,disabled,,,,,Ridge,20260914T080659_47d1759793c6:price:1,price,1,2026-09-14,1거래일,1.0,4366.2001953125,있음,7.530347647843882e-05,4366.528985366208,4366.528985366208,4285.65300316299,4447.404967569426,0.7832599118942731,simple,0.0085974593226997,0.0086116636629118,-3.429060686641225e-05,4.404453341016863e-06,0.4521990138917148,4375.0,4351.89990234375,-0.0032752261300575958,,,14.629083022457962,14.629083022457962,0.003361539408243134,0.0033505296065360346,1.0,14.629083022457962,,,scored,False,2026-09-24T03:10:09.841863+00:00
3,20260914T080659_47d1759793c6,2026-09-14T08:07:09.660208+00:00,github-actions,823ac12bac50,2026-09-14,2026-09-11,50d77dec60b69251f074,9b0b1adcafba0fea37db,close_to_close,0.0044918048052809,{},,disabled,,,,,Ridge,20260914T080659_47d1759793c6:price:5,price,5,2026-09-18,1주일,5.0,4366.2001953125,없음,,,4366.2001953125,4172.784751911422,4559.615638713578,0.7892416225749559,simple,0.0196591490261491,0.0199149481629586,0.0,0.0,0.0,4381.60009765625,4424.89990234375,0.013444117174074899,,,,,,,1.0,-58.69970703125,,,scored,False,2026-09-24T03:10:09.841863+00:00
3,20260914T080659_47d1759793c6,2026-09-14T08:07:09.660208+00:00,github-actions,823ac12bac50,2026-09-14,2026-09-11,50d77dec60b69251f074,9b0b1adcafba0fea37db,close_to_close,0.0044918048052809,{},,disabled,,,,,Ridge,20260914T080659_47d1759793c6:price:20,price,20,2026-10-09,1개월,20.0,4366.2001953125,없음,,,4366.2001953125,3968.434348440169,4763.966042184831,0.7508833922261484,simple,0.0389534638776176,0.0400692737085539,0.0,0.0,0.0,,,,,,,,,,,,,,pending,False,2026-09-24T03:10:09.841863+00:00
3,20260914T224104_e635f720f8bb,2026-09-14T22:41:14.440582+00:00,github-actions,823ac12bac50,2026-09-15,2026-09-14,16fb796e432080d13dcb,9b0b1adcafba0fea37db,close_to_close,0.0046769855601598,{},,disabled,상승,0.3524167527535887,0.2906756145653292,0.356907632681082,Logistic,20260914T224104_e635f720f8bb:direction:Logistic,direction,1,2026-09-15,,,,,,,,,,,,,,,,,4340.2998046875,4332.7998046875,-0.004388910150705305,1.0,0.0,,,,,,,1.2355473601600548,0.7547217096596716,scored,True,2026-09-24T03:10:09.841863+00:00
3,20260914T224104_e635f720f8bb,2026-09-14T22:41:14.440582+00:00,github-actions,823ac12bac50,2026-09-15,2026-09-14,16fb796e432080d13dcb,9b0b1adcafba0fea37db,close_to_close,0.0046769855601598,{},,disabled,,,,,Ridge,20260914T224104_e635f720f8bb:price:1,price,1,2026-09-15,1거래일,1.0,4336.10009765625,있음,-2.615866469568573e-05,4335.986671067709,4335.986671067709,4252.307608155729,4419.665733979688,0.7841409691629956,simple,0.0086000773658003,0.0086144167718828,-3.4425481944629275e-05,4.384368204449481e-06,0.4521980351496653,4340.2998046875,4332.7998046875,-0.0007611201066446416,,,3.186866380208812,3.186866380208812,0.0007355212619703906,0.0007349614419489559,1.0,3.186866380208812,,,scored,True,2026-09-24T03:10:09.841863+00:00
3,20260914T224104_e635f720f8bb,2026-09-14T22:41:14.440582+00:00,github-actions,823ac12bac50,2026-09-15,2026-09-14,16fb796e432080d13dcb,9b0b1adcafba0fea37db,close_to_close,0.0046769855601598,{},,disabled,,,,,Ridge,20260914T224104_e635f720f8bb:price:5,price,5,2026-09-21,1주일,5.0,4336.10009765625,없음,,,4336.10009765625,4135.858620081728,4536.341575230772,0.7901234567901234,simple,0.0196411883794759,0.0198953780301835,0.0,0.0,0.0,4413.0,4383.89990234375,0.011023685710884967,,,,,,,1.0,-47.7998046875,,,scored,True,2026-09-24T03:10:09.841863+00:00
3,20260914T224104_e635f720f8bb,2026-09-14T22:41:14.440582+00:00,github-actions,823ac12bac50,2026-09-15,2026-09-14,16fb796e432080d13dcb,9b0b1adcafba0fea37db,close_to_close,0.0046769855601598,{},,disabled,,,,,Ridge,20260914T224104_e635f720f8bb:price:20,price,20,2026-10-12,1개월,20.0,4336.10009765625,없음,,,4336.10009765625,3924.791015840041,4747.40917947246,0.7517667844522968,simple,0.0389031046231303,0.0400163711280065,0.0,0.0,0.0,,,,,,,,,,,,,,pending,True,2026-09-24T03:10:09.841863+00:00
3,20260914T235451_5e03c0550bff,2026-09-14T23:55:00.103910+00:00,github-actions,823ac12bac50,2026-09-15,2026-09-14,ba5ab782e4fcd7c76df8,9b0b1adcafba0fea37db,close_to_close,0.0046996383770659,{},,disabled,상승,0.351561947504336,0.2909555303490685,0.3574825221465955,Logistic,20260914T235451_5e03c0550bff:direction:Logistic,direction,1,2026-09-15,,,,,,,,,,,,,,,,,4340.2998046875,4332.7998046875,-0.004388910150705305,1.0,0.0,,,,,,,1.2345848401581692,0.7541336165159033,scored,True,2026-09-24T03:10:09.841863+00:00
3,20260914T235451_5e03c0550bff,2026-09-14T23:55:00.103910+00:00,github-actions,823ac12bac50,2026-09-15,2026-09-14,ba5ab782e4fcd7c76df8,9b0b1adcafba0fea37db,close_to_close,0.0046996383770659,{},,disabled,,,,,Ridge,20260914T235451_5e03c0550bff:price:1,price,1,2026-09-15,1거래일,1.0,4330.2001953125,있음,-1.2030255675199442e-05,4330.148101897025,4330.148101897025,4246.178151657745,4414.118052136307,0.7841409691629956,simple,0.0086012563814765,0.008615595785233,-3.442547993809801e-05,4.38436932855496e-06,0.4521980299431283,4340.2998046875,4332.7998046875,0.0006003439235475749,,,-2.651702790474701,2.651702790474701,0.0006120067646804081,-0.0006123741792227744,1.0,-2.651702790474701,,,scored,True,2026-09-24T03:10:09.841863+00:00
3,20260914T235451_5e03c0550bff,2026-09-14T23:55:00.103910+00:00,github-actions,823ac12bac50,2026-09-15,2026-09-14,ba5ab782e4fcd7c76df8,9b0b1adcafba0fea37db,close_to_close,0.0046996383770659,{},,disabled,,,,,Ridge,20260914T235451_5e03c0550bff:price:5,price,5,2026-09-21,1주일,5.0,4330.2001953125,없음,,,4330.2001953125,4129.2626327466905,4531.1377578783095,0.7901234567901234,simple,0.0196423628786303,0.0198965525157093,0.0,0.0,0.0,4413.0,4383.89990234375,0.012401206551461597,,,,,,,1.0,-53.69970703125,,,scored,True,2026-09-24T03:10:09.841863+00:00
3,20260914T235451_5e03c0550bff,2026-09-14T23:55:00.103910+00:00,github-actions,823ac12bac50,2026-09-15,2026-09-14,ba5ab782e4fcd7c76df8,9b0b1adcafba0fea37db,close_to_close,0.0046996383770659,{},,disabled,,,,,Ridge,20260914T235451_5e03c0550bff:price:20,price,20,2026-10-12,1개월,20.0,4330.2001953125,없음,,,4330.2001953125,3917.461309431217,4742.939081193783,0.7517667844522968,simple,0.0389042943864599,0.0400175609572417,0.0,0.0,0.0,,,,,,,,,,,,,,pending,True,2026-09-24T03:10:09.841863+00:00
3,20260915T005425_41273bca780e,2026-09-15T00:54:39.423820+00:00,github-actions,823ac12bac50,2026-09-15,2026-09-14,76c67fda40e356015efd,9b0b1adcafba0fea37db,close_to_close,0.0046898431470944,{},,disabled,상승,0.3526927034593953,0.2889862454336813,0.3583210511069233,Logistic,20260915T005425_41273bca780e:direction:Logistic,direction,1,2026-09-15,,,,,,,,,,,,,,,,,4340.2998046875,4332.7998046875,-0.004388910150705305,1.0,0.0,,,,,,,1.2413761856574006,0.7583266779223605,scored,False,2026-09-24T03:10:09.841863+00:00
3,20260915T005425_41273bca780e,2026-09-15T00:54:39.423820+00:00,github-actions,823ac12bac50,2026-09-15,2026-09-14,76c67fda40e356015efd,9b0b1adcafba0fea37db,close_to_close,0.0046898431470944,{},,disabled,,,,,Ridge,20260915T005425_41273bca780e:price:1,price,1,2026-09-15,1거래일,1.0,4332.7001953125,있음,-1.8945571355288848e-05,4332.618109831788,4332.618109831788,4248.774795747995,4416.461423915583,0.7841409691629956,simple,0.0086007567889533,0.0086150961950358,-3.4425481944629275e-05,4.384368204449481e-06,0.4521980351496653,4340.2998046875,4332.7998046875,2.2990137906964137e-05,,,-0.18169485571161204,0.18169485571161204,4.193474517678913e-05,-4.1935709262252985e-05,1.0,-0.18169485571161204,,,scored,False,2026-09-24T03:10:09.841863+00:00
3,20260915T005425_41273bca780e,2026-09-15T00:54:39.423820+00:00,github-actions,823ac12bac50,2026-09-15,2026-09-14,76c67fda40e356015efd,9b0b1adcafba0fea37db,close_to_close,0.0046898431470944,{},,disabled,,,,,Ridge,20260915T005425_41273bca780e:price:5,price,5,2026-09-21,1주일,5.0,4332.7001953125,없음,,,4332.7001953125,4132.065669630209,4533.334720994791,0.7901234567901234,simple,0.0196418651934059,0.0198960548441135,0.0,0.0,0.0,4413.0,4383.89990234375,0.011817043580961917,,,,,,,1.0,-51.19970703125,,,scored,False,2026-09-24T03:10:09.841863+00:00
3,20260915T005425_41273bca780e,2026-09-15T00:54:39.423820+00:00,github-actions,823ac12bac50,2026-09-15,2026-09-14,76c67fda40e356015efd,9b0b1adcafba0fea37db,close_to_close,0.0046898431470944,{},,disabled,,,,,Ridge,20260915T005425_41273bca780e:price:20,price,20,2026-10-12,1개월,20.0,4332.7001953125,없음,,,4332.7001953125,3920.5837669950856,4744.816623629914,0.7517667844522968,simple,0.0389037902790903,0.0400170567839665,0.0,0.0,0.0,,,,,,,,,,,,,,pending,False,2026-09-24T03:10:09.841863+00:00
3,20260915T024551_0cb1469183bf,2026-09-15T02:46:04.368673+00:00,github-actions,823ac12bac50,2026-09-15,2026-09-14,84714d696c78c93ad035,9b0b1adcafba0fea37db,close_to_close,0.0046240686375336,{},,disabled,상승,0.3557952721486966,0.286382997809098,0.3578217300422054,Logistic,20260915T024551_0cb1469183bf:direction:Logistic,direction,1,2026-09-15,,,,,,,,,,,,,,,,,4340.2998046875,4332.7998046875,-0.004388910150705305,1.0,0.0,,,,,,,1.2504252108495262,0.763875891989692,scored,False,2026-09-24T03:10:09.841863+00:00
3,20260915T024551_0cb1469183bf,2026-09-15T02:46:04.368673+00:00,github-actions,823ac12bac50,2026-09-15,2026-09-14,84714d696c78c93ad035,9b0b1adcafba0fea37db,close_to_close,0.0046240686375336,{},,disabled,,,,,Ridge,20260915T024551_0cb1469183bf:price:1,price,1,2026-09-15,1거래일,1.0,4352.0,있음,-7.963196549098939e-05,4351.653441686183,4351.653441686183,4268.6177827531565,4434.68910061921,0.7841409691629956,simple,0.0085968999921921,0.0086112393977436,-3.442548083375256e-05,4.38436886086686e-06,0.4521980406634253,4340.2998046875,4332.7998046875,-0.004411809584673687,,,18.853636998683214,18.853636998683214,0.004351375057367327,0.004332177619182698,1.0,18.853636998683214,,,scored,False,2026-09-24T03:10:09.841863+00:00
3,20260915T024551_0cb1469183bf,2026-09-15T02:46:04.368673+00:00,github-actions,823ac12bac50,2026-09-15,2026-09-14,84714d696c78c93ad035,9b0b1adcafba0fea37db,close_to_close,0.0046240686375336,{},,disabled,,,,,Ridge,20260915T024551_0cb1469183bf:price:5,price,5,2026-09-21,1주일,5.0,4352.0,없음,,,4352.0,4153.29816784254,4550.70183215746,0.7901234567901234,simple,0.0196380232079262,0.0198922128582744,0.0,0.0,0.0,4413.0,4383.89990234375,0.0073299407958984375,,,,,,,1.0,-31.89990234375,,,scored,False,2026-09-24T03:10:09.841863+00:00
3,20260915T024551_0cb1469183bf,2026-09-15T02:46:04.368673+00:00,github-actions,823ac12bac50,2026-09-15,2026-09-14,84714d696c78c93ad035,9b0b1adcafba0fea37db,close_to_close,0.0046240686375336,{},,disabled,,,,,Ridge,20260915T024551_0cb1469183bf:price:20,price,20,2026-10-12,1개월,20.0,4352.0,없음,,,4352.0,3943.8534504947033,4760.146549505296,0.7517667844522968,simple,0.0388998980406689,0.0400131646056707,0.0,0.0,0.0,,,,,,,,,,,,,,pending,False,2026-09-24T03:10:09.841863+00:00
3,20260915T080707_5408265d010c,2026-09-15T08:07:23.536977+00:00,github-actions,823ac12bac50,2026-09-15,2026-09-14,e39906d935c7246be793,9b0b1adcafba0fea37db,close_to_close,0.0046243640832715,{},,disabled,상승,0.3563580352692102,0.2849565555511289,0.3586854091796609,Logistic,20260915T080707_5408265d010c:direction:Logistic,direction,1,2026-09-15,,,,,,,,,,,,,,,,,4340.2998046875,4332.7998046875,-0.004388910150705305,1.0,0.0,,,,,,,1.255418546995841,0.7669333995086183,scored,False,2026-09-24T03:10:09.841863+00:00
3,20260915T080707_5408265d010c,2026-09-15T08:07:23.536977+00:00,github-actions,823ac12bac50,2026-09-15,2026-09-14,e39906d935c7246be793,9b0b1adcafba0fea37db,close_to_close,0.0046243640832715,{},,disabled,,,,,Ridge,20260915T080707_5408265d010c:price:1,price,1,2026-09-15,1거래일,1.0,4351.89990234375,있음,4.225692009640625e-06,4351.9182921323945,4351.9182921323945,4268.879237385553,4434.957346879235,0.7841409691629956,simple,0.0085969199947843,0.0086112594008667,-3.4425481944629275e-05,4.384368204449478e-06,0.4521980351496653,4340.2998046875,4332.7998046875,-0.004388910150705305,,,19.118487444894527,19.118487444894527,0.004412501917169338,0.004393135842714946,1.0,19.118487444894527,,,scored,False,2026-09-24T03:10:09.841863+00:00
3,20260915T080707_5408265d010c,2026-09-15T08:07:23.536977+00:00,github-actions,823ac12bac50,2026-09-15,2026-09-14,e39906d935c7246be793,9b0b1adcafba0fea37db,close_to_close,0.0046243640832715,{},,disabled,,,,,Ridge,20260915T080707_5408265d010c:price:5,price,5,2026-09-21,1주일,5.0,4351.89990234375,없음,,,4351.89990234375,4153.18994503472,4550.609859652779,0.7901234567901234,simple,0.019638043133871,0.0198922327845785,0.0,0.0,0.0,4413.0,4383.89990234375,0.007353110300805987,,,,,,,1.0,-32.0,,,scored,False,2026-09-24T03:10:09.841863+00:00
3,20260915T080707_5408265d010c,2026-09-15T08:07:23.536977+00:00,github-actions,823ac12bac50,2026-09-15,2026-09-14,e39906d935c7246be793,9b0b1adcafba0fea37db,close_to_close,0.0046243640832715,{},,disabled,,,,,Ridge,20260915T080707_5408265d010c:price:20,price,20,2026-10-12,1개월,20.0,4351.89990234375,없음,,,4351.89990234375,3943.736663246105,4760.063141441394,0.7517667844522968,simple,0.0388999182874197,0.0400131847922959,0.0,0.0,0.0,,,,,,,,,,,,,,pending,False,2026-09-24T03:10:09.841863+00:00
3,20260915T233314_3e410a87d97e,2026-09-15T23:33:22.250619+00:00,github-actions,823ac12bac50,2026-09-16,2026-09-15,bbbec7658f4fdb8deff6,9b0b1adcafba0fea37db,close_to_close,0.0045367571131936,{},,disabled,상승,0.341014867314205,0.3077670153244293,0.3512181173613656,Logistic,20260915T233314_3e410a87d97e:direction:Logistic,direction,1,2026-09-16,,,,,,,,,,,,,,,,,4333.5,4387.5,0.01262467637053577,2.0,1.0,,,,,,,1.0463478315319061,0.6319296066911632,scored,True,2026-09-24T03:10:09.841863+00:00
3,20260915T233314_3e410a87d97e,2026-09-15T23:33:22.250619+00:00,github-actions,823ac12bac50,2026-09-16,2026-09-15,bbbec7658f4fdb8deff6,9b0b1adcafba0fea37db,close_to_close,0.0045367571131936,{},,disabled,,,,,Ridge,20260915T233314_3e410a87d97e:price:1,price,1,2026-09-16,1거래일,1.0,4326.60009765625,있음,-3.695412306115031e-05,4326.440211943805,4326.440211943805,4245.355198324205,4407.525225563404,0.7770925110132159,simple,0.0086581153139014,0.0086699004672249,-3.395889680739131e-05,6.255956629647215e-06,0.4546553829439511,4333.5,4387.5,0.01407569476475068,,,-61.05978805619543,61.05978805619543,0.013916760810528873,-0.01411264888781183,1.0,-61.05978805619543,,,scored,True,2026-09-24T03:10:09.841863+00:00
3,20260915T233314_3e410a87d97e,2026-09-15T23:33:22.250619+00:00,github-actions,823ac12bac50,2026-09-16,2026-09-15,bbbec7658f4fdb8deff6,9b0b1adcafba0fea37db,close_to_close,0.0045367571131936,{},,disabled,,,,,Ridge,20260915T233314_3e410a87d97e:price:5,price,5,2026-09-22,1주일,5.0,4326.60009765625,없음,,,4326.60009765625,4132.894002514629,4520.306192797871,0.7938325991189428,simple,0.0199170012507304,0.0201825080969873,0.0,0.0,0.0,4382.5,4376.39990234375,0.011510147359002909,,,,,,,1.0,-49.7998046875,,,scored,True,2026-09-24T03:10:09.841863+00:00
3,20260915T233314_3e410a87d97e,2026-09-15T23:33:22.250619+00:00,github-actions,823ac12bac50,2026-09-16,2026-09-15,bbbec7658f4fdb8deff6,9b0b1adcafba0fea37db,close_to_close,0.0045367571131936,{},,disabled,,,,,Ridge,20260915T233314_3e410a87d97e:price:20,price,20,2026-10-13,1개월,20.0,4326.60009765625,없음,,,4326.60009765625,3928.497276465056,4724.702918847444,0.7659010600706714,simple,0.0392136798192603,0.0403324500497637,0.0,0.0,0.0,,,,,,,,,,,,,,pending,True,2026-09-24T03:10:09.841863+00:00
3,20260915T235809_7a5e8132df14,2026-09-15T23:58:20.749010+00:00,github-actions,823ac12bac50,2026-09-16,2026-09-15,de6c300a09eb36d2f492,9b0b1adcafba0fea37db,close_to_close,0.0045365544536298,{},,disabled,상승,0.3417896915958152,0.3064506427483345,0.3517596656558502,Logistic,20260915T235809_7a5e8132df14:direction:Logistic,direction,1,2026-09-16,,,,,,,,,,,,,,,,,4333.5,4387.5,0.01262467637053577,2.0,1.0,,,,,,,1.0448071045994296,0.6309477207926449,scored,True,2026-09-24T03:10:09.841863+00:00
3,20260915T235809_7a5e8132df14,2026-09-15T23:58:20.749010+00:00,github-actions,823ac12bac50,2026-09-16,2026-09-15,de6c300a09eb36d2f492,9b0b1adcafba0fea37db,close_to_close,0.0045365544536298,{},,disabled,,,,,Ridge,20260915T235809_7a5e8132df14:price:1,price,1,2026-09-16,1거래일,1.0,4326.7998046875,있음,-5.289326873025857e-05,4326.570946102689,4326.570946102689,4245.485812270187,4407.656079935191,0.7770925110132159,simple,0.0086580748822734,0.0086698600358419,-3.395889714548888e-05,6.25595603182425e-06,0.4546553837888555,4333.5,4387.5,0.01402888926054291,,,-60.92905389731095,60.92905389731095,0.013886963851238963,-0.014081782529273168,1.0,-60.92905389731095,,,scored,True,2026-09-24T03:10:09.841863+00:00
3,20260915T235809_7a5e8132df14,2026-09-15T23:58:20.749010+00:00,github-actions,823ac12bac50,2026-09-16,2026-09-15,de6c300a09eb36d2f492,9b0b1adcafba0fea37db,close_to_close,0.0045365544536298,{},,disabled,,,,,Ridge,20260915T235809_7a5e8132df14:price:5,price,5,2026-09-22,1주일,5.0,4326.7998046875,없음,,,4326.7998046875,4133.093421830511,4520.506187544489,0.7938325991189428,simple,0.0199169616133776,0.0201824684589311,0.0,0.0,0.0,4382.5,4376.39990234375,0.011463460269762304,,,,,,,1.0,-49.60009765625,,,scored,True,2026-09-24T03:10:09.841863+00:00
3,20260915T235809_7a5e8132df14,2026-09-15T23:58:20.749010+00:00,github-actions,823ac12bac50,2026-09-16,2026-09-15,de6c300a09eb36d2f492,9b0b1adcafba0fea37db,close_to_close,0.0045365544536298,{},,disabled,,,,,Ridge,20260915T235809_7a5e8132df14:price:20,price,20,2026-10-13,1개월,20.0,4326.7998046875,없음,,,4326.7998046875,3928.6963921865695,4724.903217188429,0.7659010600706714,simple,0.0392136403834954,0.0403324106149265,0.0,0.0,0.0,,,,,,,,,,,,,,pending,True,2026-09-24T03:10:09.841863+00:00
3,20260916T002601_05488df3b605,2026-09-16T00:26:14.413698+00:00,github-actions,823ac12bac50,2026-09-16,2026-09-15,c982ddb9b77b423a1f42,9b0b1adcafba0fea37db,close_to_close,0.0045411311494026,{},,disabled,상승,0.3414263211293636,0.3060707915671675,0.3525028873034688,Logistic,20260916T002601_05488df3b605:direction:Logistic,direction,1,2026-09-16,,,,,,,,,,,,,,,,,4333.5,4387.5,0.01262467637053577,2.0,1.0,,,,,,,1.0426964658315327,0.6295037731608283,scored,False,2026-09-24T03:10:09.841863+00:00
3,20260916T002601_05488df3b605,2026-09-16T00:26:14.413698+00:00,github-actions,823ac12bac50,2026-09-16,2026-09-15,c982ddb9b77b423a1f42,9b0b1adcafba0fea37db,close_to_close,0.0045411311494026,{},,disabled,,,,,Ridge,20260916T002601_05488df3b605:price:1,price,1,2026-09-16,1거래일,1.0,4322.7001953125,있음,-2.045961082330905e-05,4322.611754548798,4322.611754548798,4241.521723152477,4403.701785945119,0.7770925110132159,simple,0.0086589048624475,0.0086706900160161,-3.395889714548888e-05,6.25595603182425e-06,0.4546553837888555,4333.5,4387.5,0.014990584995408174,,,-64.88824545120224,64.88824545120224,0.014789343692581707,-0.015011044606231483,1.0,-64.88824545120224,,,scored,False,2026-09-24T03:10:09.841863+00:00
3,20260916T002601_05488df3b605,2026-09-16T00:26:14.413698+00:00,github-actions,823ac12bac50,2026-09-16,2026-09-15,c982ddb9b77b423a1f42,9b0b1adcafba0fea37db,close_to_close,0.0045411311494026,{},,disabled,,,,,Ridge,20260916T002601_05488df3b605:price:5,price,5,2026-09-22,1주일,5.0,4322.7001953125,없음,,,4322.7001953125,4128.98211253806,4516.41827808694,0.7938325991189428,simple,0.0199177753080473,0.0201832821536008,0.0,0.0,0.0,4382.5,4376.39990234375,0.012422722975209188,,,,,,,1.0,-53.69970703125,,,scored,False,2026-09-24T03:10:09.841863+00:00
3,20260916T002601_05488df3b605,2026-09-16T00:26:14.413698+00:00,github-actions,823ac12bac50,2026-09-16,2026-09-15,c982ddb9b77b423a1f42,9b0b1adcafba0fea37db,close_to_close,0.0045411311494026,{},,disabled,,,,,Ridge,20260916T002601_05488df3b605:price:20,price,20,2026-10-13,1개월,20.0,4322.7001953125,없음,,,4322.7001953125,3924.572737258737,4720.827653366264,0.7659010600706714,simple,0.0392144499064616,0.0403332201378927,0.0,0.0,0.0,,,,,,,,,,,,,,pending,False,2026-09-24T03:10:09.841863+00:00
3,20260916T005310_0d98f7ccf08a,2026-09-16T00:53:21.777313+00:00,github-actions,823ac12bac50,2026-09-16,2026-09-15,4cce05c7678443d33bb6,9b0b1adcafba0fea37db,close_to_close,0.0045394699466374,{},,disabled,상승,0.3416555008338212,0.305475621495673,0.3528688776705059,Logistic,20260916T005310_0d98f7ccf08a:direction:Logistic,direction,1,2026-09-16,,,,,,,,,,,,,,,,,4333.5,4387.5,0.01262467637053577,2.0,1.0,,,,,,,1.041658742412325,0.6288225260656075,scored,False,2026-09-24T03:10:09.841863+00:00
3,20260916T005310_0d98f7ccf08a,2026-09-16T00:53:21.777313+00:00,github-actions,823ac12bac50,2026-09-16,2026-09-15,4cce05c7678443d33bb6,9b0b1adcafba0fea37db,close_to_close,0.0045394699466374,{},,disabled,,,,,Ridge,20260916T005310_0d98f7ccf08a:price:1,price,1,2026-09-16,1거래일,1.0,4324.10009765625,있음,-2.712201967369765e-05,4323.98281932833,4323.98281932833,4242.896200360259,4405.069438296401,0.7770925110132159,simple,0.00865862144735,0.0086704066009185,-3.395889714548888e-05,6.25595603182425e-06,0.4546553837888555,4333.5,4387.5,0.014661987676491073,,,-63.51718067166985,63.51718067166985,0.014476850295537287,-0.01468910969616477,1.0,-63.51718067166985,,,scored,False,2026-09-24T03:10:09.841863+00:00
3,20260916T005310_0d98f7ccf08a,2026-09-16T00:53:21.777313+00:00,github-actions,823ac12bac50,2026-09-16,2026-09-15,4cce05c7678443d33bb6,9b0b1adcafba0fea37db,close_to_close,0.0045394699466374,{},,disabled,,,,,Ridge,20260916T005310_0d98f7ccf08a:price:5,price,5,2026-09-22,1주일,5.0,4324.10009765625,없음,,,4324.10009765625,4130.390166920313,4517.810028392187,0.7938325991189428,simple,0.0199174974539956,0.0201830042995491,0.0,0.0,0.0,4382.5,4376.39990234375,0.01209495698673746,,,,,,,1.0,-52.2998046875,,,scored,False,2026-09-24T03:10:09.841863+00:00
3,20260916T005310_0d98f7ccf08a,2026-09-16T00:53:21.777313+00:00,github-actions,823ac12bac50,2026-09-16,2026-09-15,4cce05c7678443d33bb6,9b0b1adcafba0fea37db,close_to_close,0.0045394699466374,{},,disabled,,,,,Ridge,20260916T005310_0d98f7ccf08a:price:20,price,20,2026-10-13,1개월,20.0,4324.10009765625,없음,,,4324.10009765625,3925.9893935901423,4722.210801722357,0.7659010600706714,simple,0.0392141734769304,0.0403329437083615,0.0,0.0,0.0,,,,,,,,,,,,,,pending,False,2026-09-24T03:10:09.841863+00:00
3,20260916T012046_4a6968e0db52,2026-09-16T01:20:56.926022+00:00,github-actions,823ac12bac50,2026-09-16,2026-09-15,aa5ad933e5d6e7af93f8,9b0b1adcafba0fea37db,close_to_close,0.0045446230585735,{},,disabled,상승,0.3412406351976859,0.3054113288455178,0.3533480359567962,Logistic,20260916T012046_4a6968e0db52:direction:Logistic,direction,1,2026-09-16,,,,,,,,,,,,,,,,,4333.5,4387.5,0.01262467637053577,2.0,1.0,,,,,,,1.040301770211376,0.6278800134982382,scored,False,2026-09-24T03:10:09.841863+00:00
3,20260916T012046_4a6968e0db52,2026-09-16T01:20:56.926022+00:00,github-actions,823ac12bac50,2026-09-16,2026-09-15,aa5ad933e5d6e7af93f8,9b0b1adcafba0fea37db,close_to_close,0.0045446230585735,{},,disabled,,,,,Ridge,20260916T012046_4a6968e0db52:price:1,price,1,2026-09-16,1거래일,1.0,4320.0,있음,-2.7019490516977385e-05,4319.883275800967,4319.883275800967,4238.781582336313,4400.984969265621,0.7770925110132159,simple,0.0086594515263783,0.0086712366799469,-3.395889714548888e-05,6.25595603182425e-06,0.4546553837888555,4333.5,4387.5,0.015625,,,-67.61672419903334,67.61672419903334,0.01541121919066287,-0.015652019490516977,1.0,-67.61672419903334,,,scored,False,2026-09-24T03:10:09.841863+00:00
3,20260916T012046_4a6968e0db52,2026-09-16T01:20:56.926022+00:00,github-actions,823ac12bac50,2026-09-16,2026-09-15,aa5ad933e5d6e7af93f8,9b0b1adcafba0fea37db,close_to_close,0.0045446230585735,{},,disabled,,,,,Ridge,20260916T012046_4a6968e0db52:price:5,price,5,2026-09-22,1주일,5.0,4320.0,없음,,,4320.0,4126.254057407532,4513.745942592468,0.7938325991189428,simple,0.0199183112455799,0.0201838180911333,0.0,0.0,0.0,4382.5,4376.39990234375,0.013055532949942217,,,,,,,1.0,-56.39990234375,,,scored,False,2026-09-24T03:10:09.841863+00:00
3,20260916T012046_4a6968e0db52,2026-09-16T01:20:56.926022+00:00,github-actions,823ac12bac50,2026-09-16,2026-09-15,aa5ad933e5d6e7af93f8,9b0b1adcafba0fea37db,close_to_close,0.0045446230585735,{},,disabled,,,,,Ridge,20260916T012046_4a6968e0db52:price:20,price,20,2026-10-13,1개월,20.0,4320.0,없음,,,4320.0,3921.815284728045,4718.184715271955,0.7659010600706714,simple,0.0392149830963143,0.0403337533277454,0.0,0.0,0.0,,,,,,,,,,,,,,pending,False,2026-09-24T03:10:09.841863+00:00
3,20260916T014750_0cb05e8bbf6c,2026-09-16T01:48:01.295913+00:00,github-actions,823ac12bac50,2026-09-16,2026-09-15,244a7d26f15fccddd743,9b0b1adcafba0fea37db,close_to_close,0.0045342813954422,{},,disabled,상승,0.3426623326397849,0.3046295999760581,0.3527080673841569,Logistic,20260916T014750_0cb05e8bbf6c:direction:Logistic,direction,1,2026-09-16,,,,,,,,,,,,,,,,,4333.5,4387.5,0.01262467637053577,2.0,1.0,,,,,,,1.0421145687832416,0.6292035134212649,scored,False,2026-09-24T03:10:09.841863+00:00
3,20260916T014750_0cb05e8bbf6c,2026-09-16T01:48:01.295913+00:00,github-actions,823ac12bac50,2026-09-16,2026-09-15,244a7d26f15fccddd743,9b0b1adcafba0fea37db,close_to_close,0.0045342813954422,{},,disabled,,,,,Ridge,20260916T014750_0cb05e8bbf6c:price:1,price,1,2026-09-16,1거래일,1.0,4329.2001953125,있음,-4.295340477256104e-05,4329.014241424169,4329.014241424169,4247.924774260846,4410.103708587493,0.7770925110132159,simple,0.0086575889100304,0.0086693740684127,-3.3958899958106995e-05,6.255953732745376e-06,0.4546554050617078,4333.5,4387.5,0.01346664558285493,,,-58.485758575830914,58.485758575830914,0.013330087424690806,-0.013509598987627491,1.0,-58.485758575830914,,,scored,False,2026-09-24T03:10:09.841863+00:00
3,20260916T014750_0cb05e8bbf6c,2026-09-16T01:48:01.295913+00:00,github-actions,823ac12bac50,2026-09-16,2026-09-15,244a7d26f15fccddd743,9b0b1adcafba0fea37db,close_to_close,0.0045342813954422,{},,disabled,,,,,Ridge,20260916T014750_0cb05e8bbf6c:price:5,price,5,2026-09-22,1주일,5.0,4329.2001953125,없음,,,4329.2001953125,4135.483460611346,4522.916930013654,0.7938325991189428,simple,0.0199164851733514,0.0201819920269401,0.0,0.0,0.0,4382.5,4376.39990234375,0.010902639033038009,,,,,,,1.0,-47.19970703125,,,scored,False,2026-09-24T03:10:09.841863+00:00
3,20260916T014750_0cb05e8bbf6c,2026-09-16T01:48:01.295913+00:00,github-actions,823ac12bac50,2026-09-16,2026-09-15,244a7d26f15fccddd743,9b0b1adcafba0fea37db,close_to_close,0.0045342813954422,{},,disabled,,,,,Ridge,20260916T014750_0cb05e8bbf6c:price:20,price,20,2026-10-13,1개월,20.0,4329.2001953125,없음,,,4329.2001953125,3931.075507805416,4727.324882819584,0.7659010600706714,simple,0.0392131663531722,0.0403319366255385,0.0,0.0,0.0,,,,,,,,,,,,,,pending,False,2026-09-24T03:10:09.841863+00:00
3,20260916T041340_060fdbc18ffd,2026-09-16T04:13:51.315565+00:00,github-actions,823ac12bac50,2026-09-16,2026-09-15,e840cf8c7d769e8d66c5,9b0b1adcafba0fea37db,close_to_close,0.0045314368643772,{},,disabled,상승,0.3415723419185755,0.3045238615021651,0.3539037965792593,Logistic,20260916T041340_060fdbc18ffd:direction:Logistic,direction,1,2026-09-16,,,,,,,,,,,,,,,,,4333.5,4387.5,0.01262467637053577,2.0,1.0,,,,,,,1.0387301638576338,0.6268467510626252,scored,False,2026-09-24T03:10:09.841863+00:00
3,20260916T041340_060fdbc18ffd,2026-09-16T04:13:51.315565+00:00,github-actions,823ac12bac50,2026-09-16,2026-09-15,e840cf8c7d769e8d66c5,9b0b1adcafba0fea37db,close_to_close,0.0045314368643772,{},,disabled,,,,,Ridge,20260916T041340_060fdbc18ffd:price:1,price,1,2026-09-16,1거래일,1.0,4332.7998046875,있음,8.165611689037178e-06,4332.835184648231,4332.835184648231,4251.729206793585,4413.941162502878,0.7770925110132159,simple,0.0086568601614087,0.0086686453149773,-3.395889714548888e-05,6.25595603182425e-06,0.4546553837888555,4333.5,4387.5,0.01262467637053577,,,-54.66481535176899,54.66481535176899,0.012459217174192364,-0.012616510758846733,1.0,-54.66481535176899,,,scored,False,2026-09-24T03:10:09.841863+00:00
3,20260916T041340_060fdbc18ffd,2026-09-16T04:13:51.315565+00:00,github-actions,823ac12bac50,2026-09-16,2026-09-15,e840cf8c7d769e8d66c5,9b0b1adcafba0fea37db,close_to_close,0.0045314368643772,{},,disabled,,,,,Ridge,20260916T041340_060fdbc18ffd:price:5,price,5,2026-09-22,1주일,5.0,4332.7998046875,없음,,,4332.7998046875,4139.043627004468,4526.555982370533,0.7938325991189428,simple,0.0199157707272293,0.0201812775727828,0.0,0.0,0.0,4382.5,4376.39990234375,0.01006279994960324,,,,,,,1.0,-43.60009765625,,,scored,False,2026-09-24T03:10:09.841863+00:00
3,20260916T041340_060fdbc18ffd,2026-09-16T04:13:51.315565+00:00,github-actions,823ac12bac50,2026-09-16,2026-09-15,e840cf8c7d769e8d66c5,9b0b1adcafba0fea37db,close_to_close,0.0045314368643772,{},,disabled,,,,,Ridge,20260916T041340_060fdbc18ffd:price:20,price,20,2026-10-13,1개월,20.0,4332.7998046875,없음,,,4332.7998046875,3934.594054360216,4731.005555014784,0.7659010600706714,simple,0.0392124556028607,0.0403312258342918,0.0,0.0,0.0,,,,,,,,,,,,,,pending,False,2026-09-24T03:10:09.841863+00:00
3,20260916T050436_9774119a7054,2026-09-16T05:04:46.084451+00:00,github-actions,823ac12bac50,2026-09-16,2026-09-15,e840cf8c7d769e8d66c5,9b0b1adcafba0fea37db,close_to_close,0.0045314368643772,{},,disabled,상승,0.3415723419185755,0.3045238615021651,0.3539037965792593,Logistic,20260916T050436_9774119a7054:direction:Logistic,direction,1,2026-09-16,,,,,,,,,,,,,,,,,4333.5,4387.5,0.01262467637053577,2.0,1.0,,,,,,,1.0387301638576338,0.6268467510626252,scored,False,2026-09-24T03:10:09.841863+00:00
3,20260916T050436_9774119a7054,2026-09-16T05:04:46.084451+00:00,github-actions,823ac12bac50,2026-09-16,2026-09-15,e840cf8c7d769e8d66c5,9b0b1adcafba0fea37db,close_to_close,0.0045314368643772,{},,disabled,,,,,Ridge,20260916T050436_9774119a7054:price:1,price,1,2026-09-16,1거래일,1.0,4332.7998046875,있음,8.165637154888827e-06,4332.83518475857,4332.83518475857,4251.729206679646,4413.941162837493,0.7770925110132159,simple,0.0086568601616538,0.0086686453149773,-3.395889680739131e-05,6.255956629647215e-06,0.4546553829439511,4333.5,4387.5,0.01262467637053577,,,-54.664815241430006,54.664815241430006,0.012459217149043876,-0.012616510733380881,1.0,-54.664815241430006,,,scored,False,2026-09-24T03:10:09.841863+00:00
3,20260916T050436_9774119a7054,2026-09-16T05:04:46.084451+00:00,github-actions,823ac12bac50,2026-09-16,2026-09-15,e840cf8c7d769e8d66c5,9b0b1adcafba0fea37db,close_to_close,0.0045314368643772,{},,disabled,,,,,Ridge,20260916T050436_9774119a7054:price:5,price,5,2026-09-22,1주일,5.0,4332.7998046875,없음,,,4332.7998046875,4139.043627004468,4526.555982370533,0.7938325991189428,simple,0.0199157707265259,0.0201812775727828,0.0,0.0,0.0,4382.5,4376.39990234375,0.01006279994960324,,,,,,,1.0,-43.60009765625,,,scored,False,2026-09-24T03:10:09.841863+00:00
3,20260916T050436_9774119a7054,2026-09-16T05:04:46.084451+00:00,github-actions,823ac12bac50,2026-09-16,2026-09-15,e840cf8c7d769e8d66c5,9b0b1adcafba0fea37db,close_to_close,0.0045314368643772,{},,disabled,,,,,Ridge,20260916T050436_9774119a7054:price:20,price,20,2026-10-13,1개월,20.0,4332.7998046875,없음,,,4332.7998046875,3934.594054360216,4731.005555014784,0.7659010600706714,simple,0.0392124556037884,0.0403312258342918,0.0,0.0,0.0,,,,,,,,,,,,,,pending,False,2026-09-24T03:10:09.841863+00:00
3,20260916T061736_cdc8e83ac983,2026-09-16T06:17:45.504066+00:00,github-actions,823ac12bac50,2026-09-16,2026-09-15,e840cf8c7d769e8d66c5,9b0b1adcafba0fea37db,close_to_close,0.0045314368643772,{},,disabled,상승,0.3415723419185755,0.3045238615021651,0.3539037965792593,Logistic,20260916T061736_cdc8e83ac983:direction:Logistic,direction,1,2026-09-16,,,,,,,,,,,,,,,,,4333.5,4387.5,0.01262467637053577,2.0,1.0,,,,,,,1.0387301638576338,0.6268467510626252,scored,False,2026-09-24T03:10:09.841863+00:00
3,20260916T061736_cdc8e83ac983,2026-09-16T06:17:45.504066+00:00,github-actions,823ac12bac50,2026-09-16,2026-09-15,e840cf8c7d769e8d66c5,9b0b1adcafba0fea37db,close_to_close,0.0045314368643772,{},,disabled,,,,,Ridge,20260916T061736_cdc8e83ac983:price:1,price,1,2026-09-16,1거래일,1.0,4332.7998046875,있음,8.165637154888827e-06,4332.83518475857,4332.83518475857,4251.729206679646,4413.941162837493,0.7770925110132159,simple,0.0086568601616538,0.0086686453149773,-3.395889680739131e-05,6.255956629647215e-06,0.4546553829439511,4333.5,4387.5,0.01262467637053577,,,-54.664815241430006,54.664815241430006,0.012459217149043876,-0.012616510733380881,1.0,-54.664815241430006,,,scored,False,2026-09-24T03:10:09.841863+00:00
3,20260916T061736_cdc8e83ac983,2026-09-16T06:17:45.504066+00:00,github-actions,823ac12bac50,2026-09-16,2026-09-15,e840cf8c7d769e8d66c5,9b0b1adcafba0fea37db,close_to_close,0.0045314368643772,{},,disabled,,,,,Ridge,20260916T061736_cdc8e83ac983:price:5,price,5,2026-09-22,1주일,5.0,4332.7998046875,없음,,,4332.7998046875,4139.043627004468,4526.555982370533,0.7938325991189428,simple,0.0199157707265259,0.0201812775727828,0.0,0.0,0.0,4382.5,4376.39990234375,0.01006279994960324,,,,,,,1.0,-43.60009765625,,,scored,False,2026-09-24T03:10:09.841863+00:00
3,20260916T061736_cdc8e83ac983,2026-09-16T06:17:45.504066+00:00,github-actions,823ac12bac50,2026-09-16,2026-09-15,e840cf8c7d769e8d66c5,9b0b1adcafba0fea37db,close_to_close,0.0045314368643772,{},,disabled,,,,,Ridge,20260916T061736_cdc8e83ac983:price:20,price,20,2026-10-13,1개월,20.0,4332.7998046875,없음,,,4332.7998046875,3934.594054360216,4731.005555014784,0.7659010600706714,simple,0.0392124556037884,0.0403312258342918,0.0,0.0,0.0,,,,,,,,,,,,,,pending,False,2026-09-24T03:10:09.841863+00:00
3,20260916T092011_75e51217b109,2026-09-16T09:20:24.201007+00:00,github-actions,823ac12bac50,2026-09-16,2026-09-15,e840cf8c7d769e8d66c5,9b0b1adcafba0fea37db,close_to_close,0.0045314368643772,{},,disabled,상승,0.3415723419185755,0.3045238615021651,0.3539037965792593,Logistic,20260916T092011_75e51217b109:direction:Logistic,direction,1,2026-09-16,,,,,,,,,,,,,,,,,4333.5,4387.5,0.01262467637053577,2.0,1.0,,,,,,,1.0387301638576338,0.6268467510626252,scored,False,2026-09-24T03:10:09.841863+00:00
3,20260916T092011_75e51217b109,2026-09-16T09:20:24.201007+00:00,github-actions,823ac12bac50,2026-09-16,2026-09-15,e840cf8c7d769e8d66c5,9b0b1adcafba0fea37db,close_to_close,0.0045314368643772,{},,disabled,,,,,Ridge,20260916T092011_75e51217b109:price:1,price,1,2026-09-16,1거래일,1.0,4332.7998046875,있음,8.165611689037178e-06,4332.835184648231,4332.835184648231,4251.729206793585,4413.941162502878,0.7770925110132159,simple,0.0086568601614087,0.0086686453149773,-3.395889714548888e-05,6.25595603182425e-06,0.4546553837888555,4333.5,4387.5,0.01262467637053577,,,-54.66481535176899,54.66481535176899,0.012459217174192364,-0.012616510758846733,1.0,-54.66481535176899,,,scored,False,2026-09-24T03:10:09.841863+00:00
3,20260916T092011_75e51217b109,2026-09-16T09:20:24.201007+00:00,github-actions,823ac12bac50,2026-09-16,2026-09-15,e840cf8c7d769e8d66c5,9b0b1adcafba0fea37db,close_to_close,0.0045314368643772,{},,disabled,,,,,Ridge,20260916T092011_75e51217b109:price:5,price,5,2026-09-22,1주일,5.0,4332.7998046875,없음,,,4332.7998046875,4139.043627004468,4526.555982370533,0.7938325991189428,simple,0.0199157707272293,0.0201812775727828,0.0,0.0,0.0,4382.5,4376.39990234375,0.01006279994960324,,,,,,,1.0,-43.60009765625,,,scored,False,2026-09-24T03:10:09.841863+00:00
3,20260916T092011_75e51217b109,2026-09-16T09:20:24.201007+00:00,github-actions,823ac12bac50,2026-09-16,2026-09-15,e840cf8c7d769e8d66c5,9b0b1adcafba0fea37db,close_to_close,0.0045314368643772,{},,disabled,,,,,Ridge,20260916T092011_75e51217b109:price:20,price,20,2026-10-13,1개월,20.0,4332.7998046875,없음,,,4332.7998046875,3934.594054360216,4731.005555014784,0.7659010600706714,simple,0.0392124556028607,0.0403312258342918,0.0,0.0,0.0,,,,,,,,,,,,,,pending,False,2026-09-24T03:10:09.841863+00:00
3,20260916T093939_a06c811a3446,2026-09-16T09:39:50.095104+00:00,github-actions,823ac12bac50,2026-09-16,2026-09-15,e840cf8c7d769e8d66c5,9b0b1adcafba0fea37db,close_to_close,0.0045314368643772,{},,disabled,상승,0.3415723419185755,0.3045238615021651,0.3539037965792593,Logistic,20260916T093939_a06c811a3446:direction:Logistic,direction,1,2026-09-16,,,,,,,,,,,,,,,,,4333.5,4387.5,0.01262467637053577,2.0,1.0,,,,,,,1.0387301638576338,0.6268467510626252,scored,False,2026-09-24T03:10:09.841863+00:00
3,20260916T093939_a06c811a3446,2026-09-16T09:39:50.095104+00:00,github-actions,823ac12bac50,2026-09-16,2026-09-15,e840cf8c7d769e8d66c5,9b0b1adcafba0fea37db,close_to_close,0.0045314368643772,{},,disabled,,,,,Ridge,20260916T093939_a06c811a3446:price:1,price,1,2026-09-16,1거래일,1.0,4332.7998046875,있음,8.165611689037178e-06,4332.835184648231,4332.835184648231,4251.729206793585,4413.941162502878,0.7770925110132159,simple,0.0086568601614087,0.0086686453149773,-3.395889714548888e-05,6.25595603182425e-06,0.4546553837888555,4333.5,4387.5,0.01262467637053577,,,-54.66481535176899,54.66481535176899,0.012459217174192364,-0.012616510758846733,1.0,-54.66481535176899,,,scored,False,2026-09-24T03:10:09.841863+00:00
3,20260916T093939_a06c811a3446,2026-09-16T09:39:50.095104+00:00,github-actions,823ac12bac50,2026-09-16,2026-09-15,e840cf8c7d769e8d66c5,9b0b1adcafba0fea37db,close_to_close,0.0045314368643772,{},,disabled,,,,,Ridge,20260916T093939_a06c811a3446:price:5,price,5,2026-09-22,1주일,5.0,4332.7998046875,없음,,,4332.7998046875,4139.043627004468,4526.555982370533,0.7938325991189428,simple,0.0199157707272293,0.0201812775727828,0.0,0.0,0.0,4382.5,4376.39990234375,0.01006279994960324,,,,,,,1.0,-43.60009765625,,,scored,False,2026-09-24T03:10:09.841863+00:00
3,20260916T093939_a06c811a3446,2026-09-16T09:39:50.095104+00:00,github-actions,823ac12bac50,2026-09-16,2026-09-15,e840cf8c7d769e8d66c5,9b0b1adcafba0fea37db,close_to_close,0.0045314368643772,{},,disabled,,,,,Ridge,20260916T093939_a06c811a3446:price:20,price,20,2026-10-13,1개월,20.0,4332.7998046875,없음,,,4332.7998046875,3934.594054360216,4731.005555014784,0.7659010600706714,simple,0.0392124556028607,0.0403312258342918,0.0,0.0,0.0,,,,,,,,,,,,,,pending,False,2026-09-24T03:10:09.841863+00:00
3,20260916T095946_f791a8720848,2026-09-16T09:59:55.741711+00:00,github-actions,823ac12bac50,2026-09-16,2026-09-15,e840cf8c7d769e8d66c5,9b0b1adcafba0fea37db,close_to_close,0.0045314368643772,{},,disabled,상승,0.3415723419185755,0.3045238615021651,0.3539037965792593,Logistic,20260916T095946_f791a8720848:direction:Logistic,direction,1,2026-09-16,,,,,,,,,,,,,,,,,4333.5,4387.5,0.01262467637053577,2.0,1.0,,,,,,,1.0387301638576338,0.6268467510626252,scored,False,2026-09-24T03:10:09.841863+00:00
3,20260916T095946_f791a8720848,2026-09-16T09:59:55.741711+00:00,github-actions,823ac12bac50,2026-09-16,2026-09-15,e840cf8c7d769e8d66c5,9b0b1adcafba0fea37db,close_to_close,0.0045314368643772,{},,disabled,,,,,Ridge,20260916T095946_f791a8720848:price:1,price,1,2026-09-16,1거래일,1.0,4332.7998046875,있음,8.165637154888827e-06,4332.83518475857,4332.83518475857,4251.729206679646,4413.941162837493,0.7770925110132159,simple,0.0086568601616538,0.0086686453149773,-3.395889680739131e-05,6.255956629647215e-06,0.4546553829439511,4333.5,4387.5,0.01262467637053577,,,-54.664815241430006,54.664815241430006,0.012459217149043876,-0.012616510733380881,1.0,-54.664815241430006,,,scored,False,2026-09-24T03:10:09.841863+00:00
3,20260916T095946_f791a8720848,2026-09-16T09:59:55.741711+00:00,github-actions,823ac12bac50,2026-09-16,2026-09-15,e840cf8c7d769e8d66c5,9b0b1adcafba0fea37db,close_to_close,0.0045314368643772,{},,disabled,,,,,Ridge,20260916T095946_f791a8720848:price:5,price,5,2026-09-22,1주일,5.0,4332.7998046875,없음,,,4332.7998046875,4139.043627004468,4526.555982370533,0.7938325991189428,simple,0.0199157707265259,0.0201812775727828,0.0,0.0,0.0,4382.5,4376.39990234375,0.01006279994960324,,,,,,,1.0,-43.60009765625,,,scored,False,2026-09-24T03:10:09.841863+00:00
3,20260916T095946_f791a8720848,2026-09-16T09:59:55.741711+00:00,github-actions,823ac12bac50,2026-09-16,2026-09-15,e840cf8c7d769e8d66c5,9b0b1adcafba0fea37db,close_to_close,0.0045314368643772,{},,disabled,,,,,Ridge,20260916T095946_f791a8720848:price:20,price,20,2026-10-13,1개월,20.0,4332.7998046875,없음,,,4332.7998046875,3934.594054360216,4731.005555014784,0.7659010600706714,simple,0.0392124556037884,0.0403312258342918,0.0,0.0,0.0,,,,,,,,,,,,,,pending,False,2026-09-24T03:10:09.841863+00:00
3,20260916T104058_29d568adb494,2026-09-16T10:41:06.634876+00:00,github-actions,823ac12bac50,2026-09-16,2026-09-15,e840cf8c7d769e8d66c5,9b0b1adcafba0fea37db,close_to_close,0.0045314368643772,{},,disabled,상승,0.3415723419185755,0.3045238615021651,0.3539037965792593,Logistic,20260916T104058_29d568adb494:direction:Logistic,direction,1,2026-09-16,,,,,,,,,,,,,,,,,4333.5,4387.5,0.01262467637053577,2.0,1.0,,,,,,,1.0387301638576338,0.6268467510626252,scored,False,2026-09-24T03:10:09.841863+00:00
3,20260916T104058_29d568adb494,2026-09-16T10:41:06.634876+00:00,github-actions,823ac12bac50,2026-09-16,2026-09-15,e840cf8c7d769e8d66c5,9b0b1adcafba0fea37db,close_to_close,0.0045314368643772,{},,disabled,,,,,Ridge,20260916T104058_29d568adb494:price:1,price,1,2026-09-16,1거래일,1.0,4332.7998046875,있음,8.165637154888827e-06,4332.83518475857,4332.83518475857,4251.729206679646,4413.941162837493,0.7770925110132159,simple,0.0086568601616538,0.0086686453149773,-3.395889680739131e-05,6.255956629647215e-06,0.4546553829439511,4333.5,4387.5,0.01262467637053577,,,-54.664815241430006,54.664815241430006,0.012459217149043876,-0.012616510733380881,1.0,-54.664815241430006,,,scored,False,2026-09-24T03:10:09.841863+00:00
3,20260916T104058_29d568adb494,2026-09-16T10:41:06.634876+00:00,github-actions,823ac12bac50,2026-09-16,2026-09-15,e840cf8c7d769e8d66c5,9b0b1adcafba0fea37db,close_to_close,0.0045314368643772,{},,disabled,,,,,Ridge,20260916T104058_29d568adb494:price:5,price,5,2026-09-22,1주일,5.0,4332.7998046875,없음,,,4332.7998046875,4139.043627004468,4526.555982370533,0.7938325991189428,simple,0.0199157707265259,0.0201812775727828,0.0,0.0,0.0,4382.5,4376.39990234375,0.01006279994960324,,,,,,,1.0,-43.60009765625,,,scored,False,2026-09-24T03:10:09.841863+00:00
3,20260916T104058_29d568adb494,2026-09-16T10:41:06.634876+00:00,github-actions,823ac12bac50,2026-09-16,2026-09-15,e840cf8c7d769e8d66c5,9b0b1adcafba0fea37db,close_to_close,0.0045314368643772,{},,disabled,,,,,Ridge,20260916T104058_29d568adb494:price:20,price,20,2026-10-13,1개월,20.0,4332.7998046875,없음,,,4332.7998046875,3934.594054360216,4731.005555014784,0.7659010600706714,simple,0.0392124556037884,0.0403312258342918,0.0,0.0,0.0,,,,,,,,,,,,,,pending,False,2026-09-24T03:10:09.841863+00:00
3,20260916T110339_6251b94e9f08,2026-09-16T11:03:49.622170+00:00,github-actions,823ac12bac50,2026-09-16,2026-09-15,e840cf8c7d769e8d66c5,9b0b1adcafba0fea37db,close_to_close,0.0045314368643772,{},,disabled,상승,0.3415723419185755,0.3045238615021651,0.3539037965792593,Logistic,20260916T110339_6251b94e9f08:direction:Logistic,direction,1,2026-09-16,,,,,,,,,,,,,,,,,4333.5,4387.5,0.01262467637053577,2.0,1.0,,,,,,,1.0387301638576338,0.6268467510626252,scored,False,2026-09-24T03:10:09.841863+00:00
3,20260916T110339_6251b94e9f08,2026-09-16T11:03:49.622170+00:00,github-actions,823ac12bac50,2026-09-16,2026-09-15,e840cf8c7d769e8d66c5,9b0b1adcafba0fea37db,close_to_close,0.0045314368643772,{},,disabled,,,,,Ridge,20260916T110339_6251b94e9f08:price:1,price,1,2026-09-16,1거래일,1.0,4332.7998046875,있음,8.165611689037178e-06,4332.835184648231,4332.835184648231,4251.729206793585,4413.941162502878,0.7770925110132159,simple,0.0086568601614087,0.0086686453149773,-3.395889714548888e-05,6.25595603182425e-06,0.4546553837888555,4333.5,4387.5,0.01262467637053577,,,-54.66481535176899,54.66481535176899,0.012459217174192364,-0.012616510758846733,1.0,-54.66481535176899,,,scored,False,2026-09-24T03:10:09.841863+00:00
3,20260916T110339_6251b94e9f08,2026-09-16T11:03:49.622170+00:00,github-actions,823ac12bac50,2026-09-16,2026-09-15,e840cf8c7d769e8d66c5,9b0b1adcafba0fea37db,close_to_close,0.0045314368643772,{},,disabled,,,,,Ridge,20260916T110339_6251b94e9f08:price:5,price,5,2026-09-22,1주일,5.0,4332.7998046875,없음,,,4332.7998046875,4139.043627004468,4526.555982370533,0.7938325991189428,simple,0.0199157707272293,0.0201812775727828,0.0,0.0,0.0,4382.5,4376.39990234375,0.01006279994960324,,,,,,,1.0,-43.60009765625,,,scored,False,2026-09-24T03:10:09.841863+00:00
3,20260916T110339_6251b94e9f08,2026-09-16T11:03:49.622170+00:00,github-actions,823ac12bac50,2026-09-16,2026-09-15,e840cf8c7d769e8d66c5,9b0b1adcafba0fea37db,close_to_close,0.0045314368643772,{},,disabled,,,,,Ridge,20260916T110339_6251b94e9f08:price:20,price,20,2026-10-13,1개월,20.0,4332.7998046875,없음,,,4332.7998046875,3934.594054360216,4731.005555014784,0.7659010600706714,simple,0.0392124556028607,0.0403312258342918,0.0,0.0,0.0,,,,,,,,,,,,,,pending,False,2026-09-24T03:10:09.841863+00:00
3,20260916T113012_9f72a3454e67,2026-09-16T11:30:23.520858+00:00,github-actions,823ac12bac50,2026-09-16,2026-09-15,e840cf8c7d769e8d66c5,9b0b1adcafba0fea37db,close_to_close,0.0045314368643772,{},,disabled,상승,0.3415723419185755,0.3045238615021651,0.3539037965792593,Logistic,20260916T113012_9f72a3454e67:direction:Logistic,direction,1,2026-09-16,,,,,,,,,,,,,,,,,4333.5,4387.5,0.01262467637053577,2.0,1.0,,,,,,,1.0387301638576338,0.6268467510626252,scored,False,2026-09-24T03:10:09.841863+00:00
3,20260916T113012_9f72a3454e67,2026-09-16T11:30:23.520858+00:00,github-actions,823ac12bac50,2026-09-16,2026-09-15,e840cf8c7d769e8d66c5,9b0b1adcafba0fea37db,close_to_close,0.0045314368643772,{},,disabled,,,,,Ridge,20260916T113012_9f72a3454e67:price:1,price,1,2026-09-16,1거래일,1.0,4332.7998046875,있음,8.165637154888827e-06,4332.83518475857,4332.83518475857,4251.729206835922,4413.941162681219,0.7770925110132159,simple,0.008656860156595,0.0086686453149773,-3.3958899958106995e-05,6.255953732745376e-06,0.4546554050617078,4333.5,4387.5,0.01262467637053577,,,-54.664815241430006,54.664815241430006,0.012459217149043876,-0.012616510733380881,1.0,-54.664815241430006,,,scored,False,2026-09-24T03:10:09.841863+00:00
3,20260916T113012_9f72a3454e67,2026-09-16T11:30:23.520858+00:00,github-actions,823ac12bac50,2026-09-16,2026-09-15,e840cf8c7d769e8d66c5,9b0b1adcafba0fea37db,close_to_close,0.0045314368643772,{},,disabled,,,,,Ridge,20260916T113012_9f72a3454e67:price:5,price,5,2026-09-22,1주일,5.0,4332.7998046875,없음,,,4332.7998046875,4139.043627004468,4526.555982370533,0.7938325991189428,simple,0.0199157707191941,0.0201812775727828,0.0,0.0,0.0,4382.5,4376.39990234375,0.01006279994960324,,,,,,,1.0,-43.60009765625,,,scored,False,2026-09-24T03:10:09.841863+00:00
3,20260916T113012_9f72a3454e67,2026-09-16T11:30:23.520858+00:00,github-actions,823ac12bac50,2026-09-16,2026-09-15,e840cf8c7d769e8d66c5,9b0b1adcafba0fea37db,close_to_close,0.0045314368643772,{},,disabled,,,,,Ridge,20260916T113012_9f72a3454e67:price:20,price,20,2026-10-13,1개월,20.0,4332.7998046875,없음,,,4332.7998046875,3934.594054360216,4731.005555014784,0.7659010600706714,simple,0.0392124555619255,0.0403312258342918,0.0,0.0,0.0,,,,,,,,,,,,,,pending,False,2026-09-24T03:10:09.841863+00:00
3,20260916T121817_993cd2ed5bb1,2026-09-16T12:18:29.832957+00:00,github-actions,823ac12bac50,2026-09-16,2026-09-15,e840cf8c7d769e8d66c5,9b0b1adcafba0fea37db,close_to_close,0.0045314368643772,{},,disabled,상승,0.3415723419185755,0.3045238615021651,0.3539037965792593,Logistic,20260916T121817_993cd2ed5bb1:direction:Logistic,direction,1,2026-09-16,,,,,,,,,,,,,,,,,4333.5,4387.5,0.01262467637053577,2.0,1.0,,,,,,,1.0387301638576338,0.6268467510626252,scored,False,2026-09-24T03:10:09.841863+00:00
3,20260916T121817_993cd2ed5bb1,2026-09-16T12:18:29.832957+00:00,github-actions,823ac12bac50,2026-09-16,2026-09-15,e840cf8c7d769e8d66c5,9b0b1adcafba0fea37db,close_to_close,0.0045314368643772,{},,disabled,,,,,Ridge,20260916T121817_993cd2ed5bb1:price:1,price,1,2026-09-16,1거래일,1.0,4332.7998046875,있음,8.165611689037178e-06,4332.835184648231,4332.835184648231,4251.729206793585,4413.941162502878,0.7770925110132159,simple,0.0086568601614087,0.0086686453149773,-3.395889714548888e-05,6.25595603182425e-06,0.4546553837888555,4333.5,4387.5,0.01262467637053577,,,-54.66481535176899,54.66481535176899,0.012459217174192364,-0.012616510758846733,1.0,-54.66481535176899,,,scored,False,2026-09-24T03:10:09.841863+00:00
3,20260916T121817_993cd2ed5bb1,2026-09-16T12:18:29.832957+00:00,github-actions,823ac12bac50,2026-09-16,2026-09-15,e840cf8c7d769e8d66c5,9b0b1adcafba0fea37db,close_to_close,0.0045314368643772,{},,disabled,,,,,Ridge,20260916T121817_993cd2ed5bb1:price:5,price,5,2026-09-22,1주일,5.0,4332.7998046875,없음,,,4332.7998046875,4139.043627004468,4526.555982370533,0.7938325991189428,simple,0.0199157707272293,0.0201812775727828,0.0,0.0,0.0,4382.5,4376.39990234375,0.01006279994960324,,,,,,,1.0,-43.60009765625,,,scored,False,2026-09-24T03:10:09.841863+00:00
3,20260916T121817_993cd2ed5bb1,2026-09-16T12:18:29.832957+00:00,github-actions,823ac12bac50,2026-09-16,2026-09-15,e840cf8c7d769e8d66c5,9b0b1adcafba0fea37db,close_to_close,0.0045314368643772,{},,disabled,,,,,Ridge,20260916T121817_993cd2ed5bb1:price:20,price,20,2026-10-13,1개월,20.0,4332.7998046875,없음,,,4332.7998046875,3934.594054360216,4731.005555014784,0.7659010600706714,simple,0.0392124556028607,0.0403312258342918,0.0,0.0,0.0,,,,,,,,,,,,,,pending,False,2026-09-24T03:10:09.841863+00:00
3,20260916T230249_25bd79d6e1bc,2026-09-16T23:03:00.989661+00:00,github-actions,823ac12bac50,2026-09-17,2026-09-16,efa679e2a7beb3a1b464,9b0b1adcafba0fea37db,close_to_close,0.0044882462726468,{},,disabled,하락,0.3768222430140969,0.2960790677991066,0.3270986891867966,Logistic,20260916T230249_25bd79d6e1bc:direction:Logistic,direction,1,2026-09-17,,,,,,,,,,,,,,,,,4301.39990234375,4399.7001953125,0.002780671296296333,1.0,0.0,,,,,,,1.217128739385596,0.7444932340884706,scored,True,2026-09-24T03:10:09.841863+00:00
3,20260916T230249_25bd79d6e1bc,2026-09-16T23:03:00.989661+00:00,github-actions,823ac12bac50,2026-09-17,2026-09-16,efa679e2a7beb3a1b464,9b0b1adcafba0fea37db,close_to_close,0.0044882462726468,{},,disabled,,,,,Ridge,20260916T230249_25bd79d6e1bc:price:1,price,1,2026-09-17,1거래일,1.0,4303.89990234375,있음,-0.0003877304843626,4302.231149149966,4302.231149149966,4222.469070046129,4381.993228253804,0.7762114537444934,simple,0.0086559013882391,0.0086677391978336,-3.427856228885872e-05,6.345891967013473e-06,0.4610080450355344,4301.39990234375,4399.7001953125,0.022258950055176863,,,-97.46904616253414,97.46904616253414,0.02215356543302177,-0.022646680539539464,0.0,-97.46904616253414,,,scored,True,2026-09-24T03:10:09.841863+00:00
3,20260916T230249_25bd79d6e1bc,2026-09-16T23:03:00.989661+00:00,github-actions,823ac12bac50,2026-09-17,2026-09-16,efa679e2a7beb3a1b464,9b0b1adcafba0fea37db,close_to_close,0.0044882462726468,{},,disabled,,,,,Ridge,20260916T230249_25bd79d6e1bc:price:5,price,5,2026-09-23,1주일,5.0,4303.89990234375,없음,,,4303.89990234375,4113.270519032854,4494.529285654646,0.7938325991189428,simple,0.0199430144541384,0.0202040046528491,0.0,0.0,0.0,4394.7001953125,4318.39990234375,0.0033690374611416996,,,,,,,1.0,-14.5,,,scored,True,2026-09-24T05:02:57.830455+00:00
3,20260916T230249_25bd79d6e1bc,2026-09-16T23:03:00.989661+00:00,github-actions,823ac12bac50,2026-09-17,2026-09-16,efa679e2a7beb3a1b464,9b0b1adcafba0fea37db,close_to_close,0.0044882462726468,{},,disabled,,,,,Ridge,20260916T230249_25bd79d6e1bc:price:20,price,20,2026-10-14,1개월,20.0,4303.89990234375,없음,,,4303.89990234375,3912.497584633792,4695.302220053709,0.7659010600706714,simple,0.0392212582304773,0.0403293231987196,0.0,0.0,0.0,,,,,,,,,,,,,,pending,True,2026-09-24T03:10:09.841863+00:00
3,20260916T234338_fc994eafc814,2026-09-16T23:43:48.400486+00:00,github-actions,823ac12bac50,2026-09-17,2026-09-16,6e874fd0bb32168a3813,9b0b1adcafba0fea37db,close_to_close,0.0044805616186551,{},,disabled,하락,0.3769552521097158,0.2962616088912877,0.3267831389989963,Logistic,20260916T234338_fc994eafc814:direction:Logistic,direction,1,2026-09-17,,,,,,,,,,,,,,,,,4301.39990234375,4399.7001953125,0.002780671296296333,1.0,0.0,,,,,,,1.2165124011696233,0.7441302051474158,scored,True,2026-09-24T03:10:09.841863+00:00
3,20260916T234338_fc994eafc814,2026-09-16T23:43:48.400486+00:00,github-actions,823ac12bac50,2026-09-17,2026-09-16,6e874fd0bb32168a3813,9b0b1adcafba0fea37db,close_to_close,0.0044805616186551,{},,disabled,,,,,Ridge,20260916T234338_fc994eafc814:price:1,price,1,2026-09-17,1거래일,1.0,4310.60009765625,있음,-0.0003960951289627,4308.892689954662,4308.892689954662,4229.143218514791,4388.642161394532,0.7762114537444934,simple,0.008654538929699,0.0086663767402893,-3.427856543263449e-05,6.3458912392880045e-06,0.461008057632499,4301.39990234375,4399.7001953125,0.020669998524032618,,,-90.80750535783773,90.80750535783773,0.020639475720319597,-0.02106609365299532,0.0,-90.80750535783773,,,scored,True,2026-09-24T03:10:09.841863+00:00
3,20260916T234338_fc994eafc814,2026-09-16T23:43:48.400486+00:00,github-actions,823ac12bac50,2026-09-17,2026-09-16,6e874fd0bb32168a3813,9b0b1adcafba0fea37db,close_to_close,0.0044805616186551,{},,disabled,,,,,Ridge,20260916T234338_fc994eafc814:price:5,price,5,2026-09-23,1주일,5.0,4310.60009765625,없음,,,4310.60009765625,4120.000846256803,4501.199349055697,0.7938325991189428,simple,0.0199416910525498,0.0202026812606632,0.0,0.0,0.0,4394.7001953125,4318.39990234375,0.0018094475272110166,,,,,,,1.0,-7.7998046875,,,scored,True,2026-09-24T05:02:57.830455+00:00
3,20260916T234338_fc994eafc814,2026-09-16T23:43:48.400486+00:00,github-actions,823ac12bac50,2026-09-17,2026-09-16,6e874fd0bb32168a3813,9b0b1adcafba0fea37db,close_to_close,0.0044805616186551,{},,disabled,,,,,Ridge,20260916T234338_fc994eafc814:price:20,price,20,2026-10-14,1개월,20.0,4310.60009765625,없음,,,4310.60009765625,3919.259647113741,4701.940548198759,0.7659010600706714,simple,0.0392199192809725,0.0403279842627557,0.0,0.0,0.0,,,,,,,,,,,,,,pending,True,2026-09-24T03:10:09.841863+00:00
3,20260917T080554_540cdc28bf26,2026-09-17T08:06:06.103570+00:00,github-actions,823ac12bac50,2026-09-17,2026-09-16,3a87af691a55a5b1cc2a,9b0b1adcafba0fea37db,close_to_close,0.0045634869171596,{},,disabled,하락,0.3736790468797534,0.294574779148364,0.3317461739718825,Logistic,20260917T080554_540cdc28bf26:direction:Logistic,direction,1,2026-09-17,,,,,,,,,,,,,,,,,4301.39990234375,4399.7001953125,0.002780671296296333,1.0,0.0,,,,,,,1.2222223891127464,0.747316296235523,scored,False,2026-09-24T03:10:09.841863+00:00
3,20260917T080554_540cdc28bf26,2026-09-17T08:06:06.103570+00:00,github-actions,823ac12bac50,2026-09-17,2026-09-16,3a87af691a55a5b1cc2a,9b0b1adcafba0fea37db,close_to_close,0.0045634869171596,{},,disabled,,,,,Ridge,20260917T080554_540cdc28bf26:price:1,price,1,2026-09-17,1거래일,1.0,4387.5,있음,-0.0004717294068541,4385.430287227428,4385.430287227428,4302.755789694278,4468.104784760577,0.7762114537444934,simple,0.0086612363649324,0.0086729855827763,-3.423535013415648e-05,6.366944246106377e-06,0.4610080450355344,4301.39990234375,4399.7001953125,0.002780671296296333,,,-14.26990808507162,14.26990808507162,0.00324338192413087,-0.003252400703150433,1.0,-14.26990808507162,,,scored,False,2026-09-24T03:10:09.841863+00:00
3,20260917T080554_540cdc28bf26,2026-09-17T08:06:06.103570+00:00,github-actions,823ac12bac50,2026-09-17,2026-09-16,3a87af691a55a5b1cc2a,9b0b1adcafba0fea37db,close_to_close,0.0045634869171596,{},,disabled,,,,,Ridge,20260917T080554_540cdc28bf26:price:5,price,5,2026-09-23,1주일,5.0,4387.5,없음,,,4387.5,4189.910009150272,4585.089990849728,0.7938325991189428,simple,0.0199265021420616,0.0201874923407723,0.0,0.0,0.0,4394.7001953125,4318.39990234375,-0.01574931000712254,,,,,,,1.0,69.10009765625,,,scored,False,2026-09-24T05:02:57.830455+00:00
3,20260917T080554_540cdc28bf26,2026-09-17T08:06:06.103570+00:00,github-actions,823ac12bac50,2026-09-17,2026-09-16,3a87af691a55a5b1cc2a,9b0b1adcafba0fea37db,close_to_close,0.0045634869171596,{},,disabled,,,,,Ridge,20260917T080554_540cdc28bf26:price:20,price,20,2026-10-14,1개월,20.0,4387.5,없음,,,4387.5,3981.8060873845225,4793.1939126154775,0.7659010600706714,simple,0.0392045519745973,0.0403126169428396,0.0,0.0,0.0,,,,,,,,,,,,,,pending,False,2026-09-24T03:10:09.841863+00:00
3,20260917T233506_1c4190ad0bd9,2026-09-17T23:35:16.490912+00:00,github-actions,823ac12bac50,2026-09-18,2026-09-17,2ebd0c17f54fced33ad9,9b0b1adcafba0fea37db,close_to_close,0.0040979457680043,{},,disabled,상승,0.3118287448654394,0.331618765449406,0.3565524896851545,Logistic,20260917T233506_1c4190ad0bd9:direction:Logistic,direction,1,2026-09-18,,,,,,,,,,,,,,,,,4381.60009765625,4424.89990234375,0.005727596407159252,2.0,1.0,,,,,,,1.0312738138224724,0.6212328702529166,scored,True,2026-09-24T03:10:09.841863+00:00
3,20260917T233506_1c4190ad0bd9,2026-09-17T23:35:16.490912+00:00,github-actions,823ac12bac50,2026-09-18,2026-09-17,2ebd0c17f54fced33ad9,9b0b1adcafba0fea37db,close_to_close,0.0040979457680043,{},,disabled,,,,,Ridge,20260917T233506_1c4190ad0bd9:price:1,price,1,2026-09-18,1거래일,1.0,4386.5,있음,0.0005424282862804,4388.879361677769,4388.879361677769,4314.767275357467,4462.991447998072,0.7766051011433597,simple,0.0086532748886409,0.0086647009930498,-3.3730313425619745e-05,6.0119073328305945e-06,0.4504693036132432,4381.60009765625,4424.89990234375,0.008754109732987514,,,-36.02054066598066,36.02054066598066,0.008140419322683787,-0.008211681446707114,1.0,-36.02054066598066,,,scored,True,2026-09-24T03:10:09.841863+00:00
3,20260917T233506_1c4190ad0bd9,2026-09-17T23:35:16.490912+00:00,github-actions,823ac12bac50,2026-09-18,2026-09-17,2ebd0c17f54fced33ad9,9b0b1adcafba0fea37db,close_to_close,0.0040979457680043,{},,disabled,,,,,Ridge,20260917T233506_1c4190ad0bd9:price:5,price,5,2026-09-24,1주일,5.0,4386.5,없음,,,4386.5,4208.945593411503,4564.054406588497,0.7938325991189428,simple,0.0199145354676473,0.0201761560937926,0.0,0.0,0.0,4324.39990234375,4298.0,-0.020175538584292663,,,,,,,1.0,88.5,,,scored,True,2026-09-25T05:06:16.119011+00:00
3,20260917T233506_1c4190ad0bd9,2026-09-17T23:35:16.490912+00:00,github-actions,823ac12bac50,2026-09-18,2026-09-17,2ebd0c17f54fced33ad9,9b0b1adcafba0fea37db,close_to_close,0.0040979457680043,{},,disabled,,,,,Ridge,20260917T233506_1c4190ad0bd9:price:20,price,20,2026-10-15,1개월,20.0,4386.5,없음,,,4386.5,4022.275720968316,4750.724279031685,0.7659010600706714,simple,0.0392100219336225,0.0403096360750464,0.0,0.0,0.0,,,,,,,,,,,,,,pending,True,2026-09-24T03:10:09.841863+00:00
3,20260920T000056_75ba2cd3d3eb,2026-09-20T00:01:06.126558+00:00,github-actions,823ac12bac50,2026-09-21,2026-09-18,82b008429f4bb27cb2fe,9b0b1adcafba0fea37db,close_to_close,0.0041078583910471,{},,disabled,상승,0.3108987218784635,0.3234446629493445,0.3656566151721919,Logistic,20260920T000056_75ba2cd3d3eb:direction:Logistic,direction,1,2026-09-21,,,,,,,,,,,,,,,,,4413.0,4383.89990234375,-0.009265746323048663,0.0,0.0,,,,,,,1.1682880729633074,0.7131817817183348,scored,True,2026-09-24T03:10:09.841863+00:00
3,20260920T000056_75ba2cd3d3eb,2026-09-20T00:01:06.126558+00:00,github-actions,823ac12bac50,2026-09-21,2026-09-18,82b008429f4bb27cb2fe,9b0b1adcafba0fea37db,close_to_close,0.0041078583910471,{},,disabled,,,,,Ridge,20260920T000056_75ba2cd3d3eb:price:1,price,1,2026-09-21,1거래일,1.0,4424.89990234375,있음,6.447435589507222e-05,4425.185194914854,4425.185194914854,4350.161562931175,4500.208826898533,0.7766051011433597,simple,0.0086531395144912,0.0086652127565124,-3.386556707742985e-05,5.927596976550777e-06,0.4515673072439984,4413.0,4383.89990234375,-0.009265746323048663,,,41.28529257110404,41.28529257110404,0.00941748066579527,0.009330220678943735,1.0,41.28529257110404,,,scored,True,2026-09-24T03:10:09.841863+00:00
3,20260920T000056_75ba2cd3d3eb,2026-09-20T00:01:06.126558+00:00,github-actions,823ac12bac50,2026-09-21,2026-09-18,82b008429f4bb27cb2fe,9b0b1adcafba0fea37db,close_to_close,0.0041078583910471,{},,disabled,,,,,Ridge,20260920T000056_75ba2cd3d3eb:price:5,price,5,2026-09-25,1주일,5.0,4424.89990234375,없음,,,4424.89990234375,4244.907186937779,4604.892617749721,0.7955947136563877,simple,0.0198643834164171,0.0201277310383327,0.0,0.0,0.0,4309.5,4321.2001953125,-0.023435492173805583,,,,,,,1.0,103.69970703125,,,scored,True,2026-09-26T05:09:25.276773+00:00
3,20260920T000056_75ba2cd3d3eb,2026-09-20T00:01:06.126558+00:00,github-actions,823ac12bac50,2026-09-21,2026-09-18,82b008429f4bb27cb2fe,9b0b1adcafba0fea37db,close_to_close,0.0041078583910471,{},,disabled,,,,,Ridge,20260920T000056_75ba2cd3d3eb:price:20,price,20,2026-10-16,1개월,20.0,4424.89990234375,없음,,,4424.89990234375,4056.4930563717294,4793.30674831577,0.766107678729038,simple,0.0392015605468307,0.0402997802039691,0.0,0.0,0.0,,,,,,,,,,,,,,pending,True,2026-09-24T03:10:09.841863+00:00
3,20260920T005414_159ec6aa1191,2026-09-20T00:54:25.268663+00:00,github-actions,823ac12bac50,2026-09-21,2026-09-18,82b008429f4bb27cb2fe,9b0b1adcafba0fea37db,close_to_close,0.0041078583910471,{},,disabled,상승,0.3107922230584991,0.3235195602005013,0.3656882167409995,Logistic,20260920T005414_159ec6aa1191:direction:Logistic,direction,1,2026-09-21,,,,,,,,,,,,,,,,,4413.0,4383.89990234375,-0.009265746323048663,0.0,0.0,,,,,,,1.1686306831360098,0.7134001374921836,scored,True,2026-09-24T03:10:09.841863+00:00
3,20260920T005414_159ec6aa1191,2026-09-20T00:54:25.268663+00:00,github-actions,823ac12bac50,2026-09-21,2026-09-18,82b008429f4bb27cb2fe,9b0b1adcafba0fea37db,close_to_close,0.0041078583910471,{},,disabled,,,,,Ridge,20260920T005414_159ec6aa1191:price:1,price,1,2026-09-21,1거래일,1.0,4424.89990234375,있음,6.447437772294506e-05,4425.18519501144,4425.18519501144,4350.161562969489,4500.208827053391,0.7766051011433597,simple,0.008653139513798,0.0086652127565124,-3.386556740342293e-05,5.927595767792091e-06,0.4515673005861457,4413.0,4383.89990234375,-0.009265746323048663,,,41.285292667689646,41.285292667689646,0.009417480687827162,0.009330220700771608,1.0,41.285292667689646,,,scored,True,2026-09-24T03:10:09.841863+00:00
3,20260920T005414_159ec6aa1191,2026-09-20T00:54:25.268663+00:00,github-actions,823ac12bac50,2026-09-21,2026-09-18,82b008429f4bb27cb2fe,9b0b1adcafba0fea37db,close_to_close,0.0041078583910471,{},,disabled,,,,,Ridge,20260920T005414_159ec6aa1191:price:5,price,5,2026-09-25,1주일,5.0,4424.89990234375,없음,,,4424.89990234375,4244.907186937779,4604.892617749721,0.7955947136563877,simple,0.0198643834212859,0.0201277310383327,0.0,0.0,0.0,4309.5,4321.2001953125,-0.023435492173805583,,,,,,,1.0,103.69970703125,,,scored,True,2026-09-26T05:09:25.276773+00:00
3,20260920T005414_159ec6aa1191,2026-09-20T00:54:25.268663+00:00,github-actions,823ac12bac50,2026-09-21,2026-09-18,82b008429f4bb27cb2fe,9b0b1adcafba0fea37db,close_to_close,0.0041078583910471,{},,disabled,,,,,Ridge,20260920T005414_159ec6aa1191:price:20,price,20,2026-10-16,1개월,20.0,4424.89990234375,없음,,,4424.89990234375,4056.4930563717294,4793.30674831577,0.766107678729038,simple,0.0392015604944314,0.0402997802039691,0.0,0.0,0.0,,,,,,,,,,,,,,pending,True,2026-09-24T03:10:09.841863+00:00
3,20260920T030726_2c40a5769220,2026-09-20T03:07:37.711965+00:00,github-actions,823ac12bac50,2026-09-21,2026-09-18,82b008429f4bb27cb2fe,9b0b1adcafba0fea37db,close_to_close,0.0041078583910471,{},,disabled,상승,0.3107922230584991,0.3235195602005013,0.3656882167409995,Logistic,20260920T030726_2c40a5769220:direction:Logistic,direction,1,2026-09-21,,,,,,,,,,,,,,,,,4413.0,4383.89990234375,-0.009265746323048663,0.0,0.0,,,,,,,1.1686306831360098,0.7134001374921836,scored,True,2026-09-24T03:10:09.841863+00:00
3,20260920T030726_2c40a5769220,2026-09-20T03:07:37.711965+00:00,github-actions,823ac12bac50,2026-09-21,2026-09-18,82b008429f4bb27cb2fe,9b0b1adcafba0fea37db,close_to_close,0.0041078583910471,{},,disabled,,,,,Ridge,20260920T030726_2c40a5769220:price:1,price,1,2026-09-21,1거래일,1.0,4424.89990234375,있음,6.447437772294506e-05,4425.18519501144,4425.18519501144,4350.161562969489,4500.208827053391,0.7766051011433597,simple,0.008653139513798,0.0086652127565124,-3.386556740342293e-05,5.927595767792091e-06,0.4515673005861457,4413.0,4383.89990234375,-0.009265746323048663,,,41.285292667689646,41.285292667689646,0.009417480687827162,0.009330220700771608,1.0,41.285292667689646,,,scored,True,2026-09-24T03:10:09.841863+00:00
3,20260920T030726_2c40a5769220,2026-09-20T03:07:37.711965+00:00,github-actions,823ac12bac50,2026-09-21,2026-09-18,82b008429f4bb27cb2fe,9b0b1adcafba0fea37db,close_to_close,0.0041078583910471,{},,disabled,,,,,Ridge,20260920T030726_2c40a5769220:price:5,price,5,2026-09-25,1주일,5.0,4424.89990234375,없음,,,4424.89990234375,4244.907186937779,4604.892617749721,0.7955947136563877,simple,0.0198643834212859,0.0201277310383327,0.0,0.0,0.0,4309.5,4321.2001953125,-0.023435492173805583,,,,,,,1.0,103.69970703125,,,scored,True,2026-09-26T05:09:25.276773+00:00
3,20260920T030726_2c40a5769220,2026-09-20T03:07:37.711965+00:00,github-actions,823ac12bac50,2026-09-21,2026-09-18,82b008429f4bb27cb2fe,9b0b1adcafba0fea37db,close_to_close,0.0041078583910471,{},,disabled,,,,,Ridge,20260920T030726_2c40a5769220:price:20,price,20,2026-10-16,1개월,20.0,4424.89990234375,없음,,,4424.89990234375,4056.4930563717294,4793.30674831577,0.766107678729038,simple,0.0392015604944314,0.0402997802039691,0.0,0.0,0.0,,,,,,,,,,,,,,pending,True,2026-09-24T03:10:09.841863+00:00
3,20260920T033314_f6736e81f715,2026-09-20T03:33:27.675165+00:00,github-actions,823ac12bac50,2026-09-21,2026-09-18,82b008429f4bb27cb2fe,9b0b1adcafba0fea37db,close_to_close,0.0041078583910471,{},,disabled,상승,0.3107922230584991,0.3235195602005013,0.3656882167409995,Logistic,20260920T033314_f6736e81f715:direction:Logistic,direction,1,2026-09-21,,,,,,,,,,,,,,,,,4413.0,4383.89990234375,-0.009265746323048663,0.0,0.0,,,,,,,1.1686306831360098,0.7134001374921836,scored,True,2026-09-24T03:10:09.841863+00:00
3,20260920T033314_f6736e81f715,2026-09-20T03:33:27.675165+00:00,github-actions,823ac12bac50,2026-09-21,2026-09-18,82b008429f4bb27cb2fe,9b0b1adcafba0fea37db,close_to_close,0.0041078583910471,{},,disabled,,,,,Ridge,20260920T033314_f6736e81f715:price:1,price,1,2026-09-21,1거래일,1.0,4424.89990234375,있음,6.447437772294506e-05,4425.18519501144,4425.18519501144,4350.161562969489,4500.208827053391,0.7766051011433597,simple,0.008653139513798,0.0086652127565124,-3.386556740342293e-05,5.927595767792091e-06,0.4515673005861457,4413.0,4383.89990234375,-0.009265746323048663,,,41.285292667689646,41.285292667689646,0.009417480687827162,0.009330220700771608,1.0,41.285292667689646,,,scored,True,2026-09-24T03:10:09.841863+00:00
3,20260920T033314_f6736e81f715,2026-09-20T03:33:27.675165+00:00,github-actions,823ac12bac50,2026-09-21,2026-09-18,82b008429f4bb27cb2fe,9b0b1adcafba0fea37db,close_to_close,0.0041078583910471,{},,disabled,,,,,Ridge,20260920T033314_f6736e81f715:price:5,price,5,2026-09-25,1주일,5.0,4424.89990234375,없음,,,4424.89990234375,4244.907186937779,4604.892617749721,0.7955947136563877,simple,0.0198643834212859,0.0201277310383327,0.0,0.0,0.0,4309.5,4321.2001953125,-0.023435492173805583,,,,,,,1.0,103.69970703125,,,scored,True,2026-09-26T05:09:25.276773+00:00
3,20260920T033314_f6736e81f715,2026-09-20T03:33:27.675165+00:00,github-actions,823ac12bac50,2026-09-21,2026-09-18,82b008429f4bb27cb2fe,9b0b1adcafba0fea37db,close_to_close,0.0041078583910471,{},,disabled,,,,,Ridge,20260920T033314_f6736e81f715:price:20,price,20,2026-10-16,1개월,20.0,4424.89990234375,없음,,,4424.89990234375,4056.4930563717294,4793.30674831577,0.766107678729038,simple,0.0392015604944314,0.0402997802039691,0.0,0.0,0.0,,,,,,,,,,,,,,pending,True,2026-09-24T03:10:09.841863+00:00
3,20260920T035328_678d02cc78df,2026-09-20T03:53:39.110923+00:00,github-actions,823ac12bac50,2026-09-21,2026-09-18,82b008429f4bb27cb2fe,9b0b1adcafba0fea37db,close_to_close,0.0041078583910471,{},,disabled,상승,0.3107922230584991,0.3235195602005013,0.3656882167409995,Logistic,20260920T035328_678d02cc78df:direction:Logistic,direction,1,2026-09-21,,,,,,,,,,,,,,,,,4413.0,4383.89990234375,-0.009265746323048663,0.0,0.0,,,,,,,1.1686306831360098,0.7134001374921836,scored,True,2026-09-24T03:10:09.841863+00:00
3,20260920T035328_678d02cc78df,2026-09-20T03:53:39.110923+00:00,github-actions,823ac12bac50,2026-09-21,2026-09-18,82b008429f4bb27cb2fe,9b0b1adcafba0fea37db,close_to_close,0.0041078583910471,{},,disabled,,,,,Ridge,20260920T035328_678d02cc78df:price:1,price,1,2026-09-21,1거래일,1.0,4424.89990234375,있음,6.447437772294506e-05,4425.18519501144,4425.18519501144,4350.161562969489,4500.208827053391,0.7766051011433597,simple,0.008653139513798,0.0086652127565124,-3.386556740342293e-05,5.927595767792091e-06,0.4515673005861457,4413.0,4383.89990234375,-0.009265746323048663,,,41.285292667689646,41.285292667689646,0.009417480687827162,0.009330220700771608,1.0,41.285292667689646,,,scored,True,2026-09-24T03:10:09.841863+00:00
3,20260920T035328_678d02cc78df,2026-09-20T03:53:39.110923+00:00,github-actions,823ac12bac50,2026-09-21,2026-09-18,82b008429f4bb27cb2fe,9b0b1adcafba0fea37db,close_to_close,0.0041078583910471,{},,disabled,,,,,Ridge,20260920T035328_678d02cc78df:price:5,price,5,2026-09-25,1주일,5.0,4424.89990234375,없음,,,4424.89990234375,4244.907186937779,4604.892617749721,0.7955947136563877,simple,0.0198643834212859,0.0201277310383327,0.0,0.0,0.0,4309.5,4321.2001953125,-0.023435492173805583,,,,,,,1.0,103.69970703125,,,scored,True,2026-09-26T05:09:25.276773+00:00
3,20260920T035328_678d02cc78df,2026-09-20T03:53:39.110923+00:00,github-actions,823ac12bac50,2026-09-21,2026-09-18,82b008429f4bb27cb2fe,9b0b1adcafba0fea37db,close_to_close,0.0041078583910471,{},,disabled,,,,,Ridge,20260920T035328_678d02cc78df:price:20,price,20,2026-10-16,1개월,20.0,4424.89990234375,없음,,,4424.89990234375,4056.4930563717294,4793.30674831577,0.766107678729038,simple,0.0392015604944314,0.0402997802039691,0.0,0.0,0.0,,,,,,,,,,,,,,pending,True,2026-09-24T03:10:09.841863+00:00
3,20260920T045518_cdb959d31501,2026-09-20T04:55:27.877754+00:00,github-actions,823ac12bac50,2026-09-21,2026-09-18,82b008429f4bb27cb2fe,9b0b1adcafba0fea37db,close_to_close,0.0041078583910471,{},,disabled,상승,0.3122093363501465,0.3276759773279502,0.3601146863219031,Logistic,20260920T045518_cdb959d31501:direction:Logistic,direction,1,2026-09-21,,,,,,,,,,,,,,,,,4413.0,4383.89990234375,-0.009265746323048663,0.0,0.0,,,,,,,1.1640813663186547,0.7101101304264559,scored,True,2026-09-24T03:10:09.841863+00:00
3,20260920T045518_cdb959d31501,2026-09-20T04:55:27.877754+00:00,github-actions,823ac12bac50,2026-09-21,2026-09-18,82b008429f4bb27cb2fe,9b0b1adcafba0fea37db,close_to_close,0.0041078583910471,{},,disabled,,,,,Ridge,20260920T045518_cdb959d31501:price:1,price,1,2026-09-21,1거래일,1.0,4424.89990234375,있음,1.4281302355811931e-05,4424.96309567715,4424.96309567715,4349.93946369347,4499.986727660828,0.7766051011433597,simple,0.0086531395144912,0.0086652127565124,-3.386556707742985e-05,5.927596976550777e-06,0.4515673072439984,4413.0,4383.89990234375,-0.009265746323048663,,,41.063193333399795,41.063193333399795,0.009366818186575454,0.009280027625404474,1.0,41.063193333399795,,,scored,True,2026-09-24T03:10:09.841863+00:00
3,20260920T045518_cdb959d31501,2026-09-20T04:55:27.877754+00:00,github-actions,823ac12bac50,2026-09-21,2026-09-18,82b008429f4bb27cb2fe,9b0b1adcafba0fea37db,close_to_close,0.0041078583910471,{},,disabled,,,,,Ridge,20260920T045518_cdb959d31501:price:5,price,5,2026-09-25,1주일,5.0,4424.89990234375,없음,,,4424.89990234375,4244.907186937779,4604.892617749721,0.7955947136563877,simple,0.0198643834164171,0.0201277310383327,0.0,0.0,0.0,4309.5,4321.2001953125,-0.023435492173805583,,,,,,,1.0,103.69970703125,,,scored,True,2026-09-26T05:09:25.276773+00:00
3,20260920T045518_cdb959d31501,2026-09-20T04:55:27.877754+00:00,github-actions,823ac12bac50,2026-09-21,2026-09-18,82b008429f4bb27cb2fe,9b0b1adcafba0fea37db,close_to_close,0.0041078583910471,{},,disabled,,,,,Ridge,20260920T045518_cdb959d31501:price:20,price,20,2026-10-16,1개월,20.0,4424.89990234375,없음,,,4424.89990234375,4056.4930563717294,4793.30674831577,0.766107678729038,simple,0.0392015605468307,0.0402997802039691,0.0,0.0,0.0,,,,,,,,,,,,,,pending,True,2026-09-24T03:10:09.841863+00:00
3,20260920T054712_80fb9bc7e364,2026-09-20T05:47:23.708767+00:00,github-actions,823ac12bac50,2026-09-21,2026-09-18,82b008429f4bb27cb2fe,9b0b1adcafba0fea37db,close_to_close,0.0041078583910471,{},,disabled,상승,0.3120898888184437,0.3277470112603091,0.3601630999212472,Logistic,20260920T054712_80fb9bc7e364:direction:Logistic,direction,1,2026-09-21,,,,,,,,,,,,,,,,,4413.0,4383.89990234375,-0.009265746323048663,0.0,0.0,,,,,,,1.164464027479665,0.7103558830007686,scored,True,2026-09-24T03:10:09.841863+00:00
3,20260920T054712_80fb9bc7e364,2026-09-20T05:47:23.708767+00:00,github-actions,823ac12bac50,2026-09-21,2026-09-18,82b008429f4bb27cb2fe,9b0b1adcafba0fea37db,close_to_close,0.0041078583910471,{},,disabled,,,,,Ridge,20260920T054712_80fb9bc7e364:price:1,price,1,2026-09-21,1거래일,1.0,4424.89990234375,있음,1.4281278708949683e-05,4424.963095572514,4424.963095572514,4349.939463530563,4499.986727614466,0.7766051011433597,simple,0.008653139513798,0.0086652127565124,-3.386556740342293e-05,5.927595767792091e-06,0.4515673005861457,4413.0,4383.89990234375,-0.009265746323048663,,,41.06319322876425,41.06319322876425,0.009366818162707312,0.009280027601757612,1.0,41.06319322876425,,,scored,True,2026-09-24T03:10:09.841863+00:00
3,20260920T054712_80fb9bc7e364,2026-09-20T05:47:23.708767+00:00,github-actions,823ac12bac50,2026-09-21,2026-09-18,82b008429f4bb27cb2fe,9b0b1adcafba0fea37db,close_to_close,0.0041078583910471,{},,disabled,,,,,Ridge,20260920T054712_80fb9bc7e364:price:5,price,5,2026-09-25,1주일,5.0,4424.89990234375,없음,,,4424.89990234375,4244.907186937779,4604.892617749721,0.7955947136563877,simple,0.0198643834212859,0.0201277310383327,0.0,0.0,0.0,4309.5,4321.2001953125,-0.023435492173805583,,,,,,,1.0,103.69970703125,,,scored,True,2026-09-26T05:09:25.276773+00:00
3,20260920T054712_80fb9bc7e364,2026-09-20T05:47:23.708767+00:00,github-actions,823ac12bac50,2026-09-21,2026-09-18,82b008429f4bb27cb2fe,9b0b1adcafba0fea37db,close_to_close,0.0041078583910471,{},,disabled,,,,,Ridge,20260920T054712_80fb9bc7e364:price:20,price,20,2026-10-16,1개월,20.0,4424.89990234375,없음,,,4424.89990234375,4056.4930563717294,4793.30674831577,0.766107678729038,simple,0.0392015604944314,0.0402997802039691,0.0,0.0,0.0,,,,,,,,,,,,,,pending,True,2026-09-24T03:10:09.841863+00:00
3,20260920T071428_46e4a4663e04,2026-09-20T07:14:36.525636+00:00,github-actions,823ac12bac50,2026-09-21,2026-09-18,82b008429f4bb27cb2fe,9b0b1adcafba0fea37db,close_to_close,0.0041078583910471,{},,disabled,상승,0.3122093363501465,0.3276759773279502,0.3601146863219031,Logistic,20260920T071428_46e4a4663e04:direction:Logistic,direction,1,2026-09-21,,,,,,,,,,,,,,,,,4413.0,4383.89990234375,-0.009265746323048663,0.0,0.0,,,,,,,1.1640813663186547,0.7101101304264559,scored,True,2026-09-24T03:10:09.841863+00:00
3,20260920T071428_46e4a4663e04,2026-09-20T07:14:36.525636+00:00,github-actions,823ac12bac50,2026-09-21,2026-09-18,82b008429f4bb27cb2fe,9b0b1adcafba0fea37db,close_to_close,0.0041078583910471,{},,disabled,,,,,Ridge,20260920T071428_46e4a4663e04:price:1,price,1,2026-09-21,1거래일,1.0,4424.89990234375,있음,1.4281302355811931e-05,4424.96309567715,4424.96309567715,4349.93946369347,4499.986727660828,0.7766051011433597,simple,0.0086531395144912,0.0086652127565124,-3.386556707742985e-05,5.927596976550777e-06,0.4515673072439984,4413.0,4383.89990234375,-0.009265746323048663,,,41.063193333399795,41.063193333399795,0.009366818186575454,0.009280027625404474,1.0,41.063193333399795,,,scored,True,2026-09-24T03:10:09.841863+00:00
3,20260920T071428_46e4a4663e04,2026-09-20T07:14:36.525636+00:00,github-actions,823ac12bac50,2026-09-21,2026-09-18,82b008429f4bb27cb2fe,9b0b1adcafba0fea37db,close_to_close,0.0041078583910471,{},,disabled,,,,,Ridge,20260920T071428_46e4a4663e04:price:5,price,5,2026-09-25,1주일,5.0,4424.89990234375,없음,,,4424.89990234375,4244.907186937779,4604.892617749721,0.7955947136563877,simple,0.0198643834164171,0.0201277310383327,0.0,0.0,0.0,4309.5,4321.2001953125,-0.023435492173805583,,,,,,,1.0,103.69970703125,,,scored,True,2026-09-26T05:09:25.276773+00:00
3,20260920T071428_46e4a4663e04,2026-09-20T07:14:36.525636+00:00,github-actions,823ac12bac50,2026-09-21,2026-09-18,82b008429f4bb27cb2fe,9b0b1adcafba0fea37db,close_to_close,0.0041078583910471,{},,disabled,,,,,Ridge,20260920T071428_46e4a4663e04:price:20,price,20,2026-10-16,1개월,20.0,4424.89990234375,없음,,,4424.89990234375,4056.4930563717294,4793.30674831577,0.766107678729038,simple,0.0392015605468307,0.0402997802039691,0.0,0.0,0.0,,,,,,,,,,,,,,pending,True,2026-09-24T03:10:09.841863+00:00
3,20260920T072242_bb4045148531,2026-09-20T07:22:55.018450+00:00,github-actions,823ac12bac50,2026-09-21,2026-09-18,82b008429f4bb27cb2fe,9b0b1adcafba0fea37db,close_to_close,0.0041078583910471,{},,disabled,상승,0.3120898888184437,0.3277470112603091,0.3601630999212472,Logistic,20260920T072242_bb4045148531:direction:Logistic,direction,1,2026-09-21,,,,,,,,,,,,,,,,,4413.0,4383.89990234375,-0.009265746323048663,0.0,0.0,,,,,,,1.164464027479665,0.7103558830007686,scored,True,2026-09-24T03:10:09.841863+00:00
3,20260920T072242_bb4045148531,2026-09-20T07:22:55.018450+00:00,github-actions,823ac12bac50,2026-09-21,2026-09-18,82b008429f4bb27cb2fe,9b0b1adcafba0fea37db,close_to_close,0.0041078583910471,{},,disabled,,,,,Ridge,20260920T072242_bb4045148531:price:1,price,1,2026-09-21,1거래일,1.0,4424.89990234375,있음,1.4281278708949683e-05,4424.963095572514,4424.963095572514,4349.939463530563,4499.986727614466,0.7766051011433597,simple,0.008653139513798,0.0086652127565124,-3.386556740342293e-05,5.927595767792091e-06,0.4515673005861457,4413.0,4383.89990234375,-0.009265746323048663,,,41.06319322876425,41.06319322876425,0.009366818162707312,0.009280027601757612,1.0,41.06319322876425,,,scored,True,2026-09-24T03:10:09.841863+00:00
3,20260920T072242_bb4045148531,2026-09-20T07:22:55.018450+00:00,github-actions,823ac12bac50,2026-09-21,2026-09-18,82b008429f4bb27cb2fe,9b0b1adcafba0fea37db,close_to_close,0.0041078583910471,{},,disabled,,,,,Ridge,20260920T072242_bb4045148531:price:5,price,5,2026-09-25,1주일,5.0,4424.89990234375,없음,,,4424.89990234375,4244.907186937779,4604.892617749721,0.7955947136563877,simple,0.0198643834212859,0.0201277310383327,0.0,0.0,0.0,4309.5,4321.2001953125,-0.023435492173805583,,,,,,,1.0,103.69970703125,,,scored,True,2026-09-26T05:09:25.276773+00:00
3,20260920T072242_bb4045148531,2026-09-20T07:22:55.018450+00:00,github-actions,823ac12bac50,2026-09-21,2026-09-18,82b008429f4bb27cb2fe,9b0b1adcafba0fea37db,close_to_close,0.0041078583910471,{},,disabled,,,,,Ridge,20260920T072242_bb4045148531:price:20,price,20,2026-10-16,1개월,20.0,4424.89990234375,없음,,,4424.89990234375,4056.4930563717294,4793.30674831577,0.766107678729038,simple,0.0392015604944314,0.0402997802039691,0.0,0.0,0.0,,,,,,,,,,,,,,pending,True,2026-09-24T03:10:09.841863+00:00
3,20260920T072741_96772a01968a,2026-09-20T07:27:52.868280+00:00,github-actions,823ac12bac50,2026-09-21,2026-09-18,82b008429f4bb27cb2fe,9b0b1adcafba0fea37db,close_to_close,0.0041078583910471,{},,disabled,상승,0.3120898888184437,0.3277470112603091,0.3601630999212472,Logistic,20260920T072741_96772a01968a:direction:Logistic,direction,1,2026-09-21,,,,,,,,,,,,,,,,,4413.0,4383.89990234375,-0.009265746323048663,0.0,0.0,,,,,,,1.164464027479665,0.7103558830007686,scored,True,2026-09-24T03:10:09.841863+00:00
3,20260920T072741_96772a01968a,2026-09-20T07:27:52.868280+00:00,github-actions,823ac12bac50,2026-09-21,2026-09-18,82b008429f4bb27cb2fe,9b0b1adcafba0fea37db,close_to_close,0.0041078583910471,{},,disabled,,,,,Ridge,20260920T072741_96772a01968a:price:1,price,1,2026-09-21,1거래일,1.0,4424.89990234375,있음,1.4281278708949683e-05,4424.963095572514,4424.963095572514,4349.939463530563,4499.986727614466,0.7766051011433597,simple,0.008653139513798,0.0086652127565124,-3.386556740342293e-05,5.927595767792091e-06,0.4515673005861457,4413.0,4383.89990234375,-0.009265746323048663,,,41.06319322876425,41.06319322876425,0.009366818162707312,0.009280027601757612,1.0,41.06319322876425,,,scored,True,2026-09-24T03:10:09.841863+00:00
3,20260920T072741_96772a01968a,2026-09-20T07:27:52.868280+00:00,github-actions,823ac12bac50,2026-09-21,2026-09-18,82b008429f4bb27cb2fe,9b0b1adcafba0fea37db,close_to_close,0.0041078583910471,{},,disabled,,,,,Ridge,20260920T072741_96772a01968a:price:5,price,5,2026-09-25,1주일,5.0,4424.89990234375,없음,,,4424.89990234375,4244.907186937779,4604.892617749721,0.7955947136563877,simple,0.0198643834212859,0.0201277310383327,0.0,0.0,0.0,4309.5,4321.2001953125,-0.023435492173805583,,,,,,,1.0,103.69970703125,,,scored,True,2026-09-26T05:09:25.276773+00:00
3,20260920T072741_96772a01968a,2026-09-20T07:27:52.868280+00:00,github-actions,823ac12bac50,2026-09-21,2026-09-18,82b008429f4bb27cb2fe,9b0b1adcafba0fea37db,close_to_close,0.0041078583910471,{},,disabled,,,,,Ridge,20260920T072741_96772a01968a:price:20,price,20,2026-10-16,1개월,20.0,4424.89990234375,없음,,,4424.89990234375,4056.4930563717294,4793.30674831577,0.766107678729038,simple,0.0392015604944314,0.0402997802039691,0.0,0.0,0.0,,,,,,,,,,,,,,pending,True,2026-09-24T03:10:09.841863+00:00
3,20260920T081454_3daf1160121c,2026-09-20T08:15:05.363631+00:00,github-actions,823ac12bac50,2026-09-21,2026-09-18,82b008429f4bb27cb2fe,9b0b1adcafba0fea37db,close_to_close,0.0041078583910471,{},,disabled,상승,0.3120898888184437,0.3277470112603091,0.3601630999212472,Logistic,20260920T081454_3daf1160121c:direction:Logistic,direction,1,2026-09-21,,,,,,,,,,,,,,,,,4413.0,4383.89990234375,-0.009265746323048663,0.0,0.0,,,,,,,1.164464027479665,0.7103558830007686,scored,True,2026-09-24T03:10:09.841863+00:00
3,20260920T081454_3daf1160121c,2026-09-20T08:15:05.363631+00:00,github-actions,823ac12bac50,2026-09-21,2026-09-18,82b008429f4bb27cb2fe,9b0b1adcafba0fea37db,close_to_close,0.0041078583910471,{},,disabled,,,,,Ridge,20260920T081454_3daf1160121c:price:1,price,1,2026-09-21,1거래일,1.0,4424.89990234375,있음,1.4281278708949683e-05,4424.963095572514,4424.963095572514,4349.939463530563,4499.986727614466,0.7766051011433597,simple,0.008653139513798,0.0086652127565124,-3.386556740342293e-05,5.927595767792091e-06,0.4515673005861457,4413.0,4383.89990234375,-0.009265746323048663,,,41.06319322876425,41.06319322876425,0.009366818162707312,0.009280027601757612,1.0,41.06319322876425,,,scored,True,2026-09-24T03:10:09.841863+00:00
3,20260920T081454_3daf1160121c,2026-09-20T08:15:05.363631+00:00,github-actions,823ac12bac50,2026-09-21,2026-09-18,82b008429f4bb27cb2fe,9b0b1adcafba0fea37db,close_to_close,0.0041078583910471,{},,disabled,,,,,Ridge,20260920T081454_3daf1160121c:price:5,price,5,2026-09-25,1주일,5.0,4424.89990234375,없음,,,4424.89990234375,4244.907186937779,4604.892617749721,0.7955947136563877,simple,0.0198643834212859,0.0201277310383327,0.0,0.0,0.0,4309.5,4321.2001953125,-0.023435492173805583,,,,,,,1.0,103.69970703125,,,scored,True,2026-09-26T05:09:25.276773+00:00
3,20260920T081454_3daf1160121c,2026-09-20T08:15:05.363631+00:00,github-actions,823ac12bac50,2026-09-21,2026-09-18,82b008429f4bb27cb2fe,9b0b1adcafba0fea37db,close_to_close,0.0041078583910471,{},,disabled,,,,,Ridge,20260920T081454_3daf1160121c:price:20,price,20,2026-10-16,1개월,20.0,4424.89990234375,없음,,,4424.89990234375,4056.4930563717294,4793.30674831577,0.766107678729038,simple,0.0392015604944314,0.0402997802039691,0.0,0.0,0.0,,,,,,,,,,,,,,pending,True,2026-09-24T03:10:09.841863+00:00
3,20260920T231854_4a707855173d,2026-09-20T23:19:06.453458+00:00,github-actions,823ac12bac50,2026-09-21,2026-09-18,82b008429f4bb27cb2fe,9b0b1adcafba0fea37db,close_to_close,0.0041078583910471,{},,disabled,상승,0.3107922230584991,0.3235195602005013,0.3656882167409995,Logistic,20260920T231854_4a707855173d:direction:Logistic,direction,1,2026-09-21,,,,,,,,,,,,,,,,,4413.0,4383.89990234375,-0.009265746323048663,0.0,0.0,,,,,,,1.1686306831360098,0.7134001374921836,scored,True,2026-09-24T03:10:09.841863+00:00
3,20260920T231854_4a707855173d,2026-09-20T23:19:06.453458+00:00,github-actions,823ac12bac50,2026-09-21,2026-09-18,82b008429f4bb27cb2fe,9b0b1adcafba0fea37db,close_to_close,0.0041078583910471,{},,disabled,,,,,Ridge,20260920T231854_4a707855173d:price:1,price,1,2026-09-21,1거래일,1.0,4424.89990234375,있음,6.447437772294506e-05,4425.18519501144,4425.18519501144,4350.161562969489,4500.208827053391,0.7766051011433597,simple,0.008653139513798,0.0086652127565124,-3.386556740342293e-05,5.927595767792091e-06,0.4515673005861457,4413.0,4383.89990234375,-0.009265746323048663,,,41.285292667689646,41.285292667689646,0.009417480687827162,0.009330220700771608,1.0,41.285292667689646,,,scored,True,2026-09-24T03:10:09.841863+00:00
3,20260920T231854_4a707855173d,2026-09-20T23:19:06.453458+00:00,github-actions,823ac12bac50,2026-09-21,2026-09-18,82b008429f4bb27cb2fe,9b0b1adcafba0fea37db,close_to_close,0.0041078583910471,{},,disabled,,,,,Ridge,20260920T231854_4a707855173d:price:5,price,5,2026-09-25,1주일,5.0,4424.89990234375,없음,,,4424.89990234375,4244.907186937779,4604.892617749721,0.7955947136563877,simple,0.0198643834212859,0.0201277310383327,0.0,0.0,0.0,4309.5,4321.2001953125,-0.023435492173805583,,,,,,,1.0,103.69970703125,,,scored,True,2026-09-26T05:09:25.276773+00:00
3,20260920T231854_4a707855173d,2026-09-20T23:19:06.453458+00:00,github-actions,823ac12bac50,2026-09-21,2026-09-18,82b008429f4bb27cb2fe,9b0b1adcafba0fea37db,close_to_close,0.0041078583910471,{},,disabled,,,,,Ridge,20260920T231854_4a707855173d:price:20,price,20,2026-10-16,1개월,20.0,4424.89990234375,없음,,,4424.89990234375,4056.4930563717294,4793.30674831577,0.766107678729038,simple,0.0392015604944314,0.0402997802039691,0.0,0.0,0.0,,,,,,,,,,,,,,pending,True,2026-09-24T03:10:09.841863+00:00
3,20260921T100617_aa5b37de7be7,2026-09-21T10:06:27.556674+00:00,github-actions,823ac12bac50,2026-09-21,2026-09-18,82b008429f4bb27cb2fe,9b0b1adcafba0fea37db,close_to_close,0.0041078583910471,{},,disabled,상승,0.3107922230584991,0.3235195602005013,0.3656882167409995,Logistic,20260921T100617_aa5b37de7be7:direction:Logistic,direction,1,2026-09-21,,,,,,,,,,,,,,,,,4413.0,4383.89990234375,-0.009265746323048663,0.0,0.0,,,,,,,1.1686306831360098,0.7134001374921836,scored,False,2026-09-24T03:10:09.841863+00:00
3,20260921T100617_aa5b37de7be7,2026-09-21T10:06:27.556674+00:00,github-actions,823ac12bac50,2026-09-21,2026-09-18,82b008429f4bb27cb2fe,9b0b1adcafba0fea37db,close_to_close,0.0041078583910471,{},,disabled,,,,,Ridge,20260921T100617_aa5b37de7be7:price:1,price,1,2026-09-21,1거래일,1.0,4424.89990234375,있음,6.447437772294506e-05,4425.18519501144,4425.18519501144,4350.161562969489,4500.208827053391,0.7766051011433597,simple,0.008653139513798,0.0086652127565124,-3.386556740342293e-05,5.927595767792091e-06,0.4515673005861457,4413.0,4383.89990234375,-0.009265746323048663,,,41.285292667689646,41.285292667689646,0.009417480687827162,0.009330220700771608,1.0,41.285292667689646,,,scored,False,2026-09-24T03:10:09.841863+00:00
3,20260921T100617_aa5b37de7be7,2026-09-21T10:06:27.556674+00:00,github-actions,823ac12bac50,2026-09-21,2026-09-18,82b008429f4bb27cb2fe,9b0b1adcafba0fea37db,close_to_close,0.0041078583910471,{},,disabled,,,,,Ridge,20260921T100617_aa5b37de7be7:price:5,price,5,2026-09-25,1주일,5.0,4424.89990234375,없음,,,4424.89990234375,4244.907186937779,4604.892617749721,0.7955947136563877,simple,0.0198643834212859,0.0201277310383327,0.0,0.0,0.0,4309.5,4321.2001953125,-0.023435492173805583,,,,,,,1.0,103.69970703125,,,scored,False,2026-09-26T05:09:25.276773+00:00
3,20260921T100617_aa5b37de7be7,2026-09-21T10:06:27.556674+00:00,github-actions,823ac12bac50,2026-09-21,2026-09-18,82b008429f4bb27cb2fe,9b0b1adcafba0fea37db,close_to_close,0.0041078583910471,{},,disabled,,,,,Ridge,20260921T100617_aa5b37de7be7:price:20,price,20,2026-10-16,1개월,20.0,4424.89990234375,없음,,,4424.89990234375,4056.4930563717294,4793.30674831577,0.766107678729038,simple,0.0392015604944314,0.0402997802039691,0.0,0.0,0.0,,,,,,,,,,,,,,pending,False,2026-09-24T03:10:09.841863+00:00
3,20260921T222628_eef193917ea5,2026-09-21T22:26:40.150874+00:00,github-actions,823ac12bac50,2026-09-22,2026-09-21,99a5b422fd8f7c2317d3,9b0b1adcafba0fea37db,close_to_close,0.0037146996982039,{},,disabled,상승,0.3076803097572047,0.3197978951840284,0.3725217950587668,Logistic,20260921T222628_eef193917ea5:direction:Logistic,direction,1,2026-09-22,,,,,,,,,,,,,,,,,4382.5,4376.39990234375,-0.0017108054853146593,1.0,0.0,,,,,,,1.140066060267393,0.6961145642021733,scored,True,2026-09-24T03:10:09.841863+00:00
3,20260921T222628_eef193917ea5,2026-09-21T22:26:40.150874+00:00,github-actions,823ac12bac50,2026-09-22,2026-09-21,99a5b422fd8f7c2317d3,9b0b1adcafba0fea37db,close_to_close,0.0037146996982039,{},,disabled,,,,,Ridge,20260921T222628_eef193917ea5:price:1,price,1,2026-09-22,1거래일,1.0,4386.7998046875,있음,0.0004522978560999,4388.783944834299,4388.783944834299,4321.503863099004,4456.064026569595,0.7766051011433597,simple,0.0086496241363035,0.0086620632183999,-3.422406342591017e-05,5.918655098245203e-06,0.4541558785661999,4382.5,4376.39990234375,-0.002370726453629679,,,12.384042490549291,12.384042490549291,0.002829732832211495,0.002823024309729579,1.0,12.384042490549291,,,scored,True,2026-09-24T03:10:09.841863+00:00
3,20260921T222628_eef193917ea5,2026-09-21T22:26:40.150874+00:00,github-actions,823ac12bac50,2026-09-22,2026-09-21,99a5b422fd8f7c2317d3,9b0b1adcafba0fea37db,close_to_close,0.0037146996982039,{},,disabled,,,,,Ridge,20260921T222628_eef193917ea5:price:5,price,5,2026-09-28,1주일,5.0,4386.7998046875,없음,,,4386.7998046875,4225.044345809791,4548.555263565208,0.798237885462555,simple,0.0198330259573027,0.0200997883329146,0.0,0.0,0.0,4315.0,4168.39990234375,-0.04978570075397093,,,,,,,0.0,218.39990234375,,,scored,True,2026-09-29T04:25:47.747216+00:00
3,20260921T222628_eef193917ea5,2026-09-21T22:26:40.150874+00:00,github-actions,823ac12bac50,2026-09-22,2026-09-21,99a5b422fd8f7c2317d3,9b0b1adcafba0fea37db,close_to_close,0.0037146996982039,{},,disabled,,,,,Ridge,20260921T222628_eef193917ea5:price:20,price,20,2026-10-19,1개월,20.0,4386.7998046875,없음,,,4386.7998046875,4056.521304894807,4717.078304480194,0.766107678729038,simple,0.0392491362671811,0.0403425131727989,0.0,0.0,0.0,,,,,,,,,,,,,,pending,True,2026-09-24T03:10:09.841863+00:00
3,20260921T225734_5591c66e1926,2026-09-21T22:57:44.541535+00:00,github-actions,823ac12bac50,2026-09-22,2026-09-21,8eefdcef892f534ffef2,9b0b1adcafba0fea37db,close_to_close,0.0037054439135743,{},,disabled,상승,0.3091929889102132,0.3191337978277894,0.3716732132619973,Logistic,20260921T225734_5591c66e1926:direction:Logistic,direction,1,2026-09-22,,,,,,,,,,,,,,,,,4382.5,4376.39990234375,-0.0017108054853146593,1.0,0.0,,,,,,,1.1421448352057777,0.6973200671081388,scored,True,2026-09-24T03:10:09.841863+00:00
3,20260921T225734_5591c66e1926,2026-09-21T22:57:44.541535+00:00,github-actions,823ac12bac50,2026-09-22,2026-09-21,8eefdcef892f534ffef2,9b0b1adcafba0fea37db,close_to_close,0.0037054439135743,{},,disabled,,,,,Ridge,20260921T225734_5591c66e1926:price:1,price,1,2026-09-22,1거래일,1.0,4393.60009765625,있음,0.0004451910499483,4395.556089096779,4395.556089096779,4328.339610883631,4462.772567309927,0.7766051011433597,simple,0.0086482724869831,0.0086607115700834,-3.4224066981414735e-05,5.918655387223925e-06,0.4541559065400597,4382.5,4376.39990234375,-0.003914829508874784,,,19.156186753029033,19.156186753029033,0.004377156379783775,0.004360020558823084,1.0,19.156186753029033,,,scored,True,2026-09-24T03:10:09.841863+00:00
3,20260921T225734_5591c66e1926,2026-09-21T22:57:44.541535+00:00,github-actions,823ac12bac50,2026-09-22,2026-09-21,8eefdcef892f534ffef2,9b0b1adcafba0fea37db,close_to_close,0.0037054439135743,{},,disabled,,,,,Ridge,20260921T225734_5591c66e1926:price:5,price,5,2026-09-28,1주일,5.0,4393.60009765625,없음,,,4393.60009765625,4231.997555125897,4555.202640186603,0.798237885462555,simple,0.0198344026868319,0.0201011650758737,0.0,0.0,0.0,4315.0,4168.39990234375,-0.051256416220636924,,,,,,,0.0,225.2001953125,,,scored,True,2026-09-29T04:25:47.747216+00:00
3,20260921T225734_5591c66e1926,2026-09-21T22:57:44.541535+00:00,github-actions,823ac12bac50,2026-09-22,2026-09-21,8eefdcef892f534ffef2,9b0b1adcafba0fea37db,close_to_close,0.0037054439135743,{},,disabled,,,,,Ridge,20260921T225734_5591c66e1926:price:20,price,20,2026-10-19,1개월,20.0,4393.60009765625,없음,,,4393.60009765625,4063.6338283264345,4723.566366986066,0.766107678729038,simple,0.0392478539645076,0.0403412308535069,0.0,0.0,0.0,,,,,,,,,,,,,,pending,True,2026-09-24T03:10:09.841863+00:00
3,20260921T235631_12647ef9295e,2026-09-21T23:56:40.216798+00:00,github-actions,823ac12bac50,2026-09-22,2026-09-21,f9f97bcc858066b43e66,9b0b1adcafba0fea37db,close_to_close,0.0036962872239168,{},,disabled,상승,0.3111013775324066,0.3185354473692079,0.3703631750983854,Logistic,20260921T235631_12647ef9295e:direction:Logistic,direction,1,2026-09-22,,,,,,,,,,,,,,,,,4382.5,4376.39990234375,-0.0017108054853146593,1.0,0.0,,,,,,,1.1440215154399291,0.6983468850638039,scored,True,2026-09-24T03:10:09.841863+00:00
3,20260921T235631_12647ef9295e,2026-09-21T23:56:40.216798+00:00,github-actions,823ac12bac50,2026-09-22,2026-09-21,f9f97bcc858066b43e66,9b0b1adcafba0fea37db,close_to_close,0.0036962872239168,{},,disabled,,,,,Ridge,20260921T235631_12647ef9295e:price:1,price,1,2026-09-22,1거래일,1.0,4405.10009765625,있음,0.0004333014076109,4407.008833729232,4407.008833729232,4339.782956699164,4474.2347107593,0.7766051011433597,simple,0.0086459867102164,0.0086584257927336,-3.42240663225549e-05,5.918654655654856e-06,0.4541558945660602,4382.5,4376.39990234375,-0.006515219785305226,,,30.60893138548181,30.60893138548181,0.006994089221391632,0.006948521192916127,1.0,30.60893138548181,,,scored,True,2026-09-24T03:10:09.841863+00:00
3,20260921T235631_12647ef9295e,2026-09-21T23:56:40.216798+00:00,github-actions,823ac12bac50,2026-09-22,2026-09-21,f9f97bcc858066b43e66,9b0b1adcafba0fea37db,close_to_close,0.0036962872239168,{},,disabled,,,,,Ridge,20260921T235631_12647ef9295e:price:5,price,5,2026-09-28,1주일,5.0,4405.10009765625,없음,,,4405.10009765625,4243.47495819554,4566.72523711696,0.798237885462555,simple,0.0198367309100646,0.0201034932908644,0.0,0.0,0.0,4315.0,4168.39990234375,-0.05373321605982062,,,,,,,0.0,236.7001953125,,,scored,True,2026-09-29T04:25:47.747216+00:00
3,20260921T235631_12647ef9295e,2026-09-21T23:56:40.216798+00:00,github-actions,823ac12bac50,2026-09-22,2026-09-21,f9f97bcc858066b43e66,9b0b1adcafba0fea37db,close_to_close,0.0036962872239168,{},,disabled,,,,,Ridge,20260921T235631_12647ef9295e:price:20,price,20,2026-10-19,1개월,20.0,4405.10009765625,없음,,,4405.10009765625,4075.087689047366,4735.112506265134,0.766107678729038,simple,0.0392456853981088,0.040339062318721,0.0,0.0,0.0,,,,,,,,,,,,,,pending,True,2026-09-24T03:10:09.841863+00:00
3,20260922T001912_ca0e4443264c,2026-09-22T00:19:21.098983+00:00,github-actions,823ac12bac50,2026-09-22,2026-09-21,390962129afdc5ba65c6,9b0b1adcafba0fea37db,close_to_close,0.0036948412188758,{},,disabled,상승,0.3102464960705801,0.3281113060156481,0.3616421979137718,Logistic,20260922T001912_ca0e4443264c:direction:Logistic,direction,1,2026-09-22,,,,,,,,,,,,,,,,,4382.5,4376.39990234375,-0.0017108054853146593,1.0,0.0,,,,,,,1.1144023805546872,0.6784723847399742,scored,False,2026-09-24T03:10:09.841863+00:00
3,20260922T001912_ca0e4443264c,2026-09-22T00:19:21.098983+00:00,github-actions,823ac12bac50,2026-09-22,2026-09-21,390962129afdc5ba65c6,9b0b1adcafba0fea37db,close_to_close,0.0036948412188758,{},,disabled,,,,,Ridge,20260922T001912_ca0e4443264c:price:1,price,1,2026-09-22,1거래일,1.0,4410.2998046875,있음,0.0002433033077977,4411.37284521836,4411.37284521836,4344.093946002976,4478.651744433744,0.7766051011433597,simple,0.0086449531995592,0.0086573922820764,-3.42240663225549e-05,5.918654655654856e-06,0.4541558945660602,4382.5,4376.39990234375,-0.007686530132876568,,,34.97294287461045,34.97294287461045,0.007991258489856226,0.007929833440674269,1.0,34.97294287461045,,,scored,False,2026-09-24T03:10:09.841863+00:00
3,20260922T001912_ca0e4443264c,2026-09-22T00:19:21.098983+00:00,github-actions,823ac12bac50,2026-09-22,2026-09-21,390962129afdc5ba65c6,9b0b1adcafba0fea37db,close_to_close,0.0036948412188758,{},,disabled,,,,,Ridge,20260922T001912_ca0e4443264c:price:5,price,5,2026-09-28,1주일,5.0,4410.2998046875,없음,,,4410.2998046875,4248.547188747868,4572.052420627131,0.798237885462555,simple,0.0198377836088348,0.0201045459896345,0.0,0.0,0.0,4315.0,4168.39990234375,-0.054848856779905475,,,,,,,0.0,241.89990234375,,,scored,False,2026-09-29T04:25:47.747216+00:00
3,20260922T001912_ca0e4443264c,2026-09-22T00:19:21.098983+00:00,github-actions,823ac12bac50,2026-09-22,2026-09-21,390962129afdc5ba65c6,9b0b1adcafba0fea37db,close_to_close,0.0036948412188758,{},,disabled,,,,,Ridge,20260922T001912_ca0e4443264c:price:20,price,20,2026-10-19,1개월,20.0,4410.2998046875,없음,,,4410.2998046875,4080.027109714809,4740.572499660191,0.766107678729038,simple,0.0392447048984937,0.0403380818191059,0.0,0.0,0.0,,,,,,,,,,,,,,pending,False,2026-09-24T03:10:09.841863+00:00
3,20260922T020457_0f871101489c,2026-09-22T02:05:10.514074+00:00,github-actions,823ac12bac50,2026-09-22,2026-09-21,0253519fa7cf28679702,9b0b1adcafba0fea37db,close_to_close,0.0037171231493179,{},,disabled,상승,0.3066709837781334,0.3213057191448324,0.3720232970770342,Logistic,20260922T020457_0f871101489c:direction:Logistic,direction,1,2026-09-22,,,,,,,,,,,,,,,,,4382.5,4376.39990234375,-0.0017108054853146593,1.0,0.0,,,,,,,1.1353622130037024,0.6930743527250286,scored,False,2026-09-24T03:10:09.841863+00:00
3,20260922T020457_0f871101489c,2026-09-22T02:05:10.514074+00:00,github-actions,823ac12bac50,2026-09-22,2026-09-21,0253519fa7cf28679702,9b0b1adcafba0fea37db,close_to_close,0.0037171231493179,{},,disabled,,,,,Ridge,20260922T020457_0f871101489c:price:1,price,1,2026-09-22,1거래일,1.0,4385.2998046875,있음,0.0004420859622769,4387.238484171528,4387.238484171528,4319.937529625793,4454.539438717262,0.7766051011433597,simple,0.0086499222801713,0.0086623613632716,-3.4224066981414735e-05,5.918655387223925e-06,0.4541559065400597,4382.5,4376.39990234375,-0.0020294854947515706,,,10.838581827778398,10.838581827778398,0.002476597676088484,0.0024715714570284707,1.0,10.838581827778398,,,scored,False,2026-09-24T03:10:09.841863+00:00
3,20260922T020457_0f871101489c,2026-09-22T02:05:10.514074+00:00,github-actions,823ac12bac50,2026-09-22,2026-09-21,0253519fa7cf28679702,9b0b1adcafba0fea37db,close_to_close,0.0037171231493179,{},,disabled,,,,,Ridge,20260922T020457_0f871101489c:price:5,price,5,2026-09-28,1주일,5.0,4385.2998046875,없음,,,4385.2998046875,4223.494163296681,4547.105446078319,0.798237885462555,simple,0.0198327222636566,0.0200994846526984,0.0,0.0,0.0,4315.0,4168.39990234375,-0.0494606781757323,,,,,,,0.0,216.89990234375,,,scored,False,2026-09-29T04:25:47.747216+00:00
3,20260922T020457_0f871101489c,2026-09-22T02:05:10.514074+00:00,github-actions,823ac12bac50,2026-09-22,2026-09-21,0253519fa7cf28679702,9b0b1adcafba0fea37db,close_to_close,0.0037171231493179,{},,disabled,,,,,Ridge,20260922T020457_0f871101489c:price:20,price,20,2026-10-19,1개월,20.0,4385.2998046875,없음,,,4385.2998046875,4054.9188403148737,4715.680769060126,0.766107678729038,simple,0.0392494191361629,0.0403427960251622,0.0,0.0,0.0,,,,,,,,,,,,,,pending,False,2026-09-24T03:10:09.841863+00:00
3,20260922T022504_e34561170aa8,2026-09-22T02:25:16.112305+00:00,github-actions,823ac12bac50,2026-09-22,2026-09-21,5e1ffa21cb2f7645cd82,9b0b1adcafba0fea37db,close_to_close,0.0037279859596311,{},,disabled,상승,0.3052904315981705,0.3219972901755244,0.3727122782263051,Logistic,20260922T022504_e34561170aa8:direction:Logistic,direction,1,2026-09-22,,,,,,,,,,,,,,,,,4382.5,4376.39990234375,-0.0017108054853146593,1.0,0.0,,,,,,,1.1332121490771017,0.691804364495372,scored,False,2026-09-24T03:10:09.841863+00:00
3,20260922T022504_e34561170aa8,2026-09-22T02:25:16.112305+00:00,github-actions,823ac12bac50,2026-09-22,2026-09-21,5e1ffa21cb2f7645cd82,9b0b1adcafba0fea37db,close_to_close,0.0037279859596311,{},,disabled,,,,,Ridge,20260922T022504_e34561170aa8:price:1,price,1,2026-09-22,1거래일,1.0,4379.39990234375,있음,0.0004609997267834,4381.418804502207,4381.418804502207,4314.011981775186,4448.8256272292265,0.7766051011433597,simple,0.0086510949649268,0.0086635340470232,-3.422406342591017e-05,5.918655098245203e-06,0.4541558785661999,4382.5,4376.39990234375,-0.0006850253612131763,,,5.018902158457422,5.018902158457422,0.0011468106823989243,0.0011460250879965763,1.0,5.018902158457422,,,scored,False,2026-09-24T03:10:09.841863+00:00
3,20260922T022504_e34561170aa8,2026-09-22T02:25:16.112305+00:00,github-actions,823ac12bac50,2026-09-22,2026-09-21,5e1ffa21cb2f7645cd82,9b0b1adcafba0fea37db,close_to_close,0.0037279859596311,{},,disabled,,,,,Ridge,20260922T022504_e34561170aa8:price:5,price,5,2026-09-28,1주일,5.0,4379.39990234375,없음,,,4379.39990234375,4217.339731480764,4541.460073206736,0.798237885462555,simple,0.0198315278213405,0.0200982901969523,0.0,0.0,0.0,4315.0,4168.39990234375,-0.04818011707199377,,,,,,,0.0,211.0,,,scored,False,2026-09-29T04:25:47.747216+00:00
3,20260922T022504_e34561170aa8,2026-09-22T02:25:16.112305+00:00,github-actions,823ac12bac50,2026-09-22,2026-09-21,5e1ffa21cb2f7645cd82,9b0b1adcafba0fea37db,close_to_close,0.0037279859596311,{},,disabled,,,,,Ridge,20260922T022504_e34561170aa8:price:20,price,20,2026-10-19,1개월,20.0,4379.39990234375,없음,,,4379.39990234375,4048.4992299328073,4710.300574754693,0.766107678729038,simple,0.0392505316537589,0.0403439085593766,0.0,0.0,0.0,,,,,,,,,,,,,,pending,False,2026-09-24T03:10:09.841863+00:00
3,20260922T055615_90f287861e06,2026-09-22T05:56:29.102239+00:00,github-actions,823ac12bac50,2026-09-22,2026-09-21,48276a3bc4fbff084e1c,9b0b1adcafba0fea37db,close_to_close,0.0037195088781021,{},,disabled,상승,0.3065068749614746,0.3142658577271363,0.3792272673113891,Logistic,20260922T055615_90f287861e06:direction:Logistic,direction,1,2026-09-22,,,,,,,,,,,,,,,,,4382.5,4376.39990234375,-0.0017108054853146593,1.0,0.0,,,,,,,1.1575159706460927,0.707991098549813,scored,False,2026-09-24T03:10:09.841863+00:00
3,20260922T055615_90f287861e06,2026-09-22T05:56:29.102239+00:00,github-actions,823ac12bac50,2026-09-22,2026-09-21,48276a3bc4fbff084e1c,9b0b1adcafba0fea37db,close_to_close,0.0037195088781021,{},,disabled,,,,,Ridge,20260922T055615_90f287861e06:price:1,price,1,2026-09-22,1거래일,1.0,4383.89990234375,있음,0.0005191810196265,4386.17593996499,4386.17593996499,4318.853288292865,4453.498591637113,0.7766051011433597,simple,0.0086502005303117,0.008662639612408,-3.422406342591017e-05,5.918655098245203e-06,0.4541558785661999,4382.5,4376.39990234375,-0.0017108054853146593,,,9.776037621239993,9.776037621239993,0.002233808116119486,0.0022299865049411594,1.0,9.776037621239993,,,scored,False,2026-09-24T03:10:09.841863+00:00
3,20260922T055615_90f287861e06,2026-09-22T05:56:29.102239+00:00,github-actions,823ac12bac50,2026-09-22,2026-09-21,48276a3bc4fbff084e1c,9b0b1adcafba0fea37db,close_to_close,0.0037195088781021,{},,disabled,,,,,Ridge,20260922T055615_90f287861e06:price:5,price,5,2026-09-28,1주일,5.0,4383.89990234375,없음,,,4383.89990234375,4222.042096389632,4545.757708297867,0.798237885462555,simple,0.019832438861989,0.0200992012376008,0.0,0.0,0.0,4315.0,4168.39990234375,-0.04915714427804063,,,,,,,0.0,215.5,,,scored,False,2026-09-29T04:25:47.747216+00:00
3,20260922T055615_90f287861e06,2026-09-22T05:56:29.102239+00:00,github-actions,823ac12bac50,2026-09-22,2026-09-21,48276a3bc4fbff084e1c,9b0b1adcafba0fea37db,close_to_close,0.0037195088781021,{},,disabled,,,,,Ridge,20260922T055615_90f287861e06:price:20,price,20,2026-10-19,1개월,20.0,4383.89990234375,없음,,,4383.89990234375,4053.412426365097,4714.387378322404,0.766107678729038,simple,0.0392496830966687,0.0403430600022865,0.0,0.0,0.0,,,,,,,,,,,,,,pending,False,2026-09-24T03:10:09.841863+00:00
3,20260922T092145_0214fd3a39bc,2026-09-22T09:21:56.463721+00:00,github-actions,823ac12bac50,2026-09-22,2026-09-21,48276a3bc4fbff084e1c,9b0b1adcafba0fea37db,close_to_close,0.0037195088781021,{},,disabled,상승,0.3065068749614746,0.3142658577271363,0.3792272673113891,Logistic,20260922T092145_0214fd3a39bc:direction:Logistic,direction,1,2026-09-22,,,,,,,,,,,,,,,,,4382.5,4376.39990234375,-0.0017108054853146593,1.0,0.0,,,,,,,1.1575159706460927,0.707991098549813,scored,False,2026-09-24T03:10:09.841863+00:00
3,20260922T092145_0214fd3a39bc,2026-09-22T09:21:56.463721+00:00,github-actions,823ac12bac50,2026-09-22,2026-09-21,48276a3bc4fbff084e1c,9b0b1adcafba0fea37db,close_to_close,0.0037195088781021,{},,disabled,,,,,Ridge,20260922T092145_0214fd3a39bc:price:1,price,1,2026-09-22,1거래일,1.0,4383.89990234375,있음,0.0005191810196265,4386.17593996499,4386.17593996499,4318.853288292865,4453.498591637113,0.7766051011433597,simple,0.0086502005303117,0.008662639612408,-3.422406342591017e-05,5.918655098245203e-06,0.4541558785661999,4382.5,4376.39990234375,-0.0017108054853146593,,,9.776037621239993,9.776037621239993,0.002233808116119486,0.0022299865049411594,1.0,9.776037621239993,,,scored,False,2026-09-24T03:10:09.841863+00:00
3,20260922T092145_0214fd3a39bc,2026-09-22T09:21:56.463721+00:00,github-actions,823ac12bac50,2026-09-22,2026-09-21,48276a3bc4fbff084e1c,9b0b1adcafba0fea37db,close_to_close,0.0037195088781021,{},,disabled,,,,,Ridge,20260922T092145_0214fd3a39bc:price:5,price,5,2026-09-28,1주일,5.0,4383.89990234375,없음,,,4383.89990234375,4222.042096389632,4545.757708297867,0.798237885462555,simple,0.019832438861989,0.0200992012376008,0.0,0.0,0.0,4315.0,4168.39990234375,-0.04915714427804063,,,,,,,0.0,215.5,,,scored,False,2026-09-29T04:25:47.747216+00:00
3,20260922T092145_0214fd3a39bc,2026-09-22T09:21:56.463721+00:00,github-actions,823ac12bac50,2026-09-22,2026-09-21,48276a3bc4fbff084e1c,9b0b1adcafba0fea37db,close_to_close,0.0037195088781021,{},,disabled,,,,,Ridge,20260922T092145_0214fd3a39bc:price:20,price,20,2026-10-19,1개월,20.0,4383.89990234375,없음,,,4383.89990234375,4053.412426365097,4714.387378322404,0.766107678729038,simple,0.0392496830966687,0.0403430600022865,0.0,0.0,0.0,,,,,,,,,,,,,,pending,False,2026-09-24T03:10:09.841863+00:00
3,20260922T233846_cf8673cac866,2026-09-22T23:38:58.431378+00:00,github-actions,823ac12bac50,2026-09-23,2026-09-22,af30adb7964b38f300f8,9b0b1adcafba0fea37db,close_to_close,0.0037219295874896,{},,disabled,상승,0.3076998474954435,0.3288488487795778,0.3634513037249787,Logistic,20260922T233846_cf8673cac866:direction:Logistic,direction,1,2026-09-23,,,,,,,,,,,,,,,,,4394.7001953125,4318.39990234375,-0.013252902224254792,0.0,0.0,,,,,,,1.1786304922816817,0.7195179166808725,scored,True,2026-09-24T05:02:57.830455+00:00
3,20260922T233846_cf8673cac866,2026-09-22T23:38:58.431378+00:00,github-actions,823ac12bac50,2026-09-23,2026-09-22,af30adb7964b38f300f8,9b0b1adcafba0fea37db,close_to_close,0.0037219295874896,{},,disabled,,,,,Ridge,20260922T233846_cf8673cac866:price:1,price,1,2026-09-23,1거래일,1.0,4401.2001953125,있음,0.0001655425876379,4401.9287813815445,4401.9287813815445,4334.220605159832,4469.636957603257,0.7774846086191732,simple,0.0086398966423247,0.0086521606346527,-3.4465919776792845e-05,6.4388235742662295e-06,0.4639465161776112,4394.7001953125,4318.39990234375,-0.01881311671687569,,,83.52887903779447,83.52887903779447,0.01934255301192934,0.01897865930451359,0.0,83.52887903779447,,,scored,True,2026-09-24T05:02:57.830455+00:00
3,20260922T233846_cf8673cac866,2026-09-22T23:38:58.431378+00:00,github-actions,823ac12bac50,2026-09-23,2026-09-22,af30adb7964b38f300f8,9b0b1adcafba0fea37db,close_to_close,0.0037219295874896,{},,disabled,,,,,Ridge,20260922T233846_cf8673cac866:price:5,price,5,2026-09-29,1주일,5.0,4401.2001953125,없음,,,4401.2001953125,4238.597890812095,4563.802499812905,0.798237885462555,simple,0.0198178142778365,0.0200879169484414,0.0,0.0,0.0,4150.10009765625,4179.7001953125,-0.05032718126203595,,,,,,,0.0,221.5,,,scored,True,2026-09-30T05:43:15.259410+00:00
3,20260922T233846_cf8673cac866,2026-09-22T23:38:58.431378+00:00,github-actions,823ac12bac50,2026-09-23,2026-09-22,af30adb7964b38f300f8,9b0b1adcafba0fea37db,close_to_close,0.0037219295874896,{},,disabled,,,,,Ridge,20260922T233846_cf8673cac866:price:20,price,20,2026-10-20,1개월,20.0,4401.2001953125,없음,,,4401.2001953125,4069.1925736480607,4733.207816976939,0.766107678729038,simple,0.0392982602119956,0.0403849864427083,0.0,0.0,0.0,,,,,,,,,,,,,,pending,True,2026-09-24T03:10:09.841863+00:00
3,20260923T010411_eca00b79c523,2026-09-23T01:04:22.745792+00:00,github-actions,823ac12bac50,2026-09-23,2026-09-22,b0815862000ca0323d5e,9b0b1adcafba0fea37db,close_to_close,0.0037109678189048,{},,disabled,상승,0.3059412599565528,0.3330093895301626,0.3610493505132845,Logistic,20260923T010411_eca00b79c523:direction:Logistic,direction,1,2026-09-23,,,,,,,,,,,,,,,,,4394.7001953125,4318.39990234375,-0.013252902224254792,0.0,0.0,,,,,,,1.1843621563829112,0.7229694216520137,scored,False,2026-09-24T05:02:57.830455+00:00
3,20260923T010411_eca00b79c523,2026-09-23T01:04:22.745792+00:00,github-actions,823ac12bac50,2026-09-23,2026-09-22,b0815862000ca0323d5e,9b0b1adcafba0fea37db,close_to_close,0.0037109678189048,{},,disabled,,,,,Ridge,20260923T010411_eca00b79c523:price:1,price,1,2026-09-23,1거래일,1.0,4395.39990234375,있음,0.000239639004576,4396.453211601061,4396.453211601061,4329.033417487828,4463.873005714295,0.7774846086191732,simple,0.0086387329750098,0.0086509969673378,-3.4465919776792845e-05,6.4388235742662295e-06,0.4639465161776112,4394.7001953125,4318.39990234375,-0.017518314990847883,,,78.05330925731141,78.05330925731141,0.018074590362728817,0.017757953995423882,0.0,78.05330925731141,,,scored,False,2026-09-24T05:02:57.830455+00:00
3,20260923T010411_eca00b79c523,2026-09-23T01:04:22.745792+00:00,github-actions,823ac12bac50,2026-09-23,2026-09-22,b0815862000ca0323d5e,9b0b1adcafba0fea37db,close_to_close,0.0037109678189048,{},,disabled,,,,,Ridge,20260923T010411_eca00b79c523:price:5,price,5,2026-09-29,1주일,5.0,4395.39990234375,없음,,,4395.39990234375,4233.490152244188,4557.309652443312,0.798237885462555,simple,0.0198166348117842,0.0200867374823891,0.0,0.0,0.0,4150.10009765625,4179.7001953125,-0.049073966379312384,,,,,,,0.0,215.69970703125,,,scored,False,2026-09-30T05:43:15.259410+00:00
3,20260923T010411_eca00b79c523,2026-09-23T01:04:22.745792+00:00,github-actions,823ac12bac50,2026-09-23,2026-09-22,b0815862000ca0323d5e,9b0b1adcafba0fea37db,close_to_close,0.0037109678189048,{},,disabled,,,,,Ridge,20260923T010411_eca00b79c523:price:20,price,20,2026-10-20,1개월,20.0,4395.39990234375,없음,,,4395.39990234375,4064.806364816699,4725.993439870801,0.766107678729038,simple,0.0392993499585754,0.0403860761892881,0.0,0.0,0.0,,,,,,,,,,,,,,pending,False,2026-09-24T03:10:09.841863+00:00
3,20260923T022749_e2df1b5e2dbf,2026-09-23T02:27:59.680489+00:00,github-actions,823ac12bac50,2026-09-23,2026-09-22,a0bad5b6cf5e0ba6059d,9b0b1adcafba0fea37db,close_to_close,0.0036884029587752,{},,disabled,상승,0.3061460659644926,0.3290281364929803,0.364825797542527,Logistic,20260923T022749_e2df1b5e2dbf:direction:Logistic,direction,1,2026-09-23,,,,,,,,,,,,,,,,,4394.7001953125,4318.39990234375,-0.013252902224254792,0.0,0.0,,,,,,,1.1836929511668908,0.7227906589331343,scored,False,2026-09-24T05:02:57.830455+00:00
3,20260923T022749_e2df1b5e2dbf,2026-09-23T02:27:59.680489+00:00,github-actions,823ac12bac50,2026-09-23,2026-09-22,a0bad5b6cf5e0ba6059d,9b0b1adcafba0fea37db,close_to_close,0.0036884029587752,{},,disabled,,,,,Ridge,20260923T022749_e2df1b5e2dbf:price:1,price,1,2026-09-23,1거래일,1.0,4372.89990234375,있음,0.000268862437224,4374.075610869231,4374.075610869231,4307.40879122146,4440.742430517002,0.7774846086191732,simple,0.0086405049991193,0.0086508966562569,-3.320511531065647e-05,6.553799823340422e-06,0.4639465161776112,4394.7001953125,4318.39990234375,-0.01246312543554673,,,55.67570852548124,55.67570852548124,0.012892670846732847,0.012731987872770729,1.0,55.67570852548124,,,scored,False,2026-09-24T05:02:57.830455+00:00
3,20260923T022749_e2df1b5e2dbf,2026-09-23T02:27:59.680489+00:00,github-actions,823ac12bac50,2026-09-23,2026-09-22,a0bad5b6cf5e0ba6059d,9b0b1adcafba0fea37db,close_to_close,0.0036884029587752,{},,disabled,,,,,Ridge,20260923T022749_e2df1b5e2dbf:price:5,price,5,2026-09-29,1주일,5.0,4372.89990234375,없음,,,4372.89990234375,4212.798432870641,4533.001371816859,0.798237885462555,simple,0.0198120595280324,0.0200821621986373,0.0,0.0,0.0,4150.10009765625,4179.7001953125,-0.044181140969565824,,,,,,,0.0,193.19970703125,,,scored,False,2026-09-30T05:43:15.259410+00:00
3,20260923T022749_e2df1b5e2dbf,2026-09-23T02:27:59.680489+00:00,github-actions,823ac12bac50,2026-09-23,2026-09-22,a0bad5b6cf5e0ba6059d,9b0b1adcafba0fea37db,close_to_close,0.0036884029587752,{},,disabled,,,,,Ridge,20260923T022749_e2df1b5e2dbf:price:20,price,20,2026-10-20,1개월,20.0,4372.89990234375,없음,,,4372.89990234375,4045.9985815533255,4699.801223134175,0.766107678729038,simple,0.0393035772102295,0.0403903034409421,0.0,0.0,0.0,,,,,,,,,,,,,,pending,False,2026-09-24T03:10:09.841863+00:00
3,20260923T061157_0ab880c38e77,2026-09-23T06:12:10.398839+00:00,github-actions,823ac12bac50,2026-09-23,2026-09-22,0966b7fe62d12e8474e9,9b0b1adcafba0fea37db,close_to_close,0.0036898127280551,{},,disabled,상승,0.3077326864021199,0.3234596202674054,0.3688076933304746,Logistic,20260923T061157_0ab880c38e77:direction:Logistic,direction,1,2026-09-23,,,,,,,,,,,,,,,,,4394.7001953125,4318.39990234375,-0.013252902224254792,0.0,0.0,,,,,,,1.1785237741447652,0.7198792740793052,scored,False,2026-09-24T05:02:57.830455+00:00
3,20260923T061157_0ab880c38e77,2026-09-23T06:12:10.398839+00:00,github-actions,823ac12bac50,2026-09-23,2026-09-22,0966b7fe62d12e8474e9,9b0b1adcafba0fea37db,close_to_close,0.0036898127280551,{},,disabled,,,,,Ridge,20260923T061157_0ab880c38e77:price:1,price,1,2026-09-23,1거래일,1.0,4376.39990234375,있음,0.0003203042724635,4377.801681930479,4377.801681930479,4311.056001645598,4444.54736221536,0.7774846086191732,simple,0.0086398028215528,0.0086501944786903,-3.320511531065647e-05,6.553799823340422e-06,0.4639465161776112,4394.7001953125,4318.39990234375,-0.013252902224254792,,,59.40177958672939,59.40177958672939,0.01375550688450366,0.013573206496718292,1.0,59.40177958672939,,,scored,False,2026-09-24T05:02:57.830455+00:00
3,20260923T061157_0ab880c38e77,2026-09-23T06:12:10.398839+00:00,github-actions,823ac12bac50,2026-09-23,2026-09-22,0966b7fe62d12e8474e9,9b0b1adcafba0fea37db,close_to_close,0.0036898127280551,{},,disabled,,,,,Ridge,20260923T061157_0ab880c38e77:price:5,price,5,2026-09-29,1주일,5.0,4376.39990234375,없음,,,4376.39990234375,4216.109047746952,4536.690756940548,0.798237885462555,simple,0.0198127712388382,0.0200828739094432,0.0,0.0,0.0,4150.10009765625,4179.7001953125,-0.04494555146249524,,,,,,,0.0,196.69970703125,,,scored,False,2026-09-30T05:43:15.259410+00:00
3,20260923T061157_0ab880c38e77,2026-09-23T06:12:10.398839+00:00,github-actions,823ac12bac50,2026-09-23,2026-09-22,0966b7fe62d12e8474e9,9b0b1adcafba0fea37db,close_to_close,0.0036898127280551,{},,disabled,,,,,Ridge,20260923T061157_0ab880c38e77:price:20,price,20,2026-10-20,1개월,20.0,4376.39990234375,없음,,,4376.39990234375,4049.111887744232,4703.687916943269,0.766107678729038,simple,0.03930291963775,0.0403896458684626,0.0,0.0,0.0,,,,,,,,,,,,,,pending,False,2026-09-24T03:10:09.841863+00:00
3,20260923T141104_640eec9ce626,2026-09-23T14:11:14.496933+00:00,github-actions,823ac12bac50,2026-09-23,2026-09-22,0966b7fe62d12e8474e9,9b0b1adcafba0fea37db,close_to_close,0.0036898127280551,{},,disabled,상승,0.3077326253439248,0.3234596089123712,0.3688077657437039,Logistic,20260923T141104_640eec9ce626:direction:Logistic,direction,1,2026-09-23,,,,,,,,,,,,,,,,,4394.7001953125,4318.39990234375,-0.013252902224254792,0.0,0.0,,,,,,,1.178523972557881,0.7198794046838217,scored,False,2026-09-24T05:02:57.830455+00:00
3,20260923T141104_640eec9ce626,2026-09-23T14:11:14.496933+00:00,github-actions,823ac12bac50,2026-09-23,2026-09-22,0966b7fe62d12e8474e9,9b0b1adcafba0fea37db,close_to_close,0.0036898127280551,{},,disabled,,,,,Ridge,20260923T141104_640eec9ce626:price:1,price,1,2026-09-23,1거래일,1.0,4376.39990234375,있음,0.0003203042433597,4377.80168180311,4377.80168180311,4311.056001282862,4444.547362323357,0.7774846086191732,simple,0.0086398028227789,0.0086501944786903,-3.3205117309282634e-05,6.553799055871069e-06,0.4639465058077172,4394.7001953125,4318.39990234375,-0.013252902224254792,,,59.401779459360114,59.401779459360114,0.013755506855009108,0.013573206467614493,1.0,59.401779459360114,,,scored,False,2026-09-24T05:02:57.830455+00:00
3,20260923T141104_640eec9ce626,2026-09-23T14:11:14.496933+00:00,github-actions,823ac12bac50,2026-09-23,2026-09-22,0966b7fe62d12e8474e9,9b0b1adcafba0fea37db,close_to_close,0.0036898127280551,{},,disabled,,,,,Ridge,20260923T141104_640eec9ce626:price:5,price,5,2026-09-29,1주일,5.0,4376.39990234375,없음,,,4376.39990234375,4216.109047746952,4536.690756940548,0.798237885462555,simple,0.0198127712500216,0.0200828739094432,0.0,0.0,0.0,4150.10009765625,4179.7001953125,-0.04494555146249524,,,,,,,0.0,196.69970703125,,,scored,False,2026-09-30T05:43:15.259410+00:00
3,20260923T141104_640eec9ce626,2026-09-23T14:11:14.496933+00:00,github-actions,823ac12bac50,2026-09-23,2026-09-22,0966b7fe62d12e8474e9,9b0b1adcafba0fea37db,close_to_close,0.0036898127280551,{},,disabled,,,,,Ridge,20260923T141104_640eec9ce626:price:20,price,20,2026-10-20,1개월,20.0,4376.39990234375,없음,,,4376.39990234375,4049.111887744232,4703.687916943269,0.766107678729038,simple,0.0393029196306624,0.0403896458684626,0.0,0.0,0.0,,,,,,,,,,,,,,pending,False,2026-09-24T03:10:09.841863+00:00
3,20260923T142435_514d659821fc,2026-09-23T14:24:46.389995+00:00,github-actions,823ac12bac50,2026-09-23,2026-09-22,0966b7fe62d12e8474e9,9b0b1adcafba0fea37db,close_to_close,0.0036898127280551,{},,disabled,상승,0.3077326253439248,0.3234596089123712,0.3688077657437039,Logistic,20260923T142435_514d659821fc:direction:Logistic,direction,1,2026-09-23,,,,,,,,,,,,,,,,,4394.7001953125,4318.39990234375,-0.013252902224254792,0.0,0.0,,,,,,,1.178523972557881,0.7198794046838217,scored,False,2026-09-24T05:02:57.830455+00:00
3,20260923T142435_514d659821fc,2026-09-23T14:24:46.389995+00:00,github-actions,823ac12bac50,2026-09-23,2026-09-22,0966b7fe62d12e8474e9,9b0b1adcafba0fea37db,close_to_close,0.0036898127280551,{},,disabled,,,,,Ridge,20260923T142435_514d659821fc:price:1,price,1,2026-09-23,1거래일,1.0,4376.39990234375,있음,0.0003203042724635,4377.801681930479,4377.801681930479,4311.056001570482,4444.547362290477,0.7774846086191732,simple,0.0086398028233633,0.0086501944786903,-3.3205117042550414e-05,6.553800150366248e-06,0.4639465355987969,4394.7001953125,4318.39990234375,-0.013252902224254792,,,59.40177958672939,59.40177958672939,0.01375550688450366,0.013573206496718292,1.0,59.40177958672939,,,scored,False,2026-09-24T05:02:57.830455+00:00
3,20260923T142435_514d659821fc,2026-09-23T14:24:46.389995+00:00,github-actions,823ac12bac50,2026-09-23,2026-09-22,0966b7fe62d12e8474e9,9b0b1adcafba0fea37db,close_to_close,0.0036898127280551,{},,disabled,,,,,Ridge,20260923T142435_514d659821fc:price:5,price,5,2026-09-29,1주일,5.0,4376.39990234375,없음,,,4376.39990234375,4216.109047746952,4536.690756940548,0.798237885462555,simple,0.0198127712472874,0.0200828739094432,0.0,0.0,0.0,4150.10009765625,4179.7001953125,-0.04494555146249524,,,,,,,0.0,196.69970703125,,,scored,False,2026-09-30T05:43:15.259410+00:00
3,20260923T142435_514d659821fc,2026-09-23T14:24:46.389995+00:00,github-actions,823ac12bac50,2026-09-23,2026-09-22,0966b7fe62d12e8474e9,9b0b1adcafba0fea37db,close_to_close,0.0036898127280551,{},,disabled,,,,,Ridge,20260923T142435_514d659821fc:price:20,price,20,2026-10-20,1개월,20.0,4376.39990234375,없음,,,4376.39990234375,4049.111887744232,4703.687916943269,0.766107678729038,simple,0.0393029196535224,0.0403896458684626,0.0,0.0,0.0,,,,,,,,,,,,,,pending,False,2026-09-24T03:10:09.841863+00:00
3,20260923T143842_3bd82405a7f6,2026-09-23T14:38:53.301291+00:00,github-actions,823ac12bac50,2026-09-23,2026-09-22,0966b7fe62d12e8474e9,9b0b1adcafba0fea37db,close_to_close,0.0036898127280551,{},,disabled,상승,0.3077326864021199,0.3234596202674054,0.3688076933304746,Logistic,20260923T143842_3bd82405a7f6:direction:Logistic,direction,1,2026-09-23,,,,,,,,,,,,,,,,,4394.7001953125,4318.39990234375,-0.013252902224254792,0.0,0.0,,,,,,,1.1785237741447652,0.7198792740793052,scored,False,2026-09-24T05:02:57.830455+00:00
3,20260923T143842_3bd82405a7f6,2026-09-23T14:38:53.301291+00:00,github-actions,823ac12bac50,2026-09-23,2026-09-22,0966b7fe62d12e8474e9,9b0b1adcafba0fea37db,close_to_close,0.0036898127280551,{},,disabled,,,,,Ridge,20260923T143842_3bd82405a7f6:price:1,price,1,2026-09-23,1거래일,1.0,4376.39990234375,있음,0.0003203042724635,4377.801681930479,4377.801681930479,4311.056001645598,4444.54736221536,0.7774846086191732,simple,0.0086398028215528,0.0086501944786903,-3.320511531065647e-05,6.553799823340422e-06,0.4639465161776112,4394.7001953125,4318.39990234375,-0.013252902224254792,,,59.40177958672939,59.40177958672939,0.01375550688450366,0.013573206496718292,1.0,59.40177958672939,,,scored,False,2026-09-24T05:02:57.830455+00:00
3,20260923T143842_3bd82405a7f6,2026-09-23T14:38:53.301291+00:00,github-actions,823ac12bac50,2026-09-23,2026-09-22,0966b7fe62d12e8474e9,9b0b1adcafba0fea37db,close_to_close,0.0036898127280551,{},,disabled,,,,,Ridge,20260923T143842_3bd82405a7f6:price:5,price,5,2026-09-29,1주일,5.0,4376.39990234375,없음,,,4376.39990234375,4216.109047746952,4536.690756940548,0.798237885462555,simple,0.0198127712388382,0.0200828739094432,0.0,0.0,0.0,4150.10009765625,4179.7001953125,-0.04494555146249524,,,,,,,0.0,196.69970703125,,,scored,False,2026-09-30T05:43:15.259410+00:00
3,20260923T143842_3bd82405a7f6,2026-09-23T14:38:53.301291+00:00,github-actions,823ac12bac50,2026-09-23,2026-09-22,0966b7fe62d12e8474e9,9b0b1adcafba0fea37db,close_to_close,0.0036898127280551,{},,disabled,,,,,Ridge,20260923T143842_3bd82405a7f6:price:20,price,20,2026-10-20,1개월,20.0,4376.39990234375,없음,,,4376.39990234375,4049.111887744232,4703.687916943269,0.766107678729038,simple,0.03930291963775,0.0403896458684626,0.0,0.0,0.0,,,,,,,,,,,,,,pending,False,2026-09-24T03:10:09.841863+00:00
3,20260923T230052_7937e00fa2f9,2026-09-23T23:01:04.010980+00:00,github-actions,823ac12bac50,2026-09-24,2026-09-23,d545d3f8298c812b2f25,9b0b1adcafba0fea37db,close_to_close,0.0037301619304676,{},,disabled,상승,0.326475693711049,0.3273448554423541,0.3461794508465968,Logistic,20260923T230052_7937e00fa2f9:direction:Logistic,direction,1,2026-09-24,,,,,,,,,,,,,,,,,4324.39990234375,4298.0,-0.004723949334261124,0.0,0.0,,,,,,,1.119399778025947,0.6806298577350396,scored,True,2026-09-25T05:06:16.119011+00:00
3,20260923T230052_7937e00fa2f9,2026-09-23T23:01:04.010980+00:00,github-actions,823ac12bac50,2026-09-24,2026-09-23,d545d3f8298c812b2f25,9b0b1adcafba0fea37db,close_to_close,0.0037301619304676,{},,disabled,,,,,Ridge,20260923T230052_7937e00fa2f9:price:1,price,1,2026-09-24,1거래일,1.0,4322.7001953125,있음,-0.0004704624589066,4320.666527149497,4320.666527149497,4254.002406520328,4387.3306477786655,0.7774846086191732,simple,0.0086420021527749,0.0086516429213427,-3.240089553756477e-05,7.207407704419005e-06,0.4591556559094313,4324.39990234375,4298.0,-0.005714066254070671,,,22.666527149496687,22.666527149496687,0.005273738285131849,0.005243603795164071,1.0,22.666527149496687,,,scored,True,2026-09-25T05:06:16.119011+00:00
3,20260923T230052_7937e00fa2f9,2026-09-23T23:01:04.010980+00:00,github-actions,823ac12bac50,2026-09-24,2026-09-23,d545d3f8298c812b2f25,9b0b1adcafba0fea37db,close_to_close,0.0037301619304676,{},,disabled,,,,,Ridge,20260923T230052_7937e00fa2f9:price:5,price,5,2026-09-30,1주일,5.0,4322.7001953125,없음,,,4322.7001953125,4163.1917863426825,4482.2086042823175,0.7959542656112577,simple,0.0198192480598533,0.0200856863596131,0.0,0.0,0.0,4216.2001953125,4186.7001953125,-0.03146181642378931,,,,,,,1.0,136.0,,,scored,True,2026-10-01T06:08:52.601118+00:00
3,20260923T230052_7937e00fa2f9,2026-09-23T23:01:04.010980+00:00,github-actions,823ac12bac50,2026-09-24,2026-09-23,d545d3f8298c812b2f25,9b0b1adcafba0fea37db,close_to_close,0.0037301619304676,{},,disabled,,,,,Ridge,20260923T230052_7937e00fa2f9:price:20,price,20,2026-10-21,1개월,20.0,4322.7001953125,없음,,,4322.7001953125,3996.126689564209,4649.273701060792,0.76522506619594,simple,0.0393749996384776,0.0404530234256605,0.0,0.0,0.0,,,,,,,,,,,,,,pending,True,2026-09-24T03:10:09.841863+00:00
3,20260923T230452_8e793935777c,2026-09-23T23:05:01.859516+00:00,github-actions,823ac12bac50,2026-09-24,2026-09-23,d04cef601ccb73ea7295,9b0b1adcafba0fea37db,close_to_close,0.0037285067260952,{},,disabled,상승,0.3267420909037049,0.3272596442350393,0.3459982648612558,Logistic,20260923T230452_8e793935777c:direction:Logistic,direction,1,2026-09-24,,,,,,,,,,,,,,,,,4324.39990234375,4298.0,-0.004723949334261124,0.0,0.0,,,,,,,1.118584132115198,0.6800898861925594,scored,True,2026-09-25T05:06:16.119011+00:00
3,20260923T230452_8e793935777c,2026-09-23T23:05:01.859516+00:00,github-actions,823ac12bac50,2026-09-24,2026-09-23,d04cef601ccb73ea7295,9b0b1adcafba0fea37db,close_to_close,0.0037285067260952,{},,disabled,,,,,Ridge,20260923T230452_8e793935777c:price:1,price,1,2026-09-24,1거래일,1.0,4323.39990234375,있음,-0.0004706865001935,4321.364936374779,4321.364936374779,4254.719611034689,4388.01026171487,0.7774846086191732,simple,0.0086418615339254,0.0086515023040366,-3.2400897801632864e-05,7.207407876340659e-06,0.4591556707957451,4324.39990234375,4298.0,-0.005874983327353256,,,23.364936374779063,23.364936374779063,0.005436234614885776,0.005404296827159756,1.0,23.364936374779063,,,scored,True,2026-09-25T05:06:16.119011+00:00
3,20260923T230452_8e793935777c,2026-09-23T23:05:01.859516+00:00,github-actions,823ac12bac50,2026-09-24,2026-09-23,d04cef601ccb73ea7295,9b0b1adcafba0fea37db,close_to_close,0.0037285067260952,{},,disabled,,,,,Ridge,20260923T230452_8e793935777c:price:5,price,5,2026-09-30,1주일,5.0,4323.39990234375,없음,,,4323.39990234375,4163.936465021748,4482.863339665752,0.7959542656112577,simple,0.0198191078120502,0.0200855460980599,0.0,0.0,0.0,4216.2001953125,4186.7001953125,-0.031618566433594064,,,,,,,1.0,136.69970703125,,,scored,True,2026-10-01T06:08:52.601118+00:00
3,20260923T230452_8e793935777c,2026-09-23T23:05:01.859516+00:00,github-actions,823ac12bac50,2026-09-24,2026-09-23,d04cef601ccb73ea7295,9b0b1adcafba0fea37db,close_to_close,0.0037285067260952,{},,disabled,,,,,Ridge,20260923T230452_8e793935777c:price:20,price,20,2026-10-21,1개월,20.0,4323.39990234375,없음,,,4323.39990234375,3996.918470416401,4649.881334271098,0.76522506619594,simple,0.039374868090698,0.040452891873803,0.0,0.0,0.0,,,,,,,,,,,,,,pending,True,2026-09-24T03:10:09.841863+00:00
3,20260923T234751_b16ea3e12884,2026-09-23T23:48:03.767508+00:00,github-actions,823ac12bac50,2026-09-24,2026-09-23,4c46fb0faf1b4dd6ce33,9b0b1adcafba0fea37db,close_to_close,0.0037313631499791,{},,disabled,상승,0.3269869564687653,0.3271104882671573,0.3459025552640773,Logistic,20260923T234751_b16ea3e12884:direction:Logistic,direction,1,2026-09-24,,,,,,,,,,,,,,,,,4324.39990234375,4298.0,-0.004723949334261124,0.0,0.0,,,,,,,1.1178349973551738,0.6795964060357719,scored,True,2026-09-25T05:06:16.119011+00:00
3,20260923T234751_b16ea3e12884,2026-09-23T23:48:03.767508+00:00,github-actions,823ac12bac50,2026-09-24,2026-09-23,4c46fb0faf1b4dd6ce33,9b0b1adcafba0fea37db,close_to_close,0.0037313631499791,{},,disabled,,,,,Ridge,20260923T234751_b16ea3e12884:price:1,price,1,2026-09-24,1거래일,1.0,4322.2001953125,있음,-0.000464563287096,4320.192259782279,4320.192259782279,4253.514384805551,4386.870134759005,0.7774846086191732,simple,0.0086421026357627,0.0086517434043305,-3.240089553756477e-05,7.207407704419005e-06,0.4591556559094313,4324.39990234375,4298.0,-0.005599045444203532,,,22.192259782278597,22.192259782278597,0.005163392224820521,0.005134482157107532,1.0,22.192259782278597,,,scored,True,2026-09-25T05:06:16.119011+00:00
3,20260923T234751_b16ea3e12884,2026-09-23T23:48:03.767508+00:00,github-actions,823ac12bac50,2026-09-24,2026-09-23,4c46fb0faf1b4dd6ce33,9b0b1adcafba0fea37db,close_to_close,0.0037313631499791,{},,disabled,,,,,Ridge,20260923T234751_b16ea3e12884:price:5,price,5,2026-09-30,1주일,5.0,4322.2001953125,없음,,,4322.2001953125,4162.65887607439,4481.741514550611,0.7959542656112577,simple,0.0198193482886255,0.0200857865883853,0.0,0.0,0.0,4216.2001953125,4186.7001953125,-0.03134977416061202,,,,,,,1.0,135.5,,,scored,True,2026-10-01T06:08:52.601118+00:00
3,20260923T234751_b16ea3e12884,2026-09-23T23:48:03.767508+00:00,github-actions,823ac12bac50,2026-09-24,2026-09-23,4c46fb0faf1b4dd6ce33,9b0b1adcafba0fea37db,close_to_close,0.0037313631499791,{},,disabled,,,,,Ridge,20260923T234751_b16ea3e12884:price:20,price,20,2026-10-21,1개월,20.0,4322.2001953125,없음,,,4322.2001953125,3995.559309908423,4648.841080716577,0.76522506619594,simple,0.0393750936434338,0.0404531174306166,0.0,0.0,0.0,,,,,,,,,,,,,,pending,True,2026-09-24T03:10:09.841863+00:00
3,20260924T011639_cecb6bf0331a,2026-09-24T01:16:50.723213+00:00,github-actions,823ac12bac50,2026-09-24,2026-09-23,5d8856b33eb87e65e195,9b0b1adcafba0fea37db,close_to_close,0.0037196240776321,{},,disabled,상승,0.3236316834579843,0.3150227930643913,0.3613455234776244,Logistic,20260924T011639_cecb6bf0331a:direction:Logistic,direction,1,2026-09-24,,,,,,,,,,,,,,,,,4324.39990234375,4298.0,-0.004723949334261124,0.0,0.0,,,,,,,1.1281491892643254,0.687284047109289,scored,False,2026-09-25T05:06:16.119011+00:00
3,20260924T011639_cecb6bf0331a,2026-09-24T01:16:50.723213+00:00,github-actions,823ac12bac50,2026-09-24,2026-09-23,5d8856b33eb87e65e195,9b0b1adcafba0fea37db,close_to_close,0.0037196240776321,{},,disabled,,,,,Ridge,20260924T011639_cecb6bf0331a:price:1,price,1,2026-09-24,1거래일,1.0,4327.39990234375,있음,-7.482276851078495e-05,4327.076114302603,4327.076114302603,4260.528048895309,4393.624179709898,0.7774846086191732,simple,0.0086410576715666,0.0086506984401343,-3.240089553756477e-05,7.207407704419005e-06,0.4591556559094313,4324.39990234375,4298.0,-0.006793895412306794,,,29.076114302602946,29.076114302602946,0.006765033574360853,0.006719072643796009,1.0,29.076114302602946,,,scored,False,2026-09-25T05:06:16.119011+00:00
3,20260924T011639_cecb6bf0331a,2026-09-24T01:16:50.723213+00:00,github-actions,823ac12bac50,2026-09-24,2026-09-23,5d8856b33eb87e65e195,9b0b1adcafba0fea37db,close_to_close,0.0037196240776321,{},,disabled,,,,,Ridge,20260924T011639_cecb6bf0331a:price:5,price,5,2026-09-30,1주일,5.0,4327.39990234375,없음,,,4327.39990234375,4168.169180735877,4486.630623951623,0.7959542656112577,simple,0.0198183059681227,0.0200847442678825,0.0,0.0,0.0,4216.2001953125,4186.7001953125,-0.03251368262846377,,,,,,,1.0,140.69970703125,,,scored,False,2026-10-01T06:08:52.601118+00:00
3,20260924T011639_cecb6bf0331a,2026-09-24T01:16:50.723213+00:00,github-actions,823ac12bac50,2026-09-24,2026-09-23,5d8856b33eb87e65e195,9b0b1adcafba0fea37db,close_to_close,0.0037196240776321,{},,disabled,,,,,Ridge,20260924T011639_cecb6bf0331a:price:20,price,20,2026-10-21,1개월,20.0,4327.39990234375,없음,,,4327.39990234375,4001.394926717964,4653.404877969537,0.76522506619594,simple,0.0393741160469711,0.0404521398341539,0.0,0.0,0.0,,,,,,,,,,,,,,pending,False,2026-09-24T03:10:09.841863+00:00
3,20260924T021303_ede605f16645,2026-09-24T02:13:13.015126+00:00,github-actions,823ac12bac50,2026-09-24,2026-09-23,8aed14d9b608212ac507,9b0b1adcafba0fea37db,close_to_close,0.0037582890321954,{},,disabled,상승,0.3255601257130046,0.3264713633785088,0.3479685109084866,Logistic,20260924T021303_ede605f16645:direction:Logistic,direction,1,2026-09-24,,,,,,,,,,,,,,,,,4324.39990234375,4298.0,-0.004723949334261124,0.0,0.0,,,,,,,1.1222081163794815,0.6825347797183501,scored,False,2026-09-25T05:06:16.119011+00:00
3,20260924T021303_ede605f16645,2026-09-24T02:13:13.015126+00:00,github-actions,823ac12bac50,2026-09-24,2026-09-23,8aed14d9b608212ac507,9b0b1adcafba0fea37db,close_to_close,0.0037582890321954,{},,disabled,,,,,Ridge,20260924T021303_ede605f16645:price:1,price,1,2026-09-24,1거래일,1.0,4312.2998046875,있음,-0.000459189817775,4310.319640525994,4310.319640525994,4243.314445371989,4377.32483568,0.7774846086191732,simple,0.0086440922758797,0.0086537330459909,-3.2400897801632864e-05,7.207407876340659e-06,0.4591556707957451,4324.39990234375,4298.0,-0.003316050677171334,,,12.319640525994146,12.319640525994146,0.002866365873893473,0.0028568608593963337,1.0,12.319640525994146,,,scored,False,2026-09-25T05:06:16.119011+00:00
3,20260924T021303_ede605f16645,2026-09-24T02:13:13.015126+00:00,github-actions,823ac12bac50,2026-09-24,2026-09-23,8aed14d9b608212ac507,9b0b1adcafba0fea37db,close_to_close,0.0037582890321954,{},,disabled,,,,,Ridge,20260924T021303_ede605f16645:price:5,price,5,2026-09-30,1주일,5.0,4312.2998046875,없음,,,4312.2998046875,4151.975300558147,4472.624308816853,0.7959542656112577,simple,0.0198213329103683,0.020087771196378,0.0,0.0,0.0,4216.2001953125,4186.7001953125,-0.02912589918689612,,,,,,,1.0,125.599609375,,,scored,False,2026-10-01T06:08:52.601118+00:00
3,20260924T021303_ede605f16645,2026-09-24T02:13:13.015126+00:00,github-actions,823ac12bac50,2026-09-24,2026-09-23,8aed14d9b608212ac507,9b0b1adcafba0fea37db,close_to_close,0.0037582890321954,{},,disabled,,,,,Ridge,20260924T021303_ede605f16645:price:20,price,20,2026-10-21,1개월,20.0,4312.2998046875,없음,,,4312.2998046875,3984.05544622997,4640.54416314503,0.76522506619594,simple,0.0393769550190844,0.0404549788021894,0.0,0.0,0.0,,,,,,,,,,,,,,pending,False,2026-09-24T03:10:09.841863+00:00
3,20260924T025039_aee1ad91f137,2026-09-24T02:50:50.290005+00:00,github-actions,823ac12bac50,2026-09-24,2026-09-23,04c240b226d55cb36df4,9b0b1adcafba0fea37db,close_to_close,0.0037163481194167,{},,disabled,상승,0.3298846204610789,0.325145406756667,0.344969972782254,Logistic,20260924T025039_aee1ad91f137:direction:Logistic,direction,1,2026-09-24,,,,,,,,,,,,,,,,,4324.39990234375,4298.0,-0.004723949334261124,0.0,0.0,,,,,,,1.109012320624594,0.6737784395509397,scored,False,2026-09-25T05:06:16.119011+00:00
3,20260924T025039_aee1ad91f137,2026-09-24T02:50:50.290005+00:00,github-actions,823ac12bac50,2026-09-24,2026-09-23,04c240b226d55cb36df4,9b0b1adcafba0fea37db,close_to_close,0.0037163481194167,{},,disabled,,,,,Ridge,20260924T025039_aee1ad91f137:price:1,price,1,2026-09-24,1거래일,1.0,4329.0,있음,-0.000468113226816,4326.973537841113,4326.973537841113,4260.459497726682,4393.487577955545,0.7774846086191732,simple,0.0086407361063801,0.0086503768749478,-3.240089553756477e-05,7.207407704419005e-06,0.4591556559094313,4324.39990234375,4298.0,-0.007161007161007205,,,28.973537841113284,28.973537841113284,0.006741167482809047,0.0066928939341912045,1.0,28.973537841113284,,,scored,False,2026-09-25T05:06:16.119011+00:00
3,20260924T025039_aee1ad91f137,2026-09-24T02:50:50.290005+00:00,github-actions,823ac12bac50,2026-09-24,2026-09-23,04c240b226d55cb36df4,9b0b1adcafba0fea37db,close_to_close,0.0037163481194167,{},,disabled,,,,,Ridge,20260924T025039_aee1ad91f137:price:5,price,5,2026-09-30,1주일,5.0,4329.0,없음,,,4329.0,4169.850691306269,4488.14930869373,0.7959542656112577,simple,0.0198179852164758,0.0200844235162356,0.0,0.0,0.0,4216.2001953125,4186.7001953125,-0.03287128775410031,,,,,,,1.0,142.2998046875,,,scored,False,2026-10-01T06:08:52.601118+00:00
3,20260924T025039_aee1ad91f137,2026-09-24T02:50:50.290005+00:00,github-actions,823ac12bac50,2026-09-24,2026-09-23,04c240b226d55cb36df4,9b0b1adcafba0fea37db,close_to_close,0.0037163481194167,{},,disabled,,,,,Ridge,20260924T025039_aee1ad91f137:price:20,price,20,2026-10-21,1개월,20.0,4329.0,없음,,,4329.0,4003.1617071275336,4654.838292872467,0.76522506619594,simple,0.0393738152127511,0.040451838999934,0.0,0.0,0.0,,,,,,,,,,,,,,pending,False,2026-09-24T03:10:09.841863+00:00
3,20260924T030609_94e73652337f,2026-09-24T03:06:20.871867+00:00,github-actions,823ac12bac50,2026-09-24,2026-09-23,edba6c5a00d95833d02b,9b0b1adcafba0fea37db,close_to_close,0.0037221844183402,{},,disabled,상승,0.3290865211552254,0.3257204129245955,0.3451930659201791,Logistic,20260924T030609_94e73652337f:direction:Logistic,direction,1,2026-09-24,,,,,,,,,,,,,,,,,4324.39990234375,4298.0,-0.004723949334261124,0.0,0.0,,,,,,,1.111434580555804,0.6753769362507399,scored,False,2026-09-25T05:06:16.119011+00:00
3,20260924T030609_94e73652337f,2026-09-24T03:06:20.871867+00:00,github-actions,823ac12bac50,2026-09-24,2026-09-23,edba6c5a00d95833d02b,9b0b1adcafba0fea37db,close_to_close,0.0037221844183402,{},,disabled,,,,,Ridge,20260924T030609_94e73652337f:price:1,price,1,2026-09-24,1거래일,1.0,4326.2001953125,있음,-0.0004585143178701,4324.216570580977,4324.216570580977,4257.6411600887095,4390.791981073243,0.7774846086191732,simple,0.0086412987718605,0.0086509395404282,-3.240089553756477e-05,7.207407704419005e-06,0.4591556559094313,4324.39990234375,4298.0,-0.006518467486330226,,,26.216570580976622,26.216570580976622,0.0060997139555552865,0.006059953168460126,1.0,26.216570580976622,,,scored,False,2026-09-25T05:06:16.119011+00:00
3,20260924T030609_94e73652337f,2026-09-24T03:06:20.871867+00:00,github-actions,823ac12bac50,2026-09-24,2026-09-23,edba6c5a00d95833d02b,9b0b1adcafba0fea37db,close_to_close,0.0037221844183402,{},,disabled,,,,,Ridge,20260924T030609_94e73652337f:price:5,price,5,2026-09-30,1주일,5.0,4326.2001953125,없음,,,4326.2001953125,4166.904044640897,4485.496345984103,0.7959542656112577,simple,0.0198185464584481,0.0200849847582079,0.0,0.0,0.0,4216.2001953125,4186.7001953125,-0.03224538710694669,,,,,,,1.0,139.5,,,scored,False,2026-10-01T06:08:52.601118+00:00
3,20260924T030609_94e73652337f,2026-09-24T03:06:20.871867+00:00,github-actions,823ac12bac50,2026-09-24,2026-09-23,edba6c5a00d95833d02b,9b0b1adcafba0fea37db,close_to_close,0.0037221844183402,{},,disabled,,,,,Ridge,20260924T030609_94e73652337f:price:20,price,20,2026-10-21,1개월,20.0,4326.2001953125,없음,,,4326.2001953125,4000.061261866822,4652.339128758178,0.76522506619594,simple,0.0393743416037847,0.0404523653909676,0.0,0.0,0.0,,,,,,,,,,,,,,pending,False,2026-09-24T03:10:09.841863+00:00
3,20260924T030957_5177e8024fb7,2026-09-24T03:10:09.398044+00:00,github-actions,823ac12bac50,2026-09-24,2026-09-23,8be6f258d294240f1981,9b0b1adcafba0fea37db,close_to_close,0.0037230587307277,{},,disabled,상승,0.3290501310177983,0.3257710122539278,0.3451788567282738,Logistic,20260924T030957_5177e8024fb7:direction:Logistic,direction,1,2026-09-24,,,,,,,,,,,,,,,,,4324.39990234375,4298.0,-0.004723949334261124,0.0,0.0,,,,,,,1.1115451659102105,0.6754489222444207,scored,False,2026-09-25T05:06:16.119011+00:00
3,20260924T030957_5177e8024fb7,2026-09-24T03:10:09.398044+00:00,github-actions,823ac12bac50,2026-09-24,2026-09-23,8be6f258d294240f1981,9b0b1adcafba0fea37db,close_to_close,0.0037230587307277,{},,disabled,,,,,Ridge,20260924T030957_5177e8024fb7:price:1,price,1,2026-09-24,1거래일,1.0,4325.7998046875,있음,-0.0004607395094353,4323.806737807573,4323.806737807573,4257.221852279101,4390.391623336044,0.7774846086191732,simple,0.008641379236753,0.0086510200053208,-3.240089553756477e-05,7.207407704419005e-06,0.4591556559094313,4324.39990234375,4298.0,-0.00642651207699807,,,25.806737807572972,25.806737807572972,0.0060043596574157684,0.00596577256756277,1.0,25.806737807572972,,,scored,False,2026-09-25T05:06:16.119011+00:00
3,20260924T030957_5177e8024fb7,2026-09-24T03:10:09.398044+00:00,github-actions,823ac12bac50,2026-09-24,2026-09-23,8be6f258d294240f1981,9b0b1adcafba0fea37db,close_to_close,0.0037230587307277,{},,disabled,,,,,Ridge,20260924T030957_5177e8024fb7:price:5,price,5,2026-09-30,1주일,5.0,4325.7998046875,없음,,,4325.7998046875,4166.480982930827,4485.118626444173,0.7959542656112577,simple,0.0198186267197695,0.0200850650195294,0.0,0.0,0.0,4216.2001953125,4186.7001953125,-0.03215581294914982,,,,,,,1.0,139.099609375,,,scored,False,2026-10-01T06:08:52.601118+00:00
3,20260924T030957_5177e8024fb7,2026-09-24T03:10:09.398044+00:00,github-actions,823ac12bac50,2026-09-24,2026-09-23,8be6f258d294240f1981,9b0b1adcafba0fea37db,close_to_close,0.0037230587307277,{},,disabled,,,,,Ridge,20260924T030957_5177e8024fb7:price:20,price,20,2026-10-21,1개월,20.0,4325.7998046875,없음,,,4325.7998046875,3999.6144550323047,4651.985154342695,0.76522506619594,simple,0.039374416881191,0.0404524406683739,0.0,0.0,0.0,,,,,,,,,,,,,,pending,False,2026-09-24T03:10:09.841863+00:00
3,20260924T034728_35b362a5646d,2026-09-24T03:47:39.902490+00:00,github-actions,823ac12bac50,2026-09-24,2026-09-23,851b16a3f1e300726c11,9b0b1adcafba0fea37db,close_to_close,0.0037415242245604,{},,disabled,상승,0.3275131055575569,0.3250423522546322,0.3474445421878108,Logistic,20260924T034728_35b362a5646d:direction:Logistic,direction,1,2026-09-24,,,,,,,,,,,,,,,,,4324.39990234375,4298.0,-0.004723949334261124,0.0,0.0,,,,,,,1.1162272077378483,0.6786088638521633,scored,False,2026-09-25T05:06:16.119011+00:00
3,20260924T034728_35b362a5646d,2026-09-24T03:47:39.902490+00:00,github-actions,823ac12bac50,2026-09-24,2026-09-23,851b16a3f1e300726c11,9b0b1adcafba0fea37db,close_to_close,0.0037415242245604,{},,disabled,,,,,Ridge,20260924T034728_35b362a5646d:price:1,price,1,2026-09-24,1거래일,1.0,4318.2001953125,있음,-0.0004563312977552,4316.229665413406,4316.229665413406,4249.432091732659,4383.027239094154,0.7774846086191732,simple,0.008642906499665,0.0086525472682327,-3.240089553756477e-05,7.207407704419005e-06,0.4591556559094313,4324.39990234375,4298.0,-0.004677920059016238,,,18.22966541340611,18.22966541340611,0.004241429830946047,0.004221588761261039,1.0,18.22966541340611,,,scored,False,2026-09-25T05:06:16.119011+00:00
3,20260924T034728_35b362a5646d,2026-09-24T03:47:39.902490+00:00,github-actions,823ac12bac50,2026-09-24,2026-09-23,851b16a3f1e300726c11,9b0b1adcafba0fea37db,close_to_close,0.0037415242245604,{},,disabled,,,,,Ridge,20260924T034728_35b362a5646d:price:5,price,5,2026-09-30,1주일,5.0,4318.2001953125,없음,,,4318.2001953125,4158.372470888903,4478.027919736097,0.7959542656112577,simple,0.0198201501188028,0.0200865884185627,0.0,0.0,0.0,4216.2001953125,4186.7001953125,-0.030452501980511748,,,,,,,1.0,131.5,,,scored,False,2026-10-01T06:08:52.601118+00:00
3,20260924T034728_35b362a5646d,2026-09-24T03:47:39.902490+00:00,github-actions,823ac12bac50,2026-09-24,2026-09-23,851b16a3f1e300726c11,9b0b1adcafba0fea37db,close_to_close,0.0037415242245604,{},,disabled,,,,,Ridge,20260924T034728_35b362a5646d:price:20,price,20,2026-10-21,1개월,20.0,4318.2001953125,없음,,,4318.2001953125,3990.9729311332026,4645.427459491797,0.76522506619594,simple,0.0393758456830828,0.0404538694702657,0.0,0.0,0.0,,,,,,,,,,,,,,pending,False,2026-09-24T03:47:40.590233+00:00
3,20260924T035811_5f6856c6cd8c,2026-09-24T03:58:22.057916+00:00,github-actions,823ac12bac50,2026-09-24,2026-09-23,d0311d8f647983463a26,9b0b1adcafba0fea37db,close_to_close,0.0037402006345685,{},,disabled,상승,0.3275334172934699,0.3250725918770554,0.3473939908294746,Logistic,20260924T035811_5f6856c6cd8c:direction:Logistic,direction,1,2026-09-24,,,,,,,,,,,,,,,,,4324.39990234375,4298.0,-0.004723949334261124,0.0,0.0,,,,,,,1.116165191574993,0.6785660797110942,scored,False,2026-09-25T05:06:16.119011+00:00
3,20260924T035811_5f6856c6cd8c,2026-09-24T03:58:22.057916+00:00,github-actions,823ac12bac50,2026-09-24,2026-09-23,d0311d8f647983463a26,9b0b1adcafba0fea37db,close_to_close,0.0037402006345685,{},,disabled,,,,,Ridge,20260924T035811_5f6856c6cd8c:price:1,price,1,2026-09-24,1거래일,1.0,4318.7001953125,있음,-0.0004577523795887,4316.7233000213655,4316.7233000213655,4249.941624768514,4383.504975274216,0.7774846086191732,simple,0.0086428060172915,0.0086524467852449,-3.240089540908167e-05,7.207408739554867e-06,0.459155658535096,4324.39990234375,4298.0,-0.0047931540455083965,,,18.723300021365503,18.723300021365503,0.004356281996595045,0.004335401665919696,1.0,18.723300021365503,,,scored,False,2026-09-25T05:06:16.119011+00:00
3,20260924T035811_5f6856c6cd8c,2026-09-24T03:58:22.057916+00:00,github-actions,823ac12bac50,2026-09-24,2026-09-23,d0311d8f647983463a26,9b0b1adcafba0fea37db,close_to_close,0.0037402006345685,{},,disabled,,,,,Ridge,20260924T035811_5f6856c6cd8c:price:5,price,5,2026-09-30,1주일,5.0,4318.7001953125,없음,,,4318.7001953125,4158.9105113058085,4478.489879319191,0.7959542656112577,simple,0.0198200498963392,0.0200864881897905,0.0,0.0,0.0,4216.2001953125,4186.7001953125,-0.03056475189995178,,,,,,,1.0,132.0,,,scored,False,2026-10-01T06:08:52.601118+00:00
3,20260924T035811_5f6856c6cd8c,2026-09-24T03:58:22.057916+00:00,github-actions,823ac12bac50,2026-09-24,2026-09-23,d0311d8f647983463a26,9b0b1adcafba0fea37db,close_to_close,0.0037402006345685,{},,disabled,,,,,Ridge,20260924T035811_5f6856c6cd8c:price:20,price,20,2026-10-21,1개월,20.0,4318.7001953125,없음,,,4318.7001953125,3991.550814126264,4645.849576498736,0.76522506619594,simple,0.0393757516800833,0.0404537754653095,0.0,0.0,0.0,,,,,,,,,,,,,,pending,False,2026-09-24T03:58:22.372754+00:00
3,20260924T082531_2fca184a97f5,2026-09-24T08:25:43.949629+00:00,github-actions,823ac12bac50,2026-09-24,2026-09-23,02d0e38f49a2d9685702,9b0b1adcafba0fea37db,close_to_close,0.0037409937370573,{},,disabled,상승,0.3279820550480541,0.3222461053666651,0.3497718395852807,Logistic,20260924T082531_2fca184a97f5:direction:Logistic,direction,1,2026-09-24,,,,,,,,,,,,,,,,,4324.39990234375,4298.0,-0.004723949334261124,0.0,0.0,,,,,,,1.114796382313999,0.6777910105282918,scored,False,2026-09-25T05:06:16.119011+00:00
3,20260924T082531_2fca184a97f5,2026-09-24T08:25:43.949629+00:00,github-actions,823ac12bac50,2026-09-24,2026-09-23,02d0e38f49a2d9685702,9b0b1adcafba0fea37db,close_to_close,0.0037409937370573,{},,disabled,,,,,Ridge,20260924T082531_2fca184a97f5:price:1,price,1,2026-09-24,1거래일,1.0,4318.39990234375,있음,-0.000399592652684,4316.674301471422,4316.674301471422,4249.883109804855,4383.465493137988,0.7774846086191732,simple,0.0086428663653466,0.0086525071339144,-3.240089553756477e-05,7.207407704419005e-06,0.4591556559094313,4324.39990234375,4298.0,-0.004723949334261124,,,18.67430147142204,18.67430147142204,0.004344881682508618,0.004324356681577124,1.0,18.67430147142204,,,scored,False,2026-09-25T05:06:16.119011+00:00
3,20260924T082531_2fca184a97f5,2026-09-24T08:25:43.949629+00:00,github-actions,823ac12bac50,2026-09-24,2026-09-23,02d0e38f49a2d9685702,9b0b1adcafba0fea37db,close_to_close,0.0037409937370573,{},,disabled,,,,,Ridge,20260924T082531_2fca184a97f5:price:5,price,5,2026-09-30,1주일,5.0,4318.39990234375,없음,,,4318.39990234375,4158.587448277256,4478.212356410244,0.7959542656112577,simple,0.0198201100860218,0.0200865483857816,0.0,0.0,0.0,4216.2001953125,4186.7001953125,-0.03049733929453169,,,,,,,1.0,131.69970703125,,,scored,False,2026-10-01T06:08:52.601118+00:00
3,20260924T082531_2fca184a97f5,2026-09-24T08:25:43.949629+00:00,github-actions,823ac12bac50,2026-09-24,2026-09-23,02d0e38f49a2d9685702,9b0b1adcafba0fea37db,close_to_close,0.0037409937370573,{},,disabled,,,,,Ridge,20260924T082531_2fca184a97f5:price:20,price,20,2026-10-21,1개월,20.0,4318.39990234375,없음,,,4318.39990234375,3991.203902309619,4645.595902377881,0.76522506619594,simple,0.0393758081361814,0.0404538319233642,0.0,0.0,0.0,,,,,,,,,,,,,,pending,False,2026-09-24T08:25:44.402573+00:00
3,20260924T235458_3dc6a0926a91,2026-09-24T23:55:09.953919+00:00,github-actions,823ac12bac50,2026-09-25,2026-09-24,59af819173bd705d3596,9b0b1adcafba0fea37db,close_to_close,0.0037282216075455,{},,disabled,상승,0.3277038529347139,0.3152883936149681,0.357007753450318,Logistic,20260924T235458_3dc6a0926a91:direction:Logistic,direction,1,2026-09-25,,,,,,,,,,,,,,,,,4309.5,4321.2001953125,0.005397904912168405,2.0,1.0,,,,,,,1.0299977790901083,0.6202356154995707,scored,True,2026-09-26T05:09:25.276773+00:00
3,20260924T235458_3dc6a0926a91,2026-09-24T23:55:09.953919+00:00,github-actions,823ac12bac50,2026-09-25,2026-09-24,59af819173bd705d3596,9b0b1adcafba0fea37db,close_to_close,0.0037282216075455,{},,disabled,,,,,Ridge,20260924T235458_3dc6a0926a91:price:1,price,1,2026-09-25,1거래일,1.0,4309.39990234375,있음,-0.0002071376511594,4308.507263370072,4308.507263370072,4242.016401769705,4374.998124970439,0.7792436235708003,simple,0.0086285638750754,0.0086386774053614,-3.219597636951287e-05,6.487629825280364e-06,0.4511901996293583,4309.5,4321.2001953125,0.002738268259191212,,,-12.692931942428004,12.692931942428004,0.002937362623512998,-0.002945405910350612,1.0,-12.692931942428004,,,scored,True,2026-09-26T05:09:25.276773+00:00
3,20260924T235458_3dc6a0926a91,2026-09-24T23:55:09.953919+00:00,github-actions,823ac12bac50,2026-09-25,2026-09-24,59af819173bd705d3596,9b0b1adcafba0fea37db,close_to_close,0.0037282216075455,{},,disabled,,,,,Ridge,20260924T235458_3dc6a0926a91:price:5,price,5,2026-10-01,1주일,5.0,4309.39990234375,없음,,,4309.39990234375,4150.074259383459,4468.725545304041,0.7968337730870713,simple,0.0198153131588115,0.0200794506504374,0.0,0.0,0.0,4190.10009765625,4202.2998046875,-0.024852670924785047,,,,,,,1.0,107.10009765625,,,scored,True,2026-10-02T05:52:31.649505+00:00
3,20260924T235458_3dc6a0926a91,2026-09-24T23:55:09.953919+00:00,github-actions,823ac12bac50,2026-09-25,2026-09-24,59af819173bd705d3596,9b0b1adcafba0fea37db,close_to_close,0.0037282216075455,{},,disabled,,,,,Ridge,20260924T235458_3dc6a0926a91:price:20,price,20,2026-10-22,1개월,20.0,4309.39990234375,없음,,,4309.39990234375,3984.000565213593,4634.799239473907,0.76522506619594,simple,0.0394397927967506,0.0405066330615892,0.0,0.0,0.0,,,,,,,,,,,,,,pending,True,2026-09-24T23:55:10.376211+00:00
3,20260926T205130_19de99cd280e,2026-09-26T20:51:40.177013+00:00,github-actions,823ac12bac50,2026-09-28,2026-09-25,44012b8d27e3ea729cdd,9b0b1adcafba0fea37db,close_to_close,0.0037568627213091,{},,disabled,상승,0.3305257634616949,0.3091525541834035,0.3603216823549016,Logistic,20260926T205130_19de99cd280e:direction:Logistic,direction,1,2026-09-28,,,,,,,,,,,,,,,,,4315.0,4168.39990234375,-0.035360614195681817,0.0,0.0,,,,,,,1.1070706697431112,0.6736027699217353,scored,True,2026-09-29T04:25:47.747216+00:00
3,20260926T205130_19de99cd280e,2026-09-26T20:51:40.177013+00:00,github-actions,823ac12bac50,2026-09-28,2026-09-25,44012b8d27e3ea729cdd,9b0b1adcafba0fea37db,close_to_close,0.0037568627213091,{},,disabled,,,,,Ridge,20260926T205130_19de99cd280e:price:1,price,1,2026-09-28,1거래일,1.0,4321.2001953125,있음,0.0003501035680528,4322.71306291915,4322.71306291915,4255.669773055306,4389.756352782993,0.7776801405975395,simple,0.0086285259541565,0.0086381493487443,-3.184089448105001e-05,6.815040398106101e-06,0.4525651783917667,4315.0,4168.39990234375,-0.035360614195681817,,,154.3131605753997,154.3131605753997,0.03701975918592519,0.03571071776373461,0.0,154.3131605753997,,,scored,True,2026-09-29T04:25:47.747216+00:00
3,20260926T205130_19de99cd280e,2026-09-26T20:51:40.177013+00:00,github-actions,823ac12bac50,2026-09-28,2026-09-25,44012b8d27e3ea729cdd,9b0b1adcafba0fea37db,close_to_close,0.0037568627213091,{},,disabled,,,,,Ridge,20260926T205130_19de99cd280e:price:5,price,5,2026-10-02,1주일,5.0,4321.2001953125,없음,,,4321.2001953125,4160.210945711398,4482.1894449136025,0.7968337730870713,simple,0.0198141477925756,0.0200776618437677,0.0,0.0,0.0,4204.60009765625,4162.2998046875,-0.036772281644662064,,,,,,,1.0,158.900390625,,,scored,True,2026-10-03T05:27:56.917459+00:00
3,20260926T205130_19de99cd280e,2026-09-26T20:51:40.177013+00:00,github-actions,823ac12bac50,2026-09-28,2026-09-25,44012b8d27e3ea729cdd,9b0b1adcafba0fea37db,close_to_close,0.0037568627213091,{},,disabled,,,,,Ridge,20260926T205130_19de99cd280e:price:20,price,20,2026-10-23,1개월,20.0,4321.2001953125,없음,,,4321.2001953125,3992.4031847877336,4649.997205837267,0.76522506619594,simple,0.0395024966814831,0.0405572175631568,0.0,0.0,0.0,,,,,,,,,,,,,,pending,True,2026-09-26T20:51:40.920416+00:00
3,20260927T071628_a492ba82acf3,2026-09-27T07:16:37.751950+00:00,github-actions,823ac12bac50,2026-09-28,2026-09-25,44012b8d27e3ea729cdd,9b0b1adcafba0fea37db,close_to_close,0.0037568627213091,{},,disabled,상승,0.3271224518757959,0.3124723179329658,0.3604052301912383,Logistic,20260927T071628_a492ba82acf3:direction:Logistic,direction,1,2026-09-28,,,,,,,,,,,,,,,,,4315.0,4168.39990234375,-0.035360614195681817,0.0,0.0,,,,,,,1.1174207076133047,0.6802950741932405,scored,True,2026-09-29T04:25:47.747216+00:00
3,20260927T071628_a492ba82acf3,2026-09-27T07:16:37.751950+00:00,github-actions,823ac12bac50,2026-09-28,2026-09-25,44012b8d27e3ea729cdd,9b0b1adcafba0fea37db,close_to_close,0.0037568627213091,{},,disabled,,,,,Ridge,20260927T071628_a492ba82acf3:price:1,price,1,2026-09-28,1거래일,1.0,4321.2001953125,있음,0.0003108103992417,4322.543269270409,4322.543269270409,4255.499979398305,4389.586559142512,0.7776801405975395,simple,0.0086285259513301,0.0086381493487443,-3.1840894392340984e-05,6.8150398099376806e-06,0.4525651751909832,4315.0,4168.39990234375,-0.035360614195681817,,,154.14336692665893,154.14336692665893,0.036979025654421814,0.03567142459492351,0.0,154.14336692665893,,,scored,True,2026-09-29T04:25:47.747216+00:00
3,20260927T071628_a492ba82acf3,2026-09-27T07:16:37.751950+00:00,github-actions,823ac12bac50,2026-09-28,2026-09-25,44012b8d27e3ea729cdd,9b0b1adcafba0fea37db,close_to_close,0.0037568627213091,{},,disabled,,,,,Ridge,20260927T071628_a492ba82acf3:price:5,price,5,2026-10-02,1주일,5.0,4321.2001953125,없음,,,4321.2001953125,4160.210945711398,4482.1894449136025,0.7968337730870713,simple,0.0198141477973968,0.0200776618437677,0.0,0.0,0.0,4204.60009765625,4162.2998046875,-0.036772281644662064,,,,,,,1.0,158.900390625,,,scored,True,2026-10-03T05:27:56.917459+00:00
3,20260927T071628_a492ba82acf3,2026-09-27T07:16:37.751950+00:00,github-actions,823ac12bac50,2026-09-28,2026-09-25,44012b8d27e3ea729cdd,9b0b1adcafba0fea37db,close_to_close,0.0037568627213091,{},,disabled,,,,,Ridge,20260927T071628_a492ba82acf3:price:20,price,20,2026-10-23,1개월,20.0,4321.2001953125,없음,,,4321.2001953125,3992.4031847877336,4649.997205837267,0.76522506619594,simple,0.0395024967033378,0.0405572175631568,0.0,0.0,0.0,,,,,,,,,,,,,,pending,True,2026-09-27T07:16:38.396541+00:00
3,20260927T081513_d8f3246601d3,2026-09-27T08:15:24.315871+00:00,github-actions,823ac12bac50,2026-09-28,2026-09-25,44012b8d27e3ea729cdd,9b0b1adcafba0fea37db,close_to_close,0.0037568627213091,{},,disabled,상승,0.327122529599823,0.3124723353468273,0.3604051350533496,Logistic,20260927T081513_d8f3246601d3:direction:Logistic,direction,1,2026-09-28,,,,,,,,,,,,,,,,,4315.0,4168.39990234375,-0.035360614195681817,0.0,0.0,,,,,,,1.1174204700141506,0.6802949119020644,scored,True,2026-09-29T04:25:47.747216+00:00
3,20260927T081513_d8f3246601d3,2026-09-27T08:15:24.315871+00:00,github-actions,823ac12bac50,2026-09-28,2026-09-25,44012b8d27e3ea729cdd,9b0b1adcafba0fea37db,close_to_close,0.0037568627213091,{},,disabled,,,,,Ridge,20260927T081513_d8f3246601d3:price:1,price,1,2026-09-28,1거래일,1.0,4321.2001953125,있음,0.0003108104283455,4322.543269396172,4322.543269396172,4255.499979497554,4389.58655929479,0.7776801405975395,simple,0.0086285259501329,0.0086381493487443,-3.184089616885048e-05,6.81503926858233e-06,0.4525651649164181,4315.0,4168.39990234375,-0.035360614195681817,,,154.14336705242204,154.14336705242204,0.03697902568459241,0.035671424624027316,0.0,154.14336705242204,,,scored,True,2026-09-29T04:25:47.747216+00:00
3,20260927T081513_d8f3246601d3,2026-09-27T08:15:24.315871+00:00,github-actions,823ac12bac50,2026-09-28,2026-09-25,44012b8d27e3ea729cdd,9b0b1adcafba0fea37db,close_to_close,0.0037568627213091,{},,disabled,,,,,Ridge,20260927T081513_d8f3246601d3:price:5,price,5,2026-10-02,1주일,5.0,4321.2001953125,없음,,,4321.2001953125,4160.210945711398,4482.1894449136025,0.7968337730870713,simple,0.0198141477872264,0.0200776618437677,0.0,0.0,0.0,4204.60009765625,4162.2998046875,-0.036772281644662064,,,,,,,1.0,158.900390625,,,scored,True,2026-10-03T05:27:56.917459+00:00
3,20260927T081513_d8f3246601d3,2026-09-27T08:15:24.315871+00:00,github-actions,823ac12bac50,2026-09-28,2026-09-25,44012b8d27e3ea729cdd,9b0b1adcafba0fea37db,close_to_close,0.0037568627213091,{},,disabled,,,,,Ridge,20260927T081513_d8f3246601d3:price:20,price,20,2026-10-23,1개월,20.0,4321.2001953125,없음,,,4321.2001953125,3992.4031847877336,4649.997205837267,0.76522506619594,simple,0.0395024967130362,0.0405572175631568,0.0,0.0,0.0,,,,,,,,,,,,,,pending,True,2026-09-27T08:15:24.693571+00:00
3,20260927T084312_0e5d87cea70b,2026-09-27T08:43:24.807997+00:00,github-actions,823ac12bac50,2026-09-28,2026-09-25,44012b8d27e3ea729cdd,9b0b1adcafba0fea37db,close_to_close,0.0037568627213091,{},,disabled,상승,0.327122529599823,0.3124723353468273,0.3604051350533496,Logistic,20260927T084312_0e5d87cea70b:direction:Logistic,direction,1,2026-09-28,,,,,,,,,,,,,,,,,4315.0,4168.39990234375,-0.035360614195681817,0.0,0.0,,,,,,,1.1174204700141506,0.6802949119020644,scored,True,2026-09-29T04:25:47.747216+00:00
3,20260927T084312_0e5d87cea70b,2026-09-27T08:43:24.807997+00:00,github-actions,823ac12bac50,2026-09-28,2026-09-25,44012b8d27e3ea729cdd,9b0b1adcafba0fea37db,close_to_close,0.0037568627213091,{},,disabled,,,,,Ridge,20260927T084312_0e5d87cea70b:price:1,price,1,2026-09-28,1거래일,1.0,4321.2001953125,있음,0.0003108104283455,4322.543269396172,4322.543269396172,4255.499979497554,4389.58655929479,0.7776801405975395,simple,0.0086285259501329,0.0086381493487443,-3.184089616885048e-05,6.81503926858233e-06,0.4525651649164181,4315.0,4168.39990234375,-0.035360614195681817,,,154.14336705242204,154.14336705242204,0.03697902568459241,0.035671424624027316,0.0,154.14336705242204,,,scored,True,2026-09-29T04:25:47.747216+00:00
3,20260927T084312_0e5d87cea70b,2026-09-27T08:43:24.807997+00:00,github-actions,823ac12bac50,2026-09-28,2026-09-25,44012b8d27e3ea729cdd,9b0b1adcafba0fea37db,close_to_close,0.0037568627213091,{},,disabled,,,,,Ridge,20260927T084312_0e5d87cea70b:price:5,price,5,2026-10-02,1주일,5.0,4321.2001953125,없음,,,4321.2001953125,4160.210945711398,4482.1894449136025,0.7968337730870713,simple,0.0198141477872264,0.0200776618437677,0.0,0.0,0.0,4204.60009765625,4162.2998046875,-0.036772281644662064,,,,,,,1.0,158.900390625,,,scored,True,2026-10-03T05:27:56.917459+00:00
3,20260927T084312_0e5d87cea70b,2026-09-27T08:43:24.807997+00:00,github-actions,823ac12bac50,2026-09-28,2026-09-25,44012b8d27e3ea729cdd,9b0b1adcafba0fea37db,close_to_close,0.0037568627213091,{},,disabled,,,,,Ridge,20260927T084312_0e5d87cea70b:price:20,price,20,2026-10-23,1개월,20.0,4321.2001953125,없음,,,4321.2001953125,3992.4031847877336,4649.997205837267,0.76522506619594,simple,0.0395024967130362,0.0405572175631568,0.0,0.0,0.0,,,,,,,,,,,,,,pending,True,2026-09-27T08:43:25.251457+00:00
3,20260927T090427_0b4be756853f,2026-09-27T09:04:36.080349+00:00,github-actions,823ac12bac50,2026-09-28,2026-09-25,44012b8d27e3ea729cdd,9b0b1adcafba0fea37db,close_to_close,0.0037568627213091,{},,disabled,상승,0.3271224518757959,0.3124723179329658,0.3604052301912383,Logistic,20260927T090427_0b4be756853f:direction:Logistic,direction,1,2026-09-28,,,,,,,,,,,,,,,,,4315.0,4168.39990234375,-0.035360614195681817,0.0,0.0,,,,,,,1.1174207076133047,0.6802950741932405,scored,True,2026-09-29T04:25:47.747216+00:00
3,20260927T090427_0b4be756853f,2026-09-27T09:04:36.080349+00:00,github-actions,823ac12bac50,2026-09-28,2026-09-25,44012b8d27e3ea729cdd,9b0b1adcafba0fea37db,close_to_close,0.0037568627213091,{},,disabled,,,,,Ridge,20260927T090427_0b4be756853f:price:1,price,1,2026-09-28,1거래일,1.0,4321.2001953125,있음,0.0003108103992417,4322.543269270409,4322.543269270409,4255.499979398305,4389.586559142512,0.7776801405975395,simple,0.0086285259513301,0.0086381493487443,-3.1840894392340984e-05,6.8150398099376806e-06,0.4525651751909832,4315.0,4168.39990234375,-0.035360614195681817,,,154.14336692665893,154.14336692665893,0.036979025654421814,0.03567142459492351,0.0,154.14336692665893,,,scored,True,2026-09-29T04:25:47.747216+00:00
3,20260927T090427_0b4be756853f,2026-09-27T09:04:36.080349+00:00,github-actions,823ac12bac50,2026-09-28,2026-09-25,44012b8d27e3ea729cdd,9b0b1adcafba0fea37db,close_to_close,0.0037568627213091,{},,disabled,,,,,Ridge,20260927T090427_0b4be756853f:price:5,price,5,2026-10-02,1주일,5.0,4321.2001953125,없음,,,4321.2001953125,4160.210945711398,4482.1894449136025,0.7968337730870713,simple,0.0198141477973968,0.0200776618437677,0.0,0.0,0.0,4204.60009765625,4162.2998046875,-0.036772281644662064,,,,,,,1.0,158.900390625,,,scored,True,2026-10-03T05:27:56.917459+00:00
3,20260927T090427_0b4be756853f,2026-09-27T09:04:36.080349+00:00,github-actions,823ac12bac50,2026-09-28,2026-09-25,44012b8d27e3ea729cdd,9b0b1adcafba0fea37db,close_to_close,0.0037568627213091,{},,disabled,,,,,Ridge,20260927T090427_0b4be756853f:price:20,price,20,2026-10-23,1개월,20.0,4321.2001953125,없음,,,4321.2001953125,3992.4031847877336,4649.997205837267,0.76522506619594,simple,0.0395024967033378,0.0405572175631568,0.0,0.0,0.0,,,,,,,,,,,,,,pending,True,2026-09-27T09:04:36.554431+00:00
3,20260927T091945_6a170c70d685,2026-09-27T09:19:52.753131+00:00,github-actions,823ac12bac50,2026-09-28,2026-09-25,44012b8d27e3ea729cdd,9b0b1adcafba0fea37db,close_to_close,0.0037568627213091,{},,disabled,상승,0.3271224518757959,0.3124723179329658,0.3604052301912383,Logistic,20260927T091945_6a170c70d685:direction:Logistic,direction,1,2026-09-28,,,,,,,,,,,,,,,,,4315.0,4168.39990234375,-0.035360614195681817,0.0,0.0,,,,,,,1.1174207076133047,0.6802950741932405,scored,True,2026-09-29T04:25:47.747216+00:00
3,20260927T091945_6a170c70d685,2026-09-27T09:19:52.753131+00:00,github-actions,823ac12bac50,2026-09-28,2026-09-25,44012b8d27e3ea729cdd,9b0b1adcafba0fea37db,close_to_close,0.0037568627213091,{},,disabled,,,,,Ridge,20260927T091945_6a170c70d685:price:1,price,1,2026-09-28,1거래일,1.0,4321.2001953125,있음,0.0003108103992417,4322.543269270409,4322.543269270409,4255.499979398305,4389.586559142512,0.7776801405975395,simple,0.0086285259513301,0.0086381493487443,-3.1840894392340984e-05,6.8150398099376806e-06,0.4525651751909832,4315.0,4168.39990234375,-0.035360614195681817,,,154.14336692665893,154.14336692665893,0.036979025654421814,0.03567142459492351,0.0,154.14336692665893,,,scored,True,2026-09-29T04:25:47.747216+00:00
3,20260927T091945_6a170c70d685,2026-09-27T09:19:52.753131+00:00,github-actions,823ac12bac50,2026-09-28,2026-09-25,44012b8d27e3ea729cdd,9b0b1adcafba0fea37db,close_to_close,0.0037568627213091,{},,disabled,,,,,Ridge,20260927T091945_6a170c70d685:price:5,price,5,2026-10-02,1주일,5.0,4321.2001953125,없음,,,4321.2001953125,4160.210945711398,4482.1894449136025,0.7968337730870713,simple,0.0198141477973968,0.0200776618437677,0.0,0.0,0.0,4204.60009765625,4162.2998046875,-0.036772281644662064,,,,,,,1.0,158.900390625,,,scored,True,2026-10-03T05:27:56.917459+00:00
3,20260927T091945_6a170c70d685,2026-09-27T09:19:52.753131+00:00,github-actions,823ac12bac50,2026-09-28,2026-09-25,44012b8d27e3ea729cdd,9b0b1adcafba0fea37db,close_to_close,0.0037568627213091,{},,disabled,,,,,Ridge,20260927T091945_6a170c70d685:price:20,price,20,2026-10-23,1개월,20.0,4321.2001953125,없음,,,4321.2001953125,3992.4031847877336,4649.997205837267,0.76522506619594,simple,0.0395024967033378,0.0405572175631568,0.0,0.0,0.0,,,,,,,,,,,,,,pending,True,2026-09-27T09:19:53.241559+00:00
3,20260927T111436_be895d4accc9,2026-09-27T11:14:48.411045+00:00,github-actions,823ac12bac50,2026-09-28,2026-09-25,44012b8d27e3ea729cdd,9b0b1adcafba0fea37db,close_to_close,0.0037568627213091,{},,disabled,상승,0.327122529599823,0.3124723353468273,0.3604051350533496,Logistic,20260927T111436_be895d4accc9:direction:Logistic,direction,1,2026-09-28,,,,,,,,,,,,,,,,,4315.0,4168.39990234375,-0.035360614195681817,0.0,0.0,,,,,,,1.1174204700141506,0.6802949119020644,scored,True,2026-09-29T04:25:47.747216+00:00
3,20260927T111436_be895d4accc9,2026-09-27T11:14:48.411045+00:00,github-actions,823ac12bac50,2026-09-28,2026-09-25,44012b8d27e3ea729cdd,9b0b1adcafba0fea37db,close_to_close,0.0037568627213091,{},,disabled,,,,,Ridge,20260927T111436_be895d4accc9:price:1,price,1,2026-09-28,1거래일,1.0,4321.2001953125,있음,0.0003108104283455,4322.543269396172,4322.543269396172,4255.499979497554,4389.58655929479,0.7776801405975395,simple,0.0086285259501329,0.0086381493487443,-3.184089616885048e-05,6.81503926858233e-06,0.4525651649164181,4315.0,4168.39990234375,-0.035360614195681817,,,154.14336705242204,154.14336705242204,0.03697902568459241,0.035671424624027316,0.0,154.14336705242204,,,scored,True,2026-09-29T04:25:47.747216+00:00
3,20260927T111436_be895d4accc9,2026-09-27T11:14:48.411045+00:00,github-actions,823ac12bac50,2026-09-28,2026-09-25,44012b8d27e3ea729cdd,9b0b1adcafba0fea37db,close_to_close,0.0037568627213091,{},,disabled,,,,,Ridge,20260927T111436_be895d4accc9:price:5,price,5,2026-10-02,1주일,5.0,4321.2001953125,없음,,,4321.2001953125,4160.210945711398,4482.1894449136025,0.7968337730870713,simple,0.0198141477872264,0.0200776618437677,0.0,0.0,0.0,4204.60009765625,4162.2998046875,-0.036772281644662064,,,,,,,1.0,158.900390625,,,scored,True,2026-10-03T05:27:56.917459+00:00
3,20260927T111436_be895d4accc9,2026-09-27T11:14:48.411045+00:00,github-actions,823ac12bac50,2026-09-28,2026-09-25,44012b8d27e3ea729cdd,9b0b1adcafba0fea37db,close_to_close,0.0037568627213091,{},,disabled,,,,,Ridge,20260927T111436_be895d4accc9:price:20,price,20,2026-10-23,1개월,20.0,4321.2001953125,없음,,,4321.2001953125,3992.4031847877336,4649.997205837267,0.76522506619594,simple,0.0395024967130362,0.0405572175631568,0.0,0.0,0.0,,,,,,,,,,,,,,pending,True,2026-09-27T11:14:48.740338+00:00
3,20260927T123302_8e14b8d6958f,2026-09-27T12:33:15.566410+00:00,github-actions,823ac12bac50,2026-09-28,2026-09-25,44012b8d27e3ea729cdd,9b0b1adcafba0fea37db,close_to_close,0.0037568627213091,{},,disabled,상승,0.3271224518757959,0.3124723179329658,0.3604052301912383,Logistic,20260927T123302_8e14b8d6958f:direction:Logistic,direction,1,2026-09-28,,,,,,,,,,,,,,,,,4315.0,4168.39990234375,-0.035360614195681817,0.0,0.0,,,,,,,1.1174207076133047,0.6802950741932405,scored,True,2026-09-29T04:25:47.747216+00:00
3,20260927T123302_8e14b8d6958f,2026-09-27T12:33:15.566410+00:00,github-actions,823ac12bac50,2026-09-28,2026-09-25,44012b8d27e3ea729cdd,9b0b1adcafba0fea37db,close_to_close,0.0037568627213091,{},,disabled,,,,,Ridge,20260927T123302_8e14b8d6958f:price:1,price,1,2026-09-28,1거래일,1.0,4321.2001953125,있음,0.0003108103992417,4322.543269270409,4322.543269270409,4255.499979398305,4389.586559142512,0.7776801405975395,simple,0.0086285259513301,0.0086381493487443,-3.1840894392340984e-05,6.8150398099376806e-06,0.4525651751909832,4315.0,4168.39990234375,-0.035360614195681817,,,154.14336692665893,154.14336692665893,0.036979025654421814,0.03567142459492351,0.0,154.14336692665893,,,scored,True,2026-09-29T04:25:47.747216+00:00
3,20260927T123302_8e14b8d6958f,2026-09-27T12:33:15.566410+00:00,github-actions,823ac12bac50,2026-09-28,2026-09-25,44012b8d27e3ea729cdd,9b0b1adcafba0fea37db,close_to_close,0.0037568627213091,{},,disabled,,,,,Ridge,20260927T123302_8e14b8d6958f:price:5,price,5,2026-10-02,1주일,5.0,4321.2001953125,없음,,,4321.2001953125,4160.210945711398,4482.1894449136025,0.7968337730870713,simple,0.0198141477973968,0.0200776618437677,0.0,0.0,0.0,4204.60009765625,4162.2998046875,-0.036772281644662064,,,,,,,1.0,158.900390625,,,scored,True,2026-10-03T05:27:56.917459+00:00
3,20260927T123302_8e14b8d6958f,2026-09-27T12:33:15.566410+00:00,github-actions,823ac12bac50,2026-09-28,2026-09-25,44012b8d27e3ea729cdd,9b0b1adcafba0fea37db,close_to_close,0.0037568627213091,{},,disabled,,,,,Ridge,20260927T123302_8e14b8d6958f:price:20,price,20,2026-10-23,1개월,20.0,4321.2001953125,없음,,,4321.2001953125,3992.4031847877336,4649.997205837267,0.76522506619594,simple,0.0395024967033378,0.0405572175631568,0.0,0.0,0.0,,,,,,,,,,,,,,pending,True,2026-09-27T12:33:16.303876+00:00
3,20260927T143520_b4475b3977ec,2026-09-27T14:35:31.248441+00:00,github-actions,823ac12bac50,2026-09-28,2026-09-25,44012b8d27e3ea729cdd,9b0b1adcafba0fea37db,close_to_close,0.0037568627213091,{},,disabled,상승,0.327122529599823,0.3124723353468273,0.3604051350533496,Logistic,20260927T143520_b4475b3977ec:direction:Logistic,direction,1,2026-09-28,,,,,,,,,,,,,,,,,4315.0,4168.39990234375,-0.035360614195681817,0.0,0.0,,,,,,,1.1174204700141506,0.6802949119020644,scored,True,2026-09-29T04:25:47.747216+00:00
3,20260927T143520_b4475b3977ec,2026-09-27T14:35:31.248441+00:00,github-actions,823ac12bac50,2026-09-28,2026-09-25,44012b8d27e3ea729cdd,9b0b1adcafba0fea37db,close_to_close,0.0037568627213091,{},,disabled,,,,,Ridge,20260927T143520_b4475b3977ec:price:1,price,1,2026-09-28,1거래일,1.0,4321.2001953125,있음,0.0003108104283455,4322.543269396172,4322.543269396172,4255.499979497554,4389.58655929479,0.7776801405975395,simple,0.0086285259501329,0.0086381493487443,-3.184089616885048e-05,6.81503926858233e-06,0.4525651649164181,4315.0,4168.39990234375,-0.035360614195681817,,,154.14336705242204,154.14336705242204,0.03697902568459241,0.035671424624027316,0.0,154.14336705242204,,,scored,True,2026-09-29T04:25:47.747216+00:00
3,20260927T143520_b4475b3977ec,2026-09-27T14:35:31.248441+00:00,github-actions,823ac12bac50,2026-09-28,2026-09-25,44012b8d27e3ea729cdd,9b0b1adcafba0fea37db,close_to_close,0.0037568627213091,{},,disabled,,,,,Ridge,20260927T143520_b4475b3977ec:price:5,price,5,2026-10-02,1주일,5.0,4321.2001953125,없음,,,4321.2001953125,4160.210945711398,4482.1894449136025,0.7968337730870713,simple,0.0198141477872264,0.0200776618437677,0.0,0.0,0.0,4204.60009765625,4162.2998046875,-0.036772281644662064,,,,,,,1.0,158.900390625,,,scored,True,2026-10-03T05:27:56.917459+00:00
3,20260927T143520_b4475b3977ec,2026-09-27T14:35:31.248441+00:00,github-actions,823ac12bac50,2026-09-28,2026-09-25,44012b8d27e3ea729cdd,9b0b1adcafba0fea37db,close_to_close,0.0037568627213091,{},,disabled,,,,,Ridge,20260927T143520_b4475b3977ec:price:20,price,20,2026-10-23,1개월,20.0,4321.2001953125,없음,,,4321.2001953125,3992.4031847877336,4649.997205837267,0.76522506619594,simple,0.0395024967130362,0.0405572175631568,0.0,0.0,0.0,,,,,,,,,,,,,,pending,True,2026-09-27T14:35:31.512948+00:00
3,20260927T145441_f90a8e47f211,2026-09-27T14:54:53.531980+00:00,github-actions,823ac12bac50,2026-09-28,2026-09-25,44012b8d27e3ea729cdd,9b0b1adcafba0fea37db,close_to_close,0.0037568627213091,{},,disabled,상승,0.327122529599823,0.3124723353468273,0.3604051350533496,Logistic,20260927T145441_f90a8e47f211:direction:Logistic,direction,1,2026-09-28,,,,,,,,,,,,,,,,,4315.0,4168.39990234375,-0.035360614195681817,0.0,0.0,,,,,,,1.1174204700141506,0.6802949119020644,scored,True,2026-09-29T04:25:47.747216+00:00
3,20260927T145441_f90a8e47f211,2026-09-27T14:54:53.531980+00:00,github-actions,823ac12bac50,2026-09-28,2026-09-25,44012b8d27e3ea729cdd,9b0b1adcafba0fea37db,close_to_close,0.0037568627213091,{},,disabled,,,,,Ridge,20260927T145441_f90a8e47f211:price:1,price,1,2026-09-28,1거래일,1.0,4321.2001953125,있음,0.0003108104283455,4322.543269396172,4322.543269396172,4255.499979497554,4389.58655929479,0.7776801405975395,simple,0.0086285259501329,0.0086381493487443,-3.184089616885048e-05,6.81503926858233e-06,0.4525651649164181,4315.0,4168.39990234375,-0.035360614195681817,,,154.14336705242204,154.14336705242204,0.03697902568459241,0.035671424624027316,0.0,154.14336705242204,,,scored,True,2026-09-29T04:25:47.747216+00:00
3,20260927T145441_f90a8e47f211,2026-09-27T14:54:53.531980+00:00,github-actions,823ac12bac50,2026-09-28,2026-09-25,44012b8d27e3ea729cdd,9b0b1adcafba0fea37db,close_to_close,0.0037568627213091,{},,disabled,,,,,Ridge,20260927T145441_f90a8e47f211:price:5,price,5,2026-10-02,1주일,5.0,4321.2001953125,없음,,,4321.2001953125,4160.210945711398,4482.1894449136025,0.7968337730870713,simple,0.0198141477872264,0.0200776618437677,0.0,0.0,0.0,4204.60009765625,4162.2998046875,-0.036772281644662064,,,,,,,1.0,158.900390625,,,scored,True,2026-10-03T05:27:56.917459+00:00
3,20260927T145441_f90a8e47f211,2026-09-27T14:54:53.531980+00:00,github-actions,823ac12bac50,2026-09-28,2026-09-25,44012b8d27e3ea729cdd,9b0b1adcafba0fea37db,close_to_close,0.0037568627213091,{},,disabled,,,,,Ridge,20260927T145441_f90a8e47f211:price:20,price,20,2026-10-23,1개월,20.0,4321.2001953125,없음,,,4321.2001953125,3992.4031847877336,4649.997205837267,0.76522506619594,simple,0.0395024967130362,0.0405572175631568,0.0,0.0,0.0,,,,,,,,,,,,,,pending,True,2026-09-27T14:54:54.133459+00:00
3,20260927T150909_89a639c260f6,2026-09-27T15:09:20.215593+00:00,github-actions,823ac12bac50,2026-09-28,2026-09-25,44012b8d27e3ea729cdd,9b0b1adcafba0fea37db,close_to_close,0.0037568627213091,{},,disabled,상승,0.3271224518757959,0.3124723179329658,0.3604052301912383,Logistic,20260927T150909_89a639c260f6:direction:Logistic,direction,1,2026-09-28,,,,,,,,,,,,,,,,,4315.0,4168.39990234375,-0.035360614195681817,0.0,0.0,,,,,,,1.1174207076133047,0.6802950741932405,scored,True,2026-09-29T04:25:47.747216+00:00
3,20260927T150909_89a639c260f6,2026-09-27T15:09:20.215593+00:00,github-actions,823ac12bac50,2026-09-28,2026-09-25,44012b8d27e3ea729cdd,9b0b1adcafba0fea37db,close_to_close,0.0037568627213091,{},,disabled,,,,,Ridge,20260927T150909_89a639c260f6:price:1,price,1,2026-09-28,1거래일,1.0,4321.2001953125,있음,0.0003108104283455,4322.543269396172,4322.543269396172,4255.499979532328,4389.586559260016,0.7776801405975395,simple,0.0086285259541565,0.0086381493487443,-3.184089448105001e-05,6.815040398106101e-06,0.4525651783917667,4315.0,4168.39990234375,-0.035360614195681817,,,154.14336705242204,154.14336705242204,0.03697902568459241,0.035671424624027316,0.0,154.14336705242204,,,scored,True,2026-09-29T04:25:47.747216+00:00
3,20260927T150909_89a639c260f6,2026-09-27T15:09:20.215593+00:00,github-actions,823ac12bac50,2026-09-28,2026-09-25,44012b8d27e3ea729cdd,9b0b1adcafba0fea37db,close_to_close,0.0037568627213091,{},,disabled,,,,,Ridge,20260927T150909_89a639c260f6:price:5,price,5,2026-10-02,1주일,5.0,4321.2001953125,없음,,,4321.2001953125,4160.210945711398,4482.1894449136025,0.7968337730870713,simple,0.0198141477925756,0.0200776618437677,0.0,0.0,0.0,4204.60009765625,4162.2998046875,-0.036772281644662064,,,,,,,1.0,158.900390625,,,scored,True,2026-10-03T05:27:56.917459+00:00
3,20260927T150909_89a639c260f6,2026-09-27T15:09:20.215593+00:00,github-actions,823ac12bac50,2026-09-28,2026-09-25,44012b8d27e3ea729cdd,9b0b1adcafba0fea37db,close_to_close,0.0037568627213091,{},,disabled,,,,,Ridge,20260927T150909_89a639c260f6:price:20,price,20,2026-10-23,1개월,20.0,4321.2001953125,없음,,,4321.2001953125,3992.4031847877336,4649.997205837267,0.76522506619594,simple,0.0395024966814831,0.0405572175631568,0.0,0.0,0.0,,,,,,,,,,,,,,pending,True,2026-09-27T15:09:20.893744+00:00
3,20260927T152647_0f2d49521125,2026-09-27T15:26:58.356000+00:00,github-actions,823ac12bac50,2026-09-28,2026-09-25,44012b8d27e3ea729cdd,9b0b1adcafba0fea37db,close_to_close,0.0037568627213091,{},,disabled,상승,0.327122529599823,0.3124723353468273,0.3604051350533496,Logistic,20260927T152647_0f2d49521125:direction:Logistic,direction,1,2026-09-28,,,,,,,,,,,,,,,,,4315.0,4168.39990234375,-0.035360614195681817,0.0,0.0,,,,,,,1.1174204700141506,0.6802949119020644,scored,True,2026-09-29T04:25:47.747216+00:00
3,20260927T152647_0f2d49521125,2026-09-27T15:26:58.356000+00:00,github-actions,823ac12bac50,2026-09-28,2026-09-25,44012b8d27e3ea729cdd,9b0b1adcafba0fea37db,close_to_close,0.0037568627213091,{},,disabled,,,,,Ridge,20260927T152647_0f2d49521125:price:1,price,1,2026-09-28,1거래일,1.0,4321.2001953125,있음,0.0003108104283455,4322.543269396172,4322.543269396172,4255.499979497554,4389.58655929479,0.7776801405975395,simple,0.0086285259501329,0.0086381493487443,-3.184089616885048e-05,6.81503926858233e-06,0.4525651649164181,4315.0,4168.39990234375,-0.035360614195681817,,,154.14336705242204,154.14336705242204,0.03697902568459241,0.035671424624027316,0.0,154.14336705242204,,,scored,True,2026-09-29T04:25:47.747216+00:00
3,20260927T152647_0f2d49521125,2026-09-27T15:26:58.356000+00:00,github-actions,823ac12bac50,2026-09-28,2026-09-25,44012b8d27e3ea729cdd,9b0b1adcafba0fea37db,close_to_close,0.0037568627213091,{},,disabled,,,,,Ridge,20260927T152647_0f2d49521125:price:5,price,5,2026-10-02,1주일,5.0,4321.2001953125,없음,,,4321.2001953125,4160.210945711398,4482.1894449136025,0.7968337730870713,simple,0.0198141477872264,0.0200776618437677,0.0,0.0,0.0,4204.60009765625,4162.2998046875,-0.036772281644662064,,,,,,,1.0,158.900390625,,,scored,True,2026-10-03T05:27:56.917459+00:00
3,20260927T152647_0f2d49521125,2026-09-27T15:26:58.356000+00:00,github-actions,823ac12bac50,2026-09-28,2026-09-25,44012b8d27e3ea729cdd,9b0b1adcafba0fea37db,close_to_close,0.0037568627213091,{},,disabled,,,,,Ridge,20260927T152647_0f2d49521125:price:20,price,20,2026-10-23,1개월,20.0,4321.2001953125,없음,,,4321.2001953125,3992.4031847877336,4649.997205837267,0.76522506619594,simple,0.0395024967130362,0.0405572175631568,0.0,0.0,0.0,,,,,,,,,,,,,,pending,True,2026-09-27T15:26:58.946632+00:00
3,20260927T153342_97e2169e4247,2026-09-27T15:33:52.017009+00:00,github-actions,823ac12bac50,2026-09-28,2026-09-25,44012b8d27e3ea729cdd,9b0b1adcafba0fea37db,close_to_close,0.0037568627213091,{},,disabled,상승,0.3271224518757959,0.3124723179329658,0.3604052301912383,Logistic,20260927T153342_97e2169e4247:direction:Logistic,direction,1,2026-09-28,,,,,,,,,,,,,,,,,4315.0,4168.39990234375,-0.035360614195681817,0.0,0.0,,,,,,,1.1174207076133047,0.6802950741932405,scored,True,2026-09-29T04:25:47.747216+00:00
3,20260927T153342_97e2169e4247,2026-09-27T15:33:52.017009+00:00,github-actions,823ac12bac50,2026-09-28,2026-09-25,44012b8d27e3ea729cdd,9b0b1adcafba0fea37db,close_to_close,0.0037568627213091,{},,disabled,,,,,Ridge,20260927T153342_97e2169e4247:price:1,price,1,2026-09-28,1거래일,1.0,4321.2001953125,있음,0.0003108103992417,4322.543269270409,4322.543269270409,4255.499979398305,4389.586559142512,0.7776801405975395,simple,0.0086285259513301,0.0086381493487443,-3.1840894392340984e-05,6.8150398099376806e-06,0.4525651751909832,4315.0,4168.39990234375,-0.035360614195681817,,,154.14336692665893,154.14336692665893,0.036979025654421814,0.03567142459492351,0.0,154.14336692665893,,,scored,True,2026-09-29T04:25:47.747216+00:00
3,20260927T153342_97e2169e4247,2026-09-27T15:33:52.017009+00:00,github-actions,823ac12bac50,2026-09-28,2026-09-25,44012b8d27e3ea729cdd,9b0b1adcafba0fea37db,close_to_close,0.0037568627213091,{},,disabled,,,,,Ridge,20260927T153342_97e2169e4247:price:5,price,5,2026-10-02,1주일,5.0,4321.2001953125,없음,,,4321.2001953125,4160.210945711398,4482.1894449136025,0.7968337730870713,simple,0.0198141477973968,0.0200776618437677,0.0,0.0,0.0,4204.60009765625,4162.2998046875,-0.036772281644662064,,,,,,,1.0,158.900390625,,,scored,True,2026-10-03T05:27:56.917459+00:00
3,20260927T153342_97e2169e4247,2026-09-27T15:33:52.017009+00:00,github-actions,823ac12bac50,2026-09-28,2026-09-25,44012b8d27e3ea729cdd,9b0b1adcafba0fea37db,close_to_close,0.0037568627213091,{},,disabled,,,,,Ridge,20260927T153342_97e2169e4247:price:20,price,20,2026-10-23,1개월,20.0,4321.2001953125,없음,,,4321.2001953125,3992.4031847877336,4649.997205837267,0.76522506619594,simple,0.0395024967033378,0.0405572175631568,0.0,0.0,0.0,,,,,,,,,,,,,,pending,True,2026-09-27T15:33:52.508613+00:00
3,20260927T235102_faa8d8b79bc5,2026-09-27T23:51:13.747603+00:00,github-actions,823ac12bac50,2026-09-28,2026-09-25,44012b8d27e3ea729cdd,9b0b1adcafba0fea37db,close_to_close,0.0037568627213091,{},,disabled,상승,0.330525836836302,0.3091525522549048,0.3603216109087931,Logistic,20260927T235102_faa8d8b79bc5:direction:Logistic,direction,1,2026-09-28,,,,,,,,,,,,,,,,,4315.0,4168.39990234375,-0.035360614195681817,0.0,0.0,,,,,,,1.1070704477495266,0.6736026189973632,scored,True,2026-09-29T04:25:47.747216+00:00
3,20260927T235102_faa8d8b79bc5,2026-09-27T23:51:13.747603+00:00,github-actions,823ac12bac50,2026-09-28,2026-09-25,44012b8d27e3ea729cdd,9b0b1adcafba0fea37db,close_to_close,0.0037568627213091,{},,disabled,,,,,Ridge,20260927T235102_faa8d8b79bc5:price:1,price,1,2026-09-28,1거래일,1.0,4321.2001953125,있음,0.000350103538949,4322.713062793387,4322.713062793387,4255.669772894768,4389.756352692004,0.7776801405975395,simple,0.0086285259501329,0.0086381493487443,-3.184089616885048e-05,6.81503926858233e-06,0.4525651649164181,4315.0,4168.39990234375,-0.035360614195681817,,,154.3131604496366,154.3131604496366,0.037019759155754596,0.03571071773463082,0.0,154.3131604496366,,,scored,True,2026-09-29T04:25:47.747216+00:00
3,20260927T235102_faa8d8b79bc5,2026-09-27T23:51:13.747603+00:00,github-actions,823ac12bac50,2026-09-28,2026-09-25,44012b8d27e3ea729cdd,9b0b1adcafba0fea37db,close_to_close,0.0037568627213091,{},,disabled,,,,,Ridge,20260927T235102_faa8d8b79bc5:price:5,price,5,2026-10-02,1주일,5.0,4321.2001953125,없음,,,4321.2001953125,4160.210945711398,4482.1894449136025,0.7968337730870713,simple,0.0198141477872264,0.0200776618437677,0.0,0.0,0.0,4204.60009765625,4162.2998046875,-0.036772281644662064,,,,,,,1.0,158.900390625,,,scored,True,2026-10-03T05:27:56.917459+00:00
3,20260927T235102_faa8d8b79bc5,2026-09-27T23:51:13.747603+00:00,github-actions,823ac12bac50,2026-09-28,2026-09-25,44012b8d27e3ea729cdd,9b0b1adcafba0fea37db,close_to_close,0.0037568627213091,{},,disabled,,,,,Ridge,20260927T235102_faa8d8b79bc5:price:20,price,20,2026-10-23,1개월,20.0,4321.2001953125,없음,,,4321.2001953125,3992.4031847877336,4649.997205837267,0.76522506619594,simple,0.0395024967130362,0.0405572175631568,0.0,0.0,0.0,,,,,,,,,,,,,,pending,True,2026-09-27T23:51:14.009308+00:00
3,20260928T010451_b9741177ddc7,2026-09-28T01:05:02.650960+00:00,github-actions,823ac12bac50,2026-09-28,2026-09-25,44012b8d27e3ea729cdd,9b0b1adcafba0fea37db,close_to_close,0.0037568627213091,{},,disabled,상승,0.330525836836302,0.3091525522549048,0.3603216109087931,Logistic,20260928T010451_b9741177ddc7:direction:Logistic,direction,1,2026-09-28,,,,,,,,,,,,,,,,,4315.0,4168.39990234375,-0.035360614195681817,0.0,0.0,,,,,,,1.1070704477495266,0.6736026189973632,scored,False,2026-09-29T04:25:47.747216+00:00
3,20260928T010451_b9741177ddc7,2026-09-28T01:05:02.650960+00:00,github-actions,823ac12bac50,2026-09-28,2026-09-25,44012b8d27e3ea729cdd,9b0b1adcafba0fea37db,close_to_close,0.0037568627213091,{},,disabled,,,,,Ridge,20260928T010451_b9741177ddc7:price:1,price,1,2026-09-28,1거래일,1.0,4321.2001953125,있음,0.000350103538949,4322.713062793387,4322.713062793387,4255.669772894768,4389.756352692004,0.7776801405975395,simple,0.0086285259501329,0.0086381493487443,-3.184089616885048e-05,6.81503926858233e-06,0.4525651649164181,4315.0,4168.39990234375,-0.035360614195681817,,,154.3131604496366,154.3131604496366,0.037019759155754596,0.03571071773463082,0.0,154.3131604496366,,,scored,False,2026-09-29T04:25:47.747216+00:00
3,20260928T010451_b9741177ddc7,2026-09-28T01:05:02.650960+00:00,github-actions,823ac12bac50,2026-09-28,2026-09-25,44012b8d27e3ea729cdd,9b0b1adcafba0fea37db,close_to_close,0.0037568627213091,{},,disabled,,,,,Ridge,20260928T010451_b9741177ddc7:price:5,price,5,2026-10-02,1주일,5.0,4321.2001953125,없음,,,4321.2001953125,4160.210945711398,4482.1894449136025,0.7968337730870713,simple,0.0198141477872264,0.0200776618437677,0.0,0.0,0.0,4204.60009765625,4162.2998046875,-0.036772281644662064,,,,,,,1.0,158.900390625,,,scored,False,2026-10-03T05:27:56.917459+00:00
3,20260928T010451_b9741177ddc7,2026-09-28T01:05:02.650960+00:00,github-actions,823ac12bac50,2026-09-28,2026-09-25,44012b8d27e3ea729cdd,9b0b1adcafba0fea37db,close_to_close,0.0037568627213091,{},,disabled,,,,,Ridge,20260928T010451_b9741177ddc7:price:20,price,20,2026-10-23,1개월,20.0,4321.2001953125,없음,,,4321.2001953125,3992.4031847877336,4649.997205837267,0.76522506619594,simple,0.0395024967130362,0.0405572175631568,0.0,0.0,0.0,,,,,,,,,,,,,,pending,False,2026-09-28T01:05:03.051253+00:00
3,20260928T014117_0c1c4103008c,2026-09-28T01:41:29.616643+00:00,github-actions,823ac12bac50,2026-09-28,2026-09-25,44012b8d27e3ea729cdd,9b0b1adcafba0fea37db,close_to_close,0.0037568627213091,{},,disabled,상승,0.330525836836302,0.3091525522549048,0.3603216109087931,Logistic,20260928T014117_0c1c4103008c:direction:Logistic,direction,1,2026-09-28,,,,,,,,,,,,,,,,,4315.0,4168.39990234375,-0.035360614195681817,0.0,0.0,,,,,,,1.1070704477495266,0.6736026189973632,scored,False,2026-09-29T04:25:47.747216+00:00
3,20260928T014117_0c1c4103008c,2026-09-28T01:41:29.616643+00:00,github-actions,823ac12bac50,2026-09-28,2026-09-25,44012b8d27e3ea729cdd,9b0b1adcafba0fea37db,close_to_close,0.0037568627213091,{},,disabled,,,,,Ridge,20260928T014117_0c1c4103008c:price:1,price,1,2026-09-28,1거래일,1.0,4321.2001953125,있음,0.000350103538949,4322.713062793387,4322.713062793387,4255.669772894768,4389.756352692004,0.7776801405975395,simple,0.0086285259501329,0.0086381493487443,-3.184089616885048e-05,6.81503926858233e-06,0.4525651649164181,4315.0,4168.39990234375,-0.035360614195681817,,,154.3131604496366,154.3131604496366,0.037019759155754596,0.03571071773463082,0.0,154.3131604496366,,,scored,False,2026-09-29T04:25:47.747216+00:00
3,20260928T014117_0c1c4103008c,2026-09-28T01:41:29.616643+00:00,github-actions,823ac12bac50,2026-09-28,2026-09-25,44012b8d27e3ea729cdd,9b0b1adcafba0fea37db,close_to_close,0.0037568627213091,{},,disabled,,,,,Ridge,20260928T014117_0c1c4103008c:price:5,price,5,2026-10-02,1주일,5.0,4321.2001953125,없음,,,4321.2001953125,4160.210945711398,4482.1894449136025,0.7968337730870713,simple,0.0198141477872264,0.0200776618437677,0.0,0.0,0.0,4204.60009765625,4162.2998046875,-0.036772281644662064,,,,,,,1.0,158.900390625,,,scored,False,2026-10-03T05:27:56.917459+00:00
3,20260928T014117_0c1c4103008c,2026-09-28T01:41:29.616643+00:00,github-actions,823ac12bac50,2026-09-28,2026-09-25,44012b8d27e3ea729cdd,9b0b1adcafba0fea37db,close_to_close,0.0037568627213091,{},,disabled,,,,,Ridge,20260928T014117_0c1c4103008c:price:20,price,20,2026-10-23,1개월,20.0,4321.2001953125,없음,,,4321.2001953125,3992.4031847877336,4649.997205837267,0.76522506619594,simple,0.0395024967130362,0.0405572175631568,0.0,0.0,0.0,,,,,,,,,,,,,,pending,False,2026-09-28T01:41:30.314724+00:00
3,20260928T024421_32494c1515a8,2026-09-28T02:44:29.859534+00:00,github-actions,823ac12bac50,2026-09-28,2026-09-25,44012b8d27e3ea729cdd,9b0b1adcafba0fea37db,close_to_close,0.0037568627213091,{},,disabled,상승,0.3305257634616949,0.3091525541834035,0.3603216823549016,Logistic,20260928T024421_32494c1515a8:direction:Logistic,direction,1,2026-09-28,,,,,,,,,,,,,,,,,4315.0,4168.39990234375,-0.035360614195681817,0.0,0.0,,,,,,,1.1070706697431112,0.6736027699217353,scored,False,2026-09-29T04:25:47.747216+00:00
3,20260928T024421_32494c1515a8,2026-09-28T02:44:29.859534+00:00,github-actions,823ac12bac50,2026-09-28,2026-09-25,44012b8d27e3ea729cdd,9b0b1adcafba0fea37db,close_to_close,0.0037568627213091,{},,disabled,,,,,Ridge,20260928T024421_32494c1515a8:price:1,price,1,2026-09-28,1거래일,1.0,4321.2001953125,있음,0.0003501035098452,4322.713062667623,4322.713062667623,4255.669772795519,4389.756352539726,0.7776801405975395,simple,0.0086285259513301,0.0086381493487443,-3.1840894392340984e-05,6.8150398099376806e-06,0.4525651751909832,4315.0,4168.39990234375,-0.035360614195681817,,,154.31316032387258,154.31316032387258,0.03701975912558378,0.035710717705527015,0.0,154.31316032387258,,,scored,False,2026-09-29T04:25:47.747216+00:00
3,20260928T024421_32494c1515a8,2026-09-28T02:44:29.859534+00:00,github-actions,823ac12bac50,2026-09-28,2026-09-25,44012b8d27e3ea729cdd,9b0b1adcafba0fea37db,close_to_close,0.0037568627213091,{},,disabled,,,,,Ridge,20260928T024421_32494c1515a8:price:5,price,5,2026-10-02,1주일,5.0,4321.2001953125,없음,,,4321.2001953125,4160.210945711398,4482.1894449136025,0.7968337730870713,simple,0.0198141477973968,0.0200776618437677,0.0,0.0,0.0,4204.60009765625,4162.2998046875,-0.036772281644662064,,,,,,,1.0,158.900390625,,,scored,False,2026-10-03T05:27:56.917459+00:00
3,20260928T024421_32494c1515a8,2026-09-28T02:44:29.859534+00:00,github-actions,823ac12bac50,2026-09-28,2026-09-25,44012b8d27e3ea729cdd,9b0b1adcafba0fea37db,close_to_close,0.0037568627213091,{},,disabled,,,,,Ridge,20260928T024421_32494c1515a8:price:20,price,20,2026-10-23,1개월,20.0,4321.2001953125,없음,,,4321.2001953125,3992.4031847877336,4649.997205837267,0.76522506619594,simple,0.0395024967033378,0.0405572175631568,0.0,0.0,0.0,,,,,,,,,,,,,,pending,False,2026-09-28T02:44:30.443064+00:00
3,20260928T031832_eb83e5fa9be2,2026-09-28T03:18:44.428326+00:00,github-actions,823ac12bac50,2026-09-28,2026-09-25,44012b8d27e3ea729cdd,9b0b1adcafba0fea37db,close_to_close,0.0037568627213091,{},,disabled,상승,0.330525836836302,0.3091525522549048,0.3603216109087931,Logistic,20260928T031832_eb83e5fa9be2:direction:Logistic,direction,1,2026-09-28,,,,,,,,,,,,,,,,,4315.0,4168.39990234375,-0.035360614195681817,0.0,0.0,,,,,,,1.1070704477495266,0.6736026189973632,scored,False,2026-09-29T04:25:47.747216+00:00
3,20260928T031832_eb83e5fa9be2,2026-09-28T03:18:44.428326+00:00,github-actions,823ac12bac50,2026-09-28,2026-09-25,44012b8d27e3ea729cdd,9b0b1adcafba0fea37db,close_to_close,0.0037568627213091,{},,disabled,,,,,Ridge,20260928T031832_eb83e5fa9be2:price:1,price,1,2026-09-28,1거래일,1.0,4321.2001953125,있음,0.000350103538949,4322.713062793387,4322.713062793387,4255.669772894768,4389.756352692004,0.7776801405975395,simple,0.0086285259501329,0.0086381493487443,-3.184089616885048e-05,6.81503926858233e-06,0.4525651649164181,4315.0,4168.39990234375,-0.035360614195681817,,,154.3131604496366,154.3131604496366,0.037019759155754596,0.03571071773463082,0.0,154.3131604496366,,,scored,False,2026-09-29T04:25:47.747216+00:00
3,20260928T031832_eb83e5fa9be2,2026-09-28T03:18:44.428326+00:00,github-actions,823ac12bac50,2026-09-28,2026-09-25,44012b8d27e3ea729cdd,9b0b1adcafba0fea37db,close_to_close,0.0037568627213091,{},,disabled,,,,,Ridge,20260928T031832_eb83e5fa9be2:price:5,price,5,2026-10-02,1주일,5.0,4321.2001953125,없음,,,4321.2001953125,4160.210945711398,4482.1894449136025,0.7968337730870713,simple,0.0198141477872264,0.0200776618437677,0.0,0.0,0.0,4204.60009765625,4162.2998046875,-0.036772281644662064,,,,,,,1.0,158.900390625,,,scored,False,2026-10-03T05:27:56.917459+00:00
3,20260928T031832_eb83e5fa9be2,2026-09-28T03:18:44.428326+00:00,github-actions,823ac12bac50,2026-09-28,2026-09-25,44012b8d27e3ea729cdd,9b0b1adcafba0fea37db,close_to_close,0.0037568627213091,{},,disabled,,,,,Ridge,20260928T031832_eb83e5fa9be2:price:20,price,20,2026-10-23,1개월,20.0,4321.2001953125,없음,,,4321.2001953125,3992.4031847877336,4649.997205837267,0.76522506619594,simple,0.0395024967130362,0.0405572175631568,0.0,0.0,0.0,,,,,,,,,,,,,,pending,False,2026-09-28T03:18:45.090078+00:00
3,20260928T041605_a79e523cbcbf,2026-09-28T04:16:16.373582+00:00,github-actions,823ac12bac50,2026-09-28,2026-09-25,44012b8d27e3ea729cdd,9b0b1adcafba0fea37db,close_to_close,0.0037568627213091,{},,disabled,상승,0.3305257634616949,0.3091525541834035,0.3603216823549016,Logistic,20260928T041605_a79e523cbcbf:direction:Logistic,direction,1,2026-09-28,,,,,,,,,,,,,,,,,4315.0,4168.39990234375,-0.035360614195681817,0.0,0.0,,,,,,,1.1070706697431112,0.6736027699217353,scored,False,2026-09-29T04:25:47.747216+00:00
3,20260928T041605_a79e523cbcbf,2026-09-28T04:16:16.373582+00:00,github-actions,823ac12bac50,2026-09-28,2026-09-25,44012b8d27e3ea729cdd,9b0b1adcafba0fea37db,close_to_close,0.0037568627213091,{},,disabled,,,,,Ridge,20260928T041605_a79e523cbcbf:price:1,price,1,2026-09-28,1거래일,1.0,4321.2001953125,있음,0.0003501035098452,4322.713062667623,4322.713062667623,4255.669772795519,4389.756352539726,0.7776801405975395,simple,0.0086285259513301,0.0086381493487443,-3.1840894392340984e-05,6.8150398099376806e-06,0.4525651751909832,4315.0,4168.39990234375,-0.035360614195681817,,,154.31316032387258,154.31316032387258,0.03701975912558378,0.035710717705527015,0.0,154.31316032387258,,,scored,False,2026-09-29T04:25:47.747216+00:00
3,20260928T041605_a79e523cbcbf,2026-09-28T04:16:16.373582+00:00,github-actions,823ac12bac50,2026-09-28,2026-09-25,44012b8d27e3ea729cdd,9b0b1adcafba0fea37db,close_to_close,0.0037568627213091,{},,disabled,,,,,Ridge,20260928T041605_a79e523cbcbf:price:5,price,5,2026-10-02,1주일,5.0,4321.2001953125,없음,,,4321.2001953125,4160.210945711398,4482.1894449136025,0.7968337730870713,simple,0.0198141477973968,0.0200776618437677,0.0,0.0,0.0,4204.60009765625,4162.2998046875,-0.036772281644662064,,,,,,,1.0,158.900390625,,,scored,False,2026-10-03T05:27:56.917459+00:00
3,20260928T041605_a79e523cbcbf,2026-09-28T04:16:16.373582+00:00,github-actions,823ac12bac50,2026-09-28,2026-09-25,44012b8d27e3ea729cdd,9b0b1adcafba0fea37db,close_to_close,0.0037568627213091,{},,disabled,,,,,Ridge,20260928T041605_a79e523cbcbf:price:20,price,20,2026-10-23,1개월,20.0,4321.2001953125,없음,,,4321.2001953125,3992.4031847877336,4649.997205837267,0.76522506619594,simple,0.0395024967033378,0.0405572175631568,0.0,0.0,0.0,,,,,,,,,,,,,,pending,False,2026-09-28T04:16:16.794757+00:00
3,20260928T083500_da1216772ca7,2026-09-28T08:35:11.948650+00:00,github-actions,823ac12bac50,2026-09-28,2026-09-25,44012b8d27e3ea729cdd,9b0b1adcafba0fea37db,close_to_close,0.0037568627213091,{},,disabled,상승,0.330525836836302,0.3091525522549048,0.3603216109087931,Logistic,20260928T083500_da1216772ca7:direction:Logistic,direction,1,2026-09-28,,,,,,,,,,,,,,,,,4315.0,4168.39990234375,-0.035360614195681817,0.0,0.0,,,,,,,1.1070704477495266,0.6736026189973632,scored,False,2026-09-29T04:25:47.747216+00:00
3,20260928T083500_da1216772ca7,2026-09-28T08:35:11.948650+00:00,github-actions,823ac12bac50,2026-09-28,2026-09-25,44012b8d27e3ea729cdd,9b0b1adcafba0fea37db,close_to_close,0.0037568627213091,{},,disabled,,,,,Ridge,20260928T083500_da1216772ca7:price:1,price,1,2026-09-28,1거래일,1.0,4321.2001953125,있음,0.000350103538949,4322.713062793387,4322.713062793387,4255.669772894768,4389.756352692004,0.7776801405975395,simple,0.0086285259501329,0.0086381493487443,-3.184089616885048e-05,6.81503926858233e-06,0.4525651649164181,4315.0,4168.39990234375,-0.035360614195681817,,,154.3131604496366,154.3131604496366,0.037019759155754596,0.03571071773463082,0.0,154.3131604496366,,,scored,False,2026-09-29T04:25:47.747216+00:00
3,20260928T083500_da1216772ca7,2026-09-28T08:35:11.948650+00:00,github-actions,823ac12bac50,2026-09-28,2026-09-25,44012b8d27e3ea729cdd,9b0b1adcafba0fea37db,close_to_close,0.0037568627213091,{},,disabled,,,,,Ridge,20260928T083500_da1216772ca7:price:5,price,5,2026-10-02,1주일,5.0,4321.2001953125,없음,,,4321.2001953125,4160.210945711398,4482.1894449136025,0.7968337730870713,simple,0.0198141477872264,0.0200776618437677,0.0,0.0,0.0,4204.60009765625,4162.2998046875,-0.036772281644662064,,,,,,,1.0,158.900390625,,,scored,False,2026-10-03T05:27:56.917459+00:00
3,20260928T083500_da1216772ca7,2026-09-28T08:35:11.948650+00:00,github-actions,823ac12bac50,2026-09-28,2026-09-25,44012b8d27e3ea729cdd,9b0b1adcafba0fea37db,close_to_close,0.0037568627213091,{},,disabled,,,,,Ridge,20260928T083500_da1216772ca7:price:20,price,20,2026-10-23,1개월,20.0,4321.2001953125,없음,,,4321.2001953125,3992.4031847877336,4649.997205837267,0.76522506619594,simple,0.0395024967130362,0.0405572175631568,0.0,0.0,0.0,,,,,,,,,,,,,,pending,False,2026-09-28T08:35:12.216795+00:00
3,20260928T091502_27adb0a2eb6e,2026-09-28T09:15:11.868627+00:00,github-actions,823ac12bac50,2026-09-28,2026-09-25,44012b8d27e3ea729cdd,9b0b1adcafba0fea37db,close_to_close,0.0037568627213091,{},,disabled,상승,0.3305257634616949,0.3091525541834035,0.3603216823549016,Logistic,20260928T091502_27adb0a2eb6e:direction:Logistic,direction,1,2026-09-28,,,,,,,,,,,,,,,,,4315.0,4168.39990234375,-0.035360614195681817,0.0,0.0,,,,,,,1.1070706697431112,0.6736027699217353,scored,False,2026-09-29T04:25:47.747216+00:00
3,20260928T091502_27adb0a2eb6e,2026-09-28T09:15:11.868627+00:00,github-actions,823ac12bac50,2026-09-28,2026-09-25,44012b8d27e3ea729cdd,9b0b1adcafba0fea37db,close_to_close,0.0037568627213091,{},,disabled,,,,,Ridge,20260928T091502_27adb0a2eb6e:price:1,price,1,2026-09-28,1거래일,1.0,4321.2001953125,있음,0.0003501035680528,4322.71306291915,4322.71306291915,4255.669773055306,4389.756352782993,0.7776801405975395,simple,0.0086285259541565,0.0086381493487443,-3.184089448105001e-05,6.815040398106101e-06,0.4525651783917667,4315.0,4168.39990234375,-0.035360614195681817,,,154.3131605753997,154.3131605753997,0.03701975918592519,0.03571071776373461,0.0,154.3131605753997,,,scored,False,2026-09-29T04:25:47.747216+00:00
3,20260928T091502_27adb0a2eb6e,2026-09-28T09:15:11.868627+00:00,github-actions,823ac12bac50,2026-09-28,2026-09-25,44012b8d27e3ea729cdd,9b0b1adcafba0fea37db,close_to_close,0.0037568627213091,{},,disabled,,,,,Ridge,20260928T091502_27adb0a2eb6e:price:5,price,5,2026-10-02,1주일,5.0,4321.2001953125,없음,,,4321.2001953125,4160.210945711398,4482.1894449136025,0.7968337730870713,simple,0.0198141477925756,0.0200776618437677,0.0,0.0,0.0,4204.60009765625,4162.2998046875,-0.036772281644662064,,,,,,,1.0,158.900390625,,,scored,False,2026-10-03T05:27:56.917459+00:00
3,20260928T091502_27adb0a2eb6e,2026-09-28T09:15:11.868627+00:00,github-actions,823ac12bac50,2026-09-28,2026-09-25,44012b8d27e3ea729cdd,9b0b1adcafba0fea37db,close_to_close,0.0037568627213091,{},,disabled,,,,,Ridge,20260928T091502_27adb0a2eb6e:price:20,price,20,2026-10-23,1개월,20.0,4321.2001953125,없음,,,4321.2001953125,3992.4031847877336,4649.997205837267,0.76522506619594,simple,0.0395024966814831,0.0405572175631568,0.0,0.0,0.0,,,,,,,,,,,,,,pending,False,2026-09-28T09:15:12.620025+00:00
3,20260928T105833_73e6f0832eeb,2026-09-28T10:58:40.404086+00:00,github-actions,823ac12bac50,2026-09-28,2026-09-25,44012b8d27e3ea729cdd,9b0b1adcafba0fea37db,close_to_close,0.0037568627213091,{},,disabled,상승,0.3305257634616949,0.3091525541834035,0.3603216823549016,Logistic,20260928T105833_73e6f0832eeb:direction:Logistic,direction,1,2026-09-28,,,,,,,,,,,,,,,,,4315.0,4168.39990234375,-0.035360614195681817,0.0,0.0,,,,,,,1.1070706697431112,0.6736027699217353,scored,False,2026-09-29T04:25:47.747216+00:00
3,20260928T105833_73e6f0832eeb,2026-09-28T10:58:40.404086+00:00,github-actions,823ac12bac50,2026-09-28,2026-09-25,44012b8d27e3ea729cdd,9b0b1adcafba0fea37db,close_to_close,0.0037568627213091,{},,disabled,,,,,Ridge,20260928T105833_73e6f0832eeb:price:1,price,1,2026-09-28,1거래일,1.0,4321.2001953125,있음,0.0003501035680528,4322.71306291915,4322.71306291915,4255.669773055306,4389.756352782993,0.7776801405975395,simple,0.0086285259541565,0.0086381493487443,-3.184089448105001e-05,6.815040398106101e-06,0.4525651783917667,4315.0,4168.39990234375,-0.035360614195681817,,,154.3131605753997,154.3131605753997,0.03701975918592519,0.03571071776373461,0.0,154.3131605753997,,,scored,False,2026-09-29T04:25:47.747216+00:00
3,20260928T105833_73e6f0832eeb,2026-09-28T10:58:40.404086+00:00,github-actions,823ac12bac50,2026-09-28,2026-09-25,44012b8d27e3ea729cdd,9b0b1adcafba0fea37db,close_to_close,0.0037568627213091,{},,disabled,,,,,Ridge,20260928T105833_73e6f0832eeb:price:5,price,5,2026-10-02,1주일,5.0,4321.2001953125,없음,,,4321.2001953125,4160.210945711398,4482.1894449136025,0.7968337730870713,simple,0.0198141477925756,0.0200776618437677,0.0,0.0,0.0,4204.60009765625,4162.2998046875,-0.036772281644662064,,,,,,,1.0,158.900390625,,,scored,False,2026-10-03T05:27:56.917459+00:00
3,20260928T105833_73e6f0832eeb,2026-09-28T10:58:40.404086+00:00,github-actions,823ac12bac50,2026-09-28,2026-09-25,44012b8d27e3ea729cdd,9b0b1adcafba0fea37db,close_to_close,0.0037568627213091,{},,disabled,,,,,Ridge,20260928T105833_73e6f0832eeb:price:20,price,20,2026-10-23,1개월,20.0,4321.2001953125,없음,,,4321.2001953125,3992.4031847877336,4649.997205837267,0.76522506619594,simple,0.0395024966814831,0.0405572175631568,0.0,0.0,0.0,,,,,,,,,,,,,,pending,False,2026-09-28T10:58:41.016790+00:00
3,20260928T113243_68fdb0bb9066,2026-09-28T11:32:50.261906+00:00,github-actions,823ac12bac50,2026-09-28,2026-09-25,44012b8d27e3ea729cdd,9b0b1adcafba0fea37db,close_to_close,0.0037568627213091,{},,disabled,상승,0.3305257634616949,0.3091525541834035,0.3603216823549016,Logistic,20260928T113243_68fdb0bb9066:direction:Logistic,direction,1,2026-09-28,,,,,,,,,,,,,,,,,4315.0,4168.39990234375,-0.035360614195681817,0.0,0.0,,,,,,,1.1070706697431112,0.6736027699217353,scored,False,2026-09-29T04:25:47.747216+00:00
3,20260928T113243_68fdb0bb9066,2026-09-28T11:32:50.261906+00:00,github-actions,823ac12bac50,2026-09-28,2026-09-25,44012b8d27e3ea729cdd,9b0b1adcafba0fea37db,close_to_close,0.0037568627213091,{},,disabled,,,,,Ridge,20260928T113243_68fdb0bb9066:price:1,price,1,2026-09-28,1거래일,1.0,4321.2001953125,있음,0.0003501035680528,4322.71306291915,4322.71306291915,4255.669773055306,4389.756352782993,0.7776801405975395,simple,0.0086285259541565,0.0086381493487443,-3.184089448105001e-05,6.815040398106101e-06,0.4525651783917667,4315.0,4168.39990234375,-0.035360614195681817,,,154.3131605753997,154.3131605753997,0.03701975918592519,0.03571071776373461,0.0,154.3131605753997,,,scored,False,2026-09-29T04:25:47.747216+00:00
3,20260928T113243_68fdb0bb9066,2026-09-28T11:32:50.261906+00:00,github-actions,823ac12bac50,2026-09-28,2026-09-25,44012b8d27e3ea729cdd,9b0b1adcafba0fea37db,close_to_close,0.0037568627213091,{},,disabled,,,,,Ridge,20260928T113243_68fdb0bb9066:price:5,price,5,2026-10-02,1주일,5.0,4321.2001953125,없음,,,4321.2001953125,4160.210945711398,4482.1894449136025,0.7968337730870713,simple,0.0198141477925756,0.0200776618437677,0.0,0.0,0.0,4204.60009765625,4162.2998046875,-0.036772281644662064,,,,,,,1.0,158.900390625,,,scored,False,2026-10-03T05:27:56.917459+00:00
3,20260928T113243_68fdb0bb9066,2026-09-28T11:32:50.261906+00:00,github-actions,823ac12bac50,2026-09-28,2026-09-25,44012b8d27e3ea729cdd,9b0b1adcafba0fea37db,close_to_close,0.0037568627213091,{},,disabled,,,,,Ridge,20260928T113243_68fdb0bb9066:price:20,price,20,2026-10-23,1개월,20.0,4321.2001953125,없음,,,4321.2001953125,3992.4031847877336,4649.997205837267,0.76522506619594,simple,0.0395024966814831,0.0405572175631568,0.0,0.0,0.0,,,,,,,,,,,,,,pending,False,2026-09-28T11:32:50.807168+00:00
3,20260928T115544_9d85f29f8dd1,2026-09-28T11:55:55.303846+00:00,github-actions,823ac12bac50,2026-09-28,2026-09-25,44012b8d27e3ea729cdd,9b0b1adcafba0fea37db,close_to_close,0.0037568627213091,{},,disabled,상승,0.330525836836302,0.3091525522549048,0.3603216109087931,Logistic,20260928T115544_9d85f29f8dd1:direction:Logistic,direction,1,2026-09-28,,,,,,,,,,,,,,,,,4315.0,4168.39990234375,-0.035360614195681817,0.0,0.0,,,,,,,1.1070704477495266,0.6736026189973632,scored,False,2026-09-29T04:25:47.747216+00:00
3,20260928T115544_9d85f29f8dd1,2026-09-28T11:55:55.303846+00:00,github-actions,823ac12bac50,2026-09-28,2026-09-25,44012b8d27e3ea729cdd,9b0b1adcafba0fea37db,close_to_close,0.0037568627213091,{},,disabled,,,,,Ridge,20260928T115544_9d85f29f8dd1:price:1,price,1,2026-09-28,1거래일,1.0,4321.2001953125,있음,0.000350103538949,4322.713062793387,4322.713062793387,4255.669772894768,4389.756352692004,0.7776801405975395,simple,0.0086285259501329,0.0086381493487443,-3.184089616885048e-05,6.81503926858233e-06,0.4525651649164181,4315.0,4168.39990234375,-0.035360614195681817,,,154.3131604496366,154.3131604496366,0.037019759155754596,0.03571071773463082,0.0,154.3131604496366,,,scored,False,2026-09-29T04:25:47.747216+00:00
3,20260928T115544_9d85f29f8dd1,2026-09-28T11:55:55.303846+00:00,github-actions,823ac12bac50,2026-09-28,2026-09-25,44012b8d27e3ea729cdd,9b0b1adcafba0fea37db,close_to_close,0.0037568627213091,{},,disabled,,,,,Ridge,20260928T115544_9d85f29f8dd1:price:5,price,5,2026-10-02,1주일,5.0,4321.2001953125,없음,,,4321.2001953125,4160.210945711398,4482.1894449136025,0.7968337730870713,simple,0.0198141477872264,0.0200776618437677,0.0,0.0,0.0,4204.60009765625,4162.2998046875,-0.036772281644662064,,,,,,,1.0,158.900390625,,,scored,False,2026-10-03T05:27:56.917459+00:00
3,20260928T115544_9d85f29f8dd1,2026-09-28T11:55:55.303846+00:00,github-actions,823ac12bac50,2026-09-28,2026-09-25,44012b8d27e3ea729cdd,9b0b1adcafba0fea37db,close_to_close,0.0037568627213091,{},,disabled,,,,,Ridge,20260928T115544_9d85f29f8dd1:price:20,price,20,2026-10-23,1개월,20.0,4321.2001953125,없음,,,4321.2001953125,3992.4031847877336,4649.997205837267,0.76522506619594,simple,0.0395024967130362,0.0405572175631568,0.0,0.0,0.0,,,,,,,,,,,,,,pending,False,2026-09-28T11:55:55.765391+00:00
3,20260928T122724_0c4a3f1a5d9e,2026-09-28T12:27:33.271015+00:00,github-actions,823ac12bac50,2026-09-28,2026-09-25,44012b8d27e3ea729cdd,9b0b1adcafba0fea37db,close_to_close,0.0037568627213091,{},,disabled,상승,0.3305257634616949,0.3091525541834035,0.3603216823549016,Logistic,20260928T122724_0c4a3f1a5d9e:direction:Logistic,direction,1,2026-09-28,,,,,,,,,,,,,,,,,4315.0,4168.39990234375,-0.035360614195681817,0.0,0.0,,,,,,,1.1070706697431112,0.6736027699217353,scored,False,2026-09-29T04:25:47.747216+00:00
3,20260928T122724_0c4a3f1a5d9e,2026-09-28T12:27:33.271015+00:00,github-actions,823ac12bac50,2026-09-28,2026-09-25,44012b8d27e3ea729cdd,9b0b1adcafba0fea37db,close_to_close,0.0037568627213091,{},,disabled,,,,,Ridge,20260928T122724_0c4a3f1a5d9e:price:1,price,1,2026-09-28,1거래일,1.0,4321.2001953125,있음,0.0003501035680528,4322.71306291915,4322.71306291915,4255.669773055306,4389.756352782993,0.7776801405975395,simple,0.0086285259541565,0.0086381493487443,-3.184089448105001e-05,6.815040398106101e-06,0.4525651783917667,4315.0,4168.39990234375,-0.035360614195681817,,,154.3131605753997,154.3131605753997,0.03701975918592519,0.03571071776373461,0.0,154.3131605753997,,,scored,False,2026-09-29T04:25:47.747216+00:00
3,20260928T122724_0c4a3f1a5d9e,2026-09-28T12:27:33.271015+00:00,github-actions,823ac12bac50,2026-09-28,2026-09-25,44012b8d27e3ea729cdd,9b0b1adcafba0fea37db,close_to_close,0.0037568627213091,{},,disabled,,,,,Ridge,20260928T122724_0c4a3f1a5d9e:price:5,price,5,2026-10-02,1주일,5.0,4321.2001953125,없음,,,4321.2001953125,4160.210945711398,4482.1894449136025,0.7968337730870713,simple,0.0198141477925756,0.0200776618437677,0.0,0.0,0.0,4204.60009765625,4162.2998046875,-0.036772281644662064,,,,,,,1.0,158.900390625,,,scored,False,2026-10-03T05:27:56.917459+00:00
3,20260928T122724_0c4a3f1a5d9e,2026-09-28T12:27:33.271015+00:00,github-actions,823ac12bac50,2026-09-28,2026-09-25,44012b8d27e3ea729cdd,9b0b1adcafba0fea37db,close_to_close,0.0037568627213091,{},,disabled,,,,,Ridge,20260928T122724_0c4a3f1a5d9e:price:20,price,20,2026-10-23,1개월,20.0,4321.2001953125,없음,,,4321.2001953125,3992.4031847877336,4649.997205837267,0.76522506619594,simple,0.0395024966814831,0.0405572175631568,0.0,0.0,0.0,,,,,,,,,,,,,,pending,False,2026-09-28T12:27:33.529668+00:00
3,20260928T234520_2639e9532a19,2026-09-28T23:45:32.078238+00:00,github-actions,823ac12bac50,2026-09-29,2026-09-28,497d391da0b57a0131cf,9b0b1adcafba0fea37db,close_to_close,0.0040610203513901,{},,disabled,상승,0.3198062539623061,0.3053875105102473,0.3748062355274464,Logistic,20260928T234520_2639e9532a19:direction:Logistic,direction,1,2026-09-29,,,,,,,,,,,,,,,,,4150.10009765625,4179.7001953125,0.002710942623906254,1.0,0.0,,,,,,,1.1861737825471192,0.7252422648188104,scored,True,2026-09-30T05:43:15.259410+00:00
3,20260928T234520_2639e9532a19,2026-09-28T23:45:32.078238+00:00,github-actions,823ac12bac50,2026-09-29,2026-09-28,497d391da0b57a0131cf,9b0b1adcafba0fea37db,close_to_close,0.0040610203513901,{},,disabled,,,,,Ridge,20260928T234520_2639e9532a19:price:1,price,1,2026-09-29,1거래일,1.0,4159.7001953125,있음,-0.000149967658217,4159.076374815324,4159.076374815324,4089.213358881595,4228.939390749053,0.7768014059753954,simple,0.0086541482564122,0.0086647053914233,-3.388625149097005e-05,6.738291028916388e-06,0.4639951845650213,4150.10009765625,4179.7001953125,0.004808038815522719,,,-20.623820497175984,20.623820497175984,0.004934282253139934,-0.004958006473739719,1.0,-20.623820497175984,,,scored,True,2026-09-30T05:43:15.259410+00:00
3,20260928T234520_2639e9532a19,2026-09-28T23:45:32.078238+00:00,github-actions,823ac12bac50,2026-09-29,2026-09-28,497d391da0b57a0131cf,9b0b1adcafba0fea37db,close_to_close,0.0040610203513901,{},,disabled,,,,,Ridge,20260928T234520_2639e9532a19:price:5,price,5,2026-10-05,1주일,5.0,4159.7001953125,없음,,,4159.7001953125,3991.83682755772,4327.56356306728,0.7977132805628848,simple,0.0198493751536023,0.0201086017866094,0.0,0.0,0.0,4169.39990234375,4156.7998046875,-0.0006972595352588984,,,,,,,1.0,2.900390625,,,scored,True,2026-10-06T06:31:22.959310+00:00
3,20260928T234520_2639e9532a19,2026-09-28T23:45:32.078238+00:00,github-actions,823ac12bac50,2026-09-29,2026-09-28,497d391da0b57a0131cf,9b0b1adcafba0fea37db,close_to_close,0.0040610203513901,{},,disabled,,,,,Ridge,20260928T234520_2639e9532a19:price:20,price,20,2026-10-26,1개월,20.0,4159.7001953125,없음,,,4159.7001953125,3817.420017894268,4501.980372730732,0.7654320987654321,simple,0.0395431364635777,0.0405935194836886,0.0,0.0,0.0,,,,,,,,,,,,,,pending,True,2026-09-28T23:45:32.347445+00:00
3,20260929T004615_164e2ed7b129,2026-09-29T00:46:27.123310+00:00,github-actions,823ac12bac50,2026-09-29,2026-09-28,7646bbcaed7b9969fad3,9b0b1adcafba0fea37db,close_to_close,0.0040926336438421,{},,disabled,상승,0.3158854878980964,0.3000291219592996,0.384085390142604,Logistic,20260929T004615_164e2ed7b129:direction:Logistic,direction,1,2026-09-29,,,,,,,,,,,,,,,,,4150.10009765625,4179.7001953125,0.002710942623906254,1.0,0.0,,,,,,,1.2038757358395686,0.7372644584906838,scored,False,2026-09-30T05:43:15.259410+00:00
3,20260929T004615_164e2ed7b129,2026-09-29T00:46:27.123310+00:00,github-actions,823ac12bac50,2026-09-29,2026-09-28,7646bbcaed7b9969fad3,9b0b1adcafba0fea37db,close_to_close,0.0040926336438421,{},,disabled,,,,,Ridge,20260929T004615_164e2ed7b129:price:1,price,1,2026-09-29,1거래일,1.0,4156.2001953125,있음,7.565900159534067e-05,4156.514649269708,4156.514649269708,4086.167020697817,4226.862277841598,0.7768014059753954,simple,0.008654859996447,0.0086654171314582,-3.388625149097005e-05,6.738291028916388e-06,0.4639951845650213,4150.10009765625,4179.7001953125,0.005654203093129251,,,-23.18554604279234,23.18554604279234,0.005547179213665789,-0.00557854409153391,1.0,-23.18554604279234,,,scored,False,2026-09-30T05:43:15.259410+00:00
3,20260929T004615_164e2ed7b129,2026-09-29T00:46:27.123310+00:00,github-actions,823ac12bac50,2026-09-29,2026-09-28,7646bbcaed7b9969fad3,9b0b1adcafba0fea37db,close_to_close,0.0040926336438421,{},,disabled,,,,,Ridge,20260929T004615_164e2ed7b129:price:5,price,5,2026-10-05,1주일,5.0,4156.2001953125,없음,,,4156.2001953125,3987.172424498229,4325.227966126771,0.7977132805628848,simple,0.0198500773311688,0.020109303964176,0.0,0.0,0.0,4169.39990234375,4156.7998046875,0.00014426864607641754,,,,,,,1.0,-0.599609375,,,scored,False,2026-10-06T06:31:22.959310+00:00
3,20260929T004615_164e2ed7b129,2026-09-29T00:46:27.123310+00:00,github-actions,823ac12bac50,2026-09-29,2026-09-28,7646bbcaed7b9969fad3,9b0b1adcafba0fea37db,close_to_close,0.0040926336438421,{},,disabled,,,,,Ridge,20260929T004615_164e2ed7b129:price:20,price,20,2026-10-26,1개월,20.0,4156.2001953125,없음,,,4156.2001953125,3811.545753091175,4500.854637533825,0.7654320987654321,simple,0.039543817807497,0.0405942008276078,0.0,0.0,0.0,,,,,,,,,,,,,,pending,False,2026-09-29T00:46:27.838988+00:00
3,20260929T010241_0ddabcf6ae13,2026-09-29T01:02:54.986604+00:00,github-actions,823ac12bac50,2026-09-29,2026-09-28,3546c232665c4a423d7d,9b0b1adcafba0fea37db,close_to_close,0.0041779628794582,{},,disabled,상승,0.3136253263001954,0.3009611713179488,0.3854135023818558,Logistic,20260929T010241_0ddabcf6ae13:direction:Logistic,direction,1,2026-09-29,,,,,,,,,,,,,,,,,4150.10009765625,4179.7001953125,0.002710942623906254,1.0,0.0,,,,,,,1.2007740214980323,0.735559697120327,scored,False,2026-09-30T05:43:15.259410+00:00
3,20260929T010241_0ddabcf6ae13,2026-09-29T01:02:54.986604+00:00,github-actions,823ac12bac50,2026-09-29,2026-09-28,3546c232665c4a423d7d,9b0b1adcafba0fea37db,close_to_close,0.0041779628794582,{},,disabled,,,,,Ridge,20260929T010241_0ddabcf6ae13:price:1,price,1,2026-09-29,1거래일,1.0,4147.0,있음,8.88270151335746e-05,4147.368365631759,4147.368365631759,4075.712995153979,4219.023736109538,0.7768014059753954,simple,0.0086567308956848,0.0086672880306959,-3.388625149097005e-05,6.738291028916388e-06,0.4639951845650213,4150.10009765625,4179.7001953125,0.007885265327345126,,,-32.331829680741066,32.331829680741066,0.0077354422972731275,-0.007796438312211551,1.0,-32.331829680741066,,,scored,False,2026-09-30T05:43:15.259410+00:00
3,20260929T010241_0ddabcf6ae13,2026-09-29T01:02:54.986604+00:00,github-actions,823ac12bac50,2026-09-29,2026-09-28,3546c232665c4a423d7d,9b0b1adcafba0fea37db,close_to_close,0.0041779628794582,{},,disabled,,,,,Ridge,20260929T010241_0ddabcf6ae13:price:5,price,5,2026-10-05,1주일,5.0,4147.0,없음,,,4147.0,3974.8300522049262,4319.169947795074,0.7977132805628848,simple,0.019851923094242,0.0201111497272491,0.0,0.0,0.0,4169.39990234375,4156.7998046875,0.002363106989992758,,,,,,,1.0,-9.7998046875,,,scored,False,2026-10-06T06:31:22.959310+00:00
3,20260929T010241_0ddabcf6ae13,2026-09-29T01:02:54.986604+00:00,github-actions,823ac12bac50,2026-09-29,2026-09-28,3546c232665c4a423d7d,9b0b1adcafba0fea37db,close_to_close,0.0041779628794582,{},,disabled,,,,,Ridge,20260929T010241_0ddabcf6ae13:price:20,price,20,2026-10-26,1개월,20.0,4147.0,없음,,,4147.0,3795.938532178903,4498.061467821098,0.7654320987654321,simple,0.0395456088066774,0.0405959918267883,0.0,0.0,0.0,,,,,,,,,,,,,,pending,False,2026-09-29T01:02:55.556850+00:00
3,20260929T015003_25a68a74546f,2026-09-29T01:50:14.674393+00:00,github-actions,823ac12bac50,2026-09-29,2026-09-28,0b845211f0f918d4975d,9b0b1adcafba0fea37db,close_to_close,0.0040862754131383,{},,disabled,상승,0.3194490220384036,0.3057984248534147,0.3747525531081817,Logistic,20260929T015003_25a68a74546f:direction:Logistic,direction,1,2026-09-29,,,,,,,,,,,,,,,,,4150.10009765625,4179.7001953125,0.002710942623906254,1.0,0.0,,,,,,,1.1848291364049057,0.7244029806783931,scored,False,2026-09-30T05:43:15.259410+00:00
3,20260929T015003_25a68a74546f,2026-09-29T01:50:14.674393+00:00,github-actions,823ac12bac50,2026-09-29,2026-09-28,0b845211f0f918d4975d,9b0b1adcafba0fea37db,close_to_close,0.0040862754131383,{},,disabled,,,,,Ridge,20260929T015003_25a68a74546f:price:1,price,1,2026-09-29,1거래일,1.0,4156.89990234375,있음,-0.0001543234538985,4156.25839519331,4156.25839519331,4086.0082324319,4226.508557954719,0.7768014059753954,simple,0.0086547177080165,0.0086652748430277,-3.388625149097005e-05,6.738291028916388e-06,0.4639951845650213,4150.10009765625,4179.7001953125,0.0054849271101993224,,,-23.441800119189793,23.441800119189793,0.005608488413948824,-0.0056392505640978224,1.0,-23.441800119189793,,,scored,False,2026-09-30T05:43:15.259410+00:00
3,20260929T015003_25a68a74546f,2026-09-29T01:50:14.674393+00:00,github-actions,823ac12bac50,2026-09-29,2026-09-28,0b845211f0f918d4975d,9b0b1adcafba0fea37db,close_to_close,0.0040862754131383,{},,disabled,,,,,Ridge,20260929T015003_25a68a74546f:price:5,price,5,2026-10-05,1주일,5.0,4156.89990234375,없음,,,4156.89990234375,3988.106317514291,4325.693487173209,0.7977132805628848,simple,0.0198499369544315,0.0201091635874387,0.0,0.0,0.0,4169.39990234375,4156.7998046875,-2.4079881306149353e-05,,,,,,,1.0,0.10009765625,,,scored,False,2026-10-06T06:31:22.959310+00:00
3,20260929T015003_25a68a74546f,2026-09-29T01:50:14.674393+00:00,github-actions,823ac12bac50,2026-09-29,2026-09-28,0b845211f0f918d4975d,9b0b1adcafba0fea37db,close_to_close,0.0040862754131383,{},,disabled,,,,,Ridge,20260929T015003_25a68a74546f:price:20,price,20,2026-10-26,1개월,20.0,4156.89990234375,없음,,,4156.89990234375,3812.7229747910646,4501.076829896436,0.7654320987654321,simple,0.0395436815957453,0.0405940646158561,0.0,0.0,0.0,,,,,,,,,,,,,,pending,False,2026-09-29T01:50:14.943364+00:00
3,20260929T025433_43b32f750e22,2026-09-29T02:54:44.588004+00:00,github-actions,823ac12bac50,2026-09-29,2026-09-28,068ea3f89fad4c8bd041,9b0b1adcafba0fea37db,close_to_close,0.0039862851910185,{},,disabled,상승,0.3229138166308493,0.3043881430094218,0.3726980403597288,Logistic,20260929T025433_43b32f750e22:direction:Logistic,direction,1,2026-09-29,,,,,,,,,,,,,,,,,4150.10009765625,4179.7001953125,0.002710942623906254,1.0,0.0,,,,,,,1.189451605759097,0.7270530178449646,scored,False,2026-09-30T05:43:15.259410+00:00
3,20260929T025433_43b32f750e22,2026-09-29T02:54:44.588004+00:00,github-actions,823ac12bac50,2026-09-29,2026-09-28,068ea3f89fad4c8bd041,9b0b1adcafba0fea37db,close_to_close,0.0039862851910185,{},,disabled,,,,,Ridge,20260929T025433_43b32f750e22:price:1,price,1,2026-09-29,1거래일,1.0,4168.2001953125,있음,-0.0001576073555042,4167.543256302504,4167.543256302504,4098.825801023257,4236.260711581752,0.7768014059753954,simple,0.0086524197393932,0.0086629768799102,-3.388625425390473e-05,6.738290186066787e-06,0.4639952152718779,4150.10009765625,4179.7001953125,0.002758984564352973,,,-12.156939009995767,12.156939009995767,0.002908567227771426,-0.002916591919857173,1.0,-12.156939009995767,,,scored,False,2026-09-30T05:43:15.259410+00:00
3,20260929T025433_43b32f750e22,2026-09-29T02:54:44.588004+00:00,github-actions,823ac12bac50,2026-09-29,2026-09-28,068ea3f89fad4c8bd041,9b0b1adcafba0fea37db,close_to_close,0.0039862851910185,{},,disabled,,,,,Ridge,20260929T025433_43b32f750e22:price:5,price,5,2026-10-05,1주일,5.0,4168.2001953125,없음,,,4168.2001953125,4003.08932324235,4333.3110673826495,0.7977132805628848,simple,0.0198476698701055,0.0201068964982336,0.0,0.0,0.0,4169.39990234375,4156.7998046875,-0.002735087109736356,,,,,,,1.0,11.400390625,,,scored,False,2026-10-06T06:31:22.959310+00:00
3,20260929T025433_43b32f750e22,2026-09-29T02:54:44.588004+00:00,github-actions,823ac12bac50,2026-09-29,2026-09-28,068ea3f89fad4c8bd041,9b0b1adcafba0fea37db,close_to_close,0.0039862851910185,{},,disabled,,,,,Ridge,20260929T025433_43b32f750e22:price:20,price,20,2026-10-26,1개월,20.0,4168.2001953125,없음,,,4168.2001953125,3831.532467613818,4504.867923011182,0.7654320987654321,simple,0.0395414817684687,0.0405918647913134,0.0,0.0,0.0,,,,,,,,,,,,,,pending,False,2026-09-29T02:54:45.512838+00:00
3,20260929T040354_4bd475229bdc,2026-09-29T04:04:06.747938+00:00,github-actions,823ac12bac50,2026-09-28,2026-09-25,44012b8d27e3ea729cdd,9b0b1adcafba0fea37db,close_to_close,0.0037568627213091,{},,disabled,상승,0.330525836836302,0.3091525522549048,0.3603216109087931,Logistic,20260929T040354_4bd475229bdc:direction:Logistic,direction,1,2026-09-28,,,,,,,,,,,,,,,,,4315.0,4168.39990234375,-0.035360614195681817,0.0,0.0,,,,,,,1.1070704477495266,0.6736026189973632,scored,False,2026-09-29T04:25:47.747216+00:00
3,20260929T040354_4bd475229bdc,2026-09-29T04:04:06.747938+00:00,github-actions,823ac12bac50,2026-09-28,2026-09-25,44012b8d27e3ea729cdd,9b0b1adcafba0fea37db,close_to_close,0.0037568627213091,{},,disabled,,,,,Ridge,20260929T040354_4bd475229bdc:price:1,price,1,2026-09-28,1거래일,1.0,4321.2001953125,있음,0.000350103538949,4322.713062793387,4322.713062793387,4255.669772894768,4389.756352692004,0.7776801405975395,simple,0.0086285259501329,0.0086381493487443,-3.184089616885048e-05,6.81503926858233e-06,0.4525651649164181,4315.0,4168.39990234375,-0.035360614195681817,,,154.3131604496366,154.3131604496366,0.037019759155754596,0.03571071773463082,0.0,154.3131604496366,,,scored,False,2026-09-29T04:25:47.747216+00:00
3,20260929T040354_4bd475229bdc,2026-09-29T04:04:06.747938+00:00,github-actions,823ac12bac50,2026-09-28,2026-09-25,44012b8d27e3ea729cdd,9b0b1adcafba0fea37db,close_to_close,0.0037568627213091,{},,disabled,,,,,Ridge,20260929T040354_4bd475229bdc:price:5,price,5,2026-10-02,1주일,5.0,4321.2001953125,없음,,,4321.2001953125,4160.210945711398,4482.1894449136025,0.7968337730870713,simple,0.0198141477872264,0.0200776618437677,0.0,0.0,0.0,4204.60009765625,4162.2998046875,-0.036772281644662064,,,,,,,1.0,158.900390625,,,scored,False,2026-10-03T05:27:56.917459+00:00
3,20260929T040354_4bd475229bdc,2026-09-29T04:04:06.747938+00:00,github-actions,823ac12bac50,2026-09-28,2026-09-25,44012b8d27e3ea729cdd,9b0b1adcafba0fea37db,close_to_close,0.0037568627213091,{},,disabled,,,,,Ridge,20260929T040354_4bd475229bdc:price:20,price,20,2026-10-23,1개월,20.0,4321.2001953125,없음,,,4321.2001953125,3992.4031847877336,4649.997205837267,0.76522506619594,simple,0.0395024967130362,0.0405572175631568,0.0,0.0,0.0,,,,,,,,,,,,,,pending,False,2026-09-29T04:04:07.184302+00:00
3,20260929T042535_ccfc931a823f,2026-09-29T04:25:47.473170+00:00,github-actions,823ac12bac50,2026-09-29,2026-09-28,2b8dff3a7d46e7f48652,9b0b1adcafba0fea37db,close_to_close,0.0039845649789455,{},,disabled,상승,0.3246644885815844,0.3020534645701945,0.373282046848221,Logistic,20260929T042535_ccfc931a823f:direction:Logistic,direction,1,2026-09-29,,,,,,,,,,,,,,,,,4150.10009765625,4179.7001953125,0.002710942623906254,1.0,0.0,,,,,,,1.1971512422754698,0.7318758829636081,scored,False,2026-09-30T05:43:15.259410+00:00
3,20260929T042535_ccfc931a823f,2026-09-29T04:25:47.473170+00:00,github-actions,823ac12bac50,2026-09-29,2026-09-28,2b8dff3a7d46e7f48652,9b0b1adcafba0fea37db,close_to_close,0.0039845649789455,{},,disabled,,,,,Ridge,20260929T042535_ccfc931a823f:price:1,price,1,2026-09-29,1거래일,1.0,4168.39990234375,있음,-0.0001207564564538,4167.896541142461,4167.896541142461,4099.2054485963135,4236.587633688607,0.7768014059753954,simple,0.0086523791336164,0.0086629362686275,-3.388625149097005e-05,6.738291028916388e-06,0.4639951845650213,4150.10009765625,4179.7001953125,0.002710942623906254,,,-11.803654170039408,11.803654170039408,0.0028240432611116727,-0.002831699080360054,1.0,-11.803654170039408,,,scored,False,2026-09-30T05:43:15.259410+00:00
3,20260929T042535_ccfc931a823f,2026-09-29T04:25:47.473170+00:00,github-actions,823ac12bac50,2026-09-29,2026-09-28,2b8dff3a7d46e7f48652,9b0b1adcafba0fea37db,close_to_close,0.0039845649789455,{},,disabled,,,,,Ridge,20260929T042535_ccfc931a823f:price:5,price,5,2026-10-05,1주일,5.0,4168.39990234375,없음,,,4168.39990234375,4003.352373612821,4333.447431074678,0.7977132805628848,simple,0.0198476297995701,0.0201068564325772,0.0,0.0,0.0,4169.39990234375,4156.7998046875,-0.002782865830537884,,,,,,,1.0,11.60009765625,,,scored,False,2026-10-06T06:31:22.959310+00:00
3,20260929T042535_ccfc931a823f,2026-09-29T04:25:47.473170+00:00,github-actions,823ac12bac50,2026-09-29,2026-09-28,2b8dff3a7d46e7f48652,9b0b1adcafba0fea37db,close_to_close,0.0039845649789455,{},,disabled,,,,,Ridge,20260929T042535_ccfc931a823f:price:20,price,20,2026-10-26,1개월,20.0,4168.39990234375,없음,,,4168.39990234375,3831.861334268617,4504.938470418883,0.7654320987654321,simple,0.0395414428942964,0.0405918259144073,0.0,0.0,0.0,,,,,,,,,,,,,,pending,False,2026-09-29T04:25:47.747216+00:00
3,20260929T092418_c7b2ea4f47e9,2026-09-29T09:24:30.226295+00:00,github-actions,823ac12bac50,2026-09-29,2026-09-28,2b8dff3a7d46e7f48652,9b0b1adcafba0fea37db,close_to_close,0.0039845649789455,{},,disabled,상승,0.3246645066777763,0.3020534836344028,0.373282009687821,Logistic,20260929T092418_c7b2ea4f47e9:direction:Logistic,direction,1,2026-09-29,,,,,,,,,,,,,,,,,4150.10009765625,4179.7001953125,0.002710942623906254,1.0,0.0,,,,,,,1.197151179160128,0.731875840359775,scored,False,2026-09-30T05:43:15.259410+00:00
3,20260929T092418_c7b2ea4f47e9,2026-09-29T09:24:30.226295+00:00,github-actions,823ac12bac50,2026-09-29,2026-09-28,2b8dff3a7d46e7f48652,9b0b1adcafba0fea37db,close_to_close,0.0039845649789455,{},,disabled,,,,,Ridge,20260929T092418_c7b2ea4f47e9:price:1,price,1,2026-09-29,1거래일,1.0,4168.39990234375,있음,-0.0001207556779263,4167.896544387674,4167.896544387674,4099.205451841528,4236.587636933821,0.7768014059753954,simple,0.0086523791336164,0.0086629362686275,-3.388625149097005e-05,6.738291028916388e-06,0.4639951845650213,4150.10009765625,4179.7001953125,0.002710942623906254,,,-11.803650924825888,11.803650924825888,0.002824042484689114,-0.002831698301832554,1.0,-11.803650924825888,,,scored,False,2026-09-30T05:43:15.259410+00:00
3,20260929T092418_c7b2ea4f47e9,2026-09-29T09:24:30.226295+00:00,github-actions,823ac12bac50,2026-09-29,2026-09-28,2b8dff3a7d46e7f48652,9b0b1adcafba0fea37db,close_to_close,0.0039845649789455,{},,disabled,,,,,Ridge,20260929T092418_c7b2ea4f47e9:price:5,price,5,2026-10-05,1주일,5.0,4168.39990234375,없음,,,4168.39990234375,4003.352373612821,4333.447431074678,0.7977132805628848,simple,0.0198476297995701,0.0201068564325772,0.0,0.0,0.0,4169.39990234375,4156.7998046875,-0.002782865830537884,,,,,,,1.0,11.60009765625,,,scored,False,2026-10-06T06:31:22.959310+00:00
3,20260929T092418_c7b2ea4f47e9,2026-09-29T09:24:30.226295+00:00,github-actions,823ac12bac50,2026-09-29,2026-09-28,2b8dff3a7d46e7f48652,9b0b1adcafba0fea37db,close_to_close,0.0039845649789455,{},,disabled,,,,,Ridge,20260929T092418_c7b2ea4f47e9:price:20,price,20,2026-10-26,1개월,20.0,4168.39990234375,없음,,,4168.39990234375,3831.861334268617,4504.938470418883,0.7654320987654321,simple,0.0395414428942964,0.0405918259144073,0.0,0.0,0.0,,,,,,,,,,,,,,pending,False,2026-09-29T09:24:30.545754+00:00
3,20260929T094051_de8db62ea3f4,2026-09-29T09:41:02.792071+00:00,github-actions,823ac12bac50,2026-09-28,2026-09-25,44012b8d27e3ea729cdd,9b0b1adcafba0fea37db,close_to_close,0.0037568627213091,{},,disabled,상승,0.3305257634616949,0.3091525541834035,0.3603216823549016,Logistic,20260929T094051_de8db62ea3f4:direction:Logistic,direction,1,2026-09-28,,,,,,,,,,,,,,,,,4315.0,4168.39990234375,-0.035360614195681817,0.0,0.0,,,,,,,1.1070706697431112,0.6736027699217353,scored,False,2026-09-29T13:07:02.849456+00:00
3,20260929T094051_de8db62ea3f4,2026-09-29T09:41:02.792071+00:00,github-actions,823ac12bac50,2026-09-28,2026-09-25,44012b8d27e3ea729cdd,9b0b1adcafba0fea37db,close_to_close,0.0037568627213091,{},,disabled,,,,,Ridge,20260929T094051_de8db62ea3f4:price:1,price,1,2026-09-28,1거래일,1.0,4321.2001953125,있음,0.0003501035098452,4322.713062667623,4322.713062667623,4255.669772795519,4389.756352539726,0.7776801405975395,simple,0.0086285259513301,0.0086381493487443,-3.1840894392340984e-05,6.8150398099376806e-06,0.4525651751909832,4315.0,4168.39990234375,-0.035360614195681817,,,154.31316032387258,154.31316032387258,0.03701975912558378,0.035710717705527015,0.0,154.31316032387258,,,scored,False,2026-09-29T13:07:02.849456+00:00
3,20260929T094051_de8db62ea3f4,2026-09-29T09:41:02.792071+00:00,github-actions,823ac12bac50,2026-09-28,2026-09-25,44012b8d27e3ea729cdd,9b0b1adcafba0fea37db,close_to_close,0.0037568627213091,{},,disabled,,,,,Ridge,20260929T094051_de8db62ea3f4:price:5,price,5,2026-10-02,1주일,5.0,4321.2001953125,없음,,,4321.2001953125,4160.210945711398,4482.1894449136025,0.7968337730870713,simple,0.0198141477973968,0.0200776618437677,0.0,0.0,0.0,4204.60009765625,4162.2998046875,-0.036772281644662064,,,,,,,1.0,158.900390625,,,scored,False,2026-10-03T05:27:56.917459+00:00
3,20260929T094051_de8db62ea3f4,2026-09-29T09:41:02.792071+00:00,github-actions,823ac12bac50,2026-09-28,2026-09-25,44012b8d27e3ea729cdd,9b0b1adcafba0fea37db,close_to_close,0.0037568627213091,{},,disabled,,,,,Ridge,20260929T094051_de8db62ea3f4:price:20,price,20,2026-10-23,1개월,20.0,4321.2001953125,없음,,,4321.2001953125,3992.4031847877336,4649.997205837267,0.76522506619594,simple,0.0395024967033378,0.0405572175631568,0.0,0.0,0.0,,,,,,,,,,,,,,pending,False,2026-09-29T09:41:03.626386+00:00
3,20260929T231121_1303754bbca6,2026-09-29T23:11:30.097863+00:00,github-actions,823ac12bac50,2026-09-30,2026-09-29,a9b59cb6101a41cc2aae,9b0b1adcafba0fea37db,close_to_close,0.0040727637746694,{},,disabled,상승,0.3290146903856434,0.3082795262867732,0.3627057833275833,Logistic,20260929T231121_1303754bbca6:direction:Logistic,direction,1,2026-09-30,,,,,,,,,,,,,,,,,4216.2001953125,4186.7001953125,0.0016747612682483926,1.0,0.0,,,,,,,1.1767483547065432,0.7182833655028875,scored,True,2026-10-01T06:08:52.601118+00:00
3,20260929T231121_1303754bbca6,2026-09-29T23:11:30.097863+00:00,github-actions,823ac12bac50,2026-09-30,2026-09-29,a9b59cb6101a41cc2aae,9b0b1adcafba0fea37db,close_to_close,0.0040727637746694,{},,disabled,,,,,Ridge,20260929T231121_1303754bbca6:price:1,price,1,2026-09-30,1거래일,1.0,4212.7998046875,있음,-6.23242976871552e-06,4212.773548708587,4212.773548708587,4141.790547662549,4283.756549754627,0.7785588752196837,simple,0.0086618893643373,0.0086722050792944,-3.3239859483366386e-05,6.861968637314957e-06,0.4577993963521046,4216.2001953125,4186.7001953125,-0.006195312045438106,,,26.07335339608744,26.07335339608744,0.006227661924605828,0.006189079615669391,1.0,26.07335339608744,,,scored,True,2026-10-01T06:08:52.601118+00:00
3,20260929T231121_1303754bbca6,2026-09-29T23:11:30.097863+00:00,github-actions,823ac12bac50,2026-09-30,2026-09-29,a9b59cb6101a41cc2aae,9b0b1adcafba0fea37db,close_to_close,0.0040727637746694,{},,disabled,,,,,Ridge,20260929T231121_1303754bbca6:price:5,price,5,2026-10-06,1주일,5.0,4212.7998046875,없음,,,4212.7998046875,4042.080151578208,4383.519457796792,0.7968337730870713,simple,0.019877289901307,0.0201359971595156,0.0,0.0,0.0,4169.2001953125,4187.10009765625,-0.006100386494191978,,,,,,,1.0,25.69970703125,,,scored,True,2026-10-07T05:38:09.599490+00:00
3,20260929T231121_1303754bbca6,2026-09-29T23:11:30.097863+00:00,github-actions,823ac12bac50,2026-09-30,2026-09-29,a9b59cb6101a41cc2aae,9b0b1adcafba0fea37db,close_to_close,0.0040727637746694,{},,disabled,,,,,Ridge,20260929T231121_1303754bbca6:price:20,price,20,2026-10-27,1개월,20.0,4212.7998046875,없음,,,4212.7998046875,3865.147914682585,4560.451694692415,0.7654320987654321,simple,0.0395759856768334,0.0406135849625742,0.0,0.0,0.0,,,,,,,,,,,,,,pending,True,2026-09-29T23:11:30.529328+00:00
3,20260929T234343_64086daf0740,2026-09-29T23:43:56.341247+00:00,github-actions,823ac12bac50,2026-09-30,2026-09-29,401ea761a3927a8930a6,9b0b1adcafba0fea37db,close_to_close,0.0040682377061987,{},,disabled,상승,0.3292599260141177,0.3080241812937477,0.3627158926921346,Logistic,20260929T234343_64086daf0740:direction:Logistic,direction,1,2026-09-30,,,,,,,,,,,,,,,,,4216.2001953125,4186.7001953125,0.0016747612682483926,1.0,0.0,,,,,,,1.1775769883963798,0.7188054513644626,scored,True,2026-10-01T06:08:52.601118+00:00
3,20260929T234343_64086daf0740,2026-09-29T23:43:56.341247+00:00,github-actions,823ac12bac50,2026-09-30,2026-09-29,401ea761a3927a8930a6,9b0b1adcafba0fea37db,close_to_close,0.0040682377061987,{},,disabled,,,,,Ridge,20260929T234343_64086daf0740:price:1,price,1,2026-09-30,1거래일,1.0,4211.60009765625,있음,-1.681381036178209e-05,4211.529284610889,4211.529284610889,4140.645358977694,4282.413210244084,0.7785588752196837,simple,0.0086616364580181,0.0086719521707133,-3.323985815207805e-05,6.861970088990019e-06,0.457799371952988,4216.2001953125,4186.7001953125,-0.005912219053657686,,,24.82908929838868,24.82908929838868,0.005930467466045872,0.005895405243295904,1.0,24.82908929838868,,,scored,True,2026-10-01T06:08:52.601118+00:00
3,20260929T234343_64086daf0740,2026-09-29T23:43:56.341247+00:00,github-actions,823ac12bac50,2026-09-30,2026-09-29,401ea761a3927a8930a6,9b0b1adcafba0fea37db,close_to_close,0.0040682377061987,{},,disabled,,,,,Ridge,20260929T234343_64086daf0740:price:5,price,5,2026-10-06,1주일,5.0,4211.60009765625,없음,,,4211.60009765625,4041.118728496071,4382.0814668164285,0.7968337730870713,simple,0.019877531019678,0.0201362382598095,0.0,0.0,0.0,4169.2001953125,4187.10009765625,-0.005817266462130211,,,,,,,1.0,24.5,,,scored,True,2026-10-07T05:38:09.599490+00:00
3,20260929T234343_64086daf0740,2026-09-29T23:43:56.341247+00:00,github-actions,823ac12bac50,2026-09-30,2026-09-29,401ea761a3927a8930a6,9b0b1adcafba0fea37db,close_to_close,0.0040682377061987,{},,disabled,,,,,Ridge,20260929T234343_64086daf0740:price:20,price,20,2026-10-27,1개월,20.0,4211.60009765625,없음,,,4211.60009765625,3864.4334468359166,4558.766748476583,0.7654320987654321,simple,0.0395762217714366,0.0406138210314592,0.0,0.0,0.0,,,,,,,,,,,,,,pending,True,2026-09-29T23:43:56.690843+00:00
3,20260930T001124_a2a58179eb2c,2026-09-30T00:11:37.096574+00:00,github-actions,823ac12bac50,2026-09-30,2026-09-29,ff8f7e23f722fa8619df,9b0b1adcafba0fea37db,close_to_close,0.0040946147575351,{},,disabled,상승,0.3292446431669466,0.3066720098571002,0.3640833469759532,Logistic,20260930T001124_a2a58179eb2c:direction:Logistic,direction,1,2026-09-30,,,,,,,,,,,,,,,,,4216.2001953125,4186.7001953125,0.0016747612682483926,1.0,0.0,,,,,,,1.1819764743118815,0.7216624205149353,scored,False,2026-10-01T06:08:52.601118+00:00
3,20260930T001124_a2a58179eb2c,2026-09-30T00:11:37.096574+00:00,github-actions,823ac12bac50,2026-09-30,2026-09-29,ff8f7e23f722fa8619df,9b0b1adcafba0fea37db,close_to_close,0.0040946147575351,{},,disabled,,,,,Ridge,20260930T001124_a2a58179eb2c:price:1,price,1,2026-09-30,1거래일,1.0,4218.2998046875,있음,2.070359187200665e-05,4218.38713864505,4218.38713864505,4146.930134607925,4289.844142682175,0.7785588752196837,simple,0.0086630488139975,0.0086733645266927,-3.323985815207805e-05,6.861970088990019e-06,0.457799371952988,4216.2001953125,4186.7001953125,-0.0074910771728187164,,,31.686943332550072,31.686943332550072,0.007568476808544187,0.007511780764690723,1.0,31.686943332550072,,,scored,False,2026-10-01T06:08:52.601118+00:00
3,20260930T001124_a2a58179eb2c,2026-09-30T00:11:37.096574+00:00,github-actions,823ac12bac50,2026-09-30,2026-09-29,ff8f7e23f722fa8619df,9b0b1adcafba0fea37db,close_to_close,0.0040946147575351,{},,disabled,,,,,Ridge,20260930T001124_a2a58179eb2c:price:5,price,5,2026-10-06,1주일,5.0,4218.2998046875,없음,,,4218.2998046875,4046.440137273304,4390.159472101696,0.7977132805628848,simple,0.0198761846065185,0.02013489184665,0.0,0.0,0.0,4169.2001953125,4187.10009765625,-0.007396275389572771,,,,,,,1.0,31.19970703125,,,scored,False,2026-10-07T05:38:09.599490+00:00
3,20260930T001124_a2a58179eb2c,2026-09-30T00:11:37.096574+00:00,github-actions,823ac12bac50,2026-09-30,2026-09-29,ff8f7e23f722fa8619df,9b0b1adcafba0fea37db,close_to_close,0.0040946147575351,{},,disabled,,,,,Ridge,20260930T001124_a2a58179eb2c:price:20,price,20,2026-10-27,1개월,20.0,4218.2998046875,없음,,,4218.2998046875,3868.3264003137688,4568.273209061232,0.7654320987654321,simple,0.0395749034559414,0.040612502715964,0.0,0.0,0.0,,,,,,,,,,,,,,pending,False,2026-09-30T00:11:37.396628+00:00
3,20260930T003344_8ad033164e0b,2026-09-30T00:33:56.553638+00:00,github-actions,823ac12bac50,2026-09-30,2026-09-29,f6bdc97d186d46e04646,9b0b1adcafba0fea37db,close_to_close,0.0040746756210177,{},,disabled,상승,0.3292732418557144,0.306274510249212,0.3644522478950736,Logistic,20260930T003344_8ad033164e0b:direction:Logistic,direction,1,2026-09-30,,,,,,,,,,,,,,,,,4216.2001953125,4186.7001953125,0.0016747612682483926,1.0,0.0,,,,,,,1.1832734868588928,0.7225013639279148,scored,False,2026-10-01T06:08:52.601118+00:00
3,20260930T003344_8ad033164e0b,2026-09-30T00:33:56.553638+00:00,github-actions,823ac12bac50,2026-09-30,2026-09-29,f6bdc97d186d46e04646,9b0b1adcafba0fea37db,close_to_close,0.0040746756210177,{},,disabled,,,,,Ridge,20260930T003344_8ad033164e0b:price:1,price,1,2026-09-30,1거래일,1.0,4213.2998046875,있음,2.463628516125027e-05,4213.403604742958,4213.403604742958,4142.37885411295,4284.428355372967,0.7785588752196837,simple,0.0086619947709082,0.0086723104836033,-3.323985815207805e-05,6.861970088990019e-06,0.457799371952988,4216.2001953125,4186.7001953125,-0.006313248666854121,,,26.703409430458123,26.703409430458123,0.006378151810429538,0.006337884952015371,1.0,26.703409430458123,,,scored,False,2026-10-01T06:08:52.601118+00:00
3,20260930T003344_8ad033164e0b,2026-09-30T00:33:56.553638+00:00,github-actions,823ac12bac50,2026-09-30,2026-09-29,f6bdc97d186d46e04646,9b0b1adcafba0fea37db,close_to_close,0.0040746756210177,{},,disabled,,,,,Ridge,20260930T003344_8ad033164e0b:price:5,price,5,2026-10-06,1주일,5.0,4213.2998046875,없음,,,4213.2998046875,4042.4797404274905,4384.1198689475095,0.7968337730870713,simple,0.0198771894363963,0.0201358966765278,0.0,0.0,0.0,4169.2001953125,4187.10009765625,-0.006218334380596824,,,,,,,1.0,26.19970703125,,,scored,False,2026-10-07T05:38:09.599490+00:00
3,20260930T003344_8ad033164e0b,2026-09-30T00:33:56.553638+00:00,github-actions,823ac12bac50,2026-09-30,2026-09-29,f6bdc97d186d46e04646,9b0b1adcafba0fea37db,close_to_close,0.0040746756210177,{},,disabled,,,,,Ridge,20260930T003344_8ad033164e0b:price:20,price,20,2026-10-27,1개월,20.0,4213.2998046875,없음,,,4213.2998046875,3865.4434383631415,4561.1561710118585,0.7654320987654321,simple,0.0395758873164961,0.0406134865765187,0.0,0.0,0.0,,,,,,,,,,,,,,pending,False,2026-09-30T00:33:57.010129+00:00
3,20260930T004959_58c72841d3c7,2026-09-30T00:50:10.777416+00:00,github-actions,823ac12bac50,2026-09-30,2026-09-29,ea4c8aa5273c9ef008a2,9b0b1adcafba0fea37db,close_to_close,0.0040656361603727,{},,disabled,상승,0.32889683448,0.3064283559140021,0.3646748096059979,Logistic,20260930T004959_58c72841d3c7:direction:Logistic,direction,1,2026-09-30,,,,,,,,,,,,,,,,,4216.2001953125,4186.7001953125,0.0016747612682483926,1.0,0.0,,,,,,,1.1827712999865292,0.7222024699722895,scored,False,2026-10-01T06:08:52.601118+00:00
3,20260930T004959_58c72841d3c7,2026-09-30T00:50:10.777416+00:00,github-actions,823ac12bac50,2026-09-30,2026-09-29,ea4c8aa5273c9ef008a2,9b0b1adcafba0fea37db,close_to_close,0.0040656361603727,{},,disabled,,,,,Ridge,20260930T004959_58c72841d3c7:price:1,price,1,2026-09-30,1거래일,1.0,4210.89990234375,있음,3.235581243643537e-05,4211.036149431179,4211.036149431179,4140.209329661439,4281.862969200919,0.7785588752196837,simple,0.0086614888508121,0.0086718045635072,-3.323985815207805e-05,6.861970088990019e-06,0.457799371952988,4216.2001953125,4186.7001953125,-0.005746920514016596,,,24.335954118679183,24.335954118679183,0.00581268134411108,0.005779276326453031,1.0,24.335954118679183,,,scored,False,2026-10-01T06:08:52.601118+00:00
3,20260930T004959_58c72841d3c7,2026-09-30T00:50:10.777416+00:00,github-actions,823ac12bac50,2026-09-30,2026-09-29,ea4c8aa5273c9ef008a2,9b0b1adcafba0fea37db,close_to_close,0.0040656361603727,{},,disabled,,,,,Ridge,20260930T004959_58c72841d3c7:price:5,price,5,2026-10-06,1주일,5.0,4210.89990234375,없음,,,4210.89990234375,4040.555877238685,4381.243927448815,0.7968337730870713,simple,0.019877671735112,0.0201363789752436,0.0,0.0,0.0,4169.2001953125,4187.10009765625,-0.005651952133617133,,,,,,,1.0,23.7998046875,,,scored,False,2026-10-07T05:38:09.599490+00:00
3,20260930T004959_58c72841d3c7,2026-09-30T00:50:10.777416+00:00,github-actions,823ac12bac50,2026-09-30,2026-09-29,ea4c8aa5273c9ef008a2,9b0b1adcafba0fea37db,close_to_close,0.0040656361603727,{},,disabled,,,,,Ridge,20260930T004959_58c72841d3c7:price:20,price,20,2026-10-27,1개월,20.0,4210.89990234375,없음,,,4210.89990234375,3864.0129376607297,4557.786867026771,0.7654320987654321,simple,0.0395763595503463,0.0406139588103689,0.0,0.0,0.0,,,,,,,,,,,,,,pending,False,2026-09-30T00:50:11.092440+00:00
3,20260930T013529_0e1c90111bf9,2026-09-30T01:35:39.372134+00:00,github-actions,823ac12bac50,2026-09-30,2026-09-29,b132109665ac2667a2a4,9b0b1adcafba0fea37db,close_to_close,0.0040335976908481,{},,disabled,상승,0.329018525327121,0.3073281028849788,0.3636533717879002,Logistic,20260930T013529_0e1c90111bf9:direction:Logistic,direction,1,2026-09-30,,,,,,,,,,,,,,,,,4216.2001953125,4186.7001953125,0.0016747612682483926,1.0,0.0,,,,,,,1.1798393630509079,0.7202913218740646,scored,False,2026-10-01T06:08:52.601118+00:00
3,20260930T013529_0e1c90111bf9,2026-09-30T01:35:39.372134+00:00,github-actions,823ac12bac50,2026-09-30,2026-09-29,b132109665ac2667a2a4,9b0b1adcafba0fea37db,close_to_close,0.0040335976908481,{},,disabled,,,,,Ridge,20260930T013529_0e1c90111bf9:price:1,price,1,2026-09-30,1거래일,1.0,4201.5,있음,1.1338424883433618e-05,4201.547638392148,4201.547638392148,4131.435815139273,4271.659461645023,0.7785588752196837,simple,0.0086595072703909,0.008669822983086,-3.323985815207805e-05,6.861970088990019e-06,0.457799371952988,4216.2001953125,4186.7001953125,-0.0035225049833392807,,,14.847443079647746,14.847443079647746,0.0035463353923147383,0.0035338434082227144,1.0,14.847443079647746,,,scored,False,2026-10-01T06:08:52.601118+00:00
3,20260930T013529_0e1c90111bf9,2026-09-30T01:35:39.372134+00:00,github-actions,823ac12bac50,2026-09-30,2026-09-29,b132109665ac2667a2a4,9b0b1adcafba0fea37db,close_to_close,0.0040335976908481,{},,disabled,,,,,Ridge,20260930T013529_0e1c90111bf9:price:5,price,5,2026-10-06,1주일,5.0,4201.5,없음,,,4201.5,4032.8755972783047,4370.124402721695,0.7968337730870713,simple,0.0198795607956567,0.0201382680357882,0.0,0.0,0.0,4169.2001953125,4187.10009765625,-0.0034273241327501536,,,,,,,1.0,14.39990234375,,,scored,False,2026-10-07T05:38:09.599490+00:00
3,20260930T013529_0e1c90111bf9,2026-09-30T01:35:39.372134+00:00,github-actions,823ac12bac50,2026-09-30,2026-09-29,b132109665ac2667a2a4,9b0b1adcafba0fea37db,close_to_close,0.0040335976908481,{},,disabled,,,,,Ridge,20260930T013529_0e1c90111bf9:price:20,price,20,2026-10-27,1개월,20.0,4201.5,없음,,,4201.5,3858.114858105305,4544.885141894695,0.7654320987654321,simple,0.0395782091889731,0.0406158084489957,0.0,0.0,0.0,,,,,,,,,,,,,,pending,False,2026-09-30T01:35:39.819390+00:00
3,20260930T064150_77c123cc26bf,2026-09-30T06:42:00.539120+00:00,github-actions,823ac12bac50,2026-09-30,2026-09-29,354b363b410d9c123794,9b0b1adcafba0fea37db,close_to_close,0.0039804858998935,{},,disabled,상승,0.332666842313901,0.3072341684465381,0.3600989892395607,Logistic,20260930T064150_77c123cc26bf:direction:Logistic,direction,1,2026-09-30,,,,,,,,,,,,,,,,,4216.2001953125,4186.7001953125,0.0016747612682483926,1.0,0.0,,,,,,,1.1801450584817994,0.7202630073944146,scored,False,2026-10-01T06:08:52.601118+00:00
3,20260930T064150_77c123cc26bf,2026-09-30T06:42:00.539120+00:00,github-actions,823ac12bac50,2026-09-30,2026-09-29,354b363b410d9c123794,9b0b1adcafba0fea37db,close_to_close,0.0039804858998935,{},,disabled,,,,,Ridge,20260930T064150_77c123cc26bf:price:1,price,1,2026-09-30,1거래일,1.0,4179.7001953125,있음,9.921774471877144e-05,4180.11489573948,4180.11489573948,4111.285249916021,4248.944541562939,0.7785588752196837,simple,0.0086549116836949,0.00866522739639,-3.323985815207805e-05,6.861970088990019e-06,0.457799371952988,4216.2001953125,4186.7001953125,0.0016747612682483926,,,-6.5852995730201656,6.5852995730201656,0.00157290927599573,-0.0015755435235296211,1.0,-6.5852995730201656,,,scored,False,2026-10-01T06:08:52.601118+00:00
3,20260930T064150_77c123cc26bf,2026-09-30T06:42:00.539120+00:00,github-actions,823ac12bac50,2026-09-30,2026-09-29,354b363b410d9c123794,9b0b1adcafba0fea37db,close_to_close,0.0039804858998935,{},,disabled,,,,,Ridge,20260930T064150_77c123cc26bf:price:5,price,5,2026-10-06,1주일,5.0,4179.7001953125,없음,,,4179.7001953125,4014.1595293014966,4345.240861323503,0.7968337730870713,simple,0.0198839418146727,0.0201426490548043,0.0,0.0,0.0,4169.2001953125,4187.10009765625,0.0017704385477332885,,,,,,,1.0,-7.39990234375,,,scored,False,2026-10-07T05:38:09.599490+00:00
3,20260930T064150_77c123cc26bf,2026-09-30T06:42:00.539120+00:00,github-actions,823ac12bac50,2026-09-30,2026-09-29,354b363b410d9c123794,9b0b1adcafba0fea37db,close_to_close,0.0039804858998935,{},,disabled,,,,,Ridge,20260930T064150_77c123cc26bf:price:20,price,20,2026-10-27,1개월,20.0,4179.7001953125,없음,,,4179.7001953125,3842.594745745104,4516.805644879896,0.7654320987654321,simple,0.0395824987825595,0.0406200980425821,0.0,0.0,0.0,,,,,,,,,,,,,,pending,False,2026-09-30T06:42:00.857957+00:00
3,20260930T065231_4cc9a838ec98,2026-09-30T06:52:42.403940+00:00,github-actions,823ac12bac50,2026-09-30,2026-09-29,354b363b410d9c123794,9b0b1adcafba0fea37db,close_to_close,0.0039804858998935,{},,disabled,상승,0.332666842313901,0.3072341684465381,0.3600989892395607,Logistic,20260930T065231_4cc9a838ec98:direction:Logistic,direction,1,2026-09-30,,,,,,,,,,,,,,,,,4216.2001953125,4186.7001953125,0.0016747612682483926,1.0,0.0,,,,,,,1.1801450584817994,0.7202630073944146,scored,False,2026-10-01T06:08:52.601118+00:00
3,20260930T065231_4cc9a838ec98,2026-09-30T06:52:42.403940+00:00,github-actions,823ac12bac50,2026-09-30,2026-09-29,354b363b410d9c123794,9b0b1adcafba0fea37db,close_to_close,0.0039804858998935,{},,disabled,,,,,Ridge,20260930T065231_4cc9a838ec98:price:1,price,1,2026-09-30,1거래일,1.0,4179.7001953125,있음,9.92177228908986e-05,4180.114895648246,4180.114895648246,4111.285249670617,4248.944541625874,0.7785588752196837,simple,0.0086549116845189,0.00866522739639,-3.323985849602879e-05,6.861969658313412e-06,0.4577993712049397,4216.2001953125,4186.7001953125,0.0016747612682483926,,,-6.585299664254308,6.585299664254308,0.00157290929778715,-0.001575543545357494,1.0,-6.585299664254308,,,scored,False,2026-10-01T06:08:52.601118+00:00
3,20260930T065231_4cc9a838ec98,2026-09-30T06:52:42.403940+00:00,github-actions,823ac12bac50,2026-09-30,2026-09-29,354b363b410d9c123794,9b0b1adcafba0fea37db,close_to_close,0.0039804858998935,{},,disabled,,,,,Ridge,20260930T065231_4cc9a838ec98:price:5,price,5,2026-10-06,1주일,5.0,4179.7001953125,없음,,,4179.7001953125,4014.1595293014966,4345.240861323503,0.7968337730870713,simple,0.0198839417955172,0.0201426490548043,0.0,0.0,0.0,4169.2001953125,4187.10009765625,0.0017704385477332885,,,,,,,1.0,-7.39990234375,,,scored,False,2026-10-07T05:38:09.599490+00:00
3,20260930T065231_4cc9a838ec98,2026-09-30T06:52:42.403940+00:00,github-actions,823ac12bac50,2026-09-30,2026-09-29,354b363b410d9c123794,9b0b1adcafba0fea37db,close_to_close,0.0039804858998935,{},,disabled,,,,,Ridge,20260930T065231_4cc9a838ec98:price:20,price,20,2026-10-27,1개월,20.0,4179.7001953125,없음,,,4179.7001953125,3842.594745745104,4516.805644879896,0.7654320987654321,simple,0.0395824987611397,0.0406200980425821,0.0,0.0,0.0,,,,,,,,,,,,,,pending,False,2026-09-30T06:52:43.236668+00:00
3,20260930T071548_71b4e984e72f,2026-09-30T07:16:00.959978+00:00,github-actions,823ac12bac50,2026-09-30,2026-09-29,354b363b410d9c123794,9b0b1adcafba0fea37db,close_to_close,0.0039804858998935,{},,disabled,상승,0.332666842313901,0.3072341684465381,0.3600989892395607,Logistic,20260930T071548_71b4e984e72f:direction:Logistic,direction,1,2026-09-30,,,,,,,,,,,,,,,,,4216.2001953125,4186.7001953125,0.0016747612682483926,1.0,0.0,,,,,,,1.1801450584817994,0.7202630073944146,scored,False,2026-10-01T06:08:52.601118+00:00
3,20260930T071548_71b4e984e72f,2026-09-30T07:16:00.959978+00:00,github-actions,823ac12bac50,2026-09-30,2026-09-29,354b363b410d9c123794,9b0b1adcafba0fea37db,close_to_close,0.0039804858998935,{},,disabled,,,,,Ridge,20260930T071548_71b4e984e72f:price:1,price,1,2026-09-30,1거래일,1.0,4179.7001953125,있음,9.921774471877144e-05,4180.11489573948,4180.11489573948,4111.285249916021,4248.944541562939,0.7785588752196837,simple,0.0086549116836949,0.00866522739639,-3.323985815207805e-05,6.861970088990019e-06,0.457799371952988,4216.2001953125,4186.7001953125,0.0016747612682483926,,,-6.5852995730201656,6.5852995730201656,0.00157290927599573,-0.0015755435235296211,1.0,-6.5852995730201656,,,scored,False,2026-10-01T06:08:52.601118+00:00
3,20260930T071548_71b4e984e72f,2026-09-30T07:16:00.959978+00:00,github-actions,823ac12bac50,2026-09-30,2026-09-29,354b363b410d9c123794,9b0b1adcafba0fea37db,close_to_close,0.0039804858998935,{},,disabled,,,,,Ridge,20260930T071548_71b4e984e72f:price:5,price,5,2026-10-06,1주일,5.0,4179.7001953125,없음,,,4179.7001953125,4014.1595293014966,4345.240861323503,0.7968337730870713,simple,0.0198839418146727,0.0201426490548043,0.0,0.0,0.0,4169.2001953125,4187.10009765625,0.0017704385477332885,,,,,,,1.0,-7.39990234375,,,scored,False,2026-10-07T05:38:09.599490+00:00
3,20260930T071548_71b4e984e72f,2026-09-30T07:16:00.959978+00:00,github-actions,823ac12bac50,2026-09-30,2026-09-29,354b363b410d9c123794,9b0b1adcafba0fea37db,close_to_close,0.0039804858998935,{},,disabled,,,,,Ridge,20260930T071548_71b4e984e72f:price:20,price,20,2026-10-27,1개월,20.0,4179.7001953125,없음,,,4179.7001953125,3842.594745745104,4516.805644879896,0.7654320987654321,simple,0.0395824987825595,0.0406200980425821,0.0,0.0,0.0,,,,,,,,,,,,,,pending,False,2026-09-30T07:16:01.563387+00:00
3,20260930T074901_380721964855,2026-09-30T07:49:12.987469+00:00,github-actions,823ac12bac50,2026-09-30,2026-09-29,354b363b410d9c123794,9b0b1adcafba0fea37db,close_to_close,0.0039804858998935,{},,disabled,상승,0.332666842313901,0.3072341684465381,0.3600989892395607,Logistic,20260930T074901_380721964855:direction:Logistic,direction,1,2026-09-30,,,,,,,,,,,,,,,,,4216.2001953125,4186.7001953125,0.0016747612682483926,1.0,0.0,,,,,,,1.1801450584817994,0.7202630073944146,scored,False,2026-10-01T06:08:52.601118+00:00
3,20260930T074901_380721964855,2026-09-30T07:49:12.987469+00:00,github-actions,823ac12bac50,2026-09-30,2026-09-29,354b363b410d9c123794,9b0b1adcafba0fea37db,close_to_close,0.0039804858998935,{},,disabled,,,,,Ridge,20260930T074901_380721964855:price:1,price,1,2026-09-30,1거래일,1.0,4179.7001953125,있음,9.921774471877144e-05,4180.11489573948,4180.11489573948,4111.285249916021,4248.944541562939,0.7785588752196837,simple,0.0086549116836949,0.00866522739639,-3.323985815207805e-05,6.861970088990019e-06,0.457799371952988,4216.2001953125,4186.7001953125,0.0016747612682483926,,,-6.5852995730201656,6.5852995730201656,0.00157290927599573,-0.0015755435235296211,1.0,-6.5852995730201656,,,scored,False,2026-10-01T06:08:52.601118+00:00
3,20260930T074901_380721964855,2026-09-30T07:49:12.987469+00:00,github-actions,823ac12bac50,2026-09-30,2026-09-29,354b363b410d9c123794,9b0b1adcafba0fea37db,close_to_close,0.0039804858998935,{},,disabled,,,,,Ridge,20260930T074901_380721964855:price:5,price,5,2026-10-06,1주일,5.0,4179.7001953125,없음,,,4179.7001953125,4014.1595293014966,4345.240861323503,0.7968337730870713,simple,0.0198839418146727,0.0201426490548043,0.0,0.0,0.0,4169.2001953125,4187.10009765625,0.0017704385477332885,,,,,,,1.0,-7.39990234375,,,scored,False,2026-10-07T05:38:09.599490+00:00
3,20260930T074901_380721964855,2026-09-30T07:49:12.987469+00:00,github-actions,823ac12bac50,2026-09-30,2026-09-29,354b363b410d9c123794,9b0b1adcafba0fea37db,close_to_close,0.0039804858998935,{},,disabled,,,,,Ridge,20260930T074901_380721964855:price:20,price,20,2026-10-27,1개월,20.0,4179.7001953125,없음,,,4179.7001953125,3842.594745745104,4516.805644879896,0.7654320987654321,simple,0.0395824987825595,0.0406200980425821,0.0,0.0,0.0,,,,,,,,,,,,,,pending,False,2026-09-30T07:49:13.610954+00:00
3,20260930T085940_7d16f804b486,2026-09-30T08:59:51.439464+00:00,github-actions,823ac12bac50,2026-09-30,2026-09-29,354b363b410d9c123794,9b0b1adcafba0fea37db,close_to_close,0.0039804858998935,{},,disabled,상승,0.332666842313901,0.3072341684465381,0.3600989892395607,Logistic,20260930T085940_7d16f804b486:direction:Logistic,direction,1,2026-09-30,,,,,,,,,,,,,,,,,4216.2001953125,4186.7001953125,0.0016747612682483926,1.0,0.0,,,,,,,1.1801450584817994,0.7202630073944146,scored,False,2026-10-01T06:08:52.601118+00:00
3,20260930T085940_7d16f804b486,2026-09-30T08:59:51.439464+00:00,github-actions,823ac12bac50,2026-09-30,2026-09-29,354b363b410d9c123794,9b0b1adcafba0fea37db,close_to_close,0.0039804858998935,{},,disabled,,,,,Ridge,20260930T085940_7d16f804b486:price:1,price,1,2026-09-30,1거래일,1.0,4179.7001953125,있음,9.92177228908986e-05,4180.114895648246,4180.114895648246,4111.285249766184,4248.944541530307,0.7785588752196837,simple,0.0086549116814329,0.00866522739639,-3.3239859483366386e-05,6.861968637314957e-06,0.4577993963521046,4216.2001953125,4186.7001953125,0.0016747612682483926,,,-6.585299664254308,6.585299664254308,0.00157290929778715,-0.001575543545357494,1.0,-6.585299664254308,,,scored,False,2026-10-01T06:08:52.601118+00:00
3,20260930T085940_7d16f804b486,2026-09-30T08:59:51.439464+00:00,github-actions,823ac12bac50,2026-09-30,2026-09-29,354b363b410d9c123794,9b0b1adcafba0fea37db,close_to_close,0.0039804858998935,{},,disabled,,,,,Ridge,20260930T085940_7d16f804b486:price:5,price,5,2026-10-06,1주일,5.0,4179.7001953125,없음,,,4179.7001953125,4014.1595293014966,4345.240861323503,0.7968337730870713,simple,0.0198839417965957,0.0201426490548043,0.0,0.0,0.0,4169.2001953125,4187.10009765625,0.0017704385477332885,,,,,,,1.0,-7.39990234375,,,scored,False,2026-10-07T05:38:09.599490+00:00
3,20260930T085940_7d16f804b486,2026-09-30T08:59:51.439464+00:00,github-actions,823ac12bac50,2026-09-30,2026-09-29,354b363b410d9c123794,9b0b1adcafba0fea37db,close_to_close,0.0039804858998935,{},,disabled,,,,,Ridge,20260930T085940_7d16f804b486:price:20,price,20,2026-10-27,1개월,20.0,4179.7001953125,없음,,,4179.7001953125,3842.594745745104,4516.805644879896,0.7654320987654321,simple,0.0395824987568413,0.0406200980425821,0.0,0.0,0.0,,,,,,,,,,,,,,pending,False,2026-09-30T08:59:51.940507+00:00
3,20260930T091554_c3fa14681b98,2026-09-30T09:16:06.055806+00:00,github-actions,823ac12bac50,2026-09-30,2026-09-29,354b363b410d9c123794,9b0b1adcafba0fea37db,close_to_close,0.0039804858998935,{},,disabled,상승,0.332666842313901,0.3072341684465381,0.3600989892395607,Logistic,20260930T091554_c3fa14681b98:direction:Logistic,direction,1,2026-09-30,,,,,,,,,,,,,,,,,4216.2001953125,4186.7001953125,0.0016747612682483926,1.0,0.0,,,,,,,1.1801450584817994,0.7202630073944146,scored,False,2026-10-01T06:08:52.601118+00:00
3,20260930T091554_c3fa14681b98,2026-09-30T09:16:06.055806+00:00,github-actions,823ac12bac50,2026-09-30,2026-09-29,354b363b410d9c123794,9b0b1adcafba0fea37db,close_to_close,0.0039804858998935,{},,disabled,,,,,Ridge,20260930T091554_c3fa14681b98:price:1,price,1,2026-09-30,1거래일,1.0,4179.7001953125,있음,9.921774471877144e-05,4180.11489573948,4180.11489573948,4111.285249916021,4248.944541562939,0.7785588752196837,simple,0.0086549116836949,0.00866522739639,-3.323985815207805e-05,6.861970088990019e-06,0.457799371952988,4216.2001953125,4186.7001953125,0.0016747612682483926,,,-6.5852995730201656,6.5852995730201656,0.00157290927599573,-0.0015755435235296211,1.0,-6.5852995730201656,,,scored,False,2026-10-01T06:08:52.601118+00:00
3,20260930T091554_c3fa14681b98,2026-09-30T09:16:06.055806+00:00,github-actions,823ac12bac50,2026-09-30,2026-09-29,354b363b410d9c123794,9b0b1adcafba0fea37db,close_to_close,0.0039804858998935,{},,disabled,,,,,Ridge,20260930T091554_c3fa14681b98:price:5,price,5,2026-10-06,1주일,5.0,4179.7001953125,없음,,,4179.7001953125,4014.1595293014966,4345.240861323503,0.7968337730870713,simple,0.0198839418146727,0.0201426490548043,0.0,0.0,0.0,4169.2001953125,4187.10009765625,0.0017704385477332885,,,,,,,1.0,-7.39990234375,,,scored,False,2026-10-07T05:38:09.599490+00:00
3,20260930T091554_c3fa14681b98,2026-09-30T09:16:06.055806+00:00,github-actions,823ac12bac50,2026-09-30,2026-09-29,354b363b410d9c123794,9b0b1adcafba0fea37db,close_to_close,0.0039804858998935,{},,disabled,,,,,Ridge,20260930T091554_c3fa14681b98:price:20,price,20,2026-10-27,1개월,20.0,4179.7001953125,없음,,,4179.7001953125,3842.594745745104,4516.805644879896,0.7654320987654321,simple,0.0395824987825595,0.0406200980425821,0.0,0.0,0.0,,,,,,,,,,,,,,pending,False,2026-09-30T09:16:06.477499+00:00
3,20260930T093811_c342f3ab3362,2026-09-30T09:38:21.186031+00:00,github-actions,823ac12bac50,2026-09-30,2026-09-29,354b363b410d9c123794,9b0b1adcafba0fea37db,close_to_close,0.0039804858998935,{},,disabled,상승,0.332666842313901,0.3072341684465381,0.3600989892395607,Logistic,20260930T093811_c342f3ab3362:direction:Logistic,direction,1,2026-09-30,,,,,,,,,,,,,,,,,4216.2001953125,4186.7001953125,0.0016747612682483926,1.0,0.0,,,,,,,1.1801450584817994,0.7202630073944146,scored,False,2026-10-01T06:08:52.601118+00:00
3,20260930T093811_c342f3ab3362,2026-09-30T09:38:21.186031+00:00,github-actions,823ac12bac50,2026-09-30,2026-09-29,354b363b410d9c123794,9b0b1adcafba0fea37db,close_to_close,0.0039804858998935,{},,disabled,,,,,Ridge,20260930T093811_c342f3ab3362:price:1,price,1,2026-09-30,1거래일,1.0,4179.7001953125,있음,9.921774471877144e-05,4180.11489573948,4180.11489573948,4111.285249916021,4248.944541562939,0.7785588752196837,simple,0.0086549116836949,0.00866522739639,-3.323985815207805e-05,6.861970088990019e-06,0.457799371952988,4216.2001953125,4186.7001953125,0.0016747612682483926,,,-6.5852995730201656,6.5852995730201656,0.00157290927599573,-0.0015755435235296211,1.0,-6.5852995730201656,,,scored,False,2026-10-01T06:08:52.601118+00:00
3,20260930T093811_c342f3ab3362,2026-09-30T09:38:21.186031+00:00,github-actions,823ac12bac50,2026-09-30,2026-09-29,354b363b410d9c123794,9b0b1adcafba0fea37db,close_to_close,0.0039804858998935,{},,disabled,,,,,Ridge,20260930T093811_c342f3ab3362:price:5,price,5,2026-10-06,1주일,5.0,4179.7001953125,없음,,,4179.7001953125,4014.1595293014966,4345.240861323503,0.7968337730870713,simple,0.0198839418146727,0.0201426490548043,0.0,0.0,0.0,4169.2001953125,4187.10009765625,0.0017704385477332885,,,,,,,1.0,-7.39990234375,,,scored,False,2026-10-07T05:38:09.599490+00:00
3,20260930T093811_c342f3ab3362,2026-09-30T09:38:21.186031+00:00,github-actions,823ac12bac50,2026-09-30,2026-09-29,354b363b410d9c123794,9b0b1adcafba0fea37db,close_to_close,0.0039804858998935,{},,disabled,,,,,Ridge,20260930T093811_c342f3ab3362:price:20,price,20,2026-10-27,1개월,20.0,4179.7001953125,없음,,,4179.7001953125,3842.594745745104,4516.805644879896,0.7654320987654321,simple,0.0395824987825595,0.0406200980425821,0.0,0.0,0.0,,,,,,,,,,,,,,pending,False,2026-09-30T09:38:21.629088+00:00
3,20260930T100907_1b57b38b125c,2026-09-30T10:09:18.327635+00:00,github-actions,823ac12bac50,2026-09-30,2026-09-29,354b363b410d9c123794,9b0b1adcafba0fea37db,close_to_close,0.0039804858998935,{},,disabled,상승,0.332666842313901,0.3072341684465381,0.3600989892395607,Logistic,20260930T100907_1b57b38b125c:direction:Logistic,direction,1,2026-09-30,,,,,,,,,,,,,,,,,4216.2001953125,4186.7001953125,0.0016747612682483926,1.0,0.0,,,,,,,1.1801450584817994,0.7202630073944146,scored,False,2026-10-01T06:08:52.601118+00:00
3,20260930T100907_1b57b38b125c,2026-09-30T10:09:18.327635+00:00,github-actions,823ac12bac50,2026-09-30,2026-09-29,354b363b410d9c123794,9b0b1adcafba0fea37db,close_to_close,0.0039804858998935,{},,disabled,,,,,Ridge,20260930T100907_1b57b38b125c:price:1,price,1,2026-09-30,1거래일,1.0,4179.7001953125,있음,9.921774471877144e-05,4180.11489573948,4180.11489573948,4111.285249916021,4248.944541562939,0.7785588752196837,simple,0.0086549116836949,0.00866522739639,-3.323985815207805e-05,6.861970088990019e-06,0.457799371952988,4216.2001953125,4186.7001953125,0.0016747612682483926,,,-6.5852995730201656,6.5852995730201656,0.00157290927599573,-0.0015755435235296211,1.0,-6.5852995730201656,,,scored,False,2026-10-01T06:08:52.601118+00:00
3,20260930T100907_1b57b38b125c,2026-09-30T10:09:18.327635+00:00,github-actions,823ac12bac50,2026-09-30,2026-09-29,354b363b410d9c123794,9b0b1adcafba0fea37db,close_to_close,0.0039804858998935,{},,disabled,,,,,Ridge,20260930T100907_1b57b38b125c:price:5,price,5,2026-10-06,1주일,5.0,4179.7001953125,없음,,,4179.7001953125,4014.1595293014966,4345.240861323503,0.7968337730870713,simple,0.0198839418146727,0.0201426490548043,0.0,0.0,0.0,4169.2001953125,4187.10009765625,0.0017704385477332885,,,,,,,1.0,-7.39990234375,,,scored,False,2026-10-07T05:38:09.599490+00:00
3,20260930T100907_1b57b38b125c,2026-09-30T10:09:18.327635+00:00,github-actions,823ac12bac50,2026-09-30,2026-09-29,354b363b410d9c123794,9b0b1adcafba0fea37db,close_to_close,0.0039804858998935,{},,disabled,,,,,Ridge,20260930T100907_1b57b38b125c:price:20,price,20,2026-10-27,1개월,20.0,4179.7001953125,없음,,,4179.7001953125,3842.594745745104,4516.805644879896,0.7654320987654321,simple,0.0395824987825595,0.0406200980425821,0.0,0.0,0.0,,,,,,,,,,,,,,pending,False,2026-09-30T10:09:18.684109+00:00
3,20260930T102424_683277a1c944,2026-09-30T10:24:34.049309+00:00,github-actions,823ac12bac50,2026-09-30,2026-09-29,354b363b410d9c123794,9b0b1adcafba0fea37db,close_to_close,0.0039804858998935,{},,disabled,상승,0.332666842313901,0.3072341684465381,0.3600989892395607,Logistic,20260930T102424_683277a1c944:direction:Logistic,direction,1,2026-09-30,,,,,,,,,,,,,,,,,4216.2001953125,4186.7001953125,0.0016747612682483926,1.0,0.0,,,,,,,1.1801450584817994,0.7202630073944146,scored,False,2026-10-01T06:08:52.601118+00:00
3,20260930T102424_683277a1c944,2026-09-30T10:24:34.049309+00:00,github-actions,823ac12bac50,2026-09-30,2026-09-29,354b363b410d9c123794,9b0b1adcafba0fea37db,close_to_close,0.0039804858998935,{},,disabled,,,,,Ridge,20260930T102424_683277a1c944:price:1,price,1,2026-09-30,1거래일,1.0,4179.7001953125,있음,9.92177228908986e-05,4180.114895648246,4180.114895648246,4111.285249766184,4248.944541530307,0.7785588752196837,simple,0.0086549116814329,0.00866522739639,-3.3239859483366386e-05,6.861968637314957e-06,0.4577993963521046,4216.2001953125,4186.7001953125,0.0016747612682483926,,,-6.585299664254308,6.585299664254308,0.00157290929778715,-0.001575543545357494,1.0,-6.585299664254308,,,scored,False,2026-10-01T06:08:52.601118+00:00
3,20260930T102424_683277a1c944,2026-09-30T10:24:34.049309+00:00,github-actions,823ac12bac50,2026-09-30,2026-09-29,354b363b410d9c123794,9b0b1adcafba0fea37db,close_to_close,0.0039804858998935,{},,disabled,,,,,Ridge,20260930T102424_683277a1c944:price:5,price,5,2026-10-06,1주일,5.0,4179.7001953125,없음,,,4179.7001953125,4014.1595293014966,4345.240861323503,0.7968337730870713,simple,0.0198839417965957,0.0201426490548043,0.0,0.0,0.0,4169.2001953125,4187.10009765625,0.0017704385477332885,,,,,,,1.0,-7.39990234375,,,scored,False,2026-10-07T05:38:09.599490+00:00
3,20260930T102424_683277a1c944,2026-09-30T10:24:34.049309+00:00,github-actions,823ac12bac50,2026-09-30,2026-09-29,354b363b410d9c123794,9b0b1adcafba0fea37db,close_to_close,0.0039804858998935,{},,disabled,,,,,Ridge,20260930T102424_683277a1c944:price:20,price,20,2026-10-27,1개월,20.0,4179.7001953125,없음,,,4179.7001953125,3842.594745745104,4516.805644879896,0.7654320987654321,simple,0.0395824987568413,0.0406200980425821,0.0,0.0,0.0,,,,,,,,,,,,,,pending,False,2026-09-30T10:24:34.569999+00:00
3,20261001T001510_4203b04551ea,2026-10-01T00:15:23.315996+00:00,github-actions,823ac12bac50,2026-10-01,2026-09-30,1b2b3909a3d712a41853,9b0b1adcafba0fea37db,close_to_close,0.0038301421970267,{},,disabled,상승,0.3305559876040053,0.3160835880904263,0.3533604243055683,Logistic,20261001T001510_4203b04551ea:direction:Logistic,direction,1,2026-10-01,,,,,,,,,,,,,,,,,4190.10009765625,4202.2998046875,0.0037259915081728767,1.0,0.0,,,,,,,1.1517485811007788,0.7018725088855362,scored,False,2026-10-02T05:52:31.649505+00:00
3,20261001T001510_4203b04551ea,2026-10-01T00:15:23.315996+00:00,github-actions,823ac12bac50,2026-10-01,2026-09-30,1b2b3909a3d712a41853,9b0b1adcafba0fea37db,close_to_close,0.0038301421970267,{},,disabled,,,,,Ridge,20261001T001510_4203b04551ea:price:1,price,1,2026-10-01,1거래일,1.0,4181.10009765625,있음,-9.57008815021254e-05,4180.699962691256,4180.699962691256,4114.433639600463,4246.9662857820485,0.7785588752196837,simple,0.008652391188437,0.0086618783428192,-3.2443878037050315e-05,7.158944546924555e-06,0.4520512583524504,4190.10009765625,4202.2998046875,0.005070365821457701,,,-21.599841996244322,21.599841996244322,0.005140004997299466,-0.005166066702959826,1.0,-21.599841996244322,,,scored,False,2026-10-02T05:52:31.649505+00:00
3,20261001T001510_4203b04551ea,2026-10-01T00:15:23.315996+00:00,github-actions,823ac12bac50,2026-10-01,2026-09-30,1b2b3909a3d712a41853,9b0b1adcafba0fea37db,close_to_close,0.0038301421970267,{},,disabled,,,,,Ridge,20261001T001510_4203b04551ea:price:5,price,5,2026-10-07,1주일,5.0,4181.10009765625,없음,,,4181.10009765625,4021.75858360153,4340.44161171097,0.7968337730870713,simple,0.019902673368,0.0201576674192865,0.0,0.0,0.0,4195.0,4140.7001953125,-0.009662505417269651,,,,,,,1.0,40.39990234375,,,scored,False,2026-10-08T06:18:38.368821+00:00
3,20261001T001510_4203b04551ea,2026-10-01T00:15:23.315996+00:00,github-actions,823ac12bac50,2026-10-01,2026-09-30,1b2b3909a3d712a41853,9b0b1adcafba0fea37db,close_to_close,0.0038301421970267,{},,disabled,,,,,Ridge,20261001T001510_4203b04551ea:price:20,price,20,2026-10-28,1개월,20.0,4181.10009765625,없음,,,4181.10009765625,3856.881808572082,4505.318386740418,0.7654320987654321,simple,0.0396222483276736,0.0406451425067797,0.0,0.0,0.0,,,,,,,,,,,,,,pending,False,2026-10-01T00:15:23.672983+00:00
3,20261001T003710_0508ba91b2c8,2026-10-01T00:37:21.023128+00:00,github-actions,823ac12bac50,2026-10-01,2026-09-30,33adee4ed28a1bcf146c,9b0b1adcafba0fea37db,close_to_close,0.0038274071620608,{},,disabled,상승,0.3299691548599117,0.3162583163972774,0.3537725287428109,Logistic,20261001T003710_0508ba91b2c8:direction:Logistic,direction,1,2026-10-01,,,,,,,,,,,,,,,,,4190.10009765625,4202.2998046875,0.0037259915081728767,1.0,0.0,,,,,,,1.1511959423777776,0.7015373351479329,scored,False,2026-10-02T05:52:31.649505+00:00
3,20261001T003710_0508ba91b2c8,2026-10-01T00:37:21.023128+00:00,github-actions,823ac12bac50,2026-10-01,2026-09-30,33adee4ed28a1bcf146c,9b0b1adcafba0fea37db,close_to_close,0.0038274071620608,{},,disabled,,,,,Ridge,20261001T003710_0508ba91b2c8:price:1,price,1,2026-10-01,1거래일,1.0,4177.10009765625,있음,-8.489712490700185e-05,4176.745473867511,4176.745473867511,4110.589821149001,4242.90112658602,0.7785588752196837,simple,0.008652652939149,0.0086621306702889,-3.244183307374331e-05,7.1634173248690055e-06,0.4520512583524504,4190.10009765625,4202.2998046875,0.006032823356421302,,,-25.554330819989445,25.554330819989445,0.006081034673319737,-0.006117720481328304,1.0,-25.554330819989445,,,scored,False,2026-10-02T05:52:31.649505+00:00
3,20261001T003710_0508ba91b2c8,2026-10-01T00:37:21.023128+00:00,github-actions,823ac12bac50,2026-10-01,2026-09-30,33adee4ed28a1bcf146c,9b0b1adcafba0fea37db,close_to_close,0.0038274071620608,{},,disabled,,,,,Ridge,20261001T003710_0508ba91b2c8:price:5,price,5,2026-10-07,1주일,5.0,4177.10009765625,없음,,,4177.10009765625,4018.024697426142,4336.175497886357,0.7968337730870713,simple,0.0199034880285184,0.020158482079805,0.0,0.0,0.0,4195.0,4140.7001953125,-0.008714156111359173,,,,,,,1.0,36.39990234375,,,scored,False,2026-10-08T06:18:38.368821+00:00
3,20261001T003710_0508ba91b2c8,2026-10-01T00:37:21.023128+00:00,github-actions,823ac12bac50,2026-10-01,2026-09-30,33adee4ed28a1bcf146c,9b0b1adcafba0fea37db,close_to_close,0.0038274071620608,{},,disabled,,,,,Ridge,20261001T003710_0508ba91b2c8:price:20,price,20,2026-10-28,1개월,20.0,4177.10009765625,없음,,,4177.10009765625,3853.423280575968,4500.776914736532,0.7654320987654321,simple,0.0396230506516065,0.0406459448307127,0.0,0.0,0.0,,,,,,,,,,,,,,pending,False,2026-10-01T00:37:21.454933+00:00
3,20261001T123247_a75f972db407,2026-10-01T12:32:59.317850+00:00,github-actions,823ac12bac50,2026-10-01,2026-09-30,5ca009e97553ad27645a,9b0b1adcafba0fea37db,close_to_close,0.0038357735983365,{},,disabled,상승,0.3331050912513978,0.3127394503808798,0.3541554583677223,Logistic,20261001T123247_a75f972db407:direction:Logistic,direction,1,2026-10-01,,,,,,,,,,,,,,,,,4190.10009765625,4202.2998046875,0.0037259915081728767,1.0,0.0,,,,,,,1.1623848619997943,0.7087121535720288,scored,False,2026-10-02T05:52:31.649505+00:00
3,20261001T123247_a75f972db407,2026-10-01T12:32:59.317850+00:00,github-actions,823ac12bac50,2026-10-01,2026-09-30,5ca009e97553ad27645a,9b0b1adcafba0fea37db,close_to_close,0.0038357735983365,{},,disabled,,,,,Ridge,20261001T123247_a75f972db407:price:1,price,1,2026-10-01,1거래일,1.0,4186.7001953125,있음,-3.93982081732247e-05,4186.535246826647,4186.535246826647,4120.082606808036,4252.987886845257,0.7785588752196837,simple,0.0086535685455363,0.0086630556999185,-3.2443878037050315e-05,7.158944546924555e-06,0.4520512583524504,4190.10009765625,4202.2998046875,0.0037259915081728767,,,-15.76455786085262,15.76455786085262,0.003751411987138061,-0.0037653897163461014,1.0,-15.76455786085262,,,scored,False,2026-10-02T05:52:31.649505+00:00
3,20261001T123247_a75f972db407,2026-10-01T12:32:59.317850+00:00,github-actions,823ac12bac50,2026-10-01,2026-09-30,5ca009e97553ad27645a,9b0b1adcafba0fea37db,close_to_close,0.0038357735983365,{},,disabled,,,,,Ridge,20261001T123247_a75f972db407:price:5,price,5,2026-10-07,1주일,5.0,4186.7001953125,없음,,,4186.7001953125,4026.910670564146,4346.489720060854,0.7968337730870713,simple,0.019901532823385,0.0201565268746715,0.0,0.0,0.0,4195.0,4140.7001953125,-0.010987173156440044,,,,,,,1.0,46.0,,,scored,False,2026-10-08T06:18:38.368821+00:00
3,20261001T123247_a75f972db407,2026-10-01T12:32:59.317850+00:00,github-actions,823ac12bac50,2026-10-01,2026-09-30,5ca009e97553ad27645a,9b0b1adcafba0fea37db,close_to_close,0.0038357735983365,{},,disabled,,,,,Ridge,20261001T123247_a75f972db407:price:20,price,20,2026-10-28,1개월,20.0,4186.7001953125,없음,,,4186.7001953125,3861.570321689657,4511.830068935342,0.7654320987654321,simple,0.0396211250545794,0.0406440192336855,0.0,0.0,0.0,,,,,,,,,,,,,,pending,False,2026-10-01T12:32:59.835827+00:00
3,20261001T124352_cef27afe845c,2026-10-01T12:44:04.617927+00:00,github-actions,823ac12bac50,2026-10-01,2026-09-30,5ca009e97553ad27645a,9b0b1adcafba0fea37db,close_to_close,0.0038357735983365,{},,disabled,상승,0.3331050912513978,0.3127394503808798,0.3541554583677223,Logistic,20261001T124352_cef27afe845c:direction:Logistic,direction,1,2026-10-01,,,,,,,,,,,,,,,,,4190.10009765625,4202.2998046875,0.0037259915081728767,1.0,0.0,,,,,,,1.1623848619997943,0.7087121535720288,scored,False,2026-10-02T05:52:31.649505+00:00
3,20261001T124352_cef27afe845c,2026-10-01T12:44:04.617927+00:00,github-actions,823ac12bac50,2026-10-01,2026-09-30,5ca009e97553ad27645a,9b0b1adcafba0fea37db,close_to_close,0.0038357735983365,{},,disabled,,,,,Ridge,20261001T124352_cef27afe845c:price:1,price,1,2026-10-01,1거래일,1.0,4186.7001953125,있음,-3.93982081732247e-05,4186.535246826647,4186.535246826647,4120.082606808036,4252.987886845257,0.7785588752196837,simple,0.0086535685455363,0.0086630556999185,-3.2443878037050315e-05,7.158944546924555e-06,0.4520512583524504,4190.10009765625,4202.2998046875,0.0037259915081728767,,,-15.76455786085262,15.76455786085262,0.003751411987138061,-0.0037653897163461014,1.0,-15.76455786085262,,,scored,False,2026-10-02T05:52:31.649505+00:00
3,20261001T124352_cef27afe845c,2026-10-01T12:44:04.617927+00:00,github-actions,823ac12bac50,2026-10-01,2026-09-30,5ca009e97553ad27645a,9b0b1adcafba0fea37db,close_to_close,0.0038357735983365,{},,disabled,,,,,Ridge,20261001T124352_cef27afe845c:price:5,price,5,2026-10-07,1주일,5.0,4186.7001953125,없음,,,4186.7001953125,4026.910670564146,4346.489720060854,0.7968337730870713,simple,0.019901532823385,0.0201565268746715,0.0,0.0,0.0,4195.0,4140.7001953125,-0.010987173156440044,,,,,,,1.0,46.0,,,scored,False,2026-10-08T06:18:38.368821+00:00
3,20261001T124352_cef27afe845c,2026-10-01T12:44:04.617927+00:00,github-actions,823ac12bac50,2026-10-01,2026-09-30,5ca009e97553ad27645a,9b0b1adcafba0fea37db,close_to_close,0.0038357735983365,{},,disabled,,,,,Ridge,20261001T124352_cef27afe845c:price:20,price,20,2026-10-28,1개월,20.0,4186.7001953125,없음,,,4186.7001953125,3861.570321689657,4511.830068935342,0.7654320987654321,simple,0.0396211250545794,0.0406440192336855,0.0,0.0,0.0,,,,,,,,,,,,,,pending,False,2026-10-01T12:44:05.090283+00:00
3,20261001T130005_d057559b8cb2,2026-10-01T13:00:18.648689+00:00,github-actions,823ac12bac50,2026-10-01,2026-09-30,5ca009e97553ad27645a,9b0b1adcafba0fea37db,close_to_close,0.0038357735983365,{},,disabled,상승,0.3331050912513978,0.3127394503808798,0.3541554583677223,Logistic,20261001T130005_d057559b8cb2:direction:Logistic,direction,1,2026-10-01,,,,,,,,,,,,,,,,,4190.10009765625,4202.2998046875,0.0037259915081728767,1.0,0.0,,,,,,,1.1623848619997943,0.7087121535720288,scored,False,2026-10-02T05:52:31.649505+00:00
3,20261001T130005_d057559b8cb2,2026-10-01T13:00:18.648689+00:00,github-actions,823ac12bac50,2026-10-01,2026-09-30,5ca009e97553ad27645a,9b0b1adcafba0fea37db,close_to_close,0.0038357735983365,{},,disabled,,,,,Ridge,20261001T130005_d057559b8cb2:price:1,price,1,2026-10-01,1거래일,1.0,4186.7001953125,있음,-3.93982081732247e-05,4186.535246826647,4186.535246826647,4120.082606808036,4252.987886845257,0.7785588752196837,simple,0.0086535685455363,0.0086630556999185,-3.2443878037050315e-05,7.158944546924555e-06,0.4520512583524504,4190.10009765625,4202.2998046875,0.0037259915081728767,,,-15.76455786085262,15.76455786085262,0.003751411987138061,-0.0037653897163461014,1.0,-15.76455786085262,,,scored,False,2026-10-02T05:52:31.649505+00:00
3,20261001T130005_d057559b8cb2,2026-10-01T13:00:18.648689+00:00,github-actions,823ac12bac50,2026-10-01,2026-09-30,5ca009e97553ad27645a,9b0b1adcafba0fea37db,close_to_close,0.0038357735983365,{},,disabled,,,,,Ridge,20261001T130005_d057559b8cb2:price:5,price,5,2026-10-07,1주일,5.0,4186.7001953125,없음,,,4186.7001953125,4026.910670564146,4346.489720060854,0.7968337730870713,simple,0.019901532823385,0.0201565268746715,0.0,0.0,0.0,4195.0,4140.7001953125,-0.010987173156440044,,,,,,,1.0,46.0,,,scored,False,2026-10-08T06:18:38.368821+00:00
3,20261001T130005_d057559b8cb2,2026-10-01T13:00:18.648689+00:00,github-actions,823ac12bac50,2026-10-01,2026-09-30,5ca009e97553ad27645a,9b0b1adcafba0fea37db,close_to_close,0.0038357735983365,{},,disabled,,,,,Ridge,20261001T130005_d057559b8cb2:price:20,price,20,2026-10-28,1개월,20.0,4186.7001953125,없음,,,4186.7001953125,3861.570321689657,4511.830068935342,0.7654320987654321,simple,0.0396211250545794,0.0406440192336855,0.0,0.0,0.0,,,,,,,,,,,,,,pending,False,2026-10-01T13:00:19.193222+00:00
3,20261001T130647_fcb99cc7fadd,2026-10-01T13:06:58.823299+00:00,github-actions,823ac12bac50,2026-10-01,2026-09-30,5ca009e97553ad27645a,9b0b1adcafba0fea37db,close_to_close,0.0038357735983365,{},,disabled,상승,0.3331050912513978,0.3127394503808798,0.3541554583677223,Logistic,20261001T130647_fcb99cc7fadd:direction:Logistic,direction,1,2026-10-01,,,,,,,,,,,,,,,,,4190.10009765625,4202.2998046875,0.0037259915081728767,1.0,0.0,,,,,,,1.1623848619997943,0.7087121535720288,scored,False,2026-10-02T05:52:31.649505+00:00
3,20261001T130647_fcb99cc7fadd,2026-10-01T13:06:58.823299+00:00,github-actions,823ac12bac50,2026-10-01,2026-09-30,5ca009e97553ad27645a,9b0b1adcafba0fea37db,close_to_close,0.0038357735983365,{},,disabled,,,,,Ridge,20261001T130647_fcb99cc7fadd:price:1,price,1,2026-10-01,1거래일,1.0,4186.7001953125,있음,-3.93982081732247e-05,4186.535246826647,4186.535246826647,4120.082606808036,4252.987886845257,0.7785588752196837,simple,0.0086535685455363,0.0086630556999185,-3.2443878037050315e-05,7.158944546924555e-06,0.4520512583524504,4190.10009765625,4202.2998046875,0.0037259915081728767,,,-15.76455786085262,15.76455786085262,0.003751411987138061,-0.0037653897163461014,1.0,-15.76455786085262,,,scored,False,2026-10-02T05:52:31.649505+00:00
3,20261001T130647_fcb99cc7fadd,2026-10-01T13:06:58.823299+00:00,github-actions,823ac12bac50,2026-10-01,2026-09-30,5ca009e97553ad27645a,9b0b1adcafba0fea37db,close_to_close,0.0038357735983365,{},,disabled,,,,,Ridge,20261001T130647_fcb99cc7fadd:price:5,price,5,2026-10-07,1주일,5.0,4186.7001953125,없음,,,4186.7001953125,4026.910670564146,4346.489720060854,0.7968337730870713,simple,0.019901532823385,0.0201565268746715,0.0,0.0,0.0,4195.0,4140.7001953125,-0.010987173156440044,,,,,,,1.0,46.0,,,scored,False,2026-10-08T06:18:38.368821+00:00
3,20261001T130647_fcb99cc7fadd,2026-10-01T13:06:58.823299+00:00,github-actions,823ac12bac50,2026-10-01,2026-09-30,5ca009e97553ad27645a,9b0b1adcafba0fea37db,close_to_close,0.0038357735983365,{},,disabled,,,,,Ridge,20261001T130647_fcb99cc7fadd:price:20,price,20,2026-10-28,1개월,20.0,4186.7001953125,없음,,,4186.7001953125,3861.570321689657,4511.830068935342,0.7654320987654321,simple,0.0396211250545794,0.0406440192336855,0.0,0.0,0.0,,,,,,,,,,,,,,pending,False,2026-10-01T13:06:59.132091+00:00
3,20261001T131741_336e1201ef9f,2026-10-01T13:17:53.400847+00:00,github-actions,823ac12bac50,2026-10-01,2026-09-30,5ca009e97553ad27645a,9b0b1adcafba0fea37db,close_to_close,0.0038357735983365,{},,disabled,상승,0.3331050912513978,0.3127394503808798,0.3541554583677223,Logistic,20261001T131741_336e1201ef9f:direction:Logistic,direction,1,2026-10-01,,,,,,,,,,,,,,,,,4190.10009765625,4202.2998046875,0.0037259915081728767,1.0,0.0,,,,,,,1.1623848619997943,0.7087121535720288,scored,False,2026-10-02T05:52:31.649505+00:00
3,20261001T131741_336e1201ef9f,2026-10-01T13:17:53.400847+00:00,github-actions,823ac12bac50,2026-10-01,2026-09-30,5ca009e97553ad27645a,9b0b1adcafba0fea37db,close_to_close,0.0038357735983365,{},,disabled,,,,,Ridge,20261001T131741_336e1201ef9f:price:1,price,1,2026-10-01,1거래일,1.0,4186.7001953125,있음,-3.93982081732247e-05,4186.535246826647,4186.535246826647,4120.082606808036,4252.987886845257,0.7785588752196837,simple,0.0086535685455363,0.0086630556999185,-3.2443878037050315e-05,7.158944546924555e-06,0.4520512583524504,4190.10009765625,4202.2998046875,0.0037259915081728767,,,-15.76455786085262,15.76455786085262,0.003751411987138061,-0.0037653897163461014,1.0,-15.76455786085262,,,scored,False,2026-10-02T05:52:31.649505+00:00
3,20261001T131741_336e1201ef9f,2026-10-01T13:17:53.400847+00:00,github-actions,823ac12bac50,2026-10-01,2026-09-30,5ca009e97553ad27645a,9b0b1adcafba0fea37db,close_to_close,0.0038357735983365,{},,disabled,,,,,Ridge,20261001T131741_336e1201ef9f:price:5,price,5,2026-10-07,1주일,5.0,4186.7001953125,없음,,,4186.7001953125,4026.910670564146,4346.489720060854,0.7968337730870713,simple,0.019901532823385,0.0201565268746715,0.0,0.0,0.0,4195.0,4140.7001953125,-0.010987173156440044,,,,,,,1.0,46.0,,,scored,False,2026-10-08T06:18:38.368821+00:00
3,20261001T131741_336e1201ef9f,2026-10-01T13:17:53.400847+00:00,github-actions,823ac12bac50,2026-10-01,2026-09-30,5ca009e97553ad27645a,9b0b1adcafba0fea37db,close_to_close,0.0038357735983365,{},,disabled,,,,,Ridge,20261001T131741_336e1201ef9f:price:20,price,20,2026-10-28,1개월,20.0,4186.7001953125,없음,,,4186.7001953125,3861.570321689657,4511.830068935342,0.7654320987654321,simple,0.0396211250545794,0.0406440192336855,0.0,0.0,0.0,,,,,,,,,,,,,,pending,False,2026-10-01T13:17:53.916759+00:00
3,20261001T132355_18ba0efe3ccb,2026-10-01T13:24:07.333556+00:00,github-actions,823ac12bac50,2026-10-01,2026-09-30,5ca009e97553ad27645a,9b0b1adcafba0fea37db,close_to_close,0.0038357735983365,{},,disabled,상승,0.3331050912513978,0.3127394503808798,0.3541554583677223,Logistic,20261001T132355_18ba0efe3ccb:direction:Logistic,direction,1,2026-10-01,,,,,,,,,,,,,,,,,4190.10009765625,4202.2998046875,0.0037259915081728767,1.0,0.0,,,,,,,1.1623848619997943,0.7087121535720288,scored,False,2026-10-02T05:52:31.649505+00:00
3,20261001T132355_18ba0efe3ccb,2026-10-01T13:24:07.333556+00:00,github-actions,823ac12bac50,2026-10-01,2026-09-30,5ca009e97553ad27645a,9b0b1adcafba0fea37db,close_to_close,0.0038357735983365,{},,disabled,,,,,Ridge,20261001T132355_18ba0efe3ccb:price:1,price,1,2026-10-01,1거래일,1.0,4186.7001953125,있음,-3.93982081732247e-05,4186.535246826647,4186.535246826647,4120.082606808036,4252.987886845257,0.7785588752196837,simple,0.0086535685455363,0.0086630556999185,-3.2443878037050315e-05,7.158944546924555e-06,0.4520512583524504,4190.10009765625,4202.2998046875,0.0037259915081728767,,,-15.76455786085262,15.76455786085262,0.003751411987138061,-0.0037653897163461014,1.0,-15.76455786085262,,,scored,False,2026-10-02T05:52:31.649505+00:00
3,20261001T132355_18ba0efe3ccb,2026-10-01T13:24:07.333556+00:00,github-actions,823ac12bac50,2026-10-01,2026-09-30,5ca009e97553ad27645a,9b0b1adcafba0fea37db,close_to_close,0.0038357735983365,{},,disabled,,,,,Ridge,20261001T132355_18ba0efe3ccb:price:5,price,5,2026-10-07,1주일,5.0,4186.7001953125,없음,,,4186.7001953125,4026.910670564146,4346.489720060854,0.7968337730870713,simple,0.019901532823385,0.0201565268746715,0.0,0.0,0.0,4195.0,4140.7001953125,-0.010987173156440044,,,,,,,1.0,46.0,,,scored,False,2026-10-08T06:18:38.368821+00:00
3,20261001T132355_18ba0efe3ccb,2026-10-01T13:24:07.333556+00:00,github-actions,823ac12bac50,2026-10-01,2026-09-30,5ca009e97553ad27645a,9b0b1adcafba0fea37db,close_to_close,0.0038357735983365,{},,disabled,,,,,Ridge,20261001T132355_18ba0efe3ccb:price:20,price,20,2026-10-28,1개월,20.0,4186.7001953125,없음,,,4186.7001953125,3861.570321689657,4511.830068935342,0.7654320987654321,simple,0.0396211250545794,0.0406440192336855,0.0,0.0,0.0,,,,,,,,,,,,,,pending,False,2026-10-01T13:24:07.849152+00:00
3,20261001T232419_1ae1bb6f7380,2026-10-01T23:24:28.937300+00:00,github-actions,823ac12bac50,2026-10-02,2026-10-01,e2af15fb3f8b6dbc9278,9b0b1adcafba0fea37db,close_to_close,0.0038458891648879,{},,disabled,상승,0.3150681166631771,0.3009794435587422,0.3839524397780806,Logistic,20261001T232419_1ae1bb6f7380:direction:Logistic,direction,1,2026-10-02,,,,,,,,,,,,,,,,,4204.60009765625,4162.2998046875,-0.009518597401209083,0.0,0.0,,,,,,,1.154966420158567,0.7071397862677978,scored,True,2026-10-03T05:27:56.917459+00:00
3,20261001T232419_1ae1bb6f7380,2026-10-01T23:24:28.937300+00:00,github-actions,823ac12bac50,2026-10-02,2026-10-01,e2af15fb3f8b6dbc9278,9b0b1adcafba0fea37db,close_to_close,0.0038458891648879,{},,disabled,,,,,Ridge,20261001T232419_1ae1bb6f7380:price:1,price,1,2026-10-02,1거래일,1.0,4208.89990234375,있음,0.0003084645431954,4210.198198729482,4210.198198729482,4143.225811225063,4277.170586233901,0.7785588752196837,simple,0.0086508916297872,0.00866048950244,-3.236876210429503e-05,6.954613161868171e-06,0.4475327292237983,4204.60009765625,4162.2998046875,-0.011071799932875659,,,47.8983940419821,47.8983940419821,0.011507675153058382,0.011380264476071059,1.0,47.8983940419821,,,scored,True,2026-10-03T05:27:56.917459+00:00
3,20261001T232419_1ae1bb6f7380,2026-10-01T23:24:28.937300+00:00,github-actions,823ac12bac50,2026-10-02,2026-10-01,e2af15fb3f8b6dbc9278,9b0b1adcafba0fea37db,close_to_close,0.0038458891648879,{},,disabled,,,,,Ridge,20261001T232419_1ae1bb6f7380:price:5,price,5,2026-10-08,1주일,5.0,4208.89990234375,없음,,,4208.89990234375,4047.932467552532,4369.867337134969,0.79701230228471,simple,0.0199044173512718,0.0201570313282795,0.0,0.0,0.0,4159.7001953125,4172.7998046875,-0.008577086291871039,,,,,,,1.0,36.10009765625,,,scored,True,2026-10-09T01:17:07.421005+00:00
3,20261001T232419_1ae1bb6f7380,2026-10-01T23:24:28.937300+00:00,github-actions,823ac12bac50,2026-10-02,2026-10-01,e2af15fb3f8b6dbc9278,9b0b1adcafba0fea37db,close_to_close,0.0038458891648879,{},,disabled,,,,,Ridge,20261001T232419_1ae1bb6f7380:price:20,price,20,2026-10-29,1개월,20.0,4208.89990234375,없음,,,4208.89990234375,3881.184081162317,4536.615723525183,0.7654320987654321,simple,0.0396492332935408,0.0406707728182234,0.0,0.0,0.0,,,,,,,,,,,,,,pending,True,2026-10-01T23:24:29.690045+00:00
3,20261002T005234_f8f0be1ea613,2026-10-02T00:52:45.910924+00:00,github-actions,823ac12bac50,2026-10-02,2026-10-01,241aeaff1b3edf76ebb8,9b0b1adcafba0fea37db,close_to_close,0.0038158955991086,{},,disabled,상승,0.3156496854661875,0.3062925543862932,0.3780577601475192,Logistic,20261002T005234_f8f0be1ea613:direction:Logistic,direction,1,2026-10-02,,,,,,,,,,,,,,,,,4204.60009765625,4162.2998046875,-0.009518597401209083,0.0,0.0,,,,,,,1.1531222706328434,0.7050781518827678,scored,False,2026-10-03T05:27:56.917459+00:00
3,20261002T005234_f8f0be1ea613,2026-10-02T00:52:45.910924+00:00,github-actions,823ac12bac50,2026-10-02,2026-10-01,241aeaff1b3edf76ebb8,9b0b1adcafba0fea37db,close_to_close,0.0038158955991086,{},,disabled,,,,,Ridge,20261002T005234_f8f0be1ea613:price:1,price,1,2026-10-02,1거래일,1.0,4190.5,있음,0.000195651242393,4191.319876531248,4191.319876531248,4125.160295280997,4257.479457781498,0.7785588752196837,simple,0.0086470297278309,0.008656627599156,-3.2368762882421506e-05,6.954613582573072e-06,0.4475327111559505,4204.60009765625,4162.2998046875,-0.006729553827108936,,,29.020071843748156,29.020071843748156,0.0069721243556426,0.006925205069501936,1.0,29.020071843748156,,,scored,False,2026-10-03T05:27:56.917459+00:00
3,20261002T005234_f8f0be1ea613,2026-10-02T00:52:45.910924+00:00,github-actions,823ac12bac50,2026-10-02,2026-10-01,241aeaff1b3edf76ebb8,9b0b1adcafba0fea37db,close_to_close,0.0038158955991086,{},,disabled,,,,,Ridge,20261002T005234_f8f0be1ea613:price:5,price,5,2026-10-08,1주일,5.0,4190.5,없음,,,4190.5,4031.4861360566047,4349.513863943395,0.79701230228471,simple,0.019908179242494,0.0201607932247973,0.0,0.0,0.0,4159.7001953125,4172.7998046875,-0.004223886245674713,,,,,,,1.0,17.7001953125,,,scored,False,2026-10-09T01:17:07.421005+00:00
3,20261002T005234_f8f0be1ea613,2026-10-02T00:52:45.910924+00:00,github-actions,823ac12bac50,2026-10-02,2026-10-01,241aeaff1b3edf76ebb8,9b0b1adcafba0fea37db,close_to_close,0.0038158955991086,{},,disabled,,,,,Ridge,20261002T005234_f8f0be1ea613:price:20,price,20,2026-10-29,1개월,20.0,4190.5,없음,,,4190.5,3866.7614806589095,4514.23851934109,0.7654320987654321,simple,0.0396529087795138,0.0406744482730966,0.0,0.0,0.0,,,,,,,,,,,,,,pending,False,2026-10-02T00:52:46.506308+00:00
3,20261002T010245_17612b6b8b2a,2026-10-02T01:02:57.694623+00:00,github-actions,823ac12bac50,2026-10-02,2026-10-01,c4b7eed1e3c77af5168e,9b0b1adcafba0fea37db,close_to_close,0.0038144446904913,{},,disabled,상승,0.3153436934155681,0.3067158057111335,0.3779405008732983,Logistic,20261002T010245_17612b6b8b2a:direction:Logistic,direction,1,2026-10-02,,,,,,,,,,,,,,,,,4204.60009765625,4162.2998046875,-0.009518597401209083,0.0,0.0,,,,,,,1.1540921447546535,0.705667865819225,scored,False,2026-10-03T05:27:56.917459+00:00
3,20261002T010245_17612b6b8b2a,2026-10-02T01:02:57.694623+00:00,github-actions,823ac12bac50,2026-10-02,2026-10-01,c4b7eed1e3c77af5168e,9b0b1adcafba0fea37db,close_to_close,0.0038144446904913,{},,disabled,,,,,Ridge,20261002T010245_17612b6b8b2a:price:1,price,1,2026-10-02,1거래일,1.0,4189.0,있음,0.0001990583841688,4189.833855571284,4189.833855571284,4123.723102913577,4255.94460822899,0.7785588752196837,simple,0.0086467148973191,0.008656312768413,-3.236876174416149e-05,6.954612144312994e-06,0.4475327434333135,4204.60009765625,4162.2998046875,-0.006373882862855118,,,27.534050883784403,27.534050883784403,0.006615105152391016,0.006572941247023918,1.0,27.534050883784403,,,scored,False,2026-10-03T05:27:56.917459+00:00
3,20261002T010245_17612b6b8b2a,2026-10-02T01:02:57.694623+00:00,github-actions,823ac12bac50,2026-10-02,2026-10-01,c4b7eed1e3c77af5168e,9b0b1adcafba0fea37db,close_to_close,0.0038144446904913,{},,disabled,,,,,Ridge,20261002T010245_17612b6b8b2a:price:5,price,5,2026-10-08,1주일,5.0,4189.0,없음,,,4189.0,4030.1034952774376,4347.896504722562,0.79701230228471,simple,0.0199084859182341,0.0201610999027716,0.0,0.0,0.0,4159.7001953125,4172.7998046875,-0.0038673180502506455,,,,,,,1.0,16.2001953125,,,scored,False,2026-10-09T01:17:07.421005+00:00
3,20261002T010245_17612b6b8b2a,2026-10-02T01:02:57.694623+00:00,github-actions,823ac12bac50,2026-10-02,2026-10-01,c4b7eed1e3c77af5168e,9b0b1adcafba0fea37db,close_to_close,0.0038144446904913,{},,disabled,,,,,Ridge,20261002T010245_17612b6b8b2a:price:20,price,20,2026-10-29,1개월,20.0,4189.0,없음,,,4189.0,3865.500413915678,4512.499586084321,0.7654320987654321,simple,0.0396532084733036,0.0406747479041602,0.0,0.0,0.0,,,,,,,,,,,,,,pending,False,2026-10-02T01:02:58.395601+00:00
3,20261002T011027_a0c8210b13c1,2026-10-02T01:10:36.752518+00:00,github-actions,823ac12bac50,2026-10-02,2026-10-01,4682aa4f9587960206bd,9b0b1adcafba0fea37db,close_to_close,0.0038099034110215,{},,disabled,상승,0.3150700141294474,0.3061886439855854,0.378741341884967,Logistic,20261002T011027_a0c8210b13c1:direction:Logistic,direction,1,2026-10-02,,,,,,,,,,,,,,,,,4204.60009765625,4162.2998046875,-0.009518597401209083,0.0,0.0,,,,,,,1.1549603977765603,0.7063255753031924,scored,False,2026-10-03T05:27:56.917459+00:00
3,20261002T011027_a0c8210b13c1,2026-10-02T01:10:36.752518+00:00,github-actions,823ac12bac50,2026-10-02,2026-10-01,4682aa4f9587960206bd,9b0b1adcafba0fea37db,close_to_close,0.0038099034110215,{},,disabled,,,,,Ridge,20261002T011027_a0c8210b13c1:price:1,price,1,2026-10-02,1거래일,1.0,4182.5,있음,0.0001993718760786,4183.333872871699,4183.333872871699,4117.404288914016,4249.2634568293815,0.7785588752196837,simple,0.0086468666070589,0.0086567116360079,-3.259311198773984e-05,6.83857407102132e-06,0.4475327292237983,4204.60009765625,4162.2998046875,-0.004829694037656873,,,21.034068184198986,21.034068184198986,0.005053472640416443,0.005029065913735473,1.0,21.034068184198986,,,scored,False,2026-10-03T05:27:56.917459+00:00
3,20261002T011027_a0c8210b13c1,2026-10-02T01:10:36.752518+00:00,github-actions,823ac12bac50,2026-10-02,2026-10-01,4682aa4f9587960206bd,9b0b1adcafba0fea37db,close_to_close,0.0038099034110215,{},,disabled,,,,,Ridge,20261002T011027_a0c8210b13c1:price:5,price,5,2026-10-08,1주일,5.0,4182.5,없음,,,4182.5,4024.038932656088,4340.961067343912,0.79701230228471,simple,0.0199098148636521,0.0201624288406599,0.0,0.0,0.0,4159.7001953125,4172.7998046875,-0.002319233786610919,,,,,,,1.0,9.7001953125,,,scored,False,2026-10-09T01:17:07.421005+00:00
3,20261002T011027_a0c8210b13c1,2026-10-02T01:10:36.752518+00:00,github-actions,823ac12bac50,2026-10-02,2026-10-01,4682aa4f9587960206bd,9b0b1adcafba0fea37db,close_to_close,0.0038099034110215,{},,disabled,,,,,Ridge,20261002T011027_a0c8210b13c1:price:20,price,20,2026-10-29,1개월,20.0,4182.5,없음,,,4182.5,3859.886926882121,4505.113073117878,0.7654320987654321,simple,0.0396545067807534,0.040676046305436,0.0,0.0,0.0,,,,,,,,,,,,,,pending,False,2026-10-02T01:10:37.462971+00:00
3,20261002T012509_2c8eb0cfafa3,2026-10-02T01:25:21.125034+00:00,github-actions,823ac12bac50,2026-10-02,2026-10-01,9d79c8bf1ee46046ade3,9b0b1adcafba0fea37db,close_to_close,0.0038092405972927,{},,disabled,상승,0.3173188398863312,0.302877846496779,0.3798033136168897,Logistic,20261002T012509_2c8eb0cfafa3:direction:Logistic,direction,1,2026-10-02,,,,,,,,,,,,,,,,,4204.60009765625,4162.2998046875,-0.009518597401209083,0.0,0.0,,,,,,,1.147848206529015,0.7020391133070406,scored,False,2026-10-03T05:27:56.917459+00:00
3,20261002T012509_2c8eb0cfafa3,2026-10-02T01:25:21.125034+00:00,github-actions,823ac12bac50,2026-10-02,2026-10-01,9d79c8bf1ee46046ade3,9b0b1adcafba0fea37db,close_to_close,0.0038092405972927,{},,disabled,,,,,Ridge,20261002T012509_2c8eb0cfafa3:price:1,price,1,2026-10-02,1거래일,1.0,4169.7998046875,있음,0.0002191851963289,4170.713763076343,4170.713763076343,4104.995809985522,4236.431716167162,0.7785588752196837,simple,0.0086495322165688,0.0086593772439589,-3.259311163472958e-05,6.838573049781812e-06,0.4475327434333135,4204.60009765625,4162.2998046875,-0.0017986475013905823,,,8.41395838884273,8.41395838884273,0.0020214686071789198,0.0020178326977194822,1.0,8.41395838884273,,,scored,False,2026-10-03T05:27:56.917459+00:00
3,20261002T012509_2c8eb0cfafa3,2026-10-02T01:25:21.125034+00:00,github-actions,823ac12bac50,2026-10-02,2026-10-01,9d79c8bf1ee46046ade3,9b0b1adcafba0fea37db,close_to_close,0.0038092405972927,{},,disabled,,,,,Ridge,20261002T012509_2c8eb0cfafa3:price:5,price,5,2026-10-08,1주일,5.0,4169.7998046875,없음,,,4169.7998046875,4011.847389628503,4327.752219746496,0.79701230228471,simple,0.0199124114362362,0.0201650254207737,0.0,0.0,0.0,4159.7001953125,4172.7998046875,0.0007194590005561441,,,,,,,1.0,-3.0,,,scored,False,2026-10-09T01:17:07.421005+00:00
3,20261002T012509_2c8eb0cfafa3,2026-10-02T01:25:21.125034+00:00,github-actions,823ac12bac50,2026-10-02,2026-10-01,9d79c8bf1ee46046ade3,9b0b1adcafba0fea37db,close_to_close,0.0038092405972927,{},,disabled,,,,,Ridge,20261002T012509_2c8eb0cfafa3:price:20,price,20,2026-10-29,1개월,20.0,4169.7998046875,없음,,,4169.7998046875,3848.222303773795,4491.377305601205,0.7654320987654321,simple,0.0396570437899325,0.0406785832207891,0.0,0.0,0.0,,,,,,,,,,,,,,pending,False,2026-10-02T01:25:21.420691+00:00
3,20261002T013105_e97b705891a1,2026-10-02T01:31:16.217747+00:00,github-actions,823ac12bac50,2026-10-02,2026-10-01,60d4775b27a4ad0322fe,9b0b1adcafba0fea37db,close_to_close,0.0038083523513955,{},,disabled,상승,0.3148340402298619,0.3052418641194115,0.3799240956507265,Logistic,20261002T013105_e97b705891a1:direction:Logistic,direction,1,2026-10-02,,,,,,,,,,,,,,,,,4204.60009765625,4162.2998046875,-0.009518597401209083,0.0,0.0,,,,,,,1.1557096354072478,0.7069673064948502,scored,False,2026-10-03T05:27:56.917459+00:00
3,20261002T013105_e97b705891a1,2026-10-02T01:31:16.217747+00:00,github-actions,823ac12bac50,2026-10-02,2026-10-01,60d4775b27a4ad0322fe,9b0b1adcafba0fea37db,close_to_close,0.0038083523513955,{},,disabled,,,,,Ridge,20261002T013105_e97b705891a1:price:1,price,1,2026-10-02,1거래일,1.0,4173.2001953125,있음,0.0002216790162492,4174.125306226408,4174.125306226408,4108.36909815596,4239.881514296855,0.7785588752196837,simple,0.0086488185182308,0.008658663545621,-3.259311163472958e-05,6.838573049781812e-06,0.4475327434333135,4204.60009765625,4162.2998046875,-0.0026119980146755983,,,11.825501538907702,11.825501538907702,0.0028410979731902193,0.0028336770309247985,1.0,11.825501538907702,,,scored,False,2026-10-03T05:27:56.917459+00:00
3,20261002T013105_e97b705891a1,2026-10-02T01:31:16.217747+00:00,github-actions,823ac12bac50,2026-10-02,2026-10-01,60d4775b27a4ad0322fe,9b0b1adcafba0fea37db,close_to_close,0.0038083523513955,{},,disabled,,,,,Ridge,20261002T013105_e97b705891a1:price:5,price,5,2026-10-08,1주일,5.0,4173.2001953125,없음,,,4173.2001953125,4015.1558348088265,4331.2445558161735,0.79701230228471,simple,0.0199117162196306,0.020164330204168,0.0,0.0,0.0,4159.7001953125,4172.7998046875,-9.594330639817183e-05,,,,,,,1.0,0.400390625,,,scored,False,2026-10-09T01:17:07.421005+00:00
3,20261002T013105_e97b705891a1,2026-10-02T01:31:16.217747+00:00,github-actions,823ac12bac50,2026-10-02,2026-10-01,60d4775b27a4ad0322fe,9b0b1adcafba0fea37db,close_to_close,0.0038083523513955,{},,disabled,,,,,Ridge,20261002T013105_e97b705891a1:price:20,price,20,2026-10-29,1개월,20.0,4173.2001953125,없음,,,4173.2001953125,3851.4355013995087,4494.964889225492,0.7654320987654321,simple,0.0396563645481594,0.040677903979016,0.0,0.0,0.0,,,,,,,,,,,,,,pending,False,2026-10-02T01:31:16.856387+00:00
3,20261002T013240_2fb6bfbdb656,2026-10-02T01:32:50.709297+00:00,github-actions,823ac12bac50,2026-10-02,2026-10-01,873fa0d84c2bf42c1891,9b0b1adcafba0fea37db,close_to_close,0.0038083380793623,{},,disabled,상승,0.3151160350937126,0.3051290723645721,0.3797548925417152,Logistic,20261002T013240_2fb6bfbdb656:direction:Logistic,direction,1,2026-10-02,,,,,,,,,,,,,,,,,4204.60009765625,4162.2998046875,-0.009518597401209083,0.0,0.0,,,,,,,1.154814342609507,0.7063835745971907,scored,False,2026-10-03T05:27:56.917459+00:00
3,20261002T013240_2fb6bfbdb656,2026-10-02T01:32:50.709297+00:00,github-actions,823ac12bac50,2026-10-02,2026-10-01,873fa0d84c2bf42c1891,9b0b1adcafba0fea37db,close_to_close,0.0038083380793623,{},,disabled,,,,,Ridge,20261002T013240_2fb6bfbdb656:price:1,price,1,2026-10-02,1거래일,1.0,4173.2998046875,있음,0.000220176851144,4174.218668697376,4174.218668697376,4108.461137534957,4239.976199859796,0.7785588752196837,simple,0.0086487976115018,0.0086586426388919,-3.259311163472958e-05,6.838573049781812e-06,0.4475327434333135,4204.60009765625,4162.2998046875,-0.00263580392370677,,,11.918864009876415,11.918864009876415,0.0028635284744394493,0.0028559807748507696,1.0,11.918864009876415,,,scored,False,2026-10-03T05:27:56.917459+00:00
3,20261002T013240_2fb6bfbdb656,2026-10-02T01:32:50.709297+00:00,github-actions,823ac12bac50,2026-10-02,2026-10-01,873fa0d84c2bf42c1891,9b0b1adcafba0fea37db,close_to_close,0.0038083380793623,{},,disabled,,,,,Ridge,20261002T013240_2fb6bfbdb656:price:5,price,5,2026-10-08,1주일,5.0,4173.2998046875,없음,,,4173.2998046875,4015.252264146067,4331.347345228933,0.79701230228471,simple,0.0199116958542963,0.0201643098388338,0.0,0.0,0.0,4159.7001953125,4172.7998046875,-0.0001198092692593633,,,,,,,1.0,0.5,,,scored,False,2026-10-09T01:17:07.421005+00:00
3,20261002T013240_2fb6bfbdb656,2026-10-02T01:32:50.709297+00:00,github-actions,823ac12bac50,2026-10-02,2026-10-01,873fa0d84c2bf42c1891,9b0b1adcafba0fea37db,close_to_close,0.0038083380793623,{},,disabled,,,,,Ridge,20261002T013240_2fb6bfbdb656:price:20,price,20,2026-10-29,1개월,20.0,4173.2998046875,없음,,,4173.2998046875,3851.528636491762,4495.070972883238,0.7654320987654321,simple,0.0396563446507841,0.0406778840816407,0.0,0.0,0.0,,,,,,,,,,,,,,pending,False,2026-10-02T01:32:51.057392+00:00
3,20261002T013913_8be4590714a5,2026-10-02T01:39:25.033569+00:00,github-actions,823ac12bac50,2026-10-02,2026-10-01,bc7aaf9145f17302be62,9b0b1adcafba0fea37db,close_to_close,0.0038082354858784,{},,disabled,상승,0.3134089874140023,0.3019098542304012,0.3846811583555965,Logistic,20261002T013913_8be4590714a5:direction:Logistic,direction,1,2026-10-02,,,,,,,,,,,,,,,,,4204.60009765625,4162.2998046875,-0.009518597401209083,0.0,0.0,,,,,,,1.1602462723367382,0.7105363722390914,scored,False,2026-10-03T05:27:56.917459+00:00
3,20261002T013913_8be4590714a5,2026-10-02T01:39:25.033569+00:00,github-actions,823ac12bac50,2026-10-02,2026-10-01,bc7aaf9145f17302be62,9b0b1adcafba0fea37db,close_to_close,0.0038082354858784,{},,disabled,,,,,Ridge,20261002T013913_8be4590714a5:price:1,price,1,2026-10-02,1거래일,1.0,4176.5,있음,0.0003442452289164,4177.937740198569,4177.937740198569,4112.131557255421,4243.7439231417175,0.7785588752196837,simple,0.0086481259315898,0.0086579709589799,-3.259311163472958e-05,6.838573049781812e-06,0.4475327434333135,4204.60009765625,4162.2998046875,-0.003400022821142157,,,15.637935511069372,15.637935511069372,0.0037570420788666493,0.003744268050058557,1.0,15.637935511069372,,,scored,False,2026-10-03T05:27:56.917459+00:00
3,20261002T013913_8be4590714a5,2026-10-02T01:39:25.033569+00:00,github-actions,823ac12bac50,2026-10-02,2026-10-01,bc7aaf9145f17302be62,9b0b1adcafba0fea37db,close_to_close,0.0038082354858784,{},,disabled,,,,,Ridge,20261002T013913_8be4590714a5:price:5,price,5,2026-10-08,1주일,5.0,4176.5,없음,,,4176.5,4018.335525410844,4334.664474589155,0.79701230228471,simple,0.0199110415680193,0.0201636555525568,0.0,0.0,0.0,4159.7001953125,4172.7998046875,-0.0008859560187955973,,,,,,,1.0,3.7001953125,,,scored,False,2026-10-09T01:17:07.421005+00:00
3,20261002T013913_8be4590714a5,2026-10-02T01:39:25.033569+00:00,github-actions,823ac12bac50,2026-10-02,2026-10-01,bc7aaf9145f17302be62,9b0b1adcafba0fea37db,close_to_close,0.0038082354858784,{},,disabled,,,,,Ridge,20261002T013913_8be4590714a5:price:20,price,20,2026-10-29,1개월,20.0,4176.5,없음,,,4176.5,3854.490764163293,4498.509235836707,0.7654320987654321,simple,0.0396557053988339,0.0406772448296905,0.0,0.0,0.0,,,,,,,,,,,,,,pending,False,2026-10-02T01:39:25.575587+00:00
3,20261002T014555_9a0dc1f00e1e,2026-10-02T01:46:06.475238+00:00,github-actions,823ac12bac50,2026-10-02,2026-10-01,d1d2eb01613bdaf2f377,9b0b1adcafba0fea37db,close_to_close,0.0038082711922422,{},,disabled,상승,0.3137845244492994,0.301575466833111,0.3846400087175896,Logistic,20261002T014555_9a0dc1f00e1e:direction:Logistic,direction,1,2026-10-02,,,,,,,,,,,,,,,,,4204.60009765625,4162.2998046875,-0.009518597401209083,0.0,0.0,,,,,,,1.1590487565044731,0.7097873773871504,scored,False,2026-10-03T05:27:56.917459+00:00
3,20261002T014555_9a0dc1f00e1e,2026-10-02T01:46:06.475238+00:00,github-actions,823ac12bac50,2026-10-02,2026-10-01,d1d2eb01613bdaf2f377,9b0b1adcafba0fea37db,close_to_close,0.0038082711922422,{},,disabled,,,,,Ridge,20261002T014555_9a0dc1f00e1e:price:1,price,1,2026-10-02,1거래일,1.0,4176.89990234375,있음,0.0003506031644064,4178.364336666921,4178.364336666921,4112.551235678998,4244.177437654845,0.7785588752196837,simple,0.0086480419972218,0.0086578870246119,-3.259311163472958e-05,6.838573049781812e-06,0.4475327434333135,4204.60009765625,4162.2998046875,-0.0034954387219232608,,,16.06453197942119,16.06453197942119,0.0038595326461898856,0.003846041886329661,1.0,16.06453197942119,,,scored,False,2026-10-03T05:27:56.917459+00:00
3,20261002T014555_9a0dc1f00e1e,2026-10-02T01:46:06.475238+00:00,github-actions,823ac12bac50,2026-10-02,2026-10-01,d1d2eb01613bdaf2f377,9b0b1adcafba0fea37db,close_to_close,0.0038082711922422,{},,disabled,,,,,Ridge,20261002T014555_9a0dc1f00e1e:price:5,price,5,2026-10-08,1주일,5.0,4176.89990234375,없음,,,4176.89990234375,4018.7188003061046,4335.081004381394,0.79701230228471,simple,0.0199109598071922,0.0201635737917296,0.0,0.0,0.0,4159.7001953125,4172.7998046875,-0.0009816126199120312,,,,,,,1.0,4.10009765625,,,scored,False,2026-10-09T01:17:07.421005+00:00
3,20261002T014555_9a0dc1f00e1e,2026-10-02T01:46:06.475238+00:00,github-actions,823ac12bac50,2026-10-02,2026-10-01,d1d2eb01613bdaf2f377,9b0b1adcafba0fea37db,close_to_close,0.0038082711922422,{},,disabled,,,,,Ridge,20261002T014555_9a0dc1f00e1e:price:20,price,20,2026-10-29,1개월,20.0,4176.89990234375,없음,,,4176.89990234375,3854.856814455273,4498.942990232227,0.7654320987654321,simple,0.0396556255167241,0.0406771649475807,0.0,0.0,0.0,,,,,,,,,,,,,,pending,False,2026-10-02T01:46:06.809022+00:00
3,20261002T015232_da04900ebb38,2026-10-02T01:52:43.342386+00:00,github-actions,823ac12bac50,2026-10-02,2026-10-01,bf3b777d44a1ee4ce60a,9b0b1adcafba0fea37db,close_to_close,0.0038087119287528,{},,disabled,상승,0.314139473827054,0.3014646512614235,0.3843958749115224,Logistic,20261002T015232_da04900ebb38:direction:Logistic,direction,1,2026-10-02,,,,,,,,,,,,,,,,,4204.60009765625,4162.2998046875,-0.009518597401209083,0.0,0.0,,,,,,,1.1579182075318737,0.709045785971397,scored,False,2026-10-03T05:27:56.917459+00:00
3,20261002T015232_da04900ebb38,2026-10-02T01:52:43.342386+00:00,github-actions,823ac12bac50,2026-10-02,2026-10-01,bf3b777d44a1ee4ce60a,9b0b1adcafba0fea37db,close_to_close,0.0038087119287528,{},,disabled,,,,,Ridge,20261002T015232_da04900ebb38:price:1,price,1,2026-10-02,1거래일,1.0,4179.2998046875,있음,0.0003465083136688,4180.747966815139,4180.747966815139,4114.889430875896,4246.606502754381,0.7785588752196837,simple,0.0086475382885298,0.0086573833159199,-3.259311163472958e-05,6.838573049781812e-06,0.4475327434333135,4204.60009765625,4162.2998046875,-0.004067667024254318,,,18.44816212763908,18.44816212763908,0.004432204068256477,0.004414175337923118,1.0,18.44816212763908,,,scored,False,2026-10-03T05:27:56.917459+00:00
3,20261002T015232_da04900ebb38,2026-10-02T01:52:43.342386+00:00,github-actions,823ac12bac50,2026-10-02,2026-10-01,bf3b777d44a1ee4ce60a,9b0b1adcafba0fea37db,close_to_close,0.0038087119287528,{},,disabled,,,,,Ridge,20261002T015232_da04900ebb38:price:5,price,5,2026-10-08,1주일,5.0,4179.2998046875,없음,,,4179.2998046875,4021.009500218079,4337.590109156921,0.79701230228471,simple,0.0199104691423995,0.0201630831269369,0.0,0.0,0.0,4159.7001953125,4172.7998046875,-0.0015552844504501673,,,,,,,1.0,6.5,,,scored,False,2026-10-09T01:17:07.421005+00:00
3,20261002T015232_da04900ebb38,2026-10-02T01:52:43.342386+00:00,github-actions,823ac12bac50,2026-10-02,2026-10-01,bf3b777d44a1ee4ce60a,9b0b1adcafba0fea37db,close_to_close,0.0038087119287528,{},,disabled,,,,,Ridge,20261002T015232_da04900ebb38:price:20,price,20,2026-10-29,1개월,20.0,4179.2998046875,없음,,,4179.2998046875,3857.034390061624,4501.565219313376,0.7654320987654321,simple,0.0396551461265296,0.0406766855573862,0.0,0.0,0.0,,,,,,,,,,,,,,pending,False,2026-10-02T01:52:43.659026+00:00
3,20261002T020526_cc26ed00edf0,2026-10-02T02:05:36.611198+00:00,github-actions,823ac12bac50,2026-10-02,2026-10-01,499d08ccca84cc0627ed,9b0b1adcafba0fea37db,close_to_close,0.0038082318606918,{},,disabled,상승,0.3132506904431776,0.3015927960793691,0.3851565134774532,Logistic,20261002T020526_cc26ed00edf0:direction:Logistic,direction,1,2026-10-02,,,,,,,,,,,,,,,,,4204.60009765625,4162.2998046875,-0.009518597401209083,0.0,0.0,,,,,,,1.160751481080128,0.7109283686978519,scored,False,2026-10-03T05:27:56.917459+00:00
3,20261002T020526_cc26ed00edf0,2026-10-02T02:05:36.611198+00:00,github-actions,823ac12bac50,2026-10-02,2026-10-01,499d08ccca84cc0627ed,9b0b1adcafba0fea37db,close_to_close,0.0038082318606918,{},,disabled,,,,,Ridge,20261002T020526_cc26ed00edf0:price:1,price,1,2026-10-02,1거래일,1.0,4174.2998046875,있음,0.0003535004216246,4175.775421428445,4175.775421428445,4110.003968030692,4241.546874826197,0.7785588752196837,simple,0.0086485877243398,0.0086584327517299,-3.259311163472958e-05,6.838573049781812e-06,0.4475327434333135,4204.60009765625,4162.2998046875,-0.0028747336227562537,,,13.475616740945043,13.475616740945043,0.003237541112672631,0.0032282340443808536,1.0,13.475616740945043,,,scored,False,2026-10-03T05:27:56.917459+00:00
3,20261002T020526_cc26ed00edf0,2026-10-02T02:05:36.611198+00:00,github-actions,823ac12bac50,2026-10-02,2026-10-01,499d08ccca84cc0627ed,9b0b1adcafba0fea37db,close_to_close,0.0038082318606918,{},,disabled,,,,,Ridge,20261002T020526_cc26ed00edf0:price:5,price,5,2026-10-08,1주일,5.0,4174.2998046875,없음,,,4174.2998046875,4016.2188021986,4332.3808071764,0.79701230228471,simple,0.0199114914023135,0.020164105386851,0.0,0.0,0.0,4159.7001953125,4172.7998046875,-0.00035934170284457334,,,,,,,1.0,1.5,,,scored,False,2026-10-09T01:17:07.421005+00:00
3,20261002T020526_cc26ed00edf0,2026-10-02T02:05:36.611198+00:00,github-actions,823ac12bac50,2026-10-02,2026-10-01,499d08ccca84cc0627ed,9b0b1adcafba0fea37db,close_to_close,0.0038082318606918,{},,disabled,,,,,Ridge,20261002T020526_cc26ed00edf0:price:20,price,20,2026-10-29,1개월,20.0,4174.2998046875,없음,,,4174.2998046875,3852.460510851277,4496.139098523723,0.7654320987654321,simple,0.0396561448967417,0.0406776843275983,0.0,0.0,0.0,,,,,,,,,,,,,,pending,False,2026-10-02T02:05:37.052687+00:00
3,20261002T021957_bfbd934ed497,2026-10-02T02:20:06.046594+00:00,github-actions,823ac12bac50,2026-10-02,2026-10-01,b10b6510ffd2baed3f53,9b0b1adcafba0fea37db,close_to_close,0.003811313918368,{},,disabled,상승,0.3135184195800016,0.302490366695692,0.3839912137243064,Logistic,20261002T021957_bfbd934ed497:direction:Logistic,direction,1,2026-10-02,,,,,,,,,,,,,,,,,4204.60009765625,4162.2998046875,-0.009518597401209083,0.0,0.0,,,,,,,1.1598971659939945,0.7102066344170989,scored,False,2026-10-03T05:27:56.917459+00:00
3,20261002T021957_bfbd934ed497,2026-10-02T02:20:06.046594+00:00,github-actions,823ac12bac50,2026-10-02,2026-10-01,b10b6510ffd2baed3f53,9b0b1adcafba0fea37db,close_to_close,0.003811313918368,{},,disabled,,,,,Ridge,20261002T021957_bfbd934ed497:price:1,price,1,2026-10-02,1거래일,1.0,4185.0,있음,0.0003575079608708,4186.496170816245,4186.496170816245,4120.502755943378,4252.489585689111,0.7785588752196837,simple,0.0086463418904816,0.0086561869181029,-3.259311275680883e-05,6.838574496410966e-06,0.4475327111559505,4204.60009765625,4162.2998046875,-0.005424180480884111,,,24.196366128744557,24.196366128744557,0.005813220398370893,0.0057816884417549105,1.0,24.196366128744557,,,scored,False,2026-10-03T05:27:56.917459+00:00
3,20261002T021957_bfbd934ed497,2026-10-02T02:20:06.046594+00:00,github-actions,823ac12bac50,2026-10-02,2026-10-01,b10b6510ffd2baed3f53,9b0b1adcafba0fea37db,close_to_close,0.003811313918368,{},,disabled,,,,,Ridge,20261002T021957_bfbd934ed497:price:5,price,5,2026-10-08,1주일,5.0,4185.0,없음,,,4185.0,4026.385515212671,4343.614484787329,0.79701230228471,simple,0.0199093037283995,0.0201619177107028,0.0,0.0,0.0,4159.7001953125,4172.7998046875,-0.002915219907407396,,,,,,,1.0,12.2001953125,,,scored,False,2026-10-09T01:17:07.421005+00:00
3,20261002T021957_bfbd934ed497,2026-10-02T02:20:06.046594+00:00,github-actions,823ac12bac50,2026-10-02,2026-10-01,b10b6510ffd2baed3f53,9b0b1adcafba0fea37db,close_to_close,0.003811313918368,{},,disabled,,,,,Ridge,20261002T021957_bfbd934ed497:price:20,price,20,2026-10-29,1개월,20.0,4185.0,없음,,,4185.0,3862.074582192538,4507.925417807463,0.7654320987654321,simple,0.0396540074267471,0.0406755469203299,0.0,0.0,0.0,,,,,,,,,,,,,,pending,False,2026-10-02T02:20:06.653778+00:00
3,20261002T024021_f2724e1e0637,2026-10-02T02:40:32.190982+00:00,github-actions,823ac12bac50,2026-10-02,2026-10-01,009bd9400a7ebf90bb66,9b0b1adcafba0fea37db,close_to_close,0.0038152970385964,{},,disabled,상승,0.3135510916773195,0.3027073241096453,0.383741584213035,Logistic,20261002T024021_f2724e1e0637:direction:Logistic,direction,1,2026-10-02,,,,,,,,,,,,,,,,,4204.60009765625,4162.2998046875,-0.009518597401209083,0.0,0.0,,,,,,,1.1597929603301536,0.7101014312613515,scored,False,2026-10-03T05:27:56.917459+00:00
3,20261002T024021_f2724e1e0637,2026-10-02T02:40:32.190982+00:00,github-actions,823ac12bac50,2026-10-02,2026-10-01,009bd9400a7ebf90bb66,9b0b1adcafba0fea37db,close_to_close,0.0038152970385964,{},,disabled,,,,,Ridge,20261002T024021_f2724e1e0637:price:1,price,1,2026-10-02,1거래일,1.0,4189.89990234375,있음,0.0003467883216217,4191.352910698647,4191.352910698647,4125.213180076165,4257.492641321128,0.7785588752196837,simple,0.0086469037750369,0.008656501646362,-3.2368762882421506e-05,6.954613582573072e-06,0.4475327111559505,4204.60009765625,4162.2998046875,-0.0065872928469749015,,,29.053106011147065,29.053106011147065,0.006980060873661246,0.006934081168596602,1.0,29.053106011147065,,,scored,False,2026-10-03T05:27:56.917459+00:00
3,20261002T024021_f2724e1e0637,2026-10-02T02:40:32.190982+00:00,github-actions,823ac12bac50,2026-10-02,2026-10-01,009bd9400a7ebf90bb66,9b0b1adcafba0fea37db,close_to_close,0.0038152970385964,{},,disabled,,,,,Ridge,20261002T024021_f2724e1e0637:price:5,price,5,2026-10-08,1주일,5.0,4189.89990234375,없음,,,4189.89990234375,4030.9337491772926,4348.866055510208,0.79701230228471,simple,0.0199083019336497,0.020160915915953,0.0,0.0,0.0,4159.7001953125,4172.7998046875,-0.0040812663917542125,,,,,,,1.0,17.10009765625,,,scored,False,2026-10-09T01:17:07.421005+00:00
3,20261002T024021_f2724e1e0637,2026-10-02T02:40:32.190982+00:00,github-actions,823ac12bac50,2026-10-02,2026-10-01,009bd9400a7ebf90bb66,9b0b1adcafba0fea37db,close_to_close,0.0038152970385964,{},,disabled,,,,,Ridge,20261002T024021_f2724e1e0637:price:20,price,20,2026-10-29,1개월,20.0,4189.89990234375,없음,,,4189.89990234375,3866.25851803164,4513.54128665586,0.7654320987654321,simple,0.0396530286514465,0.0406745681450293,0.0,0.0,0.0,,,,,,,,,,,,,,pending,False,2026-10-02T02:40:32.655419+00:00
3,20261002T030222_59a8c0dbb4a2,2026-10-02T03:02:35.126767+00:00,github-actions,823ac12bac50,2026-10-02,2026-10-01,d0b714d9b32c215f1320,9b0b1adcafba0fea37db,close_to_close,0.0038169466402314,{},,disabled,상승,0.313403190161186,0.3035140353750015,0.3830827744638125,Logistic,20261002T030222_59a8c0dbb4a2:direction:Logistic,direction,1,2026-10-02,,,,,,,,,,,,,,,,,4204.60009765625,4162.2998046875,-0.009518597401209083,0.0,0.0,,,,,,,1.1602647699123243,0.7102883610413464,scored,False,2026-10-03T05:27:56.917459+00:00
3,20261002T030222_59a8c0dbb4a2,2026-10-02T03:02:35.126767+00:00,github-actions,823ac12bac50,2026-10-02,2026-10-01,d0b714d9b32c215f1320,9b0b1adcafba0fea37db,close_to_close,0.0038169466402314,{},,disabled,,,,,Ridge,20261002T030222_59a8c0dbb4a2:price:1,price,1,2026-10-02,1거래일,1.0,4191.5,있음,0.0003359856491442,4192.908283848388,4192.908283848388,4126.714687334636,4259.10188036214,0.7785588752196837,simple,0.0086472396152241,0.008656837486318,-3.236876174416149e-05,6.954612144312994e-06,0.4475327434333135,4204.60009765625,4162.2998046875,-0.006966526377788385,,,30.608479160888237,30.608479160888237,0.0073537420650039605,0.007302512026932584,1.0,30.608479160888237,,,scored,False,2026-10-03T05:27:56.917459+00:00
3,20261002T030222_59a8c0dbb4a2,2026-10-02T03:02:35.126767+00:00,github-actions,823ac12bac50,2026-10-02,2026-10-01,d0b714d9b32c215f1320,9b0b1adcafba0fea37db,close_to_close,0.0038169466402314,{},,disabled,,,,,Ridge,20261002T030222_59a8c0dbb4a2:price:5,price,5,2026-10-08,1주일,5.0,4191.5,없음,,,4191.5,4032.4043809331856,4350.595619066815,0.79701230228471,simple,0.0199079747882771,0.0201605887728145,0.0,0.0,0.0,4159.7001953125,4172.7998046875,-0.004461456593701563,,,,,,,1.0,18.7001953125,,,scored,False,2026-10-09T01:17:07.421005+00:00
3,20261002T030222_59a8c0dbb4a2,2026-10-02T03:02:35.126767+00:00,github-actions,823ac12bac50,2026-10-02,2026-10-01,d0b714d9b32c215f1320,9b0b1adcafba0fea37db,close_to_close,0.0038169466402314,{},,disabled,,,,,Ridge,20261002T030222_59a8c0dbb4a2:price:20,price,20,2026-10-29,1개월,20.0,4191.5,없음,,,4191.5,3867.595034275255,4515.404965724745,0.7654320987654321,simple,0.0396527090881976,0.0406742485190542,0.0,0.0,0.0,,,,,,,,,,,,,,pending,False,2026-10-02T03:02:35.839815+00:00
3,20261002T102332_300839bba194,2026-10-02T10:23:40.182952+00:00,github-actions,823ac12bac50,2026-10-02,2026-10-01,d82ef337ad11d3ff9c2a,9b0b1adcafba0fea37db,close_to_close,0.0038325498419576,{},,disabled,상승,0.3188373303110228,0.2991522946104814,0.3820103750784958,Logistic,20261002T102332_300839bba194:direction:Logistic,direction,1,2026-10-02,,,,,,,,,,,,,,,,,4204.60009765625,4162.2998046875,-0.009518597401209083,0.0,0.0,,,,,,,1.1430742425881217,0.6994066046161439,scored,False,2026-10-03T05:27:56.917459+00:00
3,20261002T102332_300839bba194,2026-10-02T10:23:40.182952+00:00,github-actions,823ac12bac50,2026-10-02,2026-10-01,d82ef337ad11d3ff9c2a,9b0b1adcafba0fea37db,close_to_close,0.0038325498419576,{},,disabled,,,,,Ridge,20261002T102332_300839bba194:price:1,price,1,2026-10-02,1거래일,1.0,4202.2998046875,있음,0.0003579340991564,4203.803951082476,4203.803951082476,4137.168511877867,4270.439390287084,0.7785588752196837,simple,0.0086495063540212,0.008659104226674,-3.236876210429503e-05,6.95461316186817e-06,0.4475327292237983,4204.60009765625,4162.2998046875,-0.009518597401209083,,,41.50414639497558,41.50414639497558,0.00997144567727544,0.009876531500365484,1.0,41.50414639497558,,,scored,False,2026-10-03T05:27:56.917459+00:00
3,20261002T102332_300839bba194,2026-10-02T10:23:40.182952+00:00,github-actions,823ac12bac50,2026-10-02,2026-10-01,d82ef337ad11d3ff9c2a,9b0b1adcafba0fea37db,close_to_close,0.0038325498419576,{},,disabled,,,,,Ridge,20261002T102332_300839bba194:price:5,price,5,2026-10-08,1주일,5.0,4202.2998046875,없음,,,4202.2998046875,4042.1422216202345,4362.457387754765,0.79701230228471,simple,0.0199057667543244,0.0201583807313321,0.0,0.0,0.0,4159.7001953125,4172.7998046875,-0.007019965583391685,,,,,,,1.0,29.5,,,scored,False,2026-10-09T01:17:07.421005+00:00
3,20261002T102332_300839bba194,2026-10-02T10:23:40.182952+00:00,github-actions,823ac12bac50,2026-10-02,2026-10-01,d82ef337ad11d3ff9c2a,9b0b1adcafba0fea37db,close_to_close,0.0038325498419576,{},,disabled,,,,,Ridge,20261002T102332_300839bba194:price:20,price,20,2026-10-29,1개월,20.0,4202.2998046875,없음,,,4202.2998046875,3876.2327718034926,4528.366837571507,0.7654320987654321,simple,0.039650551689728,0.0406720912144105,0.0,0.0,0.0,,,,,,,,,,,,,,pending,False,2026-10-02T10:23:41.006617+00:00
3,20261002T104729_d81fce165913,2026-10-02T10:47:39.210761+00:00,github-actions,823ac12bac50,2026-10-02,2026-10-01,d82ef337ad11d3ff9c2a,9b0b1adcafba0fea37db,close_to_close,0.0038325498419576,{},,disabled,상승,0.3188373303110228,0.2991522946104814,0.3820103750784958,Logistic,20261002T104729_d81fce165913:direction:Logistic,direction,1,2026-10-02,,,,,,,,,,,,,,,,,4204.60009765625,4162.2998046875,-0.009518597401209083,0.0,0.0,,,,,,,1.1430742425881217,0.6994066046161439,scored,False,2026-10-03T05:27:56.917459+00:00
3,20261002T104729_d81fce165913,2026-10-02T10:47:39.210761+00:00,github-actions,823ac12bac50,2026-10-02,2026-10-01,d82ef337ad11d3ff9c2a,9b0b1adcafba0fea37db,close_to_close,0.0038325498419576,{},,disabled,,,,,Ridge,20261002T104729_d81fce165913:price:1,price,1,2026-10-02,1거래일,1.0,4202.2998046875,있음,0.0003579340409487,4203.80395083787,4203.80395083787,4137.16851184524,4270.4393898305,0.7785588752196837,simple,0.0086495063553489,0.008659104226674,-3.2368762882421506e-05,6.954613582573072e-06,0.4475327111559505,4204.60009765625,4162.2998046875,-0.009518597401209083,,,41.504146150369706,41.504146150369706,0.00997144561850844,0.009876531442157784,1.0,41.504146150369706,,,scored,False,2026-10-03T05:27:56.917459+00:00
3,20261002T104729_d81fce165913,2026-10-02T10:47:39.210761+00:00,github-actions,823ac12bac50,2026-10-02,2026-10-01,d82ef337ad11d3ff9c2a,9b0b1adcafba0fea37db,close_to_close,0.0038325498419576,{},,disabled,,,,,Ridge,20261002T104729_d81fce165913:price:5,price,5,2026-10-08,1주일,5.0,4202.2998046875,없음,,,4202.2998046875,4042.1422216202345,4362.457387754765,0.79701230228471,simple,0.0199057667490288,0.0201583807313321,0.0,0.0,0.0,4159.7001953125,4172.7998046875,-0.007019965583391685,,,,,,,1.0,29.5,,,scored,False,2026-10-09T01:17:07.421005+00:00
3,20261002T104729_d81fce165913,2026-10-02T10:47:39.210761+00:00,github-actions,823ac12bac50,2026-10-02,2026-10-01,d82ef337ad11d3ff9c2a,9b0b1adcafba0fea37db,close_to_close,0.0038325498419576,{},,disabled,,,,,Ridge,20261002T104729_d81fce165913:price:20,price,20,2026-10-29,1개월,20.0,4202.2998046875,없음,,,4202.2998046875,3876.2327718034926,4528.366837571507,0.7654320987654321,simple,0.0396505517208277,0.0406720912144105,0.0,0.0,0.0,,,,,,,,,,,,,,pending,False,2026-10-02T10:47:39.751418+00:00
3,20261002T130032_628e26a8ff35,2026-10-02T13:00:45.212242+00:00,github-actions,823ac12bac50,2026-10-02,2026-10-01,d82ef337ad11d3ff9c2a,9b0b1adcafba0fea37db,close_to_close,0.0038325498419576,{},,disabled,상승,0.3188373410419287,0.2991522898976936,0.3820103690603776,Logistic,20261002T130032_628e26a8ff35:direction:Logistic,direction,1,2026-10-02,,,,,,,,,,,,,,,,,4204.60009765625,4162.2998046875,-0.009518597401209083,0.0,0.0,,,,,,,1.1430742089317563,0.6994065825795095,scored,False,2026-10-03T05:27:56.917459+00:00
3,20261002T130032_628e26a8ff35,2026-10-02T13:00:45.212242+00:00,github-actions,823ac12bac50,2026-10-02,2026-10-01,d82ef337ad11d3ff9c2a,9b0b1adcafba0fea37db,close_to_close,0.0038325498419576,{},,disabled,,,,,Ridge,20261002T130032_628e26a8ff35:price:1,price,1,2026-10-02,1거래일,1.0,4202.2998046875,있음,0.0003579340991564,4203.803951082476,4203.803951082476,4137.168512002786,4270.439390162166,0.7785588752196837,simple,0.0086495063555801,0.008659104226674,-3.236876174416149e-05,6.954612144312994e-06,0.4475327434333135,4204.60009765625,4162.2998046875,-0.009518597401209083,,,41.50414639497558,41.50414639497558,0.00997144567727544,0.009876531500365484,1.0,41.50414639497558,,,scored,False,2026-10-03T05:27:56.917459+00:00
3,20261002T130032_628e26a8ff35,2026-10-02T13:00:45.212242+00:00,github-actions,823ac12bac50,2026-10-02,2026-10-01,d82ef337ad11d3ff9c2a,9b0b1adcafba0fea37db,close_to_close,0.0038325498419576,{},,disabled,,,,,Ridge,20261002T130032_628e26a8ff35:price:5,price,5,2026-10-08,1주일,5.0,4202.2998046875,없음,,,4202.2998046875,4042.1422216202345,4362.457387754765,0.79701230228471,simple,0.0199057667467947,0.0201583807313321,0.0,0.0,0.0,4159.7001953125,4172.7998046875,-0.007019965583391685,,,,,,,1.0,29.5,,,scored,False,2026-10-09T01:17:07.421005+00:00
3,20261002T130032_628e26a8ff35,2026-10-02T13:00:45.212242+00:00,github-actions,823ac12bac50,2026-10-02,2026-10-01,d82ef337ad11d3ff9c2a,9b0b1adcafba0fea37db,close_to_close,0.0038325498419576,{},,disabled,,,,,Ridge,20261002T130032_628e26a8ff35:price:20,price,20,2026-10-29,1개월,20.0,4202.2998046875,없음,,,4202.2998046875,3876.2327718034926,4528.366837571507,0.7654320987654321,simple,0.0396505517835539,0.0406720912144105,0.0,0.0,0.0,,,,,,,,,,,,,,pending,False,2026-10-02T13:00:46.145519+00:00
3,20261002T134228_dd02f7719a35,2026-10-02T13:42:39.018933+00:00,github-actions,823ac12bac50,2026-10-02,2026-10-01,d82ef337ad11d3ff9c2a,9b0b1adcafba0fea37db,close_to_close,0.0038325498419576,{},,disabled,상승,0.3188373303110228,0.2991522946104814,0.3820103750784958,Logistic,20261002T134228_dd02f7719a35:direction:Logistic,direction,1,2026-10-02,,,,,,,,,,,,,,,,,4204.60009765625,4162.2998046875,-0.009518597401209083,0.0,0.0,,,,,,,1.1430742425881217,0.6994066046161439,scored,False,2026-10-03T05:27:56.917459+00:00
3,20261002T134228_dd02f7719a35,2026-10-02T13:42:39.018933+00:00,github-actions,823ac12bac50,2026-10-02,2026-10-01,d82ef337ad11d3ff9c2a,9b0b1adcafba0fea37db,close_to_close,0.0038325498419576,{},,disabled,,,,,Ridge,20261002T134228_dd02f7719a35:price:1,price,1,2026-10-02,1거래일,1.0,4202.2998046875,있음,0.0003579340991564,4203.803951082476,4203.803951082476,4137.168511877867,4270.439390287084,0.7785588752196837,simple,0.0086495063540212,0.008659104226674,-3.236876210429503e-05,6.95461316186817e-06,0.4475327292237983,4204.60009765625,4162.2998046875,-0.009518597401209083,,,41.50414639497558,41.50414639497558,0.00997144567727544,0.009876531500365484,1.0,41.50414639497558,,,scored,False,2026-10-03T05:27:56.917459+00:00
3,20261002T134228_dd02f7719a35,2026-10-02T13:42:39.018933+00:00,github-actions,823ac12bac50,2026-10-02,2026-10-01,d82ef337ad11d3ff9c2a,9b0b1adcafba0fea37db,close_to_close,0.0038325498419576,{},,disabled,,,,,Ridge,20261002T134228_dd02f7719a35:price:5,price,5,2026-10-08,1주일,5.0,4202.2998046875,없음,,,4202.2998046875,4042.1422216202345,4362.457387754765,0.79701230228471,simple,0.0199057667543244,0.0201583807313321,0.0,0.0,0.0,4159.7001953125,4172.7998046875,-0.007019965583391685,,,,,,,1.0,29.5,,,scored,False,2026-10-09T01:17:07.421005+00:00
3,20261002T134228_dd02f7719a35,2026-10-02T13:42:39.018933+00:00,github-actions,823ac12bac50,2026-10-02,2026-10-01,d82ef337ad11d3ff9c2a,9b0b1adcafba0fea37db,close_to_close,0.0038325498419576,{},,disabled,,,,,Ridge,20261002T134228_dd02f7719a35:price:20,price,20,2026-10-29,1개월,20.0,4202.2998046875,없음,,,4202.2998046875,3876.2327718034926,4528.366837571507,0.7654320987654321,simple,0.039650551689728,0.0406720912144105,0.0,0.0,0.0,,,,,,,,,,,,,,pending,False,2026-10-02T13:42:39.793791+00:00
3,20261003T134644_71e12c86a428,2026-10-03T13:46:56.748418+00:00,github-actions,823ac12bac50,2026-10-05,2026-10-02,6fc4d45f19e8d023553e,9b0b1adcafba0fea37db,close_to_close,0.0031789300829833,{},,disabled,상승,0.2970042702623945,0.3289530350322253,0.3740426947053801,Logistic,20261003T134644_71e12c86a428:direction:Logistic,direction,1,2026-10-05,,,,,,,,,,,,,,,,,4169.39990234375,4156.7998046875,-0.0013213848732871458,1.0,0.0,,,,,,,1.1118402890685397,0.6784235032090215,scored,True,2026-10-06T06:31:22.959310+00:00
3,20261003T134644_71e12c86a428,2026-10-03T13:46:56.748418+00:00,github-actions,823ac12bac50,2026-10-05,2026-10-02,6fc4d45f19e8d023553e,9b0b1adcafba0fea37db,close_to_close,0.0031789300829833,{},,disabled,,,,,Ridge,20261003T134644_71e12c86a428:price:1,price,1,2026-10-05,1거래일,1.0,4162.2998046875,있음,0.000268796691671,4163.418617104743,4163.418617104743,4108.676281157688,4218.160953051798,0.7785588752196837,simple,0.0086479288455143,0.0086561742692709,-3.3115246694904505e-05,1.0161328355658184e-05,0.4483263720223337,4169.39990234375,4156.7998046875,-0.0013213848732871458,,,6.618812417243134,6.618812417243134,0.0015922855870468661,0.0015901815649581458,1.0,6.618812417243134,,,scored,True,2026-10-06T06:31:22.959310+00:00
3,20261003T134644_71e12c86a428,2026-10-03T13:46:56.748418+00:00,github-actions,823ac12bac50,2026-10-05,2026-10-02,6fc4d45f19e8d023553e,9b0b1adcafba0fea37db,close_to_close,0.0031789300829833,{},,disabled,,,,,Ridge,20261003T134644_71e12c86a428:price:5,price,5,2026-10-09,1주일,5.0,4162.2998046875,없음,,,4162.2998046875,4030.720678928872,4293.878930446128,0.79701230228471,simple,0.0199355426794557,0.0201821018166646,0.0,0.0,0.0,,,,,,,,,,,,,,pending,True,2026-10-03T13:46:57.484214+00:00
3,20261003T134644_71e12c86a428,2026-10-03T13:46:56.748418+00:00,github-actions,823ac12bac50,2026-10-05,2026-10-02,6fc4d45f19e8d023553e,9b0b1adcafba0fea37db,close_to_close,0.0031789300829833,{},,disabled,,,,,Ridge,20261003T134644_71e12c86a428:price:20,price,20,2026-10-30,1개월,20.0,4162.2998046875,없음,,,4162.2998046875,3894.198525107208,4430.401084267792,0.7654320987654321,simple,0.0397284037862418,0.0407402987392673,0.0,0.0,0.0,,,,,,,,,,,,,,pending,True,2026-10-03T13:46:57.484214+00:00
3,20261004T072616_67e6b2cd0a9c,2026-10-04T07:26:27.220584+00:00,github-actions,823ac12bac50,2026-10-05,2026-10-02,6fc4d45f19e8d023553e,9b0b1adcafba0fea37db,close_to_close,0.0031789300829833,{},,disabled,상승,0.2943383529358534,0.3319110285689865,0.37375061849516,Logistic,20261004T072616_67e6b2cd0a9c:direction:Logistic,direction,1,2026-10-05,,,,,,,,,,,,,,,,,4169.39990234375,4156.7998046875,-0.0013213848732871458,1.0,0.0,,,,,,,1.1028883322183693,0.6726674645822551,scored,True,2026-10-06T06:31:22.959310+00:00
3,20261004T072616_67e6b2cd0a9c,2026-10-04T07:26:27.220584+00:00,github-actions,823ac12bac50,2026-10-05,2026-10-02,6fc4d45f19e8d023553e,9b0b1adcafba0fea37db,close_to_close,0.0031789300829833,{},,disabled,,,,,Ridge,20261004T072616_67e6b2cd0a9c:price:1,price,1,2026-10-05,1거래일,1.0,4162.2998046875,있음,0.0002415163908153,4163.30506831382,4163.30506831382,4108.562732258953,4218.047404368687,0.7785588752196837,simple,0.0086479288421713,0.0086561742692709,-3.3115248957985856e-05,1.0161326598952367e-05,0.4483263687975414,4169.39990234375,4156.7998046875,-0.0013213848732871458,,,6.505263626319902,6.505263626319902,0.0015649691907183283,0.0015629012641024459,1.0,6.505263626319902,,,scored,True,2026-10-06T06:31:22.959310+00:00
3,20261004T072616_67e6b2cd0a9c,2026-10-04T07:26:27.220584+00:00,github-actions,823ac12bac50,2026-10-05,2026-10-02,6fc4d45f19e8d023553e,9b0b1adcafba0fea37db,close_to_close,0.0031789300829833,{},,disabled,,,,,Ridge,20261004T072616_67e6b2cd0a9c:price:5,price,5,2026-10-09,1주일,5.0,4162.2998046875,없음,,,4162.2998046875,4030.720678928872,4293.878930446128,0.79701230228471,simple,0.0199355426858775,0.0201821018166646,0.0,0.0,0.0,,,,,,,,,,,,,,pending,True,2026-10-04T07:26:27.572667+00:00
3,20261004T072616_67e6b2cd0a9c,2026-10-04T07:26:27.220584+00:00,github-actions,823ac12bac50,2026-10-05,2026-10-02,6fc4d45f19e8d023553e,9b0b1adcafba0fea37db,close_to_close,0.0031789300829833,{},,disabled,,,,,Ridge,20261004T072616_67e6b2cd0a9c:price:20,price,20,2026-10-30,1개월,20.0,4162.2998046875,없음,,,4162.2998046875,3894.198525107208,4430.401084267792,0.7654320987654321,simple,0.0397284038109189,0.0407402987392673,0.0,0.0,0.0,,,,,,,,,,,,,,pending,True,2026-10-04T07:26:27.572667+00:00
3,20261004T082356_40a109175266,2026-10-04T08:24:08.294659+00:00,github-actions,823ac12bac50,2026-10-05,2026-10-02,6fc4d45f19e8d023553e,9b0b1adcafba0fea37db,close_to_close,0.0031789300829833,{},,disabled,상승,0.2943383768030403,0.3319110362731939,0.3737505869237656,Logistic,20261004T082356_40a109175266:direction:Logistic,direction,1,2026-10-05,,,,,,,,,,,,,,,,,4169.39990234375,4156.7998046875,-0.0013213848732871458,1.0,0.0,,,,,,,1.1028883090067052,0.6726674447384654,scored,True,2026-10-06T06:31:22.959310+00:00
3,20261004T082356_40a109175266,2026-10-04T08:24:08.294659+00:00,github-actions,823ac12bac50,2026-10-05,2026-10-02,6fc4d45f19e8d023553e,9b0b1adcafba0fea37db,close_to_close,0.0031789300829833,{},,disabled,,,,,Ridge,20261004T082356_40a109175266:price:1,price,1,2026-10-05,1거래일,1.0,4162.2998046875,있음,0.0002415163908153,4163.30506831382,4163.30506831382,4108.562732366765,4218.047404260875,0.7785588752196837,simple,0.0086479288455143,0.0086561742692709,-3.3115246694904505e-05,1.0161328355658184e-05,0.4483263720223337,4169.39990234375,4156.7998046875,-0.0013213848732871458,,,6.505263626319902,6.505263626319902,0.0015649691907183283,0.0015629012641024459,1.0,6.505263626319902,,,scored,True,2026-10-06T06:31:22.959310+00:00
3,20261004T082356_40a109175266,2026-10-04T08:24:08.294659+00:00,github-actions,823ac12bac50,2026-10-05,2026-10-02,6fc4d45f19e8d023553e,9b0b1adcafba0fea37db,close_to_close,0.0031789300829833,{},,disabled,,,,,Ridge,20261004T082356_40a109175266:price:5,price,5,2026-10-09,1주일,5.0,4162.2998046875,없음,,,4162.2998046875,4030.720678928872,4293.878930446128,0.79701230228471,simple,0.0199355426794557,0.0201821018166646,0.0,0.0,0.0,,,,,,,,,,,,,,pending,True,2026-10-04T08:24:08.963132+00:00
3,20261004T082356_40a109175266,2026-10-04T08:24:08.294659+00:00,github-actions,823ac12bac50,2026-10-05,2026-10-02,6fc4d45f19e8d023553e,9b0b1adcafba0fea37db,close_to_close,0.0031789300829833,{},,disabled,,,,,Ridge,20261004T082356_40a109175266:price:20,price,20,2026-10-30,1개월,20.0,4162.2998046875,없음,,,4162.2998046875,3894.198525107208,4430.401084267792,0.7654320987654321,simple,0.0397284037862418,0.0407402987392673,0.0,0.0,0.0,,,,,,,,,,,,,,pending,True,2026-10-04T08:24:08.963132+00:00
3,20261004T094443_3eba517f6bd9,2026-10-04T09:44:53.644573+00:00,github-actions,823ac12bac50,2026-10-05,2026-10-02,6fc4d45f19e8d023553e,9b0b1adcafba0fea37db,close_to_close,0.0031789300829833,{},,disabled,상승,0.2959522622342908,0.3278011357900057,0.3762466019757033,Logistic,20261004T094443_3eba517f6bd9:direction:Logistic,direction,1,2026-10-05,,,,,,,,,,,,,,,,,4169.39990234375,4156.7998046875,-0.0013213848732871458,1.0,0.0,,,,,,,1.1153481477912666,0.6810005600650643,scored,True,2026-10-06T06:31:22.959310+00:00
3,20261004T094443_3eba517f6bd9,2026-10-04T09:44:53.644573+00:00,github-actions,823ac12bac50,2026-10-05,2026-10-02,6fc4d45f19e8d023553e,9b0b1adcafba0fea37db,close_to_close,0.0031789300829833,{},,disabled,,,,,Ridge,20261004T094443_3eba517f6bd9:price:1,price,1,2026-10-05,1거래일,1.0,4162.2998046875,있음,0.0002672575355973,4163.412210675718,4163.412210675718,4108.66987462085,4218.154546730585,0.7785588752196837,simple,0.0086479288421713,0.0086561742692709,-3.3115248957985856e-05,1.0161326598952367e-05,0.4483263687975414,4169.39990234375,4156.7998046875,-0.0013213848732871458,,,6.612405988217688,6.612405988217688,0.0015907443944644804,0.0015886424088844458,1.0,6.612405988217688,,,scored,True,2026-10-06T06:31:22.959310+00:00
3,20261004T094443_3eba517f6bd9,2026-10-04T09:44:53.644573+00:00,github-actions,823ac12bac50,2026-10-05,2026-10-02,6fc4d45f19e8d023553e,9b0b1adcafba0fea37db,close_to_close,0.0031789300829833,{},,disabled,,,,,Ridge,20261004T094443_3eba517f6bd9:price:5,price,5,2026-10-09,1주일,5.0,4162.2998046875,없음,,,4162.2998046875,4030.720678928872,4293.878930446128,0.79701230228471,simple,0.0199355426858775,0.0201821018166646,0.0,0.0,0.0,,,,,,,,,,,,,,pending,True,2026-10-04T09:44:54.131616+00:00
3,20261004T094443_3eba517f6bd9,2026-10-04T09:44:53.644573+00:00,github-actions,823ac12bac50,2026-10-05,2026-10-02,6fc4d45f19e8d023553e,9b0b1adcafba0fea37db,close_to_close,0.0031789300829833,{},,disabled,,,,,Ridge,20261004T094443_3eba517f6bd9:price:20,price,20,2026-10-30,1개월,20.0,4162.2998046875,없음,,,4162.2998046875,3894.198525107208,4430.401084267792,0.7654320987654321,simple,0.0397284038109189,0.0407402987392673,0.0,0.0,0.0,,,,,,,,,,,,,,pending,True,2026-10-04T09:44:54.131616+00:00
3,20261004T110703_596c330318e2,2026-10-04T11:07:14.736483+00:00,github-actions,823ac12bac50,2026-10-05,2026-10-02,6fc4d45f19e8d023553e,9b0b1adcafba0fea37db,close_to_close,0.0031789300829833,{},,disabled,상승,0.2943383529358534,0.3319110285689865,0.37375061849516,Logistic,20261004T110703_596c330318e2:direction:Logistic,direction,1,2026-10-05,,,,,,,,,,,,,,,,,4169.39990234375,4156.7998046875,-0.0013213848732871458,1.0,0.0,,,,,,,1.1028883322183693,0.6726674645822551,scored,True,2026-10-06T06:31:22.959310+00:00
3,20261004T110703_596c330318e2,2026-10-04T11:07:14.736483+00:00,github-actions,823ac12bac50,2026-10-05,2026-10-02,6fc4d45f19e8d023553e,9b0b1adcafba0fea37db,close_to_close,0.0031789300829833,{},,disabled,,,,,Ridge,20261004T110703_596c330318e2:price:1,price,1,2026-10-05,1거래일,1.0,4162.2998046875,있음,0.0002415163908153,4163.30506831382,4163.30506831382,4108.562732258953,4218.047404368687,0.7785588752196837,simple,0.0086479288421713,0.0086561742692709,-3.3115248957985856e-05,1.0161326598952367e-05,0.4483263687975414,4169.39990234375,4156.7998046875,-0.0013213848732871458,,,6.505263626319902,6.505263626319902,0.0015649691907183283,0.0015629012641024459,1.0,6.505263626319902,,,scored,True,2026-10-06T06:31:22.959310+00:00
3,20261004T110703_596c330318e2,2026-10-04T11:07:14.736483+00:00,github-actions,823ac12bac50,2026-10-05,2026-10-02,6fc4d45f19e8d023553e,9b0b1adcafba0fea37db,close_to_close,0.0031789300829833,{},,disabled,,,,,Ridge,20261004T110703_596c330318e2:price:5,price,5,2026-10-09,1주일,5.0,4162.2998046875,없음,,,4162.2998046875,4030.720678928872,4293.878930446128,0.79701230228471,simple,0.0199355426858775,0.0201821018166646,0.0,0.0,0.0,,,,,,,,,,,,,,pending,True,2026-10-04T11:07:15.002662+00:00
3,20261004T110703_596c330318e2,2026-10-04T11:07:14.736483+00:00,github-actions,823ac12bac50,2026-10-05,2026-10-02,6fc4d45f19e8d023553e,9b0b1adcafba0fea37db,close_to_close,0.0031789300829833,{},,disabled,,,,,Ridge,20261004T110703_596c330318e2:price:20,price,20,2026-10-30,1개월,20.0,4162.2998046875,없음,,,4162.2998046875,3894.198525107208,4430.401084267792,0.7654320987654321,simple,0.0397284038109189,0.0407402987392673,0.0,0.0,0.0,,,,,,,,,,,,,,pending,True,2026-10-04T11:07:15.002662+00:00
3,20261004T112824_025d24886e60,2026-10-04T11:28:34.314086+00:00,github-actions,823ac12bac50,2026-10-05,2026-10-02,6fc4d45f19e8d023553e,9b0b1adcafba0fea37db,close_to_close,0.0031789300829833,{},,disabled,상승,0.2943383768030403,0.3319110362731939,0.3737505869237656,Logistic,20261004T112824_025d24886e60:direction:Logistic,direction,1,2026-10-05,,,,,,,,,,,,,,,,,4169.39990234375,4156.7998046875,-0.0013213848732871458,1.0,0.0,,,,,,,1.1028883090067052,0.6726674447384654,scored,True,2026-10-06T06:31:22.959310+00:00
3,20261004T112824_025d24886e60,2026-10-04T11:28:34.314086+00:00,github-actions,823ac12bac50,2026-10-05,2026-10-02,6fc4d45f19e8d023553e,9b0b1adcafba0fea37db,close_to_close,0.0031789300829833,{},,disabled,,,,,Ridge,20261004T112824_025d24886e60:price:1,price,1,2026-10-05,1거래일,1.0,4162.2998046875,있음,0.0002415163908153,4163.30506831382,4163.30506831382,4108.562732366765,4218.047404260875,0.7785588752196837,simple,0.0086479288455143,0.0086561742692709,-3.3115246694904505e-05,1.0161328355658184e-05,0.4483263720223337,4169.39990234375,4156.7998046875,-0.0013213848732871458,,,6.505263626319902,6.505263626319902,0.0015649691907183283,0.0015629012641024459,1.0,6.505263626319902,,,scored,True,2026-10-06T06:31:22.959310+00:00
3,20261004T112824_025d24886e60,2026-10-04T11:28:34.314086+00:00,github-actions,823ac12bac50,2026-10-05,2026-10-02,6fc4d45f19e8d023553e,9b0b1adcafba0fea37db,close_to_close,0.0031789300829833,{},,disabled,,,,,Ridge,20261004T112824_025d24886e60:price:5,price,5,2026-10-09,1주일,5.0,4162.2998046875,없음,,,4162.2998046875,4030.720678928872,4293.878930446128,0.79701230228471,simple,0.0199355426794557,0.0201821018166646,0.0,0.0,0.0,,,,,,,,,,,,,,pending,True,2026-10-04T11:28:34.842963+00:00
3,20261004T112824_025d24886e60,2026-10-04T11:28:34.314086+00:00,github-actions,823ac12bac50,2026-10-05,2026-10-02,6fc4d45f19e8d023553e,9b0b1adcafba0fea37db,close_to_close,0.0031789300829833,{},,disabled,,,,,Ridge,20261004T112824_025d24886e60:price:20,price,20,2026-10-30,1개월,20.0,4162.2998046875,없음,,,4162.2998046875,3894.198525107208,4430.401084267792,0.7654320987654321,simple,0.0397284037862418,0.0407402987392673,0.0,0.0,0.0,,,,,,,,,,,,,,pending,True,2026-10-04T11:28:34.842963+00:00
3,20261004T114912_8e763bc2c44b,2026-10-04T11:49:23.452236+00:00,github-actions,823ac12bac50,2026-10-05,2026-10-02,6fc4d45f19e8d023553e,9b0b1adcafba0fea37db,close_to_close,0.0031789300829833,{},,disabled,상승,0.2943383529358534,0.3319110285689865,0.37375061849516,Logistic,20261004T114912_8e763bc2c44b:direction:Logistic,direction,1,2026-10-05,,,,,,,,,,,,,,,,,4169.39990234375,4156.7998046875,-0.0013213848732871458,1.0,0.0,,,,,,,1.1028883322183693,0.6726674645822551,scored,True,2026-10-06T06:31:22.959310+00:00
3,20261004T114912_8e763bc2c44b,2026-10-04T11:49:23.452236+00:00,github-actions,823ac12bac50,2026-10-05,2026-10-02,6fc4d45f19e8d023553e,9b0b1adcafba0fea37db,close_to_close,0.0031789300829833,{},,disabled,,,,,Ridge,20261004T114912_8e763bc2c44b:price:1,price,1,2026-10-05,1거래일,1.0,4162.2998046875,있음,0.0002415163908153,4163.30506831382,4163.30506831382,4108.562732258953,4218.047404368687,0.7785588752196837,simple,0.0086479288421713,0.0086561742692709,-3.3115248957985856e-05,1.0161326598952367e-05,0.4483263687975414,4169.39990234375,4156.7998046875,-0.0013213848732871458,,,6.505263626319902,6.505263626319902,0.0015649691907183283,0.0015629012641024459,1.0,6.505263626319902,,,scored,True,2026-10-06T06:31:22.959310+00:00
3,20261004T114912_8e763bc2c44b,2026-10-04T11:49:23.452236+00:00,github-actions,823ac12bac50,2026-10-05,2026-10-02,6fc4d45f19e8d023553e,9b0b1adcafba0fea37db,close_to_close,0.0031789300829833,{},,disabled,,,,,Ridge,20261004T114912_8e763bc2c44b:price:5,price,5,2026-10-09,1주일,5.0,4162.2998046875,없음,,,4162.2998046875,4030.720678928872,4293.878930446128,0.79701230228471,simple,0.0199355426858775,0.0201821018166646,0.0,0.0,0.0,,,,,,,,,,,,,,pending,True,2026-10-04T11:49:23.868030+00:00
3,20261004T114912_8e763bc2c44b,2026-10-04T11:49:23.452236+00:00,github-actions,823ac12bac50,2026-10-05,2026-10-02,6fc4d45f19e8d023553e,9b0b1adcafba0fea37db,close_to_close,0.0031789300829833,{},,disabled,,,,,Ridge,20261004T114912_8e763bc2c44b:price:20,price,20,2026-10-30,1개월,20.0,4162.2998046875,없음,,,4162.2998046875,3894.198525107208,4430.401084267792,0.7654320987654321,simple,0.0397284038109189,0.0407402987392673,0.0,0.0,0.0,,,,,,,,,,,,,,pending,True,2026-10-04T11:49:23.868030+00:00
3,20261004T212109_d46f76bba3a7,2026-10-04T21:21:17.386962+00:00,github-actions,823ac12bac50,2026-10-05,2026-10-02,6fc4d45f19e8d023553e,9b0b1adcafba0fea37db,close_to_close,0.0031789300829833,{},,disabled,상승,0.2943383768030403,0.3319110362731939,0.3737505869237656,Logistic,20261004T212109_d46f76bba3a7:direction:Logistic,direction,1,2026-10-05,,,,,,,,,,,,,,,,,4169.39990234375,4156.7998046875,-0.0013213848732871458,1.0,0.0,,,,,,,1.1028883090067052,0.6726674447384654,scored,True,2026-10-06T06:31:22.959310+00:00
3,20261004T212109_d46f76bba3a7,2026-10-04T21:21:17.386962+00:00,github-actions,823ac12bac50,2026-10-05,2026-10-02,6fc4d45f19e8d023553e,9b0b1adcafba0fea37db,close_to_close,0.0031789300829833,{},,disabled,,,,,Ridge,20261004T212109_d46f76bba3a7:price:1,price,1,2026-10-05,1거래일,1.0,4162.2998046875,있음,0.0002415163908153,4163.30506831382,4163.30506831382,4108.562732366765,4218.047404260875,0.7785588752196837,simple,0.0086479288455143,0.0086561742692709,-3.3115246694904505e-05,1.0161328355658184e-05,0.4483263720223337,4169.39990234375,4156.7998046875,-0.0013213848732871458,,,6.505263626319902,6.505263626319902,0.0015649691907183283,0.0015629012641024459,1.0,6.505263626319902,,,scored,True,2026-10-06T06:31:22.959310+00:00
3,20261004T212109_d46f76bba3a7,2026-10-04T21:21:17.386962+00:00,github-actions,823ac12bac50,2026-10-05,2026-10-02,6fc4d45f19e8d023553e,9b0b1adcafba0fea37db,close_to_close,0.0031789300829833,{},,disabled,,,,,Ridge,20261004T212109_d46f76bba3a7:price:5,price,5,2026-10-09,1주일,5.0,4162.2998046875,없음,,,4162.2998046875,4030.720678928872,4293.878930446128,0.79701230228471,simple,0.0199355426794557,0.0201821018166646,0.0,0.0,0.0,,,,,,,,,,,,,,pending,True,2026-10-04T21:21:17.928124+00:00
3,20261004T212109_d46f76bba3a7,2026-10-04T21:21:17.386962+00:00,github-actions,823ac12bac50,2026-10-05,2026-10-02,6fc4d45f19e8d023553e,9b0b1adcafba0fea37db,close_to_close,0.0031789300829833,{},,disabled,,,,,Ridge,20261004T212109_d46f76bba3a7:price:20,price,20,2026-10-30,1개월,20.0,4162.2998046875,없음,,,4162.2998046875,3894.198525107208,4430.401084267792,0.7654320987654321,simple,0.0397284037862418,0.0407402987392673,0.0,0.0,0.0,,,,,,,,,,,,,,pending,True,2026-10-04T21:21:17.928124+00:00
3,20261005T000023_abdbc3c6efb5,2026-10-05T00:00:31.342908+00:00,github-actions,823ac12bac50,2026-10-05,2026-10-02,6fc4d45f19e8d023553e,9b0b1adcafba0fea37db,close_to_close,0.0031789300829833,{},,disabled,상승,0.2970042702623945,0.3289530350322253,0.3740426947053801,Logistic,20261005T000023_abdbc3c6efb5:direction:Logistic,direction,1,2026-10-05,,,,,,,,,,,,,,,,,4169.39990234375,4156.7998046875,-0.0013213848732871458,1.0,0.0,,,,,,,1.1118402890685397,0.6784235032090215,scored,False,2026-10-06T06:31:22.959310+00:00
3,20261005T000023_abdbc3c6efb5,2026-10-05T00:00:31.342908+00:00,github-actions,823ac12bac50,2026-10-05,2026-10-02,6fc4d45f19e8d023553e,9b0b1adcafba0fea37db,close_to_close,0.0031789300829833,{},,disabled,,,,,Ridge,20261005T000023_abdbc3c6efb5:price:1,price,1,2026-10-05,1거래일,1.0,4162.2998046875,있음,0.000268796691671,4163.418617104743,4163.418617104743,4108.67628102285,4218.160953186635,0.7785588752196837,simple,0.0086479288432922,0.0086561742692709,-3.311524536374719e-05,1.016132582939557e-05,0.4483263774716299,4169.39990234375,4156.7998046875,-0.0013213848732871458,,,6.618812417243134,6.618812417243134,0.0015922855870468661,0.0015901815649581458,1.0,6.618812417243134,,,scored,False,2026-10-06T06:31:22.959310+00:00
3,20261005T000023_abdbc3c6efb5,2026-10-05T00:00:31.342908+00:00,github-actions,823ac12bac50,2026-10-05,2026-10-02,6fc4d45f19e8d023553e,9b0b1adcafba0fea37db,close_to_close,0.0031789300829833,{},,disabled,,,,,Ridge,20261005T000023_abdbc3c6efb5:price:5,price,5,2026-10-09,1주일,5.0,4162.2998046875,없음,,,4162.2998046875,4030.720678928872,4293.878930446128,0.79701230228471,simple,0.0199355426881364,0.0201821018166646,0.0,0.0,0.0,,,,,,,,,,,,,,pending,False,2026-10-05T00:00:31.626317+00:00
3,20261005T000023_abdbc3c6efb5,2026-10-05T00:00:31.342908+00:00,github-actions,823ac12bac50,2026-10-05,2026-10-02,6fc4d45f19e8d023553e,9b0b1adcafba0fea37db,close_to_close,0.0031789300829833,{},,disabled,,,,,Ridge,20261005T000023_abdbc3c6efb5:price:20,price,20,2026-10-30,1개월,20.0,4162.2998046875,없음,,,4162.2998046875,3894.198525107208,4430.401084267792,0.7654320987654321,simple,0.0397284038098422,0.0407402987392673,0.0,0.0,0.0,,,,,,,,,,,,,,pending,False,2026-10-05T00:00:31.626317+00:00
3,20261005T212628_1c98ea3e523b,2026-10-05T21:26:44.070326+00:00,github-actions,823ac12bac50,2026-10-06,2026-10-05,3a0988075b325ebd977c,9b0b1adcafba0fea37db,close_to_close,0.0031231918810858,{},,disabled,상승,0.3224951445577081,0.3201702015131377,0.3573346539291541,Logistic,20261005T212628_1c98ea3e523b:direction:Logistic,direction,1,2026-10-06,,,,,,,,,,,,,,,,,4169.2001953125,4187.10009765625,0.007289331791870524,2.0,1.0,,,,,,,1.0290825303290687,0.6195308232406203,scored,True,2026-10-07T05:38:09.599490+00:00
3,20261005T212628_1c98ea3e523b,2026-10-05T21:26:44.070326+00:00,github-actions,823ac12bac50,2026-10-06,2026-10-05,3a0988075b325ebd977c,9b0b1adcafba0fea37db,close_to_close,0.0031231918810858,{},,disabled,,,,,Ridge,20261005T212628_1c98ea3e523b:price:1,price,1,2026-10-06,1거래일,1.0,4167.60009765625,있음,9.212739678332582e-05,4167.9840478040815,4167.9840478040815,4114.160440141,4221.8076554671625,0.7769973661106233,simple,0.0086411343729719,0.0086496924700007,-3.382650698803095e-05,1.0334664888392496e-05,0.4584130667935939,4169.2001953125,4187.10009765625,0.0046789518051326695,,,-19.116049852168544,19.116049852168544,0.0045654628278098365,-0.004586824408349344,1.0,-19.116049852168544,,,scored,True,2026-10-07T05:38:09.599490+00:00
3,20261005T212628_1c98ea3e523b,2026-10-05T21:26:44.070326+00:00,github-actions,823ac12bac50,2026-10-06,2026-10-05,3a0988075b325ebd977c,9b0b1adcafba0fea37db,close_to_close,0.0031231918810858,{},,disabled,,,,,Ridge,20261005T212628_1c98ea3e523b:price:5,price,5,2026-10-12,1주일,5.0,4167.60009765625,없음,,,4167.60009765625,4038.1634166690737,4297.036778643425,0.79701230228471,simple,0.0199275482242114,0.0201709293112446,0.0,0.0,0.0,,,,,,,,,,,,,,pending,True,2026-10-05T21:26:44.401766+00:00
3,20261005T212628_1c98ea3e523b,2026-10-05T21:26:44.070326+00:00,github-actions,823ac12bac50,2026-10-06,2026-10-05,3a0988075b325ebd977c,9b0b1adcafba0fea37db,close_to_close,0.0031231918810858,{},,disabled,,,,,Ridge,20261005T212628_1c98ea3e523b:price:20,price,20,2026-11-02,1개월,20.0,4167.60009765625,없음,,,4167.60009765625,3903.8641927609215,4431.3360025515785,0.7654320987654321,simple,0.0397957133990255,0.0407951095387595,0.0,0.0,0.0,,,,,,,,,,,,,,pending,True,2026-10-05T21:26:44.401766+00:00
3,20261005T220715_013488342ece,2026-10-05T22:07:31.519062+00:00,github-actions,823ac12bac50,2026-10-06,2026-10-05,3a0988075b325ebd977c,9b0b1adcafba0fea37db,close_to_close,0.0031231918810858,{},,disabled,상승,0.3225179293311455,0.3201206669089555,0.3573614037598989,Logistic,20261005T220715_013488342ece:direction:Logistic,direction,1,2026-10-06,,,,,,,,,,,,,,,,,4169.2001953125,4187.10009765625,0.007289331791870524,2.0,1.0,,,,,,,1.0290076738065808,0.619479421499732,scored,True,2026-10-07T05:38:09.599490+00:00
3,20261005T220715_013488342ece,2026-10-05T22:07:31.519062+00:00,github-actions,823ac12bac50,2026-10-06,2026-10-05,3a0988075b325ebd977c,9b0b1adcafba0fea37db,close_to_close,0.0031231918810858,{},,disabled,,,,,Ridge,20261005T220715_013488342ece:price:1,price,1,2026-10-06,1거래일,1.0,4167.60009765625,있음,9.160908666672184e-05,4167.981887694788,4167.981887694788,4114.158280031707,4221.80549535787,0.7769973661106233,simple,0.0086411343729719,0.0086496924700007,-3.382650698803095e-05,1.0334664888392496e-05,0.4584130667935939,4169.2001953125,4187.10009765625,0.0046789518051326695,,,-19.118209961461616,19.118209961461616,0.004565978724072809,-0.004587342718465948,1.0,-19.118209961461616,,,scored,True,2026-10-07T05:38:09.599490+00:00
3,20261005T220715_013488342ece,2026-10-05T22:07:31.519062+00:00,github-actions,823ac12bac50,2026-10-06,2026-10-05,3a0988075b325ebd977c,9b0b1adcafba0fea37db,close_to_close,0.0031231918810858,{},,disabled,,,,,Ridge,20261005T220715_013488342ece:price:5,price,5,2026-10-12,1주일,5.0,4167.60009765625,없음,,,4167.60009765625,4038.1634166690737,4297.036778643425,0.79701230228471,simple,0.0199275482242114,0.0201709293112446,0.0,0.0,0.0,,,,,,,,,,,,,,pending,True,2026-10-05T22:07:31.989837+00:00
3,20261005T220715_013488342ece,2026-10-05T22:07:31.519062+00:00,github-actions,823ac12bac50,2026-10-06,2026-10-05,3a0988075b325ebd977c,9b0b1adcafba0fea37db,close_to_close,0.0031231918810858,{},,disabled,,,,,Ridge,20261005T220715_013488342ece:price:20,price,20,2026-11-02,1개월,20.0,4167.60009765625,없음,,,4167.60009765625,3903.8641927609215,4431.3360025515785,0.7654320987654321,simple,0.0397957133990255,0.0407951095387595,0.0,0.0,0.0,,,,,,,,,,,,,,pending,True,2026-10-05T22:07:31.989837+00:00
3,20261005T224702_abc4be035939,2026-10-05T22:47:16.120215+00:00,github-actions,823ac12bac50,2026-10-06,2026-10-05,e6f7d37e60ff0733ee9f,9b0b1adcafba0fea37db,close_to_close,0.0031296014348105,{},,disabled,상승,0.3225723280747443,0.3206831321991484,0.3567445397261073,Logistic,20261005T224702_abc4be035939:direction:Logistic,direction,1,2026-10-06,,,,,,,,,,,,,,,,,4169.2001953125,4187.10009765625,0.007289331791870524,2.0,1.0,,,,,,,1.0307353283453862,0.6206681652887945,scored,True,2026-10-07T05:38:09.599490+00:00
3,20261005T224702_abc4be035939,2026-10-05T22:47:16.120215+00:00,github-actions,823ac12bac50,2026-10-06,2026-10-05,e6f7d37e60ff0733ee9f,9b0b1adcafba0fea37db,close_to_close,0.0031296014348105,{},,disabled,,,,,Ridge,20261005T224702_abc4be035939:price:1,price,1,2026-10-06,1거래일,1.0,4171.0,있음,8.699372847331688e-05,4171.362850841462,4171.362850841462,4117.384784891643,4225.340916791281,0.7769973661106233,simple,0.0086418515219108,0.0086504096189396,-3.382650698803095e-05,1.0334664888392496e-05,0.4584130667935939,4169.2001953125,4187.10009765625,0.003860009028110678,,,-15.737246814787795,15.737246814787795,0.003758507427036864,-0.003773015299637361,1.0,-15.737246814787795,,,scored,True,2026-10-07T05:38:09.599490+00:00
3,20261005T224702_abc4be035939,2026-10-05T22:47:16.120215+00:00,github-actions,823ac12bac50,2026-10-06,2026-10-05,e6f7d37e60ff0733ee9f,9b0b1adcafba0fea37db,close_to_close,0.0031296014348105,{},,disabled,,,,,Ridge,20261005T224702_abc4be035939:price:5,price,5,2026-10-12,1주일,5.0,4171.0,없음,,,4171.0,4041.191872934524,4300.808127065476,0.79701230228471,simple,0.0199268314954974,0.0201713088285171,0.0,0.0,0.0,,,,,,,,,,,,,,pending,True,2026-10-05T22:47:16.434816+00:00
3,20261005T224702_abc4be035939,2026-10-05T22:47:16.120215+00:00,github-actions,823ac12bac50,2026-10-06,2026-10-05,e6f7d37e60ff0733ee9f,9b0b1adcafba0fea37db,close_to_close,0.0031296014348105,{},,disabled,,,,,Ridge,20261005T224702_abc4be035939:price:20,price,20,2026-11-02,1개월,20.0,4171.0,없음,,,4171.0,3906.507248847236,4435.492751152765,0.7654320987654321,simple,0.0397950436607979,0.040794439800532,0.0,0.0,0.0,,,,,,,,,,,,,,pending,True,2026-10-05T22:47:16.434816+00:00
3,20261005T230634_bd0d3a8b43bb,2026-10-05T23:06:46.333738+00:00,github-actions,823ac12bac50,2026-10-06,2026-10-05,7d5758f9237a7b186f57,9b0b1adcafba0fea37db,close_to_close,0.0031240750384524,{},,disabled,상승,0.3224718933494647,0.3209891673000964,0.3565389393504388,Logistic,20261005T230634_bd0d3a8b43bb:direction:Logistic,direction,1,2026-10-06,,,,,,,,,,,,,,,,,4169.2001953125,4187.10009765625,0.007289331791870524,2.0,1.0,,,,,,,1.031311818303148,0.6210643040966561,scored,True,2026-10-07T05:38:09.599490+00:00
3,20261005T230634_bd0d3a8b43bb,2026-10-05T23:06:46.333738+00:00,github-actions,823ac12bac50,2026-10-06,2026-10-05,7d5758f9237a7b186f57,9b0b1adcafba0fea37db,close_to_close,0.0031240750384524,{},,disabled,,,,,Ridge,20261005T230634_bd0d3a8b43bb:price:1,price,1,2026-10-06,1거래일,1.0,4168.10009765625,있음,9.055982809513809e-05,4168.477560084577,4168.477560084577,4114.632273431645,4222.322846737509,0.7769973661106233,simple,0.0086412398428294,0.0086497979361092,-3.382650723314898e-05,1.0334668506185175e-05,0.4584131066052066,4169.2001953125,4187.10009765625,0.004558431792625051,,,-18.622537571673092,18.622537571673092,0.004447597892894214,-0.0044678719645299125,1.0,-18.622537571673092,,,scored,True,2026-10-07T05:38:09.599490+00:00
3,20261005T230634_bd0d3a8b43bb,2026-10-05T23:06:46.333738+00:00,github-actions,823ac12bac50,2026-10-06,2026-10-05,7d5758f9237a7b186f57,9b0b1adcafba0fea37db,close_to_close,0.0031240750384524,{},,disabled,,,,,Ridge,20261005T230634_bd0d3a8b43bb:price:5,price,5,2026-10-12,1주일,5.0,4168.10009765625,없음,,,4168.10009765625,4038.611282030907,4297.588913281592,0.79701230228471,simple,0.019927442830296,0.0201708239069357,0.0,0.0,0.0,,,,,,,,,,,,,,pending,True,2026-10-05T23:06:47.133138+00:00
3,20261005T230634_bd0d3a8b43bb,2026-10-05T23:06:46.333738+00:00,github-actions,823ac12bac50,2026-10-06,2026-10-05,7d5758f9237a7b186f57,9b0b1adcafba0fea37db,close_to_close,0.0031240750384524,{},,disabled,,,,,Ridge,20261005T230634_bd0d3a8b43bb:price:20,price,20,2026-11-02,1개월,20.0,4168.10009765625,없음,,,4168.10009765625,3904.2579649446,4431.9422303679,0.7654320987654321,simple,0.0397956149212245,0.0407950110450147,0.0,0.0,0.0,,,,,,,,,,,,,,pending,True,2026-10-05T23:06:47.133138+00:00
3,20261005T235710_1c4672d51ec9,2026-10-05T23:57:20.166185+00:00,github-actions,823ac12bac50,2026-10-06,2026-10-05,bab98f7c65aca901fb54,9b0b1adcafba0fea37db,close_to_close,0.003117009866609,{},,disabled,상승,0.3224384480671291,0.3209358374954349,0.3566257144374359,Logistic,20261005T235710_1c4672d51ec9:direction:Logistic,direction,1,2026-10-06,,,,,,,,,,,,,,,,,4169.2001953125,4187.10009765625,0.007289331791870524,2.0,1.0,,,,,,,1.0310684661208311,0.6208968359039748,scored,True,2026-10-07T05:38:09.599490+00:00
3,20261005T235710_1c4672d51ec9,2026-10-05T23:57:20.166185+00:00,github-actions,823ac12bac50,2026-10-06,2026-10-05,bab98f7c65aca901fb54,9b0b1adcafba0fea37db,close_to_close,0.003117009866609,{},,disabled,,,,,Ridge,20261005T235710_1c4672d51ec9:price:1,price,1,2026-10-06,1거래일,1.0,4163.7001953125,있음,8.979575795819983e-05,4164.074077927448,4164.074077927448,4110.407274883011,4217.740880971886,0.7769973661106233,simple,0.0086403798851434,0.0086488698549533,-3.3826504696752026e-05,1.0334664440122185e-05,0.4584130813757783,4169.2001953125,4187.10009765625,0.005619977723202441,,,-23.026019728801657,23.026019728801657,0.005499276155755289,-0.005530181965244241,1.0,-23.026019728801657,,,scored,True,2026-10-07T05:38:09.599490+00:00
3,20261005T235710_1c4672d51ec9,2026-10-05T23:57:20.166185+00:00,github-actions,823ac12bac50,2026-10-06,2026-10-05,bab98f7c65aca901fb54,9b0b1adcafba0fea37db,close_to_close,0.003117009866609,{},,disabled,,,,,Ridge,20261005T235710_1c4672d51ec9:price:5,price,5,2026-10-12,1주일,5.0,4163.7001953125,없음,,,4163.7001953125,4034.640602801498,4292.759787823502,0.79701230228471,simple,0.0199283703635416,0.0201717514442675,0.0,0.0,0.0,,,,,,,,,,,,,,pending,True,2026-10-05T23:57:20.453657+00:00
3,20261005T235710_1c4672d51ec9,2026-10-05T23:57:20.166185+00:00,github-actions,823ac12bac50,2026-10-06,2026-10-05,bab98f7c65aca901fb54,9b0b1adcafba0fea37db,close_to_close,0.003117009866609,{},,disabled,,,,,Ridge,20261005T235710_1c4672d51ec9:price:20,price,20,2026-11-02,1개월,20.0,4163.7001953125,없음,,,4163.7001953125,3900.732633438106,4426.667757186894,0.7654320987654321,simple,0.0397964816381719,0.0407958777707319,0.0,0.0,0.0,,,,,,,,,,,,,,pending,True,2026-10-05T23:57:20.453657+00:00
3,20261006T014750_c9d564ac2b4e,2026-10-06T01:48:01.837689+00:00,github-actions,823ac12bac50,2026-10-06,2026-10-05,b05319f121e9bffde80a,9b0b1adcafba0fea37db,close_to_close,0.003116726395067,{},,disabled,상승,0.321785023722509,0.322778868437031,0.35543610784046,Logistic,20261006T014750_c9d564ac2b4e:direction:Logistic,direction,1,2026-10-06,,,,,,,,,,,,,,,,,4169.2001953125,4187.10009765625,0.007289331791870524,2.0,1.0,,,,,,,1.0344097706719786,0.623194410477441,scored,False,2026-10-07T05:38:09.599490+00:00
3,20261006T014750_c9d564ac2b4e,2026-10-06T01:48:01.837689+00:00,github-actions,823ac12bac50,2026-10-06,2026-10-05,b05319f121e9bffde80a,9b0b1adcafba0fea37db,close_to_close,0.003116726395067,{},,disabled,,,,,Ridge,20261006T014750_c9d564ac2b4e:price:1,price,1,2026-10-06,1거래일,1.0,4163.5,있음,8.399299258599058e-05,4163.849704824632,4163.849704824632,4110.190362491833,4217.509047157431,0.7769973661106233,simple,0.0086404221112381,0.0086488276273122,-3.382650698803095e-05,1.0334664888392496e-05,0.4584130667935939,4169.2001953125,4187.10009765625,0.00566833136934064,,,-23.25039283161823,23.25039283161823,0.005552862909733816,-0.0055843383767546495,1.0,-23.25039283161823,,,scored,False,2026-10-07T05:38:09.599490+00:00
3,20261006T014750_c9d564ac2b4e,2026-10-06T01:48:01.837689+00:00,github-actions,823ac12bac50,2026-10-06,2026-10-05,b05319f121e9bffde80a,9b0b1adcafba0fea37db,close_to_close,0.003116726395067,{},,disabled,,,,,Ridge,20261006T014750_c9d564ac2b4e:price:5,price,5,2026-10-12,1주일,5.0,4163.5,없음,,,4163.5,4034.458349373592,4292.541650626408,0.79701230228471,simple,0.0199284125601314,0.0201717936471647,0.0,0.0,0.0,,,,,,,,,,,,,,pending,False,2026-10-06T01:48:02.354854+00:00
3,20261006T014750_c9d564ac2b4e,2026-10-06T01:48:01.837689+00:00,github-actions,823ac12bac50,2026-10-06,2026-10-05,b05319f121e9bffde80a,9b0b1adcafba0fea37db,close_to_close,0.003116726395067,{},,disabled,,,,,Ridge,20261006T014750_c9d564ac2b4e:price:20,price,20,2026-11-02,1개월,20.0,4163.5,없음,,,4163.5,3900.568995916897,4426.431004083103,0.7654320987654321,simple,0.0397965210669699,0.0407959172067039,0.0,0.0,0.0,,,,,,,,,,,,,,pending,False,2026-10-06T01:48:02.354854+00:00
3,20261006T063110_4ecd3d347a72,2026-10-06T06:31:22.464981+00:00,github-actions,823ac12bac50,2026-10-06,2026-10-05,b4d31102c3077698c1a4,9b0b1adcafba0fea37db,close_to_close,0.0031091560020324,{},,disabled,상승,0.3241448673294135,0.3181677181613562,0.3576874145092302,Logistic,20261006T063110_4ecd3d347a72:direction:Logistic,direction,1,2026-10-06,,,,,,,,,,,,,,,,,4169.2001953125,4187.10009765625,0.007289331791870524,2.0,1.0,,,,,,,1.0280958178225101,0.6188660493758448,scored,False,2026-10-07T05:38:09.599490+00:00
3,20261006T063110_4ecd3d347a72,2026-10-06T06:31:22.464981+00:00,github-actions,823ac12bac50,2026-10-06,2026-10-05,b4d31102c3077698c1a4,9b0b1adcafba0fea37db,close_to_close,0.0031091560020324,{},,disabled,,,,,Ridge,20261006T063110_4ecd3d347a72:price:1,price,1,2026-10-06,1거래일,1.0,4156.7998046875,있음,0.0001159814928541,4157.281916534344,4157.281916534344,4103.839053032714,4210.724780035974,0.7769973661106233,simple,0.0086418353982896,0.0086497345946476,-3.336712870508056e-05,1.0840645722426615e-05,0.4584130667935939,4169.2001953125,4187.10009765625,0.007289331791870524,,,-29.81818112190558,29.81818112190558,0.007121439761756939,-0.007173350299016424,1.0,-29.81818112190558,,,scored,False,2026-10-07T05:38:09.599490+00:00
3,20261006T063110_4ecd3d347a72,2026-10-06T06:31:22.464981+00:00,github-actions,823ac12bac50,2026-10-06,2026-10-05,b4d31102c3077698c1a4,9b0b1adcafba0fea37db,close_to_close,0.0031091560020324,{},,disabled,,,,,Ridge,20261006T063110_4ecd3d347a72:price:5,price,5,2026-10-12,1주일,5.0,4156.7998046875,없음,,,4156.7998046875,4028.278749068136,4285.320860306863,0.79701230228471,simple,0.0199298250190447,0.020173206106078,0.0,0.0,0.0,,,,,,,,,,,,,,pending,False,2026-10-06T06:31:22.959310+00:00
3,20261006T063110_4ecd3d347a72,2026-10-06T06:31:22.464981+00:00,github-actions,823ac12bac50,2026-10-06,2026-10-05,b4d31102c3077698c1a4,9b0b1adcafba0fea37db,close_to_close,0.0031091560020324,{},,disabled,,,,,Ridge,20261006T063110_4ecd3d347a72:price:20,price,20,2026-11-02,1개월,20.0,4156.7998046875,없음,,,4156.7998046875,3894.929547791514,4418.670061583486,0.7654320987654321,simple,0.0397978409216243,0.0407972370613584,0.0,0.0,0.0,,,,,,,,,,,,,,pending,False,2026-10-06T06:31:22.959310+00:00
3,20261006T072904_6176a56feb25,2026-10-06T07:29:11.568095+00:00,github-actions,823ac12bac50,2026-10-06,2026-10-05,b4d31102c3077698c1a4,9b0b1adcafba0fea37db,close_to_close,0.0031091560020324,{},,disabled,상승,0.3241448816670103,0.3181677328065579,0.3576873855264316,Logistic,20261006T072904_6176a56feb25:direction:Logistic,direction,1,2026-10-06,,,,,,,,,,,,,,,,,4169.2001953125,4187.10009765625,0.007289331791870524,2.0,1.0,,,,,,,1.0280958988508009,0.6188661052220563,scored,False,2026-10-07T05:38:09.599490+00:00
3,20261006T072904_6176a56feb25,2026-10-06T07:29:11.568095+00:00,github-actions,823ac12bac50,2026-10-06,2026-10-05,b4d31102c3077698c1a4,9b0b1adcafba0fea37db,close_to_close,0.0031091560020324,{},,disabled,,,,,Ridge,20261006T072904_6176a56feb25:price:1,price,1,2026-10-06,1거래일,1.0,4156.7998046875,있음,0.0001159815074061,4157.281916594833,4157.281916594833,4103.839053148634,4210.724780041031,0.7769973661106233,simple,0.008641835399836,0.0086497345946476,-3.336712631135529e-05,1.0840646376043143e-05,0.4584130813757783,4169.2001953125,4187.10009765625,0.007289331791870524,,,-29.818181061416908,29.818181061416908,0.007121439747310503,-0.007173350284464424,1.0,-29.818181061416908,,,scored,False,2026-10-07T05:38:09.599490+00:00
3,20261006T072904_6176a56feb25,2026-10-06T07:29:11.568095+00:00,github-actions,823ac12bac50,2026-10-06,2026-10-05,b4d31102c3077698c1a4,9b0b1adcafba0fea37db,close_to_close,0.0031091560020324,{},,disabled,,,,,Ridge,20261006T072904_6176a56feb25:price:5,price,5,2026-10-12,1주일,5.0,4156.7998046875,없음,,,4156.7998046875,4028.278749068136,4285.320860306863,0.79701230228471,simple,0.019929825025352,0.020173206106078,0.0,0.0,0.0,,,,,,,,,,,,,,pending,False,2026-10-06T07:29:12.164766+00:00
3,20261006T072904_6176a56feb25,2026-10-06T07:29:11.568095+00:00,github-actions,823ac12bac50,2026-10-06,2026-10-05,b4d31102c3077698c1a4,9b0b1adcafba0fea37db,close_to_close,0.0031091560020324,{},,disabled,,,,,Ridge,20261006T072904_6176a56feb25:price:20,price,20,2026-11-02,1개월,20.0,4156.7998046875,없음,,,4156.7998046875,3894.929547791514,4418.670061583486,0.7654320987654321,simple,0.0397978409287984,0.0407972370613584,0.0,0.0,0.0,,,,,,,,,,,,,,pending,False,2026-10-06T07:29:12.164766+00:00
3,20261006T074331_e69351a70b40,2026-10-06T07:43:43.260889+00:00,github-actions,823ac12bac50,2026-10-06,2026-10-05,b4d31102c3077698c1a4,9b0b1adcafba0fea37db,close_to_close,0.0031091560020324,{},,disabled,상승,0.3241448673294135,0.3181677181613562,0.3576874145092302,Logistic,20261006T074331_e69351a70b40:direction:Logistic,direction,1,2026-10-06,,,,,,,,,,,,,,,,,4169.2001953125,4187.10009765625,0.007289331791870524,2.0,1.0,,,,,,,1.0280958178225101,0.6188660493758448,scored,False,2026-10-07T05:38:09.599490+00:00
3,20261006T074331_e69351a70b40,2026-10-06T07:43:43.260889+00:00,github-actions,823ac12bac50,2026-10-06,2026-10-05,b4d31102c3077698c1a4,9b0b1adcafba0fea37db,close_to_close,0.0031091560020324,{},,disabled,,,,,Ridge,20261006T074331_e69351a70b40:price:1,price,1,2026-10-06,1거래일,1.0,4156.7998046875,있음,0.0001159814928541,4157.281916534344,4157.281916534344,4103.839053032714,4210.724780035974,0.7769973661106233,simple,0.0086418353982896,0.0086497345946476,-3.336712870508056e-05,1.0840645722426615e-05,0.4584130667935939,4169.2001953125,4187.10009765625,0.007289331791870524,,,-29.81818112190558,29.81818112190558,0.007121439761756939,-0.007173350299016424,1.0,-29.81818112190558,,,scored,False,2026-10-07T05:38:09.599490+00:00
3,20261006T074331_e69351a70b40,2026-10-06T07:43:43.260889+00:00,github-actions,823ac12bac50,2026-10-06,2026-10-05,b4d31102c3077698c1a4,9b0b1adcafba0fea37db,close_to_close,0.0031091560020324,{},,disabled,,,,,Ridge,20261006T074331_e69351a70b40:price:5,price,5,2026-10-12,1주일,5.0,4156.7998046875,없음,,,4156.7998046875,4028.278749068136,4285.320860306863,0.79701230228471,simple,0.0199298250190447,0.020173206106078,0.0,0.0,0.0,,,,,,,,,,,,,,pending,False,2026-10-06T07:43:43.711286+00:00
3,20261006T074331_e69351a70b40,2026-10-06T07:43:43.260889+00:00,github-actions,823ac12bac50,2026-10-06,2026-10-05,b4d31102c3077698c1a4,9b0b1adcafba0fea37db,close_to_close,0.0031091560020324,{},,disabled,,,,,Ridge,20261006T074331_e69351a70b40:price:20,price,20,2026-11-02,1개월,20.0,4156.7998046875,없음,,,4156.7998046875,3894.929547791514,4418.670061583486,0.7654320987654321,simple,0.0397978409216243,0.0407972370613584,0.0,0.0,0.0,,,,,,,,,,,,,,pending,False,2026-10-06T07:43:43.711286+00:00
3,20261006T075245_0e17fac4032b,2026-10-06T07:52:56.349725+00:00,github-actions,823ac12bac50,2026-10-06,2026-10-05,b4d31102c3077698c1a4,9b0b1adcafba0fea37db,close_to_close,0.0031091560020324,{},,disabled,상승,0.3241448816670103,0.3181677328065579,0.3576873855264316,Logistic,20261006T075245_0e17fac4032b:direction:Logistic,direction,1,2026-10-06,,,,,,,,,,,,,,,,,4169.2001953125,4187.10009765625,0.007289331791870524,2.0,1.0,,,,,,,1.0280958988508009,0.6188661052220563,scored,False,2026-10-07T05:38:09.599490+00:00
3,20261006T075245_0e17fac4032b,2026-10-06T07:52:56.349725+00:00,github-actions,823ac12bac50,2026-10-06,2026-10-05,b4d31102c3077698c1a4,9b0b1adcafba0fea37db,close_to_close,0.0031091560020324,{},,disabled,,,,,Ridge,20261006T075245_0e17fac4032b:price:1,price,1,2026-10-06,1거래일,1.0,4156.7998046875,있음,0.0001159815074061,4157.281916594833,4157.281916594833,4103.839053229824,4210.724779959843,0.7769973661106233,simple,0.0086418354019693,0.0086497345946476,-3.336712828613419e-05,1.0840649958603622e-05,0.4584131066052066,4169.2001953125,4187.10009765625,0.007289331791870524,,,-29.818181061416908,29.818181061416908,0.007121439747310503,-0.007173350284464424,1.0,-29.818181061416908,,,scored,False,2026-10-07T05:38:09.599490+00:00
3,20261006T075245_0e17fac4032b,2026-10-06T07:52:56.349725+00:00,github-actions,823ac12bac50,2026-10-06,2026-10-05,b4d31102c3077698c1a4,9b0b1adcafba0fea37db,close_to_close,0.0031091560020324,{},,disabled,,,,,Ridge,20261006T075245_0e17fac4032b:price:5,price,5,2026-10-12,1주일,5.0,4156.7998046875,없음,,,4156.7998046875,4028.278749068136,4285.320860306863,0.79701230228471,simple,0.0199298250294383,0.020173206106078,0.0,0.0,0.0,,,,,,,,,,,,,,pending,False,2026-10-06T07:52:56.792398+00:00
3,20261006T075245_0e17fac4032b,2026-10-06T07:52:56.349725+00:00,github-actions,823ac12bac50,2026-10-06,2026-10-05,b4d31102c3077698c1a4,9b0b1adcafba0fea37db,close_to_close,0.0031091560020324,{},,disabled,,,,,Ridge,20261006T075245_0e17fac4032b:price:20,price,20,2026-11-02,1개월,20.0,4156.7998046875,없음,,,4156.7998046875,3894.929547791514,4418.670061583486,0.7654320987654321,simple,0.0397978409375681,0.0407972370613584,0.0,0.0,0.0,,,,,,,,,,,,,,pending,False,2026-10-06T07:52:56.792398+00:00
3,20261006T080405_1f8a74bb58bd,2026-10-06T08:04:18.624294+00:00,github-actions,823ac12bac50,2026-10-06,2026-10-05,b4d31102c3077698c1a4,9b0b1adcafba0fea37db,close_to_close,0.0031091560020324,{},,disabled,상승,0.3241448673294135,0.3181677181613562,0.3576874145092302,Logistic,20261006T080405_1f8a74bb58bd:direction:Logistic,direction,1,2026-10-06,,,,,,,,,,,,,,,,,4169.2001953125,4187.10009765625,0.007289331791870524,2.0,1.0,,,,,,,1.0280958178225101,0.6188660493758448,scored,False,2026-10-07T05:38:09.599490+00:00
3,20261006T080405_1f8a74bb58bd,2026-10-06T08:04:18.624294+00:00,github-actions,823ac12bac50,2026-10-06,2026-10-05,b4d31102c3077698c1a4,9b0b1adcafba0fea37db,close_to_close,0.0031091560020324,{},,disabled,,,,,Ridge,20261006T080405_1f8a74bb58bd:price:1,price,1,2026-10-06,1거래일,1.0,4156.7998046875,있음,0.0001159814928541,4157.281916534344,4157.281916534344,4103.839053032714,4210.724780035974,0.7769973661106233,simple,0.0086418353982896,0.0086497345946476,-3.336712870508056e-05,1.0840645722426615e-05,0.4584130667935939,4169.2001953125,4187.10009765625,0.007289331791870524,,,-29.81818112190558,29.81818112190558,0.007121439761756939,-0.007173350299016424,1.0,-29.81818112190558,,,scored,False,2026-10-07T05:38:09.599490+00:00
3,20261006T080405_1f8a74bb58bd,2026-10-06T08:04:18.624294+00:00,github-actions,823ac12bac50,2026-10-06,2026-10-05,b4d31102c3077698c1a4,9b0b1adcafba0fea37db,close_to_close,0.0031091560020324,{},,disabled,,,,,Ridge,20261006T080405_1f8a74bb58bd:price:5,price,5,2026-10-12,1주일,5.0,4156.7998046875,없음,,,4156.7998046875,4028.278749068136,4285.320860306863,0.79701230228471,simple,0.0199298250190447,0.020173206106078,0.0,0.0,0.0,,,,,,,,,,,,,,pending,False,2026-10-06T08:04:19.234070+00:00
3,20261006T080405_1f8a74bb58bd,2026-10-06T08:04:18.624294+00:00,github-actions,823ac12bac50,2026-10-06,2026-10-05,b4d31102c3077698c1a4,9b0b1adcafba0fea37db,close_to_close,0.0031091560020324,{},,disabled,,,,,Ridge,20261006T080405_1f8a74bb58bd:price:20,price,20,2026-11-02,1개월,20.0,4156.7998046875,없음,,,4156.7998046875,3894.929547791514,4418.670061583486,0.7654320987654321,simple,0.0397978409216243,0.0407972370613584,0.0,0.0,0.0,,,,,,,,,,,,,,pending,False,2026-10-06T08:04:19.234070+00:00
3,20261006T081719_2bac190b2b10,2026-10-06T08:17:27.596633+00:00,github-actions,823ac12bac50,2026-10-06,2026-10-05,b4d31102c3077698c1a4,9b0b1adcafba0fea37db,close_to_close,0.0031091560020324,{},,disabled,상승,0.3241448816670103,0.3181677328065579,0.3576873855264316,Logistic,20261006T081719_2bac190b2b10:direction:Logistic,direction,1,2026-10-06,,,,,,,,,,,,,,,,,4169.2001953125,4187.10009765625,0.007289331791870524,2.0,1.0,,,,,,,1.0280958988508009,0.6188661052220563,scored,False,2026-10-07T05:38:09.599490+00:00
3,20261006T081719_2bac190b2b10,2026-10-06T08:17:27.596633+00:00,github-actions,823ac12bac50,2026-10-06,2026-10-05,b4d31102c3077698c1a4,9b0b1adcafba0fea37db,close_to_close,0.0031091560020324,{},,disabled,,,,,Ridge,20261006T081719_2bac190b2b10:price:1,price,1,2026-10-06,1거래일,1.0,4156.7998046875,있음,0.0001159815074061,4157.281916594833,4157.281916594833,4103.839053148634,4210.724780041031,0.7769973661106233,simple,0.008641835399836,0.0086497345946476,-3.336712631135529e-05,1.0840646376043143e-05,0.4584130813757783,4169.2001953125,4187.10009765625,0.007289331791870524,,,-29.818181061416908,29.818181061416908,0.007121439747310503,-0.007173350284464424,1.0,-29.818181061416908,,,scored,False,2026-10-07T05:38:09.599490+00:00
3,20261006T081719_2bac190b2b10,2026-10-06T08:17:27.596633+00:00,github-actions,823ac12bac50,2026-10-06,2026-10-05,b4d31102c3077698c1a4,9b0b1adcafba0fea37db,close_to_close,0.0031091560020324,{},,disabled,,,,,Ridge,20261006T081719_2bac190b2b10:price:5,price,5,2026-10-12,1주일,5.0,4156.7998046875,없음,,,4156.7998046875,4028.278749068136,4285.320860306863,0.79701230228471,simple,0.019929825025352,0.020173206106078,0.0,0.0,0.0,,,,,,,,,,,,,,pending,False,2026-10-06T08:17:28.090958+00:00
3,20261006T081719_2bac190b2b10,2026-10-06T08:17:27.596633+00:00,github-actions,823ac12bac50,2026-10-06,2026-10-05,b4d31102c3077698c1a4,9b0b1adcafba0fea37db,close_to_close,0.0031091560020324,{},,disabled,,,,,Ridge,20261006T081719_2bac190b2b10:price:20,price,20,2026-11-02,1개월,20.0,4156.7998046875,없음,,,4156.7998046875,3894.929547791514,4418.670061583486,0.7654320987654321,simple,0.0397978409287984,0.0407972370613584,0.0,0.0,0.0,,,,,,,,,,,,,,pending,False,2026-10-06T08:17:28.090958+00:00
3,20261006T083422_dc126de5c838,2026-10-06T08:34:34.065411+00:00,github-actions,823ac12bac50,2026-10-06,2026-10-05,b4d31102c3077698c1a4,9b0b1adcafba0fea37db,close_to_close,0.0031091560020324,{},,disabled,상승,0.3241448673294135,0.3181677181613562,0.3576874145092302,Logistic,20261006T083422_dc126de5c838:direction:Logistic,direction,1,2026-10-06,,,,,,,,,,,,,,,,,4169.2001953125,4187.10009765625,0.007289331791870524,2.0,1.0,,,,,,,1.0280958178225101,0.6188660493758448,scored,False,2026-10-07T05:38:09.599490+00:00
3,20261006T083422_dc126de5c838,2026-10-06T08:34:34.065411+00:00,github-actions,823ac12bac50,2026-10-06,2026-10-05,b4d31102c3077698c1a4,9b0b1adcafba0fea37db,close_to_close,0.0031091560020324,{},,disabled,,,,,Ridge,20261006T083422_dc126de5c838:price:1,price,1,2026-10-06,1거래일,1.0,4156.7998046875,있음,0.0001159814928541,4157.281916534344,4157.281916534344,4103.839053032714,4210.724780035974,0.7769973661106233,simple,0.0086418353982896,0.0086497345946476,-3.336712870508056e-05,1.0840645722426615e-05,0.4584130667935939,4169.2001953125,4187.10009765625,0.007289331791870524,,,-29.81818112190558,29.81818112190558,0.007121439761756939,-0.007173350299016424,1.0,-29.81818112190558,,,scored,False,2026-10-07T05:38:09.599490+00:00
3,20261006T083422_dc126de5c838,2026-10-06T08:34:34.065411+00:00,github-actions,823ac12bac50,2026-10-06,2026-10-05,b4d31102c3077698c1a4,9b0b1adcafba0fea37db,close_to_close,0.0031091560020324,{},,disabled,,,,,Ridge,20261006T083422_dc126de5c838:price:5,price,5,2026-10-12,1주일,5.0,4156.7998046875,없음,,,4156.7998046875,4028.278749068136,4285.320860306863,0.79701230228471,simple,0.0199298250190447,0.020173206106078,0.0,0.0,0.0,,,,,,,,,,,,,,pending,False,2026-10-06T08:34:34.622669+00:00
3,20261006T083422_dc126de5c838,2026-10-06T08:34:34.065411+00:00,github-actions,823ac12bac50,2026-10-06,2026-10-05,b4d31102c3077698c1a4,9b0b1adcafba0fea37db,close_to_close,0.0031091560020324,{},,disabled,,,,,Ridge,20261006T083422_dc126de5c838:price:20,price,20,2026-11-02,1개월,20.0,4156.7998046875,없음,,,4156.7998046875,3894.929547791514,4418.670061583486,0.7654320987654321,simple,0.0397978409216243,0.0407972370613584,0.0,0.0,0.0,,,,,,,,,,,,,,pending,False,2026-10-06T08:34:34.622669+00:00
3,20261006T085527_9c4dad22c6bd,2026-10-06T08:55:35.564965+00:00,github-actions,823ac12bac50,2026-10-06,2026-10-05,b4d31102c3077698c1a4,9b0b1adcafba0fea37db,close_to_close,0.0031091560020324,{},,disabled,상승,0.3241448816670103,0.3181677328065579,0.3576873855264316,Logistic,20261006T085527_9c4dad22c6bd:direction:Logistic,direction,1,2026-10-06,,,,,,,,,,,,,,,,,4169.2001953125,4187.10009765625,0.007289331791870524,2.0,1.0,,,,,,,1.0280958988508009,0.6188661052220563,scored,False,2026-10-07T05:38:09.599490+00:00
3,20261006T085527_9c4dad22c6bd,2026-10-06T08:55:35.564965+00:00,github-actions,823ac12bac50,2026-10-06,2026-10-05,b4d31102c3077698c1a4,9b0b1adcafba0fea37db,close_to_close,0.0031091560020324,{},,disabled,,,,,Ridge,20261006T085527_9c4dad22c6bd:price:1,price,1,2026-10-06,1거래일,1.0,4156.7998046875,있음,0.0001159815074061,4157.281916594833,4157.281916594833,4103.839053148634,4210.724780041031,0.7769973661106233,simple,0.008641835399836,0.0086497345946476,-3.336712631135529e-05,1.0840646376043143e-05,0.4584130813757783,4169.2001953125,4187.10009765625,0.007289331791870524,,,-29.818181061416908,29.818181061416908,0.007121439747310503,-0.007173350284464424,1.0,-29.818181061416908,,,scored,False,2026-10-07T05:38:09.599490+00:00
3,20261006T085527_9c4dad22c6bd,2026-10-06T08:55:35.564965+00:00,github-actions,823ac12bac50,2026-10-06,2026-10-05,b4d31102c3077698c1a4,9b0b1adcafba0fea37db,close_to_close,0.0031091560020324,{},,disabled,,,,,Ridge,20261006T085527_9c4dad22c6bd:price:5,price,5,2026-10-12,1주일,5.0,4156.7998046875,없음,,,4156.7998046875,4028.278749068136,4285.320860306863,0.79701230228471,simple,0.019929825025352,0.020173206106078,0.0,0.0,0.0,,,,,,,,,,,,,,pending,False,2026-10-06T08:55:36.421703+00:00
3,20261006T085527_9c4dad22c6bd,2026-10-06T08:55:35.564965+00:00,github-actions,823ac12bac50,2026-10-06,2026-10-05,b4d31102c3077698c1a4,9b0b1adcafba0fea37db,close_to_close,0.0031091560020324,{},,disabled,,,,,Ridge,20261006T085527_9c4dad22c6bd:price:20,price,20,2026-11-02,1개월,20.0,4156.7998046875,없음,,,4156.7998046875,3894.929547791514,4418.670061583486,0.7654320987654321,simple,0.0397978409287984,0.0407972370613584,0.0,0.0,0.0,,,,,,,,,,,,,,pending,False,2026-10-06T08:55:36.421703+00:00
3,20261006T112034_6088f8ad469c,2026-10-06T11:20:46.710338+00:00,github-actions,823ac12bac50,2026-10-06,2026-10-05,b4d31102c3077698c1a4,9b0b1adcafba0fea37db,close_to_close,0.0031091560020324,{},,disabled,상승,0.3241448673294135,0.3181677181613562,0.3576874145092302,Logistic,20261006T112034_6088f8ad469c:direction:Logistic,direction,1,2026-10-06,,,,,,,,,,,,,,,,,4169.2001953125,4187.10009765625,0.007289331791870524,2.0,1.0,,,,,,,1.0280958178225101,0.6188660493758448,scored,False,2026-10-07T05:38:09.599490+00:00
3,20261006T112034_6088f8ad469c,2026-10-06T11:20:46.710338+00:00,github-actions,823ac12bac50,2026-10-06,2026-10-05,b4d31102c3077698c1a4,9b0b1adcafba0fea37db,close_to_close,0.0031091560020324,{},,disabled,,,,,Ridge,20261006T112034_6088f8ad469c:price:1,price,1,2026-10-06,1거래일,1.0,4156.7998046875,있음,0.0001159814928541,4157.281916534344,4157.281916534344,4103.839053032714,4210.724780035974,0.7769973661106233,simple,0.0086418353982896,0.0086497345946476,-3.336712870508056e-05,1.0840645722426615e-05,0.4584130667935939,4169.2001953125,4187.10009765625,0.007289331791870524,,,-29.81818112190558,29.81818112190558,0.007121439761756939,-0.007173350299016424,1.0,-29.81818112190558,,,scored,False,2026-10-07T05:38:09.599490+00:00
3,20261006T112034_6088f8ad469c,2026-10-06T11:20:46.710338+00:00,github-actions,823ac12bac50,2026-10-06,2026-10-05,b4d31102c3077698c1a4,9b0b1adcafba0fea37db,close_to_close,0.0031091560020324,{},,disabled,,,,,Ridge,20261006T112034_6088f8ad469c:price:5,price,5,2026-10-12,1주일,5.0,4156.7998046875,없음,,,4156.7998046875,4028.278749068136,4285.320860306863,0.79701230228471,simple,0.0199298250190447,0.020173206106078,0.0,0.0,0.0,,,,,,,,,,,,,,pending,False,2026-10-06T11:20:47.360536+00:00
3,20261006T112034_6088f8ad469c,2026-10-06T11:20:46.710338+00:00,github-actions,823ac12bac50,2026-10-06,2026-10-05,b4d31102c3077698c1a4,9b0b1adcafba0fea37db,close_to_close,0.0031091560020324,{},,disabled,,,,,Ridge,20261006T112034_6088f8ad469c:price:20,price,20,2026-11-02,1개월,20.0,4156.7998046875,없음,,,4156.7998046875,3894.929547791514,4418.670061583486,0.7654320987654321,simple,0.0397978409216243,0.0407972370613584,0.0,0.0,0.0,,,,,,,,,,,,,,pending,False,2026-10-06T11:20:47.360536+00:00
3,20261006T212127_beac6b5b826c,2026-10-06T21:21:38.404113+00:00,github-actions,823ac12bac50,2026-10-07,2026-10-06,f81e2819cf50abcc087b,9b0b1adcafba0fea37db,close_to_close,0.0031946708409676,{},,disabled,상승,0.325782062399957,0.3269434694843405,0.3472744681157024,Logistic,20261006T212127_beac6b5b826c:direction:Logistic,direction,1,2026-10-07,,,,,,,,,,,,,,,,,4195.0,4140.7001953125,-0.011081631979546591,0.0,0.0,,,,,,,1.1215266414202607,0.6820614158251574,scored,True,2026-10-08T06:18:38.368821+00:00
3,20261006T212127_beac6b5b826c,2026-10-06T21:21:38.404113+00:00,github-actions,823ac12bac50,2026-10-07,2026-10-06,f81e2819cf50abcc087b,9b0b1adcafba0fea37db,close_to_close,0.0031946708409676,{},,disabled,,,,,Ridge,20261006T212127_beac6b5b826c:price:1,price,1,2026-10-07,1거래일,1.0,4192.7001953125,있음,0.0003821068676188,4194.302254850996,4194.302254850996,4138.906732245312,4249.697777456679,0.7778753292361721,simple,0.0086455621781832,0.0086537376578853,-3.334834819663028e-05,1.0690307215037788e-05,0.4557694487064941,4195.0,4140.7001953125,-0.01240250854524172,,,53.60205953849618,53.60205953849618,0.012945167969218505,0.01278461541286052,1.0,53.60205953849618,,,scored,True,2026-10-08T06:18:38.368821+00:00
3,20261006T212127_beac6b5b826c,2026-10-06T21:21:38.404113+00:00,github-actions,823ac12bac50,2026-10-07,2026-10-06,f81e2819cf50abcc087b,9b0b1adcafba0fea37db,close_to_close,0.0031946708409676,{},,disabled,,,,,Ridge,20261006T212127_beac6b5b826c:price:5,price,5,2026-10-13,1주일,5.0,4192.7001953125,없음,,,4192.7001953125,4059.503764275188,4325.896626349812,0.79701230228471,simple,0.0199243671861517,0.0201712483513417,0.0,0.0,0.0,,,,,,,,,,,,,,pending,True,2026-10-06T21:21:39.066427+00:00
3,20261006T212127_beac6b5b826c,2026-10-06T21:21:38.404113+00:00,github-actions,823ac12bac50,2026-10-07,2026-10-06,f81e2819cf50abcc087b,9b0b1adcafba0fea37db,close_to_close,0.0031946708409676,{},,disabled,,,,,Ridge,20261006T212127_beac6b5b826c:price:20,price,20,2026-11-03,1개월,20.0,4192.7001953125,없음,,,4192.7001953125,3921.225906682457,4464.174483942544,0.7656387665198238,simple,0.0398170029015267,0.0408101781967238,0.0,0.0,0.0,,,,,,,,,,,,,,pending,True,2026-10-06T21:21:39.066427+00:00
3,20261006T212832_4e86127e9931,2026-10-06T21:28:44.153800+00:00,github-actions,823ac12bac50,2026-10-07,2026-10-06,f81e2819cf50abcc087b,9b0b1adcafba0fea37db,close_to_close,0.0031946708409676,{},,disabled,상승,0.3258396074617697,0.3268310912688036,0.3473293012694266,Logistic,20261006T212832_4e86127e9931:direction:Logistic,direction,1,2026-10-07,,,,,,,,,,,,,,,,,4195.0,4140.7001953125,-0.011081631979546591,0.0,0.0,,,,,,,1.1213500203389684,0.6819484406075659,scored,True,2026-10-08T06:18:38.368821+00:00
3,20261006T212832_4e86127e9931,2026-10-06T21:28:44.153800+00:00,github-actions,823ac12bac50,2026-10-07,2026-10-06,f81e2819cf50abcc087b,9b0b1adcafba0fea37db,close_to_close,0.0031946708409676,{},,disabled,,,,,Ridge,20261006T212832_4e86127e9931:price:1,price,1,2026-10-07,1거래일,1.0,4192.7001953125,있음,0.0003810086636804,4194.297650411128,4194.297650411128,4138.902127960438,4249.69317286182,0.7778753292361721,simple,0.0086455621780391,0.0086537376578853,-3.334834754589275e-05,1.069030590965172e-05,0.4557694534079398,4195.0,4140.7001953125,-0.01240250854524172,,,53.597455098628416,53.597455098628416,0.012944055973746585,0.012783517208922119,1.0,53.597455098628416,,,scored,True,2026-10-08T06:18:38.368821+00:00
3,20261006T212832_4e86127e9931,2026-10-06T21:28:44.153800+00:00,github-actions,823ac12bac50,2026-10-07,2026-10-06,f81e2819cf50abcc087b,9b0b1adcafba0fea37db,close_to_close,0.0031946708409676,{},,disabled,,,,,Ridge,20261006T212832_4e86127e9931:price:5,price,5,2026-10-13,1주일,5.0,4192.7001953125,없음,,,4192.7001953125,4059.503764275188,4325.896626349812,0.79701230228471,simple,0.0199243671914896,0.0201712483513417,0.0,0.0,0.0,,,,,,,,,,,,,,pending,True,2026-10-06T21:28:44.906705+00:00
3,20261006T212832_4e86127e9931,2026-10-06T21:28:44.153800+00:00,github-actions,823ac12bac50,2026-10-07,2026-10-06,f81e2819cf50abcc087b,9b0b1adcafba0fea37db,close_to_close,0.0031946708409676,{},,disabled,,,,,Ridge,20261006T212832_4e86127e9931:price:20,price,20,2026-11-03,1개월,20.0,4192.7001953125,없음,,,4192.7001953125,3921.225906682457,4464.174483942544,0.7656387665198238,simple,0.0398170028859512,0.0408101781967238,0.0,0.0,0.0,,,,,,,,,,,,,,pending,True,2026-10-06T21:28:44.906705+00:00
3,20261007T002733_fcc567ead829,2026-10-07T00:27:44.743578+00:00,github-actions,823ac12bac50,2026-10-07,2026-10-06,edeae5cf4573b575e302,9b0b1adcafba0fea37db,close_to_close,0.0032068158949039,{},,disabled,상승,0.326985987393368,0.3278278975735839,0.3451861150330482,Logistic,20261007T002733_fcc567ead829:direction:Logistic,direction,1,2026-10-07,,,,,,,,,,,,,,,,,4195.0,4140.7001953125,-0.011081631979546591,0.0,0.0,,,,,,,1.1178379610111062,0.6795724456040048,scored,False,2026-10-08T06:18:38.368821+00:00
3,20261007T002733_fcc567ead829,2026-10-07T00:27:44.743578+00:00,github-actions,823ac12bac50,2026-10-07,2026-10-06,edeae5cf4573b575e302,9b0b1adcafba0fea37db,close_to_close,0.0032068158949039,{},,disabled,,,,,Ridge,20261007T002733_fcc567ead829:price:1,price,1,2026-10-07,1거래일,1.0,4195.60009765625,있음,0.0002886460279114,4196.811140959144,4196.811140959144,4141.166563030125,4252.455718888162,0.7778753292361721,simple,0.0086461746700473,0.0086543501500536,-3.334834469156173e-05,1.069030512993766e-05,0.4557694272451274,4195.0,4140.7001953125,-0.013085113229551637,,,56.11094564664381,56.11094564664381,0.01355107662954311,0.013373759257463038,0.0,56.11094564664381,,,scored,False,2026-10-08T06:18:38.368821+00:00
3,20261007T002733_fcc567ead829,2026-10-07T00:27:44.743578+00:00,github-actions,823ac12bac50,2026-10-07,2026-10-06,edeae5cf4573b575e302,9b0b1adcafba0fea37db,close_to_close,0.0032068158949039,{},,disabled,,,,,Ridge,20261007T002733_fcc567ead829:price:5,price,5,2026-10-13,1주일,5.0,4195.60009765625,없음,,,4195.60009765625,4061.804822790304,4329.395372522196,0.79701230228471,simple,0.0199249768671308,0.020171858022962,0.0,0.0,0.0,,,,,,,,,,,,,,pending,False,2026-10-07T00:27:45.488504+00:00
3,20261007T002733_fcc567ead829,2026-10-07T00:27:44.743578+00:00,github-actions,823ac12bac50,2026-10-07,2026-10-06,edeae5cf4573b575e302,9b0b1adcafba0fea37db,close_to_close,0.0032068158949039,{},,disabled,,,,,Ridge,20261007T002733_fcc567ead829:price:20,price,20,2026-11-03,1개월,20.0,4195.60009765625,없음,,,4195.60009765625,3922.9052755546063,4468.294919757895,0.7656387665198238,simple,0.0398164273201682,0.0408096026211351,0.0,0.0,0.0,,,,,,,,,,,,,,pending,False,2026-10-07T00:27:45.488504+00:00
3,20261007T004951_eb0d123a614a,2026-10-07T00:50:03.206446+00:00,github-actions,823ac12bac50,2026-10-07,2026-10-06,bfb7096b3744d0ec729d,9b0b1adcafba0fea37db,close_to_close,0.0031778443385544,{},,disabled,상승,0.3264119702049264,0.325629992927437,0.3479580368676366,Logistic,20261007T004951_eb0d123a614a:direction:Logistic,direction,1,2026-10-07,,,,,,,,,,,,,,,,,4195.0,4140.7001953125,-0.011081631979546591,0.0,0.0,,,,,,,1.1195949831426828,0.6808305215979112,scored,False,2026-10-08T06:18:38.368821+00:00
3,20261007T004951_eb0d123a614a,2026-10-07T00:50:03.206446+00:00,github-actions,823ac12bac50,2026-10-07,2026-10-06,bfb7096b3744d0ec729d,9b0b1adcafba0fea37db,close_to_close,0.0031778443385544,{},,disabled,,,,,Ridge,20261007T004951_eb0d123a614a:price:1,price,1,2026-10-07,1거래일,1.0,4188.39990234375,있음,0.000369228539057,4189.946379120679,4189.946379120679,4134.899145673302,4244.993612568056,0.7778753292361721,simple,0.0086446539075347,0.0086528293873808,-3.334834754589275e-05,1.069030590965172e-05,0.4557694534079398,4195.0,4140.7001953125,-0.01138852739552354,,,49.24618380817901,49.24618380817901,0.011893201991278768,0.01175775593458054,1.0,49.24618380817901,,,scored,False,2026-10-08T06:18:38.368821+00:00
3,20261007T004951_eb0d123a614a,2026-10-07T00:50:03.206446+00:00,github-actions,823ac12bac50,2026-10-07,2026-10-06,bfb7096b3744d0ec729d,9b0b1adcafba0fea37db,close_to_close,0.0031778443385544,{},,disabled,,,,,Ridge,20261007T004951_eb0d123a614a:price:5,price,5,2026-10-13,1주일,5.0,4188.39990234375,없음,,,4188.39990234375,4056.040918994603,4320.758885692897,0.79701230228471,simple,0.0199240386327374,0.0201703442634549,0.0,0.0,0.0,,,,,,,,,,,,,,pending,False,2026-10-07T00:50:04.069362+00:00
3,20261007T004951_eb0d123a614a,2026-10-07T00:50:03.206446+00:00,github-actions,823ac12bac50,2026-10-07,2026-10-06,bfb7096b3744d0ec729d,9b0b1adcafba0fea37db,close_to_close,0.0031778443385544,{},,disabled,,,,,Ridge,20261007T004951_eb0d123a614a:price:20,price,20,2026-11-03,1개월,20.0,4188.39990234375,없음,,,4188.39990234375,3918.632457610641,4458.167347076858,0.7656387665198238,simple,0.0398178564125062,0.0408110317232789,0.0,0.0,0.0,,,,,,,,,,,,,,pending,False,2026-10-07T00:50:04.069362+00:00
3,20261007T053758_e0222cc661e0,2026-10-07T05:38:08.759361+00:00,github-actions,823ac12bac50,2026-10-07,2026-10-06,80a8d94db27b6945cdba,9b0b1adcafba0fea37db,close_to_close,0.003173039537035,{},,disabled,상승,0.3297726460062066,0.3243464103807865,0.345880943613007,Logistic,20261007T053758_e0222cc661e0:direction:Logistic,direction,1,2026-10-07,,,,,,,,,,,,,,,,,4195.0,4140.7001953125,-0.011081631979546591,0.0,0.0,,,,,,,1.1093518134540978,0.6740389271230474,scored,False,2026-10-08T06:18:38.368821+00:00
3,20261007T053758_e0222cc661e0,2026-10-07T05:38:08.759361+00:00,github-actions,823ac12bac50,2026-10-07,2026-10-06,80a8d94db27b6945cdba,9b0b1adcafba0fea37db,close_to_close,0.003173039537035,{},,disabled,,,,,Ridge,20261007T053758_e0222cc661e0:price:1,price,1,2026-10-07,1거래일,1.0,4187.10009765625,있음,0.0004193026979919,4188.855760023959,4188.855760023959,4133.9088132465,4243.802706801419,0.7778753292361721,simple,0.0086443793739258,0.0086525548539321,-3.334834469156173e-05,1.069030512993766e-05,0.4557694272451274,4195.0,4140.7001953125,-0.011081631979546591,,,48.15556471145919,48.15556471145919,0.011629811973823638,0.011500934677538491,1.0,48.15556471145919,,,scored,False,2026-10-08T06:18:38.368821+00:00
3,20261007T053758_e0222cc661e0,2026-10-07T05:38:08.759361+00:00,github-actions,823ac12bac50,2026-10-07,2026-10-06,80a8d94db27b6945cdba,9b0b1adcafba0fea37db,close_to_close,0.003173039537035,{},,disabled,,,,,Ridge,20261007T053758_e0222cc661e0:price:5,price,5,2026-10-13,1주일,5.0,4187.10009765625,없음,,,4187.10009765625,4054.98225040593,4319.21794490657,0.79701230228471,simple,0.0199243119059708,0.0201700709942424,0.0,0.0,0.0,,,,,,,,,,,,,,pending,False,2026-10-07T05:38:09.599490+00:00
3,20261007T053758_e0222cc661e0,2026-10-07T05:38:08.759361+00:00,github-actions,823ac12bac50,2026-10-07,2026-10-06,80a8d94db27b6945cdba,9b0b1adcafba0fea37db,close_to_close,0.003173039537035,{},,disabled,,,,,Ridge,20261007T053758_e0222cc661e0:price:20,price,20,2026-11-03,1개월,20.0,4187.10009765625,없음,,,4187.10009765625,3917.8241244316673,4456.376070880833,0.7656387665198238,simple,0.0398181144088783,0.0408112897098452,0.0,0.0,0.0,,,,,,,,,,,,,,pending,False,2026-10-07T05:38:09.599490+00:00
3,20261007T212102_c8b843318cb4,2026-10-07T21:21:15.078178+00:00,github-actions,823ac12bac50,2026-10-08,2026-10-07,85b34d14057bb14d2271,9b0b1adcafba0fea37db,close_to_close,0.0031803109744084,{},,disabled,상승,0.3273235178161666,0.320910491973211,0.3517659902106225,Logistic,20261007T212102_c8b843318cb4:direction:Logistic,direction,1,2026-10-08,,,,,,,,,,,,,,,,,4159.7001953125,4172.7998046875,0.007752217707367004,2.0,1.0,,,,,,,1.044789124999909,0.6303315606216534,scored,True,2026-10-09T01:17:07.421005+00:00
3,20261007T212102_c8b843318cb4,2026-10-07T21:21:15.078178+00:00,github-actions,823ac12bac50,2026-10-08,2026-10-07,85b34d14057bb14d2271,9b0b1adcafba0fea37db,close_to_close,0.0031803109744084,{},,disabled,,,,,Ridge,20261007T212102_c8b843318cb4:price:1,price,1,2026-10-08,1거래일,1.0,4136.7001953125,있음,0.0002050833718385,4137.54856373684,4137.54856373684,4083.143577288254,4191.953550185425,0.7787532923617209,simple,0.0086502714551383,0.0086566534076082,-3.182227179883682e-05,1.094851940538529e-05,0.4480900529160298,4159.7001953125,4172.7998046875,0.008726668037462915,,,-35.25124095065985,35.25124095065985,0.008447862969860305,-0.008521584665624415,1.0,-35.25124095065985,,,scored,True,2026-10-09T01:17:07.421005+00:00
3,20261007T212102_c8b843318cb4,2026-10-07T21:21:15.078178+00:00,github-actions,823ac12bac50,2026-10-08,2026-10-07,85b34d14057bb14d2271,9b0b1adcafba0fea37db,close_to_close,0.0031803109744084,{},,disabled,,,,,Ridge,20261007T212102_c8b843318cb4:price:5,price,5,2026-10-14,1주일,5.0,4136.7001953125,없음,,,4136.7001953125,4005.873522549489,4267.526868075511,0.79701230228471,simple,0.019933056366975,0.0201763122818804,0.0,0.0,0.0,,,,,,,,,,,,,,pending,True,2026-10-07T21:21:15.483528+00:00
3,20261007T212102_c8b843318cb4,2026-10-07T21:21:15.078178+00:00,github-actions,823ac12bac50,2026-10-08,2026-10-07,85b34d14057bb14d2271,9b0b1adcafba0fea37db,close_to_close,0.0031803109744084,{},,disabled,,,,,Ridge,20261007T212102_c8b843318cb4:price:20,price,20,2026-11-04,1개월,20.0,4136.7001953125,없음,,,4136.7001953125,3870.246478939541,4403.153911685459,0.7656387665198238,simple,0.0398630468646666,0.0408560650624853,0.0,0.0,0.0,,,,,,,,,,,,,,pending,True,2026-10-07T21:21:15.483528+00:00
3,20261008T000157_1a923e1e8815,2026-10-08T00:02:11.163562+00:00,github-actions,823ac12bac50,2026-10-08,2026-10-07,82ad837914f0fa5e4c01,9b0b1adcafba0fea37db,close_to_close,0.0031867036870195,{},,disabled,상승,0.3265195948542644,0.3225854028195788,0.3508950023261567,Logistic,20261008T000157_1a923e1e8815:direction:Logistic,direction,1,2026-10-08,,,,,,,,,,,,,,,,,4159.7001953125,4172.7998046875,0.007752217707367004,2.0,1.0,,,,,,,1.0472682389390866,0.6320136859412229,scored,False,2026-10-09T01:17:07.421005+00:00
3,20261008T000157_1a923e1e8815,2026-10-08T00:02:11.163562+00:00,github-actions,823ac12bac50,2026-10-08,2026-10-07,82ad837914f0fa5e4c01,9b0b1adcafba0fea37db,close_to_close,0.0031867036870195,{},,disabled,,,,,Ridge,20261008T000157_1a923e1e8815:price:1,price,1,2026-10-08,1거래일,1.0,4134.60009765625,있음,0.0001887730177259,4135.380598593774,4135.380598593774,4080.893928752328,4189.8672684352205,0.7787532923617209,simple,0.0086507118096221,0.008657093762092,-3.182227179883682e-05,1.094851940538529e-05,0.4480900529160298,4159.7001953125,4172.7998046875,0.009239033069462721,,,-37.419206093725734,37.419206093725734,0.008967409855534167,-0.00905026005173682,1.0,-37.419206093725734,,,scored,False,2026-10-09T01:17:07.421005+00:00
3,20261008T000157_1a923e1e8815,2026-10-08T00:02:11.163562+00:00,github-actions,823ac12bac50,2026-10-08,2026-10-07,82ad837914f0fa5e4c01,9b0b1adcafba0fea37db,close_to_close,0.0031867036870195,{},,disabled,,,,,Ridge,20261008T000157_1a923e1e8815:price:5,price,5,2026-10-14,1주일,5.0,4134.60009765625,없음,,,4134.60009765625,4003.5770023370433,4265.623192975456,0.79701230228471,simple,0.019933497150512,0.0201767530654174,0.0,0.0,0.0,,,,,,,,,,,,,,pending,False,2026-10-08T00:02:12.139514+00:00
3,20261008T000157_1a923e1e8815,2026-10-08T00:02:11.163562+00:00,github-actions,823ac12bac50,2026-10-08,2026-10-07,82ad837914f0fa5e4c01,9b0b1adcafba0fea37db,close_to_close,0.0031867036870195,{},,disabled,,,,,Ridge,20261008T000157_1a923e1e8815:price:20,price,20,2026-11-04,1개월,20.0,4134.60009765625,없음,,,4134.60009765625,3867.746328916504,4401.453866395996,0.7656387665198238,simple,0.0398634616664295,0.0408564798642483,0.0,0.0,0.0,,,,,,,,,,,,,,pending,False,2026-10-08T00:02:12.139514+00:00
3,20261008T002050_de27f11d2513,2026-10-08T00:21:01.819431+00:00,github-actions,823ac12bac50,2026-10-08,2026-10-07,224907c24e4f16a191ce,9b0b1adcafba0fea37db,close_to_close,0.0031981159562732,{},,disabled,상승,0.3252298109709032,0.3239717554952686,0.3507984335338281,Logistic,20261008T002050_de27f11d2513:direction:Logistic,direction,1,2026-10-08,,,,,,,,,,,,,,,,,4159.7001953125,4172.7998046875,0.007752217707367004,2.0,1.0,,,,,,,1.0475434839050592,0.632194802204987,scored,False,2026-10-09T01:17:07.421005+00:00
3,20261008T002050_de27f11d2513,2026-10-08T00:21:01.819431+00:00,github-actions,823ac12bac50,2026-10-08,2026-10-07,224907c24e4f16a191ce,9b0b1adcafba0fea37db,close_to_close,0.0031981159562732,{},,disabled,,,,,Ridge,20261008T002050_de27f11d2513:price:1,price,1,2026-10-08,1거래일,1.0,4131.10009765625,있음,0.0001875063317129,4131.874705081501,4131.874705081501,4077.23919574057,4186.510214422432,0.7778753292361721,simple,0.0086514456996338,0.0086578276521037,-3.182227179883682e-05,1.094851940538529e-05,0.4480900529160298,4159.7001953125,4172.7998046875,0.010094092625571482,,,-40.925099605999094,40.925099605999094,0.009807587596228802,-0.009906586293858582,1.0,-40.925099605999094,,,scored,False,2026-10-09T01:17:07.421005+00:00
3,20261008T002050_de27f11d2513,2026-10-08T00:21:01.819431+00:00,github-actions,823ac12bac50,2026-10-08,2026-10-07,224907c24e4f16a191ce,9b0b1adcafba0fea37db,close_to_close,0.0031981159562732,{},,disabled,,,,,Ridge,20261008T002050_de27f11d2513:price:5,price,5,2026-10-14,1주일,5.0,4131.10009765625,없음,,,4131.10009765625,3999.719090723341,4262.481104589159,0.79701230228471,simple,0.019934231755579,0.0201774876704844,0.0,0.0,0.0,,,,,,,,,,,,,,pending,False,2026-10-08T00:21:02.391005+00:00
3,20261008T002050_de27f11d2513,2026-10-08T00:21:01.819431+00:00,github-actions,823ac12bac50,2026-10-08,2026-10-07,224907c24e4f16a191ce,9b0b1adcafba0fea37db,close_to_close,0.0031981159562732,{},,disabled,,,,,Ridge,20261008T002050_de27f11d2513:price:20,price,20,2026-11-04,1개월,20.0,4131.10009765625,없음,,,4131.10009765625,3863.517372981219,4398.682822331281,0.7656387665198238,simple,0.0398641529705534,0.0408571711683722,0.0,0.0,0.0,,,,,,,,,,,,,,pending,False,2026-10-08T00:21:02.391005+00:00
3,20261008T002607_e7db1900f712,2026-10-08T00:26:17.719943+00:00,github-actions,823ac12bac50,2026-10-08,2026-10-07,5cb90802965caba5ea8b,9b0b1adcafba0fea37db,close_to_close,0.0031873309560766,{},,disabled,상승,0.3264260673213822,0.32311187443532,0.3504620582432977,Logistic,20261008T002607_e7db1900f712:direction:Logistic,direction,1,2026-10-08,,,,,,,,,,,,,,,,,4159.7001953125,4172.7998046875,0.007752217707367004,2.0,1.0,,,,,,,1.0485028287427425,0.6328547986095427,scored,False,2026-10-09T01:17:07.421005+00:00
3,20261008T002607_e7db1900f712,2026-10-08T00:26:17.719943+00:00,github-actions,823ac12bac50,2026-10-08,2026-10-07,5cb90802965caba5ea8b,9b0b1adcafba0fea37db,close_to_close,0.0031873309560766,{},,disabled,,,,,Ridge,20261008T002607_e7db1900f712:price:1,price,1,2026-10-08,1거래일,1.0,4134.39990234375,있음,0.000178005095222,4135.135846592053,4135.135846592053,4080.641090234888,4189.630602949217,0.7787532923617209,simple,0.0086507537911569,0.0086571357396178,-3.182227270267811e-05,1.0948522631992389e-05,0.4480900570700861,4159.7001953125,4172.7998046875,0.00928790229556209,,,-37.663958095447015,37.663958095447015,0.009026063999796333,-0.009109897200340089,1.0,-37.663958095447015,,,scored,False,2026-10-09T01:17:07.421005+00:00
3,20261008T002607_e7db1900f712,2026-10-08T00:26:17.719943+00:00,github-actions,823ac12bac50,2026-10-08,2026-10-07,5cb90802965caba5ea8b,9b0b1adcafba0fea37db,close_to_close,0.0031873309560766,{},,disabled,,,,,Ridge,20261008T002607_e7db1900f712:price:5,price,5,2026-10-14,1주일,5.0,4134.39990234375,없음,,,4134.39990234375,4003.357361831113,4265.442442856388,0.79701230228471,simple,0.0199335391645862,0.0201767950838434,0.0,0.0,0.0,,,,,,,,,,,,,,pending,False,2026-10-08T00:26:18.006872+00:00
3,20261008T002607_e7db1900f712,2026-10-08T00:26:17.719943+00:00,github-actions,823ac12bac50,2026-10-08,2026-10-07,5cb90802965caba5ea8b,9b0b1adcafba0fea37db,close_to_close,0.0031873309560766,{},,disabled,,,,,Ridge,20261008T002607_e7db1900f712:price:20,price,20,2026-11-04,1개월,20.0,4134.39990234375,없음,,,4134.39990234375,3867.5065297224255,4401.293274965074,0.7656387665198238,simple,0.0398635012867847,0.0408565194059183,0.0,0.0,0.0,,,,,,,,,,,,,,pending,False,2026-10-08T00:26:18.006872+00:00
3,20261008T010515_eafcb61d9aac,2026-10-08T01:05:27.024396+00:00,github-actions,823ac12bac50,2026-10-08,2026-10-07,926d87def69f4d405626,9b0b1adcafba0fea37db,close_to_close,0.0031607769787368,{},,disabled,상승,0.3286464721218309,0.3217522582632125,0.3496012696149564,Logistic,20261008T010515_eafcb61d9aac:direction:Logistic,direction,1,2026-10-08,,,,,,,,,,,,,,,,,4159.7001953125,4172.7998046875,0.007752217707367004,2.0,1.0,,,,,,,1.050962003585622,0.634551527822079,scored,False,2026-10-09T01:17:07.421005+00:00
3,20261008T010515_eafcb61d9aac,2026-10-08T01:05:27.024396+00:00,github-actions,823ac12bac50,2026-10-08,2026-10-07,926d87def69f4d405626,9b0b1adcafba0fea37db,close_to_close,0.0031607769787368,{},,disabled,,,,,Ridge,20261008T010515_eafcb61d9aac:price:1,price,1,2026-10-08,1거래일,1.0,4144.0,있음,0.0001759269507601,4144.72904128395,4144.72904128395,4090.562803483236,4198.895279084664,0.7787532923617209,simple,0.0086487408112105,0.0086551227636805,-3.182227179883682e-05,1.094851940538529e-05,0.4480900529160298,4159.7001953125,4172.7998046875,0.00694975981841206,,,-28.07076340354979,28.07076340354979,0.006727081268556569,-0.00677383286765196,1.0,-28.07076340354979,,,scored,False,2026-10-09T01:17:07.421005+00:00
3,20261008T010515_eafcb61d9aac,2026-10-08T01:05:27.024396+00:00,github-actions,823ac12bac50,2026-10-08,2026-10-07,926d87def69f4d405626,9b0b1adcafba0fea37db,close_to_close,0.0031607769787368,{},,disabled,,,,,Ridge,20261008T010515_eafcb61d9aac:price:5,price,5,2026-10-14,1주일,5.0,4144.0,없음,,,4144.0,4013.747441730284,4274.252558269715,0.79701230228471,simple,0.019931524231686,0.0201747801465914,0.0,0.0,0.0,,,,,,,,,,,,,,pending,False,2026-10-08T01:05:27.481035+00:00
3,20261008T010515_eafcb61d9aac,2026-10-08T01:05:27.024396+00:00,github-actions,823ac12bac50,2026-10-08,2026-10-07,926d87def69f4d405626,9b0b1adcafba0fea37db,close_to_close,0.0031607769787368,{},,disabled,,,,,Ridge,20261008T010515_eafcb61d9aac:price:20,price,20,2026-11-04,1개월,20.0,4144.0,없음,,,4144.0,3878.715578367413,4409.284421632587,0.7656387665198238,simple,0.0398616050403568,0.0408546232381755,0.0,0.0,0.0,,,,,,,,,,,,,,pending,False,2026-10-08T01:05:27.481035+00:00
3,20261008T212102_e3727a97cec9,2026-10-08T21:21:12.934560+00:00,github-actions,823ac12bac50,2026-10-09,2026-10-08,f8a77fbd5715530e27a7,9b0b1adcafba0fea37db,close_to_close,0.0031543956763308,{},,disabled,상승,0.3330552096855598,0.3082107570045092,0.358734033309931,Logistic,20261008T212102_e3727a97cec9:direction:Logistic,direction,1,2026-10-09,,,,,,,,,,,,,,,,,,,,,,,,,,,,,,pending,True,2026-10-08T21:21:13.811172+00:00
3,20261008T212102_e3727a97cec9,2026-10-08T21:21:12.934560+00:00,github-actions,823ac12bac50,2026-10-09,2026-10-08,f8a77fbd5715530e27a7,9b0b1adcafba0fea37db,close_to_close,0.0031543956763308,{},,disabled,,,,,Ridge,20261008T212102_e3727a97cec9:price:1,price,1,2026-10-09,1거래일,1.0,4158.2998046875,있음,0.0004187315353192,4160.041015949035,4160.041015949035,4105.766687517271,4214.315344380799,0.7787532923617209,simple,0.0086400448702104,0.0086470544246898,-3.1886133737373504e-05,1.0602423732432166e-05,0.4452526749521248,,,,,,,,,,,,,,pending,True,2026-10-08T21:21:13.811172+00:00
3,20261008T212102_e3727a97cec9,2026-10-08T21:21:12.934560+00:00,github-actions,823ac12bac50,2026-10-09,2026-10-08,f8a77fbd5715530e27a7,9b0b1adcafba0fea37db,close_to_close,0.0031543956763308,{},,disabled,,,,,Ridge,20261008T212102_e3727a97cec9:price:5,price,5,2026-10-15,1주일,5.0,4158.2998046875,없음,,,4158.2998046875,4027.736067362057,4288.863542012944,0.79701230228471,simple,0.0199397101337547,0.020182949832694,0.0,0.0,0.0,,,,,,,,,,,,,,pending,True,2026-10-08T21:21:13.811172+00:00
3,20261008T212102_e3727a97cec9,2026-10-08T21:21:12.934560+00:00,github-actions,823ac12bac50,2026-10-09,2026-10-08,f8a77fbd5715530e27a7,9b0b1adcafba0fea37db,close_to_close,0.0031543956763308,{},,disabled,,,,,Ridge,20261008T212102_e3727a97cec9:price:20,price,20,2026-11-05,1개월,20.0,4158.2998046875,없음,,,4158.2998046875,3892.4473075860137,4424.152301788986,0.7656387665198238,simple,0.039885736609205,0.0408777275010326,0.0,0.0,0.0,,,,,,,,,,,,,,pending,True,2026-10-08T21:21:13.811172+00:00
3,20261009T011658_d36768818be6,2026-10-09T01:17:06.760486+00:00,github-actions,823ac12bac50,2026-10-09,2026-10-08,114cf1535d950f518438,9b0b1adcafba0fea37db,close_to_close,0.003200150609985391,{},,disabled,상승,0.33413460400561984,0.31747108181833844,0.3483943141760418,Logistic,20261009T011658_d36768818be6:direction:Logistic,direction,1,2026-10-09,,,,,,,,,,,,,,,,,,,,,,,,,,,,,,pending,False,2026-10-09T01:17:07.421005+00:00
3,20261009T011658_d36768818be6,2026-10-09T01:17:06.760486+00:00,github-actions,823ac12bac50,2026-10-09,2026-10-08,114cf1535d950f518438,9b0b1adcafba0fea37db,close_to_close,0.003200150609985391,{},,disabled,,,,,Ridge,20261009T011658_d36768818be6:price:1,price,1,2026-10-09,1거래일,1.0,4172.7998046875,있음,0.0002905540750361979,4174.012228675062,4174.012228675062,4118.758643947667,4229.265813402458,0.7787532923617209,simple,0.00864312839992085,0.008650128896329927,-3.1873950357230755e-05,1.0604501002833231e-05,0.4452526749521248,,,,,,,,,,,,,,pending,False,2026-10-09T01:17:07.421005+00:00
3,20261009T011658_d36768818be6,2026-10-09T01:17:06.760486+00:00,github-actions,823ac12bac50,2026-10-09,2026-10-08,114cf1535d950f518438,9b0b1adcafba0fea37db,close_to_close,0.003200150609985391,{},,disabled,,,,,Ridge,20261009T011658_d36768818be6:price:5,price,5,2026-10-15,1주일,5.0,4172.7998046875,없음,,,4172.7998046875,4039.880342925635,4305.719266449365,0.79701230228471,simple,0.01993667806735939,0.020179917766298645,0.0,0.0,0.0,,,,,,,,,,,,,,pending,False,2026-10-09T01:17:07.421005+00:00
3,20261009T011658_d36768818be6,2026-10-09T01:17:06.760486+00:00,github-actions,823ac12bac50,2026-10-09,2026-10-08,114cf1535d950f518438,9b0b1adcafba0fea37db,close_to_close,0.003200150609985391,{},,disabled,,,,,Ridge,20261009T011658_d36768818be6:price:20,price,20,2026-11-05,1개월,20.0,4172.7998046875,없음,,,4172.7998046875,3902.150606474858,4443.449002900143,0.7656387665198238,simple,0.039882837934060895,0.040874828825888554,0.0,0.0,0.0,,,,,,,,,,,,,,pending,False,2026-10-09T01:17:07.421005+00:00
