schema_version,run_id,created_at_utc,prediction_date,as_of_date,data_snapshot_hash,config_hash,target_mode,band,imputed_features,macro_snapshot_hash,macro_history_mode,prediction,p_down,p_flat,p_up,model,record_id,kind,horizon_days,target_date,horizon,trading_days,current_close,signal,predicted_return,predicted_close,center_close,low_close,high_close,band_coverage,model_mae,zero_baseline_mae,mae_diff_lo,mae_diff_hi,oof_slope,actual_open,actual_close,actual_return,actual_class,direction_correct,price_error,absolute_price_error,price_ape,return_error,interval_hit,center_price_error,log_loss,brier,status,is_prospective,actual_updated_at_utc,vol_model,runtime,versions_hash,raw_predicted_return,predicted_open,center_open,low_open,high_open,gap_sign_auc,gap_corr,event_flags,source_model,information_cutoff,gap,gap_rule_label,gap_clamped,open_price
2,20260906T040631_d5e65bc7b39b,2026-09-06 04:06:39.109283+00:00,2026-09-07,2026-09-04,2e09fde39107d8c4e6d1,2c241a78cab914136594,close_to_close,0.013260642325882,{},7ed3ebee8562f01fbf17,lagged_latest_vintage,상승,0.2357290208860737,0.3349739062708823,0.429297072843044,Logistic,20260906T040631_d5e65bc7b39b:direction:Logistic,direction,1,2026-09-07,,,,,,,,,,,,,,,,267000.0,270000.0,0.05675146771037176,2.0,1.0,,,,,,,0.8456061222164145,0.4934775202357986,scored,True,2026-09-24T03:22:50.820934+00:00,,,,,,,,,,,,,,,,,
2,20260906T040631_d5e65bc7b39b,2026-09-06 04:06:39.109283+00:00,2026-09-07,2026-09-04,2e09fde39107d8c4e6d1,2c241a78cab914136594,close_to_close,0.013260642325882,{},7ed3ebee8562f01fbf17,lagged_latest_vintage,상승,0.2123786105376597,0.3286184681283905,0.4590029213339496,LightGBM,20260906T040631_d5e65bc7b39b:direction:LightGBM,direction,1,2026-09-07,,,,,,,,,,,,,,,,267000.0,270000.0,0.05675146771037176,2.0,1.0,,,,,,,0.7786987043798637,0.44577261093415765,scored,True,2026-09-24T03:22:50.820934+00:00,,,,,,,,,,,,,,,,,
2,20260906T040631_d5e65bc7b39b,2026-09-06 04:06:39.109283+00:00,2026-09-07,2026-09-04,2e09fde39107d8c4e6d1,2c241a78cab914136594,close_to_close,0.013260642325882,{},7ed3ebee8562f01fbf17,lagged_latest_vintage,상승,0.2240538157118667,0.3317961871996365,0.4441499970884968,Mean ensemble,20260906T040631_d5e65bc7b39b:direction:Mean ensemble,direction,1,2026-09-07,,,,,,,,,,,,,,,,267000.0,270000.0,0.05675146771037176,2.0,1.0,,,,,,,0.8115929423216521,0.4692580479119815,scored,True,2026-09-24T03:22:50.820934+00:00,,,,,,,,,,,,,,,,,
2,20260906T040631_d5e65bc7b39b,2026-09-06 04:06:39.109283+00:00,2026-09-07,2026-09-04,2e09fde39107d8c4e6d1,2c241a78cab914136594,close_to_close,0.013260642325882,{},7ed3ebee8562f01fbf17,lagged_latest_vintage,상승,0.2300756376251257,0.336851327773534,0.4330730346013403,No macro ensemble,20260906T040631_d5e65bc7b39b:direction:No macro ensemble,direction,1,2026-09-07,,,,,,,,,,,,,,,,267000.0,270000.0,0.05675146771037176,2.0,1.0,,,,,,,0.8368488940682887,0.48780980014753417,scored,True,2026-09-24T03:22:50.820934+00:00,,,,,,,,,,,,,,,,,
2,20260906T040631_d5e65bc7b39b,2026-09-06 04:06:39.109283+00:00,2026-09-07,2026-09-04,2e09fde39107d8c4e6d1,2c241a78cab914136594,close_to_close,0.013260642325882,{},7ed3ebee8562f01fbf17,lagged_latest_vintage,,,,,Ridge,20260906T040631_d5e65bc7b39b:price:1,price,1,2026-09-07,1거래일,1.0,255500.0,있음,0.0154078691728687,259436.71057366795,259436.71057366795,245095.36409112831,273778.0570562076,0.8222996515679443,0.021353838193658,0.0231800104703863,-0.0030766054324891,-0.0007376965615327,1.0,267000.0,270000.0,0.05675146771037176,,,-10563.289426332049,10563.289426332049,0.03912329417160018,-0.041343598537503065,1.0,-10563.289426332049,,,scored,True,2026-09-24T03:22:50.820934+00:00,,,,,,,,,,,,,,,,,
2,20260906T040631_d5e65bc7b39b,2026-09-06 04:06:39.109283+00:00,2026-09-07,2026-09-04,2e09fde39107d8c4e6d1,2c241a78cab914136594,close_to_close,0.013260642325882,{},7ed3ebee8562f01fbf17,lagged_latest_vintage,,,,,Ridge,20260906T040631_d5e65bc7b39b:price:5,price,5,2026-09-11,1주일,5.0,255500.0,없음,,,255500.0,219369.7353989944,291630.2646010056,0.8307155322862129,0.0524518023542634,0.0511404946174254,0.0,0.0,0.0,258000.0,259500.0,0.015655577299412915,,,,,,,1.0,-4000.0,,,scored,True,2026-09-24T03:22:50.820934+00:00,,,,,,,,,,,,,,,,,
2,20260906T040631_d5e65bc7b39b,2026-09-06 04:06:39.109283+00:00,2026-09-07,2026-09-04,2e09fde39107d8c4e6d1,2c241a78cab914136594,close_to_close,0.013260642325882,{},7ed3ebee8562f01fbf17,lagged_latest_vintage,,,,,Ridge,20260906T040631_d5e65bc7b39b:price:20,price,20,2026-10-07,1개월,20.0,255500.0,없음,,,255500.0,182948.7356050388,328051.26439496124,0.7873462214411248,0.1191711911466997,0.1166765752395607,0.0,0.0,0.0,269500.0,268500.0,0.050880626223092085,,,,,,,1.0,-13000.0,,,scored,True,2026-10-07T07:11:02.229670+00:00,,,,,,,,,,,,,,,,,
2,20260906T041533_a169c390b4e2,2026-09-06 04:15:44.488886+00:00,2026-09-07,2026-09-04,9c368dc006056d4a5aa3,2c241a78cab914136594,close_to_close,0.013260642325882,{},7ed3ebee8562f01fbf17,lagged_latest_vintage,보합,0.1239497196085792,0.5942920953885898,0.2817581850028308,Transformer,20260906T041533_a169c390b4e2:direction:Transformer,direction,1,2026-09-07,,,,,,,,,,,,,,,,267000.0,270000.0,0.05675146771037176,2.0,0.0,,,,,,,1.2667060758974118,0.8844179324428342,scored,True,2026-09-24T03:22:50.820934+00:00,,,,,,,,,,,,,,,,,
2,20260906T052936_5ad28b6dd903,2026-09-06 05:29:43.634724+00:00,2026-09-07,2026-09-04,d6a46305a7dc5f3b9172,2df6c98b48a745b2967f,close_to_close,0.013260642325882,{},7ed3ebee8562f01fbf17,lagged_latest_vintage,상승,0.2357289619547272,0.3349740254542,0.4292970125910728,Logistic,20260906T052936_5ad28b6dd903:direction:Logistic,direction,1,2026-09-07,,,,,,,,,,,,,,,,267000.0,270000.0,0.05675146771037176,2.0,1.0,,,,,,,0.8456062625667203,0.49347764107071845,scored,True,2026-09-24T03:22:50.820934+00:00,,,,,,,,,,,,,,,,,
2,20260906T052936_5ad28b6dd903,2026-09-06 05:29:43.634724+00:00,2026-09-07,2026-09-04,d6a46305a7dc5f3b9172,2df6c98b48a745b2967f,close_to_close,0.013260642325882,{},7ed3ebee8562f01fbf17,lagged_latest_vintage,상승,0.2116266437566351,0.3640806441734673,0.4242927120698976,LightGBM,20260906T052936_5ad28b6dd903:direction:LightGBM,direction,1,2026-09-07,,,,,,,,,,,,,,,,267000.0,270000.0,0.05675146771037176,2.0,1.0,,,,,,,0.8573317032826798,0.5087794331852985,scored,True,2026-09-24T03:22:50.820934+00:00,,,,,,,,,,,,,,,,,
2,20260906T052936_5ad28b6dd903,2026-09-06 05:29:43.634724+00:00,2026-09-07,2026-09-04,d6a46305a7dc5f3b9172,2df6c98b48a745b2967f,close_to_close,0.013260642325882,{},7ed3ebee8562f01fbf17,lagged_latest_vintage,상승,0.2236778028556811,0.3495273348138337,0.4267948623304852,Mean ensemble,20260906T052936_5ad28b6dd903:direction:Mean ensemble,direction,1,2026-09-07,,,,,,,,,,,,,,,,267000.0,270000.0,0.05675146771037176,2.0,1.0,,,,,,,0.8514517972781512,0.5007652471231342,scored,True,2026-09-24T03:22:50.820934+00:00,,,,,,,,,,,,,,,,,
2,20260906T052936_5ad28b6dd903,2026-09-06 05:29:43.634724+00:00,2026-09-07,2026-09-04,d6a46305a7dc5f3b9172,2df6c98b48a745b2967f,close_to_close,0.013260642325882,{},7ed3ebee8562f01fbf17,lagged_latest_vintage,상승,0.2291130747737761,0.3370152464015212,0.4338716788247025,No macro ensemble,20260906T052936_5ad28b6dd903:direction:No macro ensemble,direction,1,2026-09-07,,,,,,,,,,,,,,,,267000.0,270000.0,0.05675146771037176,2.0,1.0,,,,,,,0.8350064595118173,0.4865733533761327,scored,True,2026-09-24T03:22:50.820934+00:00,,,,,,,,,,,,,,,,,
2,20260906T052936_5ad28b6dd903,2026-09-06 05:29:43.634724+00:00,2026-09-07,2026-09-04,d6a46305a7dc5f3b9172,2df6c98b48a745b2967f,close_to_close,0.013260642325882,{},7ed3ebee8562f01fbf17,lagged_latest_vintage,,,,,Ridge,20260906T052936_5ad28b6dd903:price:1,price,1,2026-09-07,1거래일,1.0,255500.0,있음,0.0154078520476247,259436.70619816816,259436.70619816816,245095.4134262537,273777.9989700826,0.8222996515679443,0.0213538408806901,0.0231800104703863,-0.0030766013362162,-0.0007376958955984,1.0,267000.0,270000.0,0.05675146771037176,,,-10563.293801831838,10563.293801831838,0.039123310377154955,-0.04134361566274706,1.0,-10563.293801831838,,,scored,True,2026-09-24T03:22:50.820934+00:00,,,,,,,,,,,,,,,,,
2,20260906T052936_5ad28b6dd903,2026-09-06 05:29:43.634724+00:00,2026-09-07,2026-09-04,d6a46305a7dc5f3b9172,2df6c98b48a745b2967f,close_to_close,0.013260642325882,{},7ed3ebee8562f01fbf17,lagged_latest_vintage,,,,,Ridge,20260906T052936_5ad28b6dd903:price:5,price,5,2026-09-11,1주일,5.0,255500.0,없음,,,255500.0,219369.3897478328,291630.6102521672,0.8307155322862129,0.052451834610893,0.0511404946174254,0.0,0.0,0.0,258000.0,259500.0,0.015655577299412915,,,,,,,1.0,-4000.0,,,scored,True,2026-09-24T03:22:50.820934+00:00,,,,,,,,,,,,,,,,,
2,20260906T052936_5ad28b6dd903,2026-09-06 05:29:43.634724+00:00,2026-09-07,2026-09-04,d6a46305a7dc5f3b9172,2df6c98b48a745b2967f,close_to_close,0.013260642325882,{},7ed3ebee8562f01fbf17,lagged_latest_vintage,,,,,Ridge,20260906T052936_5ad28b6dd903:price:20,price,20,2026-10-07,1개월,20.0,255500.0,없음,,,255500.0,182948.8307736815,328051.16922631854,0.7873462214411248,0.1191712502022642,0.1166765752395607,0.0,0.0,0.0,269500.0,268500.0,0.050880626223092085,,,,,,,1.0,-13000.0,,,scored,True,2026-10-07T07:11:02.229670+00:00,,,,,,,,,,,,,,,,,
2,20260906T091124_357d0be86433,2026-09-06 09:11:32.243619+00:00,2026-09-07,2026-09-04,552dc9f08f1b8e7cc1e0,b7e83cece61c5faf1d06,close_to_close,0.013260642325882,{},7ed3ebee8562f01fbf17,lagged_latest_vintage,상승,0.2357290609018994,0.3349741989168232,0.4292967401812773,Logistic,20260906T091124_357d0be86433:direction:Logistic,direction,1,2026-09-07,,,,,,,,,,,,,,,,267000.0,270000.0,0.05675146771037176,2.0,1.0,,,,,,,0.8456068971154683,0.4934781148613754,scored,True,2026-09-24T03:22:50.820934+00:00,,,,,,,,,,,,,,,,,
2,20260906T091124_357d0be86433,2026-09-06 09:11:32.243619+00:00,2026-09-07,2026-09-04,552dc9f08f1b8e7cc1e0,b7e83cece61c5faf1d06,close_to_close,0.013260642325882,{},7ed3ebee8562f01fbf17,lagged_latest_vintage,상승,0.2095606648139939,0.3362175423435281,0.454221792842478,LightGBM,20260906T091124_357d0be86433:direction:LightGBM,direction,1,2026-09-07,,,,,,,,,,,,,,,,267000.0,270000.0,0.05675146771037176,2.0,1.0,,,,,,,0.7891696697429189,0.45483175942488424,scored,True,2026-09-24T03:22:50.820934+00:00,,,,,,,,,,,,,,,,,
2,20260906T091124_357d0be86433,2026-09-06 09:11:32.243619+00:00,2026-09-07,2026-09-04,552dc9f08f1b8e7cc1e0,b7e83cece61c5faf1d06,close_to_close,0.013260642325882,{},7ed3ebee8562f01fbf17,lagged_latest_vintage,상승,0.2226448628579466,0.3355958706301756,0.4417592665118776,Mean ensemble,20260906T091124_357d0be86433:direction:Mean ensemble,direction,1,2026-09-07,,,,,,,,,,,,,,,,267000.0,270000.0,0.05675146771037176,2.0,1.0,,,,,,,0.8169901911786231,0.47382803986641625,scored,True,2026-09-24T03:22:50.820934+00:00,,,,,,,,,,,,,,,,,
2,20260906T091124_357d0be86433,2026-09-06 09:11:32.243619+00:00,2026-09-07,2026-09-04,552dc9f08f1b8e7cc1e0,b7e83cece61c5faf1d06,close_to_close,0.013260642325882,{},7ed3ebee8562f01fbf17,lagged_latest_vintage,상승,0.2298613578449813,0.3332353547396832,0.4369032874153354,No macro ensemble,20260906T091124_357d0be86433:direction:No macro ensemble,direction,1,2026-09-07,,,,,,,,,,,,,,,,267000.0,270000.0,0.05675146771037176,2.0,1.0,,,,,,,0.8280434186416669,0.4809599532024773,scored,True,2026-09-24T03:22:50.820934+00:00,,,,,,,,,,,,,,,,,
2,20260906T091124_357d0be86433,2026-09-06 09:11:32.243619+00:00,2026-09-07,2026-09-04,552dc9f08f1b8e7cc1e0,b7e83cece61c5faf1d06,close_to_close,0.013260642325882,{},7ed3ebee8562f01fbf17,lagged_latest_vintage,,,,,Ridge,20260906T091124_357d0be86433:price:1,price,1,2026-09-07,1거래일,1.0,255500.0,있음,0.0148378923126201,259291.0814858744,259291.0814858744,245024.76470093828,273557.39827081055,0.8176100628930818,0.0230892125504492,0.0248171541188274,-0.0030228868913309,-0.0006196421709627,1.0,267000.0,270000.0,0.05675146771037176,,,-10708.918514125602,10708.918514125602,0.039662661163428155,-0.04191357539775166,1.0,-10708.918514125602,,,scored,True,2026-09-24T03:22:50.820934+00:00,simple,,,,,,,,,,,,,,,,
2,20260906T091124_357d0be86433,2026-09-06 09:11:32.243619+00:00,2026-09-07,2026-09-04,552dc9f08f1b8e7cc1e0,b7e83cece61c5faf1d06,close_to_close,0.013260642325882,{},7ed3ebee8562f01fbf17,lagged_latest_vintage,,,,,Ridge,20260906T091124_357d0be86433:price:5,price,5,2026-09-11,1주일,5.0,255500.0,없음,,,255500.0,219229.8842449824,291770.1157550176,0.8294736842105264,0.0576752456608927,0.054438901095705,0.0,0.0,0.0,258000.0,259500.0,0.015655577299412915,,,,,,,1.0,-4000.0,,,scored,True,2026-09-24T03:22:50.820934+00:00,simple,,,,,,,,,,,,,,,,
2,20260906T091124_357d0be86433,2026-09-06 09:11:32.243619+00:00,2026-09-07,2026-09-04,552dc9f08f1b8e7cc1e0,b7e83cece61c5faf1d06,close_to_close,0.013260642325882,{},7ed3ebee8562f01fbf17,lagged_latest_vintage,,,,,Ridge,20260906T091124_357d0be86433:price:20,price,20,2026-10-07,1개월,20.0,255500.0,없음,,,255500.0,180473.9947875421,330526.0052124579,0.7931769722814499,0.1450149706118427,0.1279029734974325,0.0,0.0,0.0,269500.0,268500.0,0.050880626223092085,,,,,,,1.0,-13000.0,,,scored,True,2026-10-07T07:11:02.229670+00:00,simple,,,,,,,,,,,,,,,,
3,20260907T073822_195a5b5fc343,2026-09-07 07:38:29.810401+00:00,2026-09-08,2026-09-07,a307014464b8ae7373c6,2eb5adc74ae8d1ff1953,close_to_close,0.0136828813440098,{},7ed3ebee8562f01fbf17,lagged_latest_vintage,보합,0.2907123129903617,0.3609530729591645,0.3483346140504737,Logistic,20260907T073822_195a5b5fc343:direction:Logistic,direction,1,2026-09-08,,,,,,,,,,,,,,,,272000.0,269500.0,-0.0018518518518518823,1.0,1.0,,,,,,,1.0190073209017911,0.6142316272302334,scored,True,2026-09-24T03:22:50.820934+00:00,,github-actions,7fa00c14b86e,,,,,,,,,,,,,,
3,20260907T073822_195a5b5fc343,2026-09-07 07:38:29.810401+00:00,2026-09-08,2026-09-07,a307014464b8ae7373c6,2eb5adc74ae8d1ff1953,close_to_close,0.0136828813440098,{},7ed3ebee8562f01fbf17,lagged_latest_vintage,상승,0.245373151948009,0.331550114263942,0.4230767337880489,LightGBM,20260907T073822_195a5b5fc343:direction:LightGBM,direction,1,2026-09-08,,,,,,,,,,,,,,,,272000.0,269500.0,-0.0018518518518518823,1.0,0.0,,,,,,,1.103976306531693,0.6860271561102133,scored,True,2026-09-24T03:22:50.820934+00:00,,github-actions,7fa00c14b86e,,,,,,,,,,,,,,
3,20260907T073822_195a5b5fc343,2026-09-07 07:38:29.810401+00:00,2026-09-08,2026-09-07,a307014464b8ae7373c6,2eb5adc74ae8d1ff1953,close_to_close,0.0136828813440098,{},7ed3ebee8562f01fbf17,lagged_latest_vintage,상승,0.2680427324691854,0.3462515936115533,0.3857056739192613,Mean ensemble,20260907T073822_195a5b5fc343:direction:Mean ensemble,direction,1,2026-09-08,,,,,,,,,,,,,,,,272000.0,269500.0,-0.0018518518518518823,1.0,0.0,,,,,,,1.0605896190029398,0.6480027521784925,scored,True,2026-09-24T03:22:50.820934+00:00,,github-actions,7fa00c14b86e,,,,,,,,,,,,,,
3,20260907T073822_195a5b5fc343,2026-09-07 07:38:29.810401+00:00,2026-09-08,2026-09-07,a307014464b8ae7373c6,2eb5adc74ae8d1ff1953,close_to_close,0.0136828813440098,{},7ed3ebee8562f01fbf17,lagged_latest_vintage,상승,0.2740050554085838,0.3331294780249524,0.3928654665664638,No macro ensemble,20260907T073822_195a5b5fc343:direction:No macro ensemble,direction,1,2026-09-08,,,,,,,,,,,,,,,,272000.0,269500.0,-0.0018518518518518823,1.0,0.0,,,,,,,1.0992240416759724,0.6741383382892188,scored,True,2026-09-24T03:22:50.820934+00:00,,github-actions,7fa00c14b86e,,,,,,,,,,,,,,
3,20260907T073822_195a5b5fc343,2026-09-07 07:38:29.810401+00:00,2026-09-08,2026-09-07,a307014464b8ae7373c6,2eb5adc74ae8d1ff1953,close_to_close,0.0136828813440098,{},7ed3ebee8562f01fbf17,lagged_latest_vintage,상승,0.2662804462868134,0.3482702433049658,0.3854493104082208,No NSI ensemble,20260907T073822_195a5b5fc343:direction:No NSI ensemble,direction,1,2026-09-08,,,,,,,,,,,,,,,,272000.0,269500.0,-0.0018518518518518823,1.0,0.0,,,,,,,1.0547765393541515,0.6442281227306459,scored,True,2026-09-24T03:22:50.820934+00:00,,github-actions,7fa00c14b86e,,,,,,,,,,,,,,
3,20260907T073822_195a5b5fc343,2026-09-07 07:38:29.810401+00:00,2026-09-08,2026-09-07,a307014464b8ae7373c6,2eb5adc74ae8d1ff1953,close_to_close,0.0136828813440098,{},7ed3ebee8562f01fbf17,lagged_latest_vintage,,,,,Ridge,20260907T073822_195a5b5fc343:price:1,price,1,2026-09-08,1거래일,1.0,270000.0,있음,0.0105010195120087,272835.27526824235,272835.27526824235,257257.21129368088,288413.33924280386,0.8176100628930818,0.0231878161731997,0.0249200652979917,-0.0030242447836665,-0.0005684918583276,1.0,272000.0,269500.0,-0.0018518518518518823,,,3335.275268242345,3335.275268242345,0.012375789492550446,0.012352871363860582,1.0,3335.275268242345,,,scored,True,2026-09-24T03:22:50.820934+00:00,simple,github-actions,7fa00c14b86e,0.0105010195120087,,,,,,,,,,,,,
3,20260907T073822_195a5b5fc343,2026-09-07 07:38:29.810401+00:00,2026-09-08,2026-09-07,a307014464b8ae7373c6,2eb5adc74ae8d1ff1953,close_to_close,0.0136828813440098,{},7ed3ebee8562f01fbf17,lagged_latest_vintage,,,,,Ridge,20260907T073822_195a5b5fc343:price:5,price,5,2026-09-14,1주일,5.0,270000.0,없음,,,270000.0,230666.35503571865,309333.6449642814,0.8294736842105264,0.057253599046671,0.0544371564591795,0.0,0.0,0.0,249500.0,249000.0,-0.07777777777777772,,,,,,,1.0,21000.0,,,scored,True,2026-09-24T03:22:50.820934+00:00,simple,github-actions,7fa00c14b86e,0.0092851049260212,,,,,,,,,,,,,
3,20260907T073822_195a5b5fc343,2026-09-07 07:38:29.810401+00:00,2026-09-08,2026-09-07,a307014464b8ae7373c6,2eb5adc74ae8d1ff1953,close_to_close,0.0136828813440098,{},7ed3ebee8562f01fbf17,lagged_latest_vintage,,,,,Ridge,20260907T073822_195a5b5fc343:price:20,price,20,2026-10-08,1개월,20.0,270000.0,없음,,,270000.0,188192.1260312211,351807.87396877893,0.7931769722814499,0.143194552104804,0.1281894306620604,0.0,0.0,0.0,269500.0,262000.0,-0.029629629629629672,,,,,,,1.0,8000.0,,,scored,True,2026-10-08T07:11:10.988410+00:00,simple,github-actions,7fa00c14b86e,0.0396416171619341,,,,,,,,,,,,,
3,20260907T073822_195a5b5fc343,2026-09-07 07:38:29.810401+00:00,2026-09-08,2026-09-07,a307014464b8ae7373c6,2eb5adc74ae8d1ff1953,close_to_close,0.0136828813440098,{},7ed3ebee8562f01fbf17,lagged_latest_vintage,,,,,Ridge,20260907T073822_195a5b5fc343:open:1,open,1,2026-09-08,시초가,1.0,270000.0,있음,0.0148512758314609,,,,,0.8536585365853658,0.0121860373398065,0.0163788296878255,-0.0059623052952738,-0.0024912843159355,1.0,272000.0,269500.0,0.007407407407407307,,,2009.8444744944572,2009.8444744944572,0.007389134097406093,0.007443868424053594,1.0,2009.8444744944572,,,scored,True,2026-09-24T03:22:50.820934+00:00,,github-actions,7fa00c14b86e,0.0148512758314609,274009.84447449446,274009.84447449446,264098.59545195,283921.09349703894,0.787948042557587,0.6470232044103477,,,,,,,
3,20260907T111018_46567e60f975,2026-09-07 11:10:25.020669+00:00,2026-09-08,2026-09-07,e1ffabe609e8ff43adee,7cfdc5ba38f87fc3691f,close_to_close,0.0136828813440098,{},7ed3ebee8562f01fbf17,lagged_latest_vintage,보합,0.3040675986353622,0.3580364435769889,0.3378959577876489,Logistic,20260907T111018_46567e60f975:direction:Logistic,direction,1,2026-09-08,,,,,,,,,,,,,,,,272000.0,269500.0,-0.0018518518518518823,1.0,1.0,,,,,,,1.0271205000613848,0.6187479906043889,scored,True,2026-09-24T03:22:50.820934+00:00,,github-actions,7fa00c14b86e,,,,,,,,,,,,,,
3,20260907T111018_46567e60f975,2026-09-07 11:10:25.020669+00:00,2026-09-08,2026-09-07,e1ffabe609e8ff43adee,7cfdc5ba38f87fc3691f,close_to_close,0.0136828813440098,{},7ed3ebee8562f01fbf17,lagged_latest_vintage,상승,0.2294369236368112,0.3292731761009672,0.4412899002622216,LightGBM,20260907T111018_46567e60f975:direction:LightGBM,direction,1,2026-09-08,,,,,,,,,,,,,,,,272000.0,269500.0,-0.0018518518518518823,1.0,0.0,,,,,,,1.1108675502484482,0.6972525502990496,scored,True,2026-09-24T03:22:50.820934+00:00,,github-actions,7fa00c14b86e,,,,,,,,,,,,,,
3,20260907T111018_46567e60f975,2026-09-07 11:10:25.020669+00:00,2026-09-08,2026-09-07,e1ffabe609e8ff43adee,7cfdc5ba38f87fc3691f,close_to_close,0.0136828813440098,{},7ed3ebee8562f01fbf17,lagged_latest_vintage,상승,0.2667522611360867,0.343654809838978,0.3895929290249352,Mean ensemble,20260907T111018_46567e60f975:direction:Mean ensemble,direction,1,2026-09-08,,,,,,,,,,,,,,,,272000.0,269500.0,-0.0018518518518518823,1.0,0.0,,,,,,,1.0681175851819655,0.6537284278149514,scored,True,2026-09-24T03:22:50.820934+00:00,,github-actions,7fa00c14b86e,,,,,,,,,,,,,,
3,20260907T111018_46567e60f975,2026-09-07 11:10:25.020669+00:00,2026-09-08,2026-09-07,e1ffabe609e8ff43adee,7cfdc5ba38f87fc3691f,close_to_close,0.0136828813440098,{},7ed3ebee8562f01fbf17,lagged_latest_vintage,상승,0.2892872076688191,0.3221571844345133,0.3885556078966675,No macro ensemble,20260907T111018_46567e60f975:direction:No macro ensemble,direction,1,2026-09-08,,,,,,,,,,,,,,,,272000.0,269500.0,-0.0018518518518518823,1.0,0.0,,,,,,,1.1327157021266407,0.6941334315625178,scored,True,2026-09-24T03:22:50.820934+00:00,,github-actions,7fa00c14b86e,,,,,,,,,,,,,,
3,20260907T111018_46567e60f975,2026-09-07 11:10:25.020669+00:00,2026-09-08,2026-09-07,e1ffabe609e8ff43adee,7cfdc5ba38f87fc3691f,close_to_close,0.0136828813440098,{},7ed3ebee8562f01fbf17,lagged_latest_vintage,,,,,Ridge,20260907T111018_46567e60f975:price:1,price,1,2026-09-08,1거래일,1.0,270000.0,있음,0.0091084057890787,272459.26956305123,272459.26956305123,256900.84464437625,288017.6944817262,0.8176100628930818,0.0231246456301395,0.0249200652979917,-0.0031479582771402,-0.0006071532338833,1.0,272000.0,269500.0,-0.0018518518518518823,,,2959.2695630512317,2959.2695630512317,0.010980592070691027,0.010960257640930582,1.0,2959.2695630512317,,,scored,True,2026-09-24T03:22:50.820934+00:00,simple,github-actions,7fa00c14b86e,0.0091084057890787,,,,,,,,,,,,,
3,20260907T111018_46567e60f975,2026-09-07 11:10:25.020669+00:00,2026-09-08,2026-09-07,e1ffabe609e8ff43adee,7cfdc5ba38f87fc3691f,close_to_close,0.0136828813440098,{},7ed3ebee8562f01fbf17,lagged_latest_vintage,,,,,Ridge,20260907T111018_46567e60f975:price:5,price,5,2026-09-14,1주일,5.0,270000.0,없음,,,270000.0,230666.4229220356,309333.5770779645,0.8294736842105264,0.0567795631272634,0.0544371564591795,0.0,0.0,0.0,249500.0,249000.0,-0.07777777777777772,,,,,,,1.0,21000.0,,,scored,True,2026-09-24T03:22:50.820934+00:00,simple,github-actions,7fa00c14b86e,0.0059717036087,,,,,,,,,,,,,
3,20260907T111018_46567e60f975,2026-09-07 11:10:25.020669+00:00,2026-09-08,2026-09-07,e1ffabe609e8ff43adee,7cfdc5ba38f87fc3691f,close_to_close,0.0136828813440098,{},7ed3ebee8562f01fbf17,lagged_latest_vintage,,,,,Ridge,20260907T111018_46567e60f975:price:20,price,20,2026-10-08,1개월,20.0,270000.0,없음,,,270000.0,188191.8822437184,351808.11775628163,0.7931769722814499,0.1430208080375469,0.1281894306620604,0.0,0.0,0.0,269500.0,262000.0,-0.029629629629629672,,,,,,,1.0,8000.0,,,scored,True,2026-10-08T07:11:10.988410+00:00,simple,github-actions,7fa00c14b86e,0.0404956256513754,,,,,,,,,,,,,
3,20260907T111018_46567e60f975,2026-09-07 11:10:25.020669+00:00,2026-09-08,2026-09-07,e1ffabe609e8ff43adee,7cfdc5ba38f87fc3691f,close_to_close,0.0136828813440098,{},7ed3ebee8562f01fbf17,lagged_latest_vintage,,,,,Ridge,20260907T111018_46567e60f975:open:1,open,1,2026-09-08,시초가,1.0,270000.0,있음,0.0146701959893107,,,,,0.8519163763066202,0.0121938177000806,0.0163788296878255,-0.0059518767407587,-0.0024802232855947,1.0,272000.0,269500.0,0.007407407407407307,,,1960.9529171139002,1960.9529171139002,0.007209385724683457,0.007262788581903393,1.0,1960.9529171139002,,,scored,True,2026-09-24T03:22:50.820934+00:00,,github-actions,7fa00c14b86e,0.0146701959893107,273960.9529171139,273960.9529171139,264047.95710873284,283873.9487254949,0.7879010063895406,0.6467451019957582,,,,,,,
3,20260908T185136_472a553bfa72,2026-09-08 18:51:46.908742+00:00,2026-09-09,2026-09-08,0ac1a04fb8f906c44f93,cee1232d50d58d70f18f,close_to_close,0.0136726071398724,{},7ed3ebee8562f01fbf17,lagged_latest_vintage,상승,0.2735438727345016,0.3547035117575019,0.3717526155079964,Logistic,20260908T185136_472a553bfa72:direction:Logistic,direction,1,2026-09-09,,,,,,,,,,,,,,,,269500.0,269500.0,0.0,1.0,0.0,,,,,,,1.0364730166101794,0.6294338151857258,scored,True,2026-09-24T03:22:50.820934+00:00,,github-actions,7fa00c14b86e,,,,,,,,,,,,,,
3,20260908T185136_472a553bfa72,2026-09-08 18:51:46.908742+00:00,2026-09-09,2026-09-08,0ac1a04fb8f906c44f93,cee1232d50d58d70f18f,close_to_close,0.0136726071398724,{},7ed3ebee8562f01fbf17,lagged_latest_vintage,상승,0.1876773112173322,0.393002973898006,0.4193197148846618,LightGBM,20260908T185136_472a553bfa72:direction:LightGBM,direction,1,2026-09-09,,,,,,,,,,,,,,,,269500.0,269500.0,0.0,1.0,0.0,,,,,,,0.9339380999710081,0.5794971861333862,scored,True,2026-09-24T03:22:50.820934+00:00,,github-actions,7fa00c14b86e,,,,,,,,,,,,,,
3,20260908T185136_472a553bfa72,2026-09-08 18:51:46.908742+00:00,2026-09-09,2026-09-08,0ac1a04fb8f906c44f93,cee1232d50d58d70f18f,close_to_close,0.0136726071398724,{},7ed3ebee8562f01fbf17,lagged_latest_vintage,상승,0.2306105919759169,0.3738532428277539,0.3955361651963291,Mean ensemble,20260908T185136_472a553bfa72:direction:Mean ensemble,direction,1,2026-09-09,,,,,,,,,,,,,,,,269500.0,269500.0,0.0,1.0,0.0,,,,,,,0.9838919574324554,0.6016898646270203,scored,True,2026-09-24T03:22:50.820934+00:00,,github-actions,7fa00c14b86e,,,,,,,,,,,,,,
3,20260908T185136_472a553bfa72,2026-09-08 18:51:46.908742+00:00,2026-09-09,2026-09-08,0ac1a04fb8f906c44f93,cee1232d50d58d70f18f,close_to_close,0.0136726071398724,{},7ed3ebee8562f01fbf17,lagged_latest_vintage,상승,0.2347423852260234,0.3789252593140616,0.386332355459915,No macro ensemble,20260908T185136_472a553bfa72:direction:No macro ensemble,direction,1,2026-09-09,,,,,,,,,,,,,,,,269500.0,269500.0,0.0,1.0,0.0,,,,,,,0.9704162983232595,0.5900905098149145,scored,True,2026-09-24T03:22:50.820934+00:00,,github-actions,7fa00c14b86e,,,,,,,,,,,,,,
3,20260908T185136_472a553bfa72,2026-09-08 18:51:46.908742+00:00,2026-09-09,2026-09-08,0ac1a04fb8f906c44f93,cee1232d50d58d70f18f,close_to_close,0.0136726071398724,{},7ed3ebee8562f01fbf17,lagged_latest_vintage,상승,0.2384718263788271,0.3744898558105198,0.3870383178106529,No NSI ensemble,20260908T185136_472a553bfa72:direction:No NSI ensemble,direction,1,2026-09-09,,,,,,,,,,,,,,,,269500.0,269500.0,0.0,1.0,0.0,,,,,,,0.9821905636800616,0.5979304119140978,scored,True,2026-09-24T03:22:50.820934+00:00,,github-actions,7fa00c14b86e,,,,,,,,,,,,,,
3,20260908T185136_472a553bfa72,2026-09-08 18:51:46.908742+00:00,2026-09-09,2026-09-08,0ac1a04fb8f906c44f93,cee1232d50d58d70f18f,close_to_close,0.0136726071398724,{},7ed3ebee8562f01fbf17,lagged_latest_vintage,상승,0.2064040070501794,0.3917290463355998,0.4018669466142208,No flow ensemble,20260908T185136_472a553bfa72:direction:No flow ensemble,direction,1,2026-09-09,,,,,,,,,,,,,,,,269500.0,269500.0,0.0,1.0,0.0,,,,,,,0.9371848865138385,0.5740932099792064,scored,True,2026-09-24T03:22:50.820934+00:00,,github-actions,7fa00c14b86e,,,,,,,,,,,,,,
3,20260908T185136_472a553bfa72,2026-09-08 18:51:46.908742+00:00,2026-09-09,2026-09-08,0ac1a04fb8f906c44f93,cee1232d50d58d70f18f,close_to_close,0.0136726071398724,{},7ed3ebee8562f01fbf17,lagged_latest_vintage,,,,,Ridge,20260908T185136_472a553bfa72:price:1,price,1,2026-09-09,1거래일,1.0,269500.0,있음,0.0105649235288459,272347.246891024,272347.246891024,256795.5424252022,287898.95135684585,0.8218029350104822,0.023058159938547,0.0247806429416702,-0.0030158778290525,-0.0005824629483744,1.0,269500.0,269500.0,0.0,,,2847.2468910239986,2847.2468910239986,0.010564923528846006,0.0105649235288459,1.0,2847.2468910239986,,,scored,True,2026-09-24T03:22:50.820934+00:00,simple,github-actions,7fa00c14b86e,0.0105649235288459,,,,,,,,,,,,,
3,20260908T185136_472a553bfa72,2026-09-08 18:51:46.908742+00:00,2026-09-09,2026-09-08,0ac1a04fb8f906c44f93,cee1232d50d58d70f18f,close_to_close,0.0136726071398724,{},7ed3ebee8562f01fbf17,lagged_latest_vintage,,,,,Ridge,20260908T185136_472a553bfa72:price:5,price,5,2026-09-15,1주일,5.0,269500.0,없음,,,269500.0,230053.879283095,308946.120716905,0.8315789473684211,0.0576197270372056,0.0543901907986619,0.0,0.0,0.0,248000.0,248500.0,-0.07792207792207795,,,,,,,1.0,21000.0,,,scored,True,2026-09-24T03:22:50.820934+00:00,simple,github-actions,7fa00c14b86e,0.0090347158119649,,,,,,,,,,,,,
3,20260908T185136_472a553bfa72,2026-09-08 18:51:46.908742+00:00,2026-09-09,2026-09-08,0ac1a04fb8f906c44f93,cee1232d50d58d70f18f,close_to_close,0.0136726071398724,{},7ed3ebee8562f01fbf17,lagged_latest_vintage,,,,,Ridge,20260908T185136_472a553bfa72:price:20,price,20,2026-10-12,1개월,20.0,269500.0,없음,,,269500.0,187904.5249876586,351095.4750123414,0.7931769722814499,0.1446372983461746,0.1283013971390984,0.0,0.0,0.0,,,,,,,,,,,,,,pending,True,2026-09-24T03:22:50.820934+00:00,simple,github-actions,7fa00c14b86e,0.0358284794172217,,,,,,,,,,,,,
3,20260908T185136_472a553bfa72,2026-09-08 18:51:46.908742+00:00,2026-09-09,2026-09-08,0ac1a04fb8f906c44f93,cee1232d50d58d70f18f,close_to_close,0.0136726071398724,{},7ed3ebee8562f01fbf17,lagged_latest_vintage,,,,,Ridge,20260908T185136_472a553bfa72:open:1,open,1,2026-09-09,시초가예측,1.0,269500.0,있음,0.015059283003211,,,,,0.8673647469458988,0.01206212814635,0.0162889510067709,-0.0059727781807949,-0.0025456111237843,1.0,269500.0,269500.0,0.0,,,4058.4767693653703,4058.4767693653703,0.015059283003211021,0.015059283003211,1.0,4058.4767693653703,,,scored,True,2026-09-24T03:22:50.820934+00:00,,github-actions,7fa00c14b86e,0.015059283003211,273558.47676936537,273558.47676936537,263545.14898698346,283571.8045517473,0.7708243833790089,0.6410876870688913,,,,,,,
3,20260909T113933_ef4b81f55da8,2026-09-09 11:39:48.958874+00:00,2026-09-10,2026-09-09,152e3c9bc473655b2978,92f57958414c79f097af,close_to_close,0.0134891116036393,{},7ed3ebee8562f01fbf17,lagged_latest_vintage,보합,0.3343290566087146,0.3521960775167704,0.3134748658745151,Logistic,20260909T113933_ef4b81f55da8:direction:Logistic,direction,1,2026-09-10,,,,,,,,,,,,,,,,269000.0,269000.0,-0.0018552875695733162,1.0,1.0,,,,,,,1.0435672200724229,0.6296923316125764,scored,True,2026-09-24T03:22:50.820934+00:00,,github-actions,7fa00c14b86e,,,,,,,,,,,,,,
3,20260909T113933_ef4b81f55da8,2026-09-09 11:39:48.958874+00:00,2026-09-10,2026-09-09,152e3c9bc473655b2978,92f57958414c79f097af,close_to_close,0.0134891116036393,{},7ed3ebee8562f01fbf17,lagged_latest_vintage,보합,0.2191262672931292,0.5365681566358657,0.2443055760710049,LightGBM,20260909T113933_ef4b81f55da8:direction:LightGBM,direction,1,2026-09-10,,,,,,,,,,,,,,,,269000.0,269000.0,-0.0018552875695733162,1.0,1.0,,,,,,,0.6225616855843691,0.3224706089610849,scored,True,2026-09-24T03:22:50.820934+00:00,,github-actions,7fa00c14b86e,,,,,,,,,,,,,,
3,20260909T113933_ef4b81f55da8,2026-09-09 11:39:48.958874+00:00,2026-09-10,2026-09-09,152e3c9bc473655b2978,92f57958414c79f097af,close_to_close,0.0134891116036393,{},7ed3ebee8562f01fbf17,lagged_latest_vintage,보합,0.2767276619509219,0.4443821170763181,0.27889022097276,Mean ensemble,20260909T113933_ef4b81f55da8:direction:Mean ensemble,direction,1,2026-09-10,,,,,,,,,,,,,,,,269000.0,269000.0,-0.0018552875695733162,1.0,1.0,,,,,,,0.8110704626286814,0.463069186067653,scored,True,2026-09-24T03:22:50.820934+00:00,,github-actions,7fa00c14b86e,,,,,,,,,,,,,,
3,20260909T113933_ef4b81f55da8,2026-09-09 11:39:48.958874+00:00,2026-09-10,2026-09-09,152e3c9bc473655b2978,92f57958414c79f097af,close_to_close,0.0134891116036393,{},7ed3ebee8562f01fbf17,lagged_latest_vintage,보합,0.2745588146672502,0.4472414919037183,0.2781996934290313,No macro ensemble,20260909T113933_ef4b81f55da8:direction:No macro ensemble,direction,1,2026-09-10,,,,,,,,,,,,,,,,269000.0,269000.0,-0.0018552875695733162,1.0,1.0,,,,,,,0.8046565799073564,0.4583195804083195,scored,True,2026-09-24T03:22:50.820934+00:00,,github-actions,7fa00c14b86e,,,,,,,,,,,,,,
3,20260909T113933_ef4b81f55da8,2026-09-09 11:39:48.958874+00:00,2026-09-10,2026-09-09,152e3c9bc473655b2978,92f57958414c79f097af,close_to_close,0.0134891116036393,{},7ed3ebee8562f01fbf17,lagged_latest_vintage,보합,0.2644499766043645,0.4720277035686181,0.2635223198270173,No NSI ensemble,20260909T113933_ef4b81f55da8:direction:No NSI ensemble,direction,1,2026-09-10,,,,,,,,,,,,,,,,269000.0,269000.0,-0.0018552875695733162,1.0,1.0,,,,,,,0.7507176011176976,0.4181325489720887,scored,True,2026-09-24T03:22:50.820934+00:00,,github-actions,7fa00c14b86e,,,,,,,,,,,,,,
3,20260909T113933_ef4b81f55da8,2026-09-09 11:39:48.958874+00:00,2026-09-10,2026-09-09,152e3c9bc473655b2978,92f57958414c79f097af,close_to_close,0.0134891116036393,{},7ed3ebee8562f01fbf17,lagged_latest_vintage,보합,0.2676010829147304,0.4510018731033206,0.281397043981949,No flow ensemble,20260909T113933_ef4b81f55da8:direction:No flow ensemble,direction,1,2026-09-10,,,,,,,,,,,,,,,,269000.0,269000.0,-0.0018552875695733162,1.0,1.0,,,,,,,0.7962837862656429,0.45219357927497783,scored,True,2026-09-24T03:22:50.820934+00:00,,github-actions,7fa00c14b86e,,,,,,,,,,,,,,
3,20260909T113933_ef4b81f55da8,2026-09-09 11:39:48.958874+00:00,2026-09-10,2026-09-09,152e3c9bc473655b2978,92f57958414c79f097af,close_to_close,0.0134891116036393,{},7ed3ebee8562f01fbf17,lagged_latest_vintage,보합,0.2650510777757492,0.4697126474286657,0.2652362747955851,No macro price ensemble,20260909T113933_ef4b81f55da8:direction:No macro price ensemble,direction,1,2026-09-10,,,,,,,,,,,,,,,,269000.0,269000.0,-0.0018552875695733162,1.0,1.0,,,,,,,0.7556341597018115,0.42180703159463995,scored,True,2026-09-24T03:22:50.820934+00:00,,github-actions,7fa00c14b86e,,,,,,,,,,,,,,
3,20260909T113933_ef4b81f55da8,2026-09-09 11:39:48.958874+00:00,2026-09-10,2026-09-09,152e3c9bc473655b2978,92f57958414c79f097af,close_to_close,0.0134891116036393,{},7ed3ebee8562f01fbf17,lagged_latest_vintage,,,,,Ridge,20260909T113933_ef4b81f55da8:price:1,price,1,2026-09-10,1거래일,1.0,269500.0,있음,0.0015625463656568,269921.1062455445,269921.1062455445,254620.47065832844,285221.74183276057,0.8218029350104822,0.0230459414544656,0.0247645782975422,-0.0029972961583667,-0.0005751422086899,1.0,269000.0,269000.0,-0.0018552875695733162,,,921.1062455445062,921.1062455445062,0.0034241867864108037,0.003417833935230116,1.0,921.1062455445062,,,scored,True,2026-09-24T03:22:50.820934+00:00,simple,github-actions,7fa00c14b86e,0.0015625463656568,,,,,,,,,,,,,
3,20260909T113933_ef4b81f55da8,2026-09-09 11:39:48.958874+00:00,2026-09-10,2026-09-09,152e3c9bc473655b2978,92f57958414c79f097af,close_to_close,0.0134891116036393,{},7ed3ebee8562f01fbf17,lagged_latest_vintage,,,,,Ridge,20260909T113933_ef4b81f55da8:price:5,price,5,2026-09-16,1주일,5.0,269500.0,없음,,,269500.0,230583.1692373205,308416.8307626796,0.8315789473684211,0.0580704474417676,0.05446715514094,0.0,0.0,0.0,248000.0,253500.0,-0.05936920222634512,,,,,,,1.0,16000.0,,,scored,True,2026-09-24T03:22:50.820934+00:00,simple,github-actions,7fa00c14b86e,-0.0009428880566303,,,,,,,,,,,,,
3,20260909T113933_ef4b81f55da8,2026-09-09 11:39:48.958874+00:00,2026-09-10,2026-09-09,152e3c9bc473655b2978,92f57958414c79f097af,close_to_close,0.0134891116036393,{},7ed3ebee8562f01fbf17,lagged_latest_vintage,,,,,Ridge,20260909T113933_ef4b81f55da8:price:20,price,20,2026-10-13,1개월,20.0,269500.0,없음,,,269500.0,188999.57703631104,350000.4229636889,0.7931769722814499,0.1459216367412008,0.1284949540723891,0.0,0.0,0.0,,,,,,,,,,,,,,pending,True,2026-09-24T03:22:50.820934+00:00,simple,github-actions,7fa00c14b86e,0.0338422428641205,,,,,,,,,,,,,
3,20260909T113933_ef4b81f55da8,2026-09-09 11:39:48.958874+00:00,2026-09-10,2026-09-09,152e3c9bc473655b2978,92f57958414c79f097af,close_to_close,0.0134891116036393,{},7ed3ebee8562f01fbf17,lagged_latest_vintage,,,,,Ridge,20260909T113933_ef4b81f55da8:open:1,open,1,2026-09-10,시초가예측,1.0,269500.0,있음,0.0042199403532326,,,,,0.8656195462478184,0.0120673295367651,0.0162745787657278,-0.005932376471854,-0.0024884351942539,0.9877176244149404,269000.0,269000.0,-0.0018552875695733162,,,1637.2739251962048,1637.2739251962048,0.006086520168015632,0.006075227922805916,1.0,1637.2739251962048,,,scored,True,2026-09-24T03:22:50.820934+00:00,,github-actions,7fa00c14b86e,0.0042724157683551,270637.2739251962,270637.2739251962,260665.828397766,280608.7194526264,0.7693747184648154,0.6394804505651842,,,,,,,
3,20260910T113507_3bbd12a6321a,2026-09-10 11:35:23.715471+00:00,2026-09-11,2026-09-10,c290e26b1301686067ea,fcf9a52b1a6a87f3bd29,close_to_close,0.0128137490661109,{},7ed3ebee8562f01fbf17,lagged_latest_vintage,보합,0.3318178780059597,0.3852008474300412,0.282981274563999,Logistic,20260910T113507_3bbd12a6321a:direction:Logistic,direction,1,2026-09-11,,,,,,,,,,,,,,,,258000.0,259500.0,-0.03531598513011147,0.0,0.0,,,,,,,1.103169020802867,0.6749254427671458,scored,True,2026-09-24T03:22:50.820934+00:00,,github-actions,7fa00c14b86e,,,,,,,,미국지표:미국 생산자물가(PPI),,,,,,
3,20260910T113507_3bbd12a6321a,2026-09-10 11:35:23.715471+00:00,2026-09-11,2026-09-10,c290e26b1301686067ea,fcf9a52b1a6a87f3bd29,close_to_close,0.0128137490661109,{},7ed3ebee8562f01fbf17,lagged_latest_vintage,보합,0.2257221155662973,0.5023875645964218,0.271890319837281,LightGBM,20260910T113507_3bbd12a6321a:direction:LightGBM,direction,1,2026-09-11,,,,,,,,,,,,,,,,258000.0,259500.0,-0.03531598513011147,0.0,0.0,,,,,,,1.4884506134003221,0.9258238534054731,scored,True,2026-09-24T03:22:50.820934+00:00,,github-actions,7fa00c14b86e,,,,,,,,미국지표:미국 생산자물가(PPI),,,,,,
3,20260910T113507_3bbd12a6321a,2026-09-10 11:35:23.715471+00:00,2026-09-11,2026-09-10,c290e26b1301686067ea,fcf9a52b1a6a87f3bd29,close_to_close,0.0128137490661109,{},7ed3ebee8562f01fbf17,lagged_latest_vintage,보합,0.2787699967861285,0.4437942060132315,0.27743579720064,Mean ensemble,20260910T113507_3bbd12a6321a:direction:Mean ensemble,direction,1,2026-09-11,,,,,,,,,,,,,,,,258000.0,259500.0,-0.03531598513011147,0.0,0.0,,,,,,,1.2773682214314692,0.7940966363951503,scored,True,2026-09-24T03:22:50.820934+00:00,,github-actions,7fa00c14b86e,,,,,,,,미국지표:미국 생산자물가(PPI),,,,,,
3,20260910T113507_3bbd12a6321a,2026-09-10 11:35:23.715471+00:00,2026-09-11,2026-09-10,c290e26b1301686067ea,fcf9a52b1a6a87f3bd29,close_to_close,0.0128137490661109,{},7ed3ebee8562f01fbf17,lagged_latest_vintage,보합,0.2923671229103075,0.4266610392970928,0.2809718377925997,No macro ensemble,20260910T113507_3bbd12a6321a:direction:No macro ensemble,direction,1,2026-09-11,,,,,,,,,,,,,,,,258000.0,259500.0,-0.03531598513011147,0.0,0.0,,,,,,,1.2297449961754618,0.7617291048248621,scored,True,2026-09-24T03:22:50.820934+00:00,,github-actions,7fa00c14b86e,,,,,,,,미국지표:미국 생산자물가(PPI),,,,,,
3,20260910T113507_3bbd12a6321a,2026-09-10 11:35:23.715471+00:00,2026-09-11,2026-09-10,c290e26b1301686067ea,fcf9a52b1a6a87f3bd29,close_to_close,0.0128137490661109,{},7ed3ebee8562f01fbf17,lagged_latest_vintage,보합,0.3018420528402388,0.4014919715749888,0.2966659755847724,Candidate expanding,20260910T113507_3bbd12a6321a:direction:Candidate expanding,direction,1,2026-09-11,,,,,,,,,,,,,,,,258000.0,259500.0,-0.03531598513011147,0.0,0.0,,,,,,,1.1978514022617497,0.7366310234911683,scored,True,2026-09-24T03:22:50.820934+00:00,,github-actions,7fa00c14b86e,,,,,,,,미국지표:미국 생산자물가(PPI),,,,,,
3,20260910T113507_3bbd12a6321a,2026-09-10 11:35:23.715471+00:00,2026-09-11,2026-09-10,c290e26b1301686067ea,fcf9a52b1a6a87f3bd29,close_to_close,0.0128137490661109,{},7ed3ebee8562f01fbf17,lagged_latest_vintage,보합,0.2761701753042939,0.4475841903191403,0.2762456343765658,No NSI ensemble,20260910T113507_3bbd12a6321a:direction:No NSI ensemble,direction,1,2026-09-11,,,,,,,,,,,,,,,,258000.0,259500.0,-0.03531598513011147,0.0,0.0,,,,,,,1.2867380260811336,0.8005728730547684,scored,True,2026-09-24T03:22:50.820934+00:00,,github-actions,7fa00c14b86e,,,,,,,,미국지표:미국 생산자물가(PPI),,,,,,
3,20260910T113507_3bbd12a6321a,2026-09-10 11:35:23.715471+00:00,2026-09-11,2026-09-10,c290e26b1301686067ea,fcf9a52b1a6a87f3bd29,close_to_close,0.0128137490661109,{},7ed3ebee8562f01fbf17,lagged_latest_vintage,보합,0.2695937932171275,0.4655046904623039,0.2649015163205686,No flow ensemble,20260910T113507_3bbd12a6321a:direction:No flow ensemble,direction,1,2026-09-11,,,,,,,,,,,,,,,,258000.0,259500.0,-0.03531598513011147,0.0,0.0,,,,,,,1.3108389224006634,0.8203606570982861,scored,True,2026-09-24T03:22:50.820934+00:00,,github-actions,7fa00c14b86e,,,,,,,,미국지표:미국 생산자물가(PPI),,,,,,
3,20260910T113507_3bbd12a6321a,2026-09-10 11:35:23.715471+00:00,2026-09-11,2026-09-10,c290e26b1301686067ea,fcf9a52b1a6a87f3bd29,close_to_close,0.0128137490661109,{},7ed3ebee8562f01fbf17,lagged_latest_vintage,보합,0.2845085886947174,0.4394855822158614,0.2760058290894213,No macro price ensemble,20260910T113507_3bbd12a6321a:direction:No macro price ensemble,direction,1,2026-09-11,,,,,,,,,,,,,,,,258000.0,259500.0,-0.03531598513011147,0.0,0.0,,,,,,,1.2569918371377933,0.7812547543185786,scored,True,2026-09-24T03:22:50.820934+00:00,,github-actions,7fa00c14b86e,,,,,,,,미국지표:미국 생산자물가(PPI),,,,,,
3,20260910T113507_3bbd12a6321a,2026-09-10 11:35:23.715471+00:00,2026-09-11,2026-09-10,c290e26b1301686067ea,fcf9a52b1a6a87f3bd29,close_to_close,0.0128137490661109,{},7ed3ebee8562f01fbf17,lagged_latest_vintage,,,,,Ridge,20260910T113507_3bbd12a6321a:price:1,price,1,2026-09-11,1거래일,1.0,269000.0,있음,-0.0010226708624694,268724.9015379957,268724.9015379957,254217.8575813085,283231.94549468294,0.8218029350104822,0.023011098240217,0.0247252979348117,-0.0030214846795789,-0.0005654396207188,1.0,258000.0,259500.0,-0.03531598513011147,,,9224.901537995727,9224.901537995727,0.035548753518287964,0.034293314267642074,1.0,9224.901537995727,,,scored,True,2026-09-24T03:22:50.820934+00:00,simple,github-actions,7fa00c14b86e,-0.0010226708624694,,,,,,,미국지표:미국 생산자물가(PPI),,,,,,
3,20260910T113507_3bbd12a6321a,2026-09-10 11:35:23.715471+00:00,2026-09-11,2026-09-10,c290e26b1301686067ea,fcf9a52b1a6a87f3bd29,close_to_close,0.0128137490661109,{},7ed3ebee8562f01fbf17,lagged_latest_vintage,,,,,Ridge,20260910T113507_3bbd12a6321a:price:5,price,5,2026-09-17,1주일,5.0,269000.0,없음,,,269000.0,232301.2608609729,305698.7391390271,0.8315789473684211,0.0583462835534946,0.054576069572613,0.0,0.0,0.0,257000.0,252500.0,-0.06133828996282531,,,,,,,1.0,16500.0,,,scored,True,2026-09-24T03:22:50.820934+00:00,simple,github-actions,7fa00c14b86e,0.001205705962274,,,,,,,미국지표:미국 생산자물가(PPI),,,,,,
3,20260910T113507_3bbd12a6321a,2026-09-10 11:35:23.715471+00:00,2026-09-11,2026-09-10,c290e26b1301686067ea,fcf9a52b1a6a87f3bd29,close_to_close,0.0128137490661109,{},7ed3ebee8562f01fbf17,lagged_latest_vintage,,,,,Ridge,20260910T113507_3bbd12a6321a:price:20,price,20,2026-10-14,1개월,20.0,269000.0,없음,,,269000.0,192671.92135267984,345328.07864732016,0.7931769722814499,0.1464399508108293,0.1284449164444616,0.0,0.0,0.0,,,,,,,,,,,,,,pending,True,2026-09-24T03:22:50.820934+00:00,simple,github-actions,7fa00c14b86e,0.031611626388332,,,,,,,미국지표:미국 생산자물가(PPI),,,,,,
3,20260910T113507_3bbd12a6321a,2026-09-10 11:35:23.715471+00:00,2026-09-11,2026-09-10,c290e26b1301686067ea,fcf9a52b1a6a87f3bd29,close_to_close,0.0128137490661109,{},7ed3ebee8562f01fbf17,lagged_latest_vintage,,,,,Ridge,20260910T113507_3bbd12a6321a:open:1,open,1,2026-09-11,시초가예측,1.0,269000.0,있음,-0.0001348870573565,,,,,0.8658536585365854,0.0120479569059426,0.0162494580493582,-0.0059421297313445,-0.0024954486158961,1.0,258000.0,259500.0,-0.040892193308550207,,,10963.715381571092,10963.715381571092,0.04249502085880268,0.040757306251193705,0.0,10963.715381571092,,,scored,True,2026-09-24T03:22:50.820934+00:00,,github-actions,7fa00c14b86e,-0.0001348870573565,268963.7153815711,268963.7153815711,259075.1239652589,278852.3067978833,0.7702810725988831,0.6408277809787549,미국지표:미국 생산자물가(PPI),,,,,,
3,20260911T092334_19d40f654256,2026-09-11 09:23:46.987259+00:00,2026-09-14,2026-09-11,9586d0080f3d17dcf29b,01a15a32dfbfbe7a4a16,close_to_close,0.0126425658999971,{},7ed3ebee8562f01fbf17,lagged_latest_vintage,하락,0.39990156449579,0.3567648310173958,0.2433336044868141,Logistic,20260911T092334_19d40f654256:direction:Logistic,direction,1,2026-09-14,,,,,,,,,,,,,,,,249500.0,249000.0,-0.040462427745664775,0.0,1.0,,,,,,,0.9165368509194876,0.5466105200180168,scored,True,2026-09-24T03:22:50.820934+00:00,,github-actions,7fa00c14b86e,,,,,,,,미국지표:미국 소비자물가(CPI)|미국지표:미국 생산자물가(PPI),,,,,,
3,20260911T092334_19d40f654256,2026-09-11 09:23:46.987259+00:00,2026-09-14,2026-09-11,9586d0080f3d17dcf29b,01a15a32dfbfbe7a4a16,close_to_close,0.0126425658999971,{},7ed3ebee8562f01fbf17,lagged_latest_vintage,하락,0.3745178048886443,0.3484963476443101,0.2769858474670456,LightGBM,20260911T092334_19d40f654256:direction:LightGBM,direction,1,2026-09-14,,,,,,,,,,,,,,,,249500.0,249000.0,-0.040462427745664775,0.0,1.0,,,,,,,0.9821159340611566,0.5893988404197812,scored,True,2026-09-24T03:22:50.820934+00:00,,github-actions,7fa00c14b86e,,,,,,,,미국지표:미국 소비자물가(CPI)|미국지표:미국 생산자물가(PPI),,,,,,
3,20260911T092334_19d40f654256,2026-09-11 09:23:46.987259+00:00,2026-09-14,2026-09-11,9586d0080f3d17dcf29b,01a15a32dfbfbe7a4a16,close_to_close,0.0126425658999971,{},7ed3ebee8562f01fbf17,lagged_latest_vintage,하락,0.3872096846922171,0.3526305893308529,0.2601597259769299,Mean ensemble,20260911T092334_19d40f654256:direction:Mean ensemble,direction,1,2026-09-14,,,,,,,,,,,,,,,,249500.0,249000.0,-0.040462427745664775,0.0,1.0,,,,,,,0.9487889117741836,0.5675433860872279,scored,True,2026-09-24T03:22:50.820934+00:00,,github-actions,7fa00c14b86e,,,,,,,,미국지표:미국 소비자물가(CPI)|미국지표:미국 생산자물가(PPI),,,,,,
3,20260911T092334_19d40f654256,2026-09-11 09:23:46.987259+00:00,2026-09-14,2026-09-11,9586d0080f3d17dcf29b,01a15a32dfbfbe7a4a16,close_to_close,0.0126425658999971,{},7ed3ebee8562f01fbf17,lagged_latest_vintage,보합,0.3759225006583739,0.3784982571890973,0.2455792421525288,No macro ensemble,20260911T092334_19d40f654256:direction:No macro ensemble,direction,1,2026-09-14,,,,,,,,,,,,,,,,249500.0,249000.0,-0.040462427745664775,0.0,0.0,,,,,,,0.9783722721071964,0.5930428200558917,scored,True,2026-09-24T03:22:50.820934+00:00,,github-actions,7fa00c14b86e,,,,,,,,미국지표:미국 소비자물가(CPI)|미국지표:미국 생산자물가(PPI),,,,,,
3,20260911T092334_19d40f654256,2026-09-11 09:23:46.987259+00:00,2026-09-14,2026-09-11,9586d0080f3d17dcf29b,01a15a32dfbfbe7a4a16,close_to_close,0.0126425658999971,{},7ed3ebee8562f01fbf17,lagged_latest_vintage,하락,0.39184117922353,0.3338051395866168,0.2743536811898531,Candidate expanding,20260911T092334_19d40f654256:direction:Candidate expanding,direction,1,2026-09-14,,,,,,,,,,,,,,,,249500.0,249000.0,-0.040462427745664775,0.0,1.0,,,,,,,0.9368986763311691,0.5565529648850908,scored,True,2026-09-24T03:22:50.820934+00:00,,github-actions,7fa00c14b86e,,,,,,,,미국지표:미국 소비자물가(CPI)|미국지표:미국 생산자물가(PPI),,,,,,
3,20260911T092334_19d40f654256,2026-09-11 09:23:46.987259+00:00,2026-09-14,2026-09-11,9586d0080f3d17dcf29b,01a15a32dfbfbe7a4a16,close_to_close,0.0126425658999971,{},7ed3ebee8562f01fbf17,lagged_latest_vintage,보합,0.3757048378303513,0.3824281257621377,0.2418670364075109,No NSI ensemble,20260911T092334_19d40f654256:direction:No NSI ensemble,direction,1,2026-09-14,,,,,,,,,,,,,,,,249500.0,249000.0,-0.040462427745664775,0.0,0.0,,,,,,,0.9789514496409584,0.5944953841829216,scored,True,2026-09-24T03:22:50.820934+00:00,,github-actions,7fa00c14b86e,,,,,,,,미국지표:미국 소비자물가(CPI)|미국지표:미국 생산자물가(PPI),,,,,,
3,20260911T092334_19d40f654256,2026-09-11 09:23:46.987259+00:00,2026-09-14,2026-09-11,9586d0080f3d17dcf29b,01a15a32dfbfbe7a4a16,close_to_close,0.0126425658999971,{},7ed3ebee8562f01fbf17,lagged_latest_vintage,하락,0.3997617466630672,0.3718760752722756,0.2283621780646572,No flow ensemble,20260911T092334_19d40f654256:direction:No flow ensemble,direction,1,2026-09-14,,,,,,,,,,,,,,,,249500.0,249000.0,-0.040462427745664775,0.0,1.0,,,,,,,0.9168865426764973,0.5507270604993173,scored,True,2026-09-24T03:22:50.820934+00:00,,github-actions,7fa00c14b86e,,,,,,,,미국지표:미국 소비자물가(CPI)|미국지표:미국 생산자물가(PPI),,,,,,
3,20260911T092334_19d40f654256,2026-09-11 09:23:46.987259+00:00,2026-09-14,2026-09-11,9586d0080f3d17dcf29b,01a15a32dfbfbe7a4a16,close_to_close,0.0126425658999971,{},7ed3ebee8562f01fbf17,lagged_latest_vintage,하락,0.4087973667428952,0.3451414260210469,0.2460612072360579,No macro price ensemble,20260911T092334_19d40f654256:direction:No macro price ensemble,direction,1,2026-09-14,,,,,,,,,,,,,,,,249500.0,249000.0,-0.040462427745664775,0.0,1.0,,,,,,,0.8945356815446625,0.5291892752324427,scored,True,2026-09-24T03:22:50.820934+00:00,,github-actions,7fa00c14b86e,,,,,,,,미국지표:미국 소비자물가(CPI)|미국지표:미국 생산자물가(PPI),,,,,,
3,20260911T092334_19d40f654256,2026-09-11 09:23:46.987259+00:00,2026-09-14,2026-09-11,9586d0080f3d17dcf29b,01a15a32dfbfbe7a4a16,close_to_close,0.0126425658999971,{},7ed3ebee8562f01fbf17,lagged_latest_vintage,,,,,Ridge,20260911T092334_19d40f654256:price:1,price,1,2026-09-14,1거래일,1.0,259500.0,있음,-0.0096066753115904,257007.0677566423,257007.0677566423,243180.18043292323,270833.95508036134,0.8238993710691824,0.023028736339577,0.0247910711083752,-0.0031136528460128,-0.0006101022678841,1.0,249500.0,249000.0,-0.040462427745664775,,,8007.067756642296,8007.067756642296,0.0321568986210534,0.030855752434074374,1.0,8007.067756642296,,,scored,True,2026-09-24T03:22:50.820934+00:00,simple,github-actions,7fa00c14b86e,-0.0096066753115904,,,,,,,미국지표:미국 소비자물가(CPI)|미국지표:미국 생산자물가(PPI),,,,,,
3,20260911T092334_19d40f654256,2026-09-11 09:23:46.987259+00:00,2026-09-14,2026-09-11,9586d0080f3d17dcf29b,01a15a32dfbfbe7a4a16,close_to_close,0.0126425658999971,{},7ed3ebee8562f01fbf17,lagged_latest_vintage,,,,,Ridge,20260911T092334_19d40f654256:price:5,price,5,2026-09-18,1주일,5.0,259500.0,없음,,,259500.0,224642.04959423465,294357.9504057654,0.8315789473684211,0.0584000407782685,0.0544934139754508,0.0,0.0,0.0,261000.0,261000.0,0.005780346820809301,,,,,,,1.0,-1500.0,,,scored,True,2026-09-24T03:22:50.820934+00:00,simple,github-actions,7fa00c14b86e,-0.0113822058524214,,,,,,,미국지표:미국 소비자물가(CPI)|미국지표:미국 생산자물가(PPI),,,,,,
3,20260911T092334_19d40f654256,2026-09-11 09:23:46.987259+00:00,2026-09-14,2026-09-11,9586d0080f3d17dcf29b,01a15a32dfbfbe7a4a16,close_to_close,0.0126425658999971,{},7ed3ebee8562f01fbf17,lagged_latest_vintage,,,,,Ridge,20260911T092334_19d40f654256:price:20,price,20,2026-10-15,1개월,20.0,259500.0,없음,,,259500.0,186851.51013722003,332148.48986278,0.7931769722814499,0.1468236227291653,0.1283818215958541,0.0,0.0,0.0,,,,,,,,,,,,,,pending,True,2026-09-24T03:22:50.820934+00:00,simple,github-actions,7fa00c14b86e,0.0078523801309343,,,,,,,미국지표:미국 소비자물가(CPI)|미국지표:미국 생산자물가(PPI),,,,,,
3,20260911T092334_19d40f654256,2026-09-11 09:23:46.987259+00:00,2026-09-14,2026-09-11,9586d0080f3d17dcf29b,01a15a32dfbfbe7a4a16,close_to_close,0.0126425658999971,{},7ed3ebee8562f01fbf17,lagged_latest_vintage,,,,,Candidate IV interval,20260911T092334_19d40f654256:price_candidate:iv_interval:1,price,1,2026-09-14,1거래일,1.0,259500.0,있음,-0.0096066753115904,257007.0677566423,257007.0677566423,243502.1471963704,270511.9883169141,0.8364779874213837,0.023028736339577,0.0247910711083752,-0.0031136528460128,-0.0006101022678841,1.0,249500.0,249000.0,-0.040462427745664775,,,8007.067756642296,8007.067756642296,0.0321568986210534,0.030855752434074374,1.0,8007.067756642296,,,scored,True,2026-09-24T03:22:50.820934+00:00,iv,github-actions,7fa00c14b86e,-0.0096066753115904,,,,,,,미국지표:미국 소비자물가(CPI)|미국지표:미국 생산자물가(PPI),,,,,,
3,20260911T092334_19d40f654256,2026-09-11 09:23:46.987259+00:00,2026-09-14,2026-09-11,9586d0080f3d17dcf29b,01a15a32dfbfbe7a4a16,close_to_close,0.0126425658999971,{},7ed3ebee8562f01fbf17,lagged_latest_vintage,,,,,Candidate IV interval,20260911T092334_19d40f654256:price_candidate:iv_interval:5,price,5,2026-09-18,1주일,5.0,259500.0,없음,,,259500.0,226773.3787509317,292226.6212490683,0.8336842105263158,0.0584000407782685,0.0544934139754508,0.0,0.0,0.0,261000.0,261000.0,0.005780346820809301,,,,,,,1.0,-1500.0,,,scored,True,2026-09-24T03:22:50.820934+00:00,iv,github-actions,7fa00c14b86e,-0.0113822058524214,,,,,,,미국지표:미국 소비자물가(CPI)|미국지표:미국 생산자물가(PPI),,,,,,
3,20260911T092334_19d40f654256,2026-09-11 09:23:46.987259+00:00,2026-09-14,2026-09-11,9586d0080f3d17dcf29b,01a15a32dfbfbe7a4a16,close_to_close,0.0126425658999971,{},7ed3ebee8562f01fbf17,lagged_latest_vintage,,,,,Candidate IV interval,20260911T092334_19d40f654256:price_candidate:iv_interval:20,price,20,2026-10-15,1개월,20.0,259500.0,없음,,,259500.0,189339.46710373127,329660.5328962686,0.7910447761194029,0.1468236227291653,0.1283818215958541,0.0,0.0,0.0,,,,,,,,,,,,,,pending,True,2026-09-24T03:22:50.820934+00:00,iv,github-actions,7fa00c14b86e,0.0078523801309343,,,,,,,미국지표:미국 소비자물가(CPI)|미국지표:미국 생산자물가(PPI),,,,,,
3,20260911T092334_19d40f654256,2026-09-11 09:23:46.987259+00:00,2026-09-14,2026-09-11,9586d0080f3d17dcf29b,01a15a32dfbfbe7a4a16,close_to_close,0.0126425658999971,{},7ed3ebee8562f01fbf17,lagged_latest_vintage,,,,,Ridge,20260911T092334_19d40f654256:open:1,open,1,2026-09-14,시초가예측,1.0,259500.0,있음,-0.0112367840483784,,,,,0.8641114982578397,0.0120147288600267,0.0162979119278348,-0.0060671614639977,-0.0025785269811726,1.0,249500.0,249000.0,-0.038535645472061675,,,7084.054539445788,7084.054539445788,0.02839300416611538,0.027298861423683277,1.0,7084.054539445788,,,scored,True,2026-09-24T03:22:50.820934+00:00,,github-actions,7fa00c14b86e,-0.0112367840483784,256584.0545394458,256584.0545394458,247188.70851594457,265979.40056294703,0.7734444085475608,0.6451732553721097,미국지표:미국 소비자물가(CPI)|미국지표:미국 생산자물가(PPI),,,,,,
3,20260911T113806_f4eeefba15fa,2026-09-11 11:38:26.727133+00:00,2026-09-14,2026-09-11,5519b40c609cb1cb6359,01a15a32dfbfbe7a4a16,close_to_close,0.0126425658999971,{},7ed3ebee8562f01fbf17,lagged_latest_vintage,하락,0.3943783538313441,0.359851014564175,0.2457706316044809,Candidate evening forecast,20260911T113806_f4eeefba15fa:direction:Candidate evening forecast,direction,1,2026-09-14,,,,,,,,,,,,,,,,249500.0,249000.0,-0.040462427745664775,0.0,1.0,,,,,,,0.9304445415545937,0.5566735343501641,scored,True,2026-09-24T03:22:50.820934+00:00,,github-actions,7fa00c14b86e,,,,,,,,미국지표:미국 소비자물가(CPI)|미국지표:미국 생산자물가(PPI),No macro ensemble,,,,,
3,20260914T081209_4759145a29a9,2026-09-14 08:12:30.239364+00:00,2026-09-15,2026-09-14,c09bdcba6aba69c12cd5,01a15a32dfbfbe7a4a16,close_to_close,0.0127806034353423,{},7ed3ebee8562f01fbf17,lagged_latest_vintage,보합,0.2522397456475653,0.4023071989916017,0.345453055360833,Candidate evening forecast,20260914T081209_4759145a29a9:direction:Candidate evening forecast,direction,1,2026-09-15,,,,,,,,,,,,,,,,248000.0,248500.0,-0.002008032128514081,1.0,1.0,,,,,,,0.910539305601361,0.540199387119748,scored,True,2026-09-24T03:22:50.820934+00:00,,github-actions,7fa00c14b86e,,,,,,,,미국지표:미국 소비자물가(CPI),No macro ensemble,,,,,
3,20260915T115646_278250f44cea,2026-09-15 11:57:00.067857+00:00,2026-09-16,2026-09-15,74aa8ab5c98803e8e553,01a15a32dfbfbe7a4a16,close_to_close,0.0127184266735917,{},7ed3ebee8562f01fbf17,lagged_latest_vintage,하락,0.4762542876025013,0.3284554696577034,0.1952902427397953,Candidate evening forecast,20260915T115646_278250f44cea:direction:Candidate evening forecast,direction,1,2026-09-16,,,,,,,,,,,,,,,,248000.0,253500.0,0.02012072434607637,2.0,0.0,,,,,,,1.6332684027172764,0.9822589354376061,scored,True,2026-09-24T03:22:50.820934+00:00,,github-actions,7fa00c14b86e,,,,,,,,,No macro ensemble,,,,,
3,20260915T214401_41d362811054,2026-09-15 21:44:21.914265+00:00,2026-09-16,2026-09-15,01a3f013d012362850ab,01a15a32dfbfbe7a4a16,close_to_close,0.0127184266735917,{},7ed3ebee8562f01fbf17,lagged_latest_vintage,상승,0.3093785860181107,0.3420025563577117,0.3486188576241775,Logistic,20260915T214401_41d362811054:direction:Logistic,direction,1,2026-09-16,,,,,,,,,,,,,,,,248000.0,253500.0,0.02012072434607637,2.0,1.0,,,,,,,1.0537760520518638,0.6369782506846068,scored,True,2026-09-24T03:22:50.820934+00:00,,github-actions,7fa00c14b86e,,,,,,,,,,,,,,
3,20260915T214401_41d362811054,2026-09-15 21:44:21.914265+00:00,2026-09-16,2026-09-15,01a3f013d012362850ab,01a15a32dfbfbe7a4a16,close_to_close,0.0127184266735917,{},7ed3ebee8562f01fbf17,lagged_latest_vintage,하락,0.3583325123102118,0.3342213315742426,0.3074461561155455,LightGBM,20260915T214401_41d362811054:direction:LightGBM,direction,1,2026-09-16,,,,,,,,,,,,,,,,248000.0,253500.0,0.02012072434607637,2.0,0.0,,,,,,,1.1794553091309872,0.7197369145369413,scored,True,2026-09-24T03:22:50.820934+00:00,,github-actions,7fa00c14b86e,,,,,,,,,,,,,,
3,20260915T214401_41d362811054,2026-09-15 21:44:21.914265+00:00,2026-09-16,2026-09-15,01a3f013d012362850ab,01a15a32dfbfbe7a4a16,close_to_close,0.0127184266735917,{},7ed3ebee8562f01fbf17,lagged_latest_vintage,보합,0.3338555491641612,0.3381119439659772,0.3280325068698615,Mean ensemble,20260915T214401_41d362811054:direction:Mean ensemble,direction,1,2026-09-16,,,,,,,,,,,,,,,,248000.0,253500.0,0.02012072434607637,2.0,0.0,,,,,,,1.1146425691981459,0.6773195261837585,scored,True,2026-09-24T03:22:50.820934+00:00,,github-actions,7fa00c14b86e,,,,,,,,,,,,,,
3,20260915T214401_41d362811054,2026-09-15 21:44:21.914265+00:00,2026-09-16,2026-09-15,01a3f013d012362850ab,01a15a32dfbfbe7a4a16,close_to_close,0.0127184266735917,{},7ed3ebee8562f01fbf17,lagged_latest_vintage,하락,0.346838937749479,0.3258684552992943,0.3272926069512265,No macro ensemble,20260915T214401_41d362811054:direction:No macro ensemble,direction,1,2026-09-16,,,,,,,,,,,,,,,,248000.0,253500.0,0.02012072434607637,2.0,0.0,,,,,,,1.1169006857190344,0.6790227355608123,scored,True,2026-09-24T03:22:50.820934+00:00,,github-actions,7fa00c14b86e,,,,,,,,,,,,,,
3,20260915T214401_41d362811054,2026-09-15 21:44:21.914265+00:00,2026-09-16,2026-09-15,01a3f013d012362850ab,01a15a32dfbfbe7a4a16,close_to_close,0.0127184266735917,{},7ed3ebee8562f01fbf17,lagged_latest_vintage,보합,0.261242470484572,0.3695422038487169,0.3692153256667111,Candidate expanding,20260915T214401_41d362811054:direction:Candidate expanding,direction,1,2026-09-16,,,,,,,,,,,,,,,,248000.0,253500.0,0.02012072434607637,2.0,0.0,,,,,,,0.9963752667417605,0.6026983741840024,scored,True,2026-09-24T03:22:50.820934+00:00,,github-actions,7fa00c14b86e,,,,,,,,,,,,,,
3,20260915T214401_41d362811054,2026-09-15 21:44:21.914265+00:00,2026-09-16,2026-09-15,01a3f013d012362850ab,01a15a32dfbfbe7a4a16,close_to_close,0.0127184266735917,{},7ed3ebee8562f01fbf17,lagged_latest_vintage,하락,0.3374422267946625,0.3348004224362632,0.3277573507690743,No NSI ensemble,20260915T214401_41d362811054:direction:No NSI ensemble,direction,1,2026-09-16,,,,,,,,,,,,,,,,248000.0,253500.0,0.02012072434607637,2.0,0.0,,,,,,,1.1154817286140133,0.6778687587326542,scored,True,2026-09-24T03:22:50.820934+00:00,,github-actions,7fa00c14b86e,,,,,,,,,,,,,,
3,20260915T214401_41d362811054,2026-09-15 21:44:21.914265+00:00,2026-09-16,2026-09-15,01a3f013d012362850ab,01a15a32dfbfbe7a4a16,close_to_close,0.0127184266735917,{},7ed3ebee8562f01fbf17,lagged_latest_vintage,하락,0.3410476740671029,0.3401215443211953,0.3188307816117018,No flow ensemble,20260915T214401_41d362811054:direction:No flow ensemble,direction,1,2026-09-16,,,,,,,,,,,,,,,,248000.0,253500.0,0.02012072434607637,2.0,0.0,,,,,,,1.1430947821107944,0.6959876849777409,scored,True,2026-09-24T03:22:50.820934+00:00,,github-actions,7fa00c14b86e,,,,,,,,,,,,,,
3,20260915T214401_41d362811054,2026-09-15 21:44:21.914265+00:00,2026-09-16,2026-09-15,01a3f013d012362850ab,01a15a32dfbfbe7a4a16,close_to_close,0.0127184266735917,{},7ed3ebee8562f01fbf17,lagged_latest_vintage,하락,0.3459426247015084,0.3261317274932059,0.3279256478052857,No macro price ensemble,20260915T214401_41d362811054:direction:No macro price ensemble,direction,1,2026-09-16,,,,,,,,,,,,,,,,248000.0,253500.0,0.02012072434607637,2.0,0.0,,,,,,,1.1149683798150563,0.6777221381410163,scored,True,2026-09-24T03:22:50.820934+00:00,,github-actions,7fa00c14b86e,,,,,,,,,,,,,,
3,20260915T214401_41d362811054,2026-09-15 21:44:21.914265+00:00,2026-09-16,2026-09-15,01a3f013d012362850ab,01a15a32dfbfbe7a4a16,close_to_close,0.0127184266735917,{},7ed3ebee8562f01fbf17,lagged_latest_vintage,,,,,Ridge,20260915T214401_41d362811054:price:1,price,1,2026-09-16,1거래일,1.0,248500.0,있음,-0.0004673041194175,248383.8749263248,248383.8749263248,235080.733013702,261687.01683894751,0.8242677824267782,0.0230933887324393,0.0248114975131524,-0.0030688248440721,-0.000552805761304,1.0,248000.0,253500.0,0.02012072434607637,,,-5116.125073675212,5116.125073675212,0.020181952953353892,-0.020588028465493867,1.0,-5116.125073675212,,,scored,True,2026-09-24T03:22:50.820934+00:00,simple,github-actions,7fa00c14b86e,-0.0004673041194175,,,,,,,,,,,,,
3,20260915T214401_41d362811054,2026-09-15 21:44:21.914265+00:00,2026-09-16,2026-09-15,01a3f013d012362850ab,01a15a32dfbfbe7a4a16,close_to_close,0.0127184266735917,{},7ed3ebee8562f01fbf17,lagged_latest_vintage,,,,,Ridge,20260915T214401_41d362811054:price:5,price,5,2026-09-22,1주일,5.0,248500.0,없음,,,248500.0,214919.4738161813,282080.5261838187,0.8315789473684211,0.0584612119373559,0.0546820514161804,0.0,0.0,0.0,283000.0,276500.0,0.11267605633802824,,,,,,,1.0,-28000.0,,,scored,True,2026-09-24T03:22:50.820934+00:00,simple,github-actions,7fa00c14b86e,-0.0028501217033735,,,,,,,,,,,,,
3,20260915T214401_41d362811054,2026-09-15 21:44:21.914265+00:00,2026-09-16,2026-09-15,01a3f013d012362850ab,01a15a32dfbfbe7a4a16,close_to_close,0.0127184266735917,{},7ed3ebee8562f01fbf17,lagged_latest_vintage,,,,,Ridge,20260915T214401_41d362811054:price:20,price,20,2026-10-19,1개월,20.0,248500.0,없음,,,248500.0,178304.6735303361,318695.3264696639,0.7931769722814499,0.1469826745152352,0.1282705630040943,0.0,0.0,0.0,,,,,,,,,,,,,,pending,True,2026-09-24T03:22:50.820934+00:00,simple,github-actions,7fa00c14b86e,5.319262660684267e-05,,,,,,,,,,,,,
3,20260915T214401_41d362811054,2026-09-15 21:44:21.914265+00:00,2026-09-16,2026-09-15,01a3f013d012362850ab,01a15a32dfbfbe7a4a16,close_to_close,0.0127184266735917,{},7ed3ebee8562f01fbf17,lagged_latest_vintage,,,,,Candidate IV interval,20260915T214401_41d362811054:price_candidate:iv_interval:1,price,1,2026-09-16,1거래일,1.0,248500.0,있음,-0.0004673041194175,248383.8749263248,248383.8749263248,236019.367045199,260748.38280745049,0.8368200836820083,0.0230933887324393,0.0248114975131524,-0.0030688248440721,-0.000552805761304,1.0,248000.0,253500.0,0.02012072434607637,,,-5116.125073675212,5116.125073675212,0.020181952953353892,-0.020588028465493867,1.0,-5116.125073675212,,,scored,True,2026-09-24T03:22:50.820934+00:00,iv,github-actions,7fa00c14b86e,-0.0004673041194175,,,,,,,,,,,,,
3,20260915T214401_41d362811054,2026-09-15 21:44:21.914265+00:00,2026-09-16,2026-09-15,01a3f013d012362850ab,01a15a32dfbfbe7a4a16,close_to_close,0.0127184266735917,{},7ed3ebee8562f01fbf17,lagged_latest_vintage,,,,,Candidate IV interval,20260915T214401_41d362811054:price_candidate:iv_interval:5,price,5,2026-09-22,1주일,5.0,248500.0,없음,,,248500.0,218035.3557934854,278964.64420651464,0.8421052631578947,0.0584612119373559,0.0546820514161804,0.0,0.0,0.0,283000.0,276500.0,0.11267605633802824,,,,,,,1.0,-28000.0,,,scored,True,2026-09-24T03:22:50.820934+00:00,iv,github-actions,7fa00c14b86e,-0.0028501217033735,,,,,,,,,,,,,
3,20260915T214401_41d362811054,2026-09-15 21:44:21.914265+00:00,2026-09-16,2026-09-15,01a3f013d012362850ab,01a15a32dfbfbe7a4a16,close_to_close,0.0127184266735917,{},7ed3ebee8562f01fbf17,lagged_latest_vintage,,,,,Candidate IV interval,20260915T214401_41d362811054:price_candidate:iv_interval:20,price,20,2026-10-19,1개월,20.0,248500.0,없음,,,248500.0,183967.84150982444,313032.1584901756,0.7910447761194029,0.1469826745152352,0.1282705630040943,0.0,0.0,0.0,,,,,,,,,,,,,,pending,True,2026-09-24T03:22:50.820934+00:00,iv,github-actions,7fa00c14b86e,5.319262660684267e-05,,,,,,,,,,,,,
3,20260915T214401_41d362811054,2026-09-15 21:44:21.914265+00:00,2026-09-16,2026-09-15,01a3f013d012362850ab,01a15a32dfbfbe7a4a16,close_to_close,0.0127184266735917,{},7ed3ebee8562f01fbf17,lagged_latest_vintage,,,,,Ridge,20260915T214401_41d362811054:open:1,open,1,2026-09-16,시초가예측,1.0,248500.0,있음,-0.0006925559137016,,,,,0.8623693379790941,0.0121207806462584,0.0163412725942459,-0.0059313706641295,-0.0024685775425229,1.0,248000.0,253500.0,-0.002012072434607659,,,327.8998554451973,327.8998554451973,0.0013221768364725698,0.001319516520906059,1.0,327.8998554451973,,,scored,True,2026-09-24T03:22:50.820934+00:00,,github-actions,7fa00c14b86e,-0.0006925559137016,248327.8998554452,248327.8998554452,239704.125562261,256951.67414862924,0.772658134029514,0.6405475755258632,,,,,,,
3,20260916T115825_fd31b9bc4eac,2026-09-16 11:58:45.149132+00:00,2026-09-17,2026-09-16,0c218301da5a05960447,01a15a32dfbfbe7a4a16,close_to_close,0.0116279857712915,{},7ed3ebee8562f01fbf17,lagged_latest_vintage,하락,0.3996182554923733,0.3240423463976382,0.2763393981099885,Candidate evening forecast,20260916T115825_fd31b9bc4eac:direction:Candidate evening forecast,direction,1,2026-09-17,,,,,,,,,,,,,,,,257000.0,252500.0,-0.0039447731755424265,1.0,0.0,,,,,,,1.1268810729720038,0.6929769625341691,scored,True,2026-09-24T03:22:50.820934+00:00,,github-actions,7fa00c14b86e,,,,,,,,미국지표:FOMC 금리 결정,No macro ensemble,,,,,
3,20260916T115825_fd31b9bc4eac,2026-09-16 11:58:45.149132+00:00,2026-09-17,2026-09-16,0c218301da5a05960447,01a15a32dfbfbe7a4a16,close_to_close,0.0116279857712915,{},7ed3ebee8562f01fbf17,lagged_latest_vintage,,,,,Candidate evening open,20260916T115825_fd31b9bc4eac:open:Candidate evening open,open,1,2026-09-17,시초가예측,1.0,253500.0,있음,-0.0045232725902447,,,,,0.8641114982578397,0.0121204261627935,0.0163447779469195,-0.0059290201220464,-0.0024745628304807,0.9996058571331068,257000.0,252500.0,0.013806706114398493,,,-4646.649601627112,4646.649601627112,0.01808034864446347,-0.018329978704643195,1.0,-4646.649601627112,,,scored,True,2026-09-24T03:22:50.820934+00:00,,github-actions,7fa00c14b86e,-0.0045250561088323,252353.3503983729,252353.3503983729,244465.0593417974,260241.6414549485,0.7724313591008649,0.6400422164101525,미국지표:FOMC 금리 결정,,,,,,
3,20260916T213047_df2587fc5937,2026-09-16 21:31:08.193897+00:00,2026-09-17,2026-09-16,e98f4cb7b1466767d1a4,01a15a32dfbfbe7a4a16,close_to_close,0.0116279857712915,{},7ed3ebee8562f01fbf17,lagged_latest_vintage,하락,0.3820490611929886,0.2780150537865912,0.3399358850204201,Logistic,20260916T213047_df2587fc5937:direction:Logistic,direction,1,2026-09-17,,,,,,,,,,,,,,,,257000.0,252500.0,-0.0039447731755424265,1.0,0.0,,,,,,,1.2800800164460961,0.7827801536418391,scored,True,2026-09-24T03:22:50.820934+00:00,,github-actions,7fa00c14b86e,,,,,,,,미국지표:FOMC 금리 결정,,,,,,
3,20260916T213047_df2587fc5937,2026-09-16 21:31:08.193897+00:00,2026-09-17,2026-09-16,e98f4cb7b1466767d1a4,01a15a32dfbfbe7a4a16,close_to_close,0.0116279857712915,{},7ed3ebee8562f01fbf17,lagged_latest_vintage,하락,0.3884302236261039,0.2912593435428737,0.3203104328310224,LightGBM,20260916T213047_df2587fc5937:direction:LightGBM,direction,1,2026-09-17,,,,,,,,,,,,,,,,257000.0,252500.0,-0.0039447731755424265,1.0,0.0,,,,,,,1.2335411937829046,0.7557901301219004,scored,True,2026-09-24T03:22:50.820934+00:00,,github-actions,7fa00c14b86e,,,,,,,,미국지표:FOMC 금리 결정,,,,,,
3,20260916T213047_df2587fc5937,2026-09-16 21:31:08.193897+00:00,2026-09-17,2026-09-16,e98f4cb7b1466767d1a4,01a15a32dfbfbe7a4a16,close_to_close,0.0116279857712915,{},7ed3ebee8562f01fbf17,lagged_latest_vintage,하락,0.3852396424095463,0.2846371986647324,0.3301231589257212,Mean ensemble,20260916T213047_df2587fc5937:direction:Mean ensemble,direction,1,2026-09-17,,,,,,,,,,,,,,,,257000.0,252500.0,-0.0039447731755424265,1.0,0.0,,,,,,,1.2565398967911878,0.7691348196771736,scored,True,2026-09-24T03:22:50.820934+00:00,,github-actions,7fa00c14b86e,,,,,,,,미국지표:FOMC 금리 결정,,,,,,
3,20260916T213047_df2587fc5937,2026-09-16 21:31:08.193897+00:00,2026-09-17,2026-09-16,e98f4cb7b1466767d1a4,01a15a32dfbfbe7a4a16,close_to_close,0.0116279857712915,{},7ed3ebee8562f01fbf17,lagged_latest_vintage,하락,0.4043342322136402,0.2657438401181019,0.3299219276682579,No macro ensemble,20260916T213047_df2587fc5937:direction:No macro ensemble,direction,1,2026-09-17,,,,,,,,,,,,,,,,257000.0,252500.0,-0.0039447731755424265,1.0,0.0,,,,,,,1.325222441264463,0.8114667580206445,scored,True,2026-09-24T03:22:50.820934+00:00,,github-actions,7fa00c14b86e,,,,,,,,미국지표:FOMC 금리 결정,,,,,,
3,20260916T213047_df2587fc5937,2026-09-16 21:31:08.193897+00:00,2026-09-17,2026-09-16,e98f4cb7b1466767d1a4,01a15a32dfbfbe7a4a16,close_to_close,0.0116279857712915,{},7ed3ebee8562f01fbf17,lagged_latest_vintage,상승,0.3338974151764136,0.3229896015548836,0.3431129832687027,Candidate expanding,20260916T213047_df2587fc5937:direction:Candidate expanding,direction,1,2026-09-17,,,,,,,,,,,,,,,,257000.0,252500.0,-0.0039447731755424265,1.0,0.0,,,,,,,1.1301351496062306,0.6875570827518546,scored,True,2026-09-24T03:22:50.820934+00:00,,github-actions,7fa00c14b86e,,,,,,,,미국지표:FOMC 금리 결정,,,,,,
3,20260916T213047_df2587fc5937,2026-09-16 21:31:08.193897+00:00,2026-09-17,2026-09-16,e98f4cb7b1466767d1a4,01a15a32dfbfbe7a4a16,close_to_close,0.0116279857712915,{},7ed3ebee8562f01fbf17,lagged_latest_vintage,하락,0.3978234170356702,0.2740793623980823,0.3280972205662475,No NSI ensemble,20260916T213047_df2587fc5937:direction:No NSI ensemble,direction,1,2026-09-17,,,,,,,,,,,,,,,,257000.0,252500.0,-0.0039447731755424265,1.0,0.0,,,,,,,1.2943375707441096,0.7928720293816084,scored,True,2026-09-24T03:22:50.820934+00:00,,github-actions,7fa00c14b86e,,,,,,,,미국지표:FOMC 금리 결정,,,,,,
3,20260916T213047_df2587fc5937,2026-09-16 21:31:08.193897+00:00,2026-09-17,2026-09-16,e98f4cb7b1466767d1a4,01a15a32dfbfbe7a4a16,close_to_close,0.0116279857712915,{},7ed3ebee8562f01fbf17,lagged_latest_vintage,하락,0.4096990759574914,0.2511291201465472,0.3391718038959614,No flow ensemble,20260916T213047_df2587fc5937:direction:No flow ensemble,direction,1,2026-09-17,,,,,,,,,,,,,,,,257000.0,252500.0,-0.0039447731755424265,1.0,0.0,,,,,,,1.38178804922584,0.8436984400909473,scored,True,2026-09-24T03:22:50.820934+00:00,,github-actions,7fa00c14b86e,,,,,,,,미국지표:FOMC 금리 결정,,,,,,
3,20260916T213047_df2587fc5937,2026-09-16 21:31:08.193897+00:00,2026-09-17,2026-09-16,e98f4cb7b1466767d1a4,01a15a32dfbfbe7a4a16,close_to_close,0.0116279857712915,{},7ed3ebee8562f01fbf17,lagged_latest_vintage,하락,0.3888001437227419,0.2861764127761163,0.3250234435011419,No macro price ensemble,20260916T213047_df2587fc5937:direction:No macro price ensemble,direction,1,2026-09-17,,,,,,,,,,,,,,,,257000.0,252500.0,-0.0039447731755424265,1.0,0.0,,,,,,,1.2511468304338946,0.7663499042613382,scored,True,2026-09-24T03:22:50.820934+00:00,,github-actions,7fa00c14b86e,,,,,,,,미국지표:FOMC 금리 결정,,,,,,
3,20260916T213047_df2587fc5937,2026-09-16 21:31:08.193897+00:00,2026-09-17,2026-09-16,e98f4cb7b1466767d1a4,01a15a32dfbfbe7a4a16,close_to_close,0.0116279857712915,{},7ed3ebee8562f01fbf17,lagged_latest_vintage,,,,,Ridge,20260916T213047_df2587fc5937:price:1,price,1,2026-09-17,1거래일,1.0,253500.0,있음,-0.0005082847960357,253371.1498042049,253371.1498042049,240971.3563997108,265770.9432086991,0.8242677824267782,0.0231090346538317,0.0247878722239905,-0.0030299221999824,-0.0004666644083655,1.0,257000.0,252500.0,-0.0039447731755424265,,,871.1498042049061,871.1498042049061,0.0034500982344748757,0.0034364883795067265,1.0,871.1498042049061,,,scored,True,2026-09-24T03:22:50.820934+00:00,simple,github-actions,7fa00c14b86e,-0.0005082847960357,,,,,,,미국지표:FOMC 금리 결정,,,,,,
3,20260916T213047_df2587fc5937,2026-09-16 21:31:08.193897+00:00,2026-09-17,2026-09-16,e98f4cb7b1466767d1a4,01a15a32dfbfbe7a4a16,close_to_close,0.0116279857712915,{},7ed3ebee8562f01fbf17,lagged_latest_vintage,,,,,Ridge,20260916T213047_df2587fc5937:price:5,price,5,2026-09-23,1주일,5.0,253500.0,없음,,,253500.0,222013.22128130856,284986.77871869144,0.8322851153039832,0.058279889555092,0.0546240726467658,0.0,0.0,0.0,284500.0,285500.0,0.12623274161735698,,,,,,,0.0,-32000.0,,,scored,True,2026-09-24T03:22:50.820934+00:00,simple,github-actions,7fa00c14b86e,-0.0019635950365421,,,,,,,미국지표:FOMC 금리 결정,,,,,,
3,20260916T213047_df2587fc5937,2026-09-16 21:31:08.193897+00:00,2026-09-17,2026-09-16,e98f4cb7b1466767d1a4,01a15a32dfbfbe7a4a16,close_to_close,0.0116279857712915,{},7ed3ebee8562f01fbf17,lagged_latest_vintage,,,,,Ridge,20260916T213047_df2587fc5937:price:20,price,20,2026-10-20,1개월,20.0,253500.0,없음,,,253500.0,188208.98006992973,318791.01993007027,0.7936170212765957,0.1473028293667977,0.1280492265386439,0.0,0.0,0.0,,,,,,,,,,,,,,pending,True,2026-09-24T03:22:50.820934+00:00,simple,github-actions,7fa00c14b86e,0.0011159205051661,,,,,,,미국지표:FOMC 금리 결정,,,,,,
3,20260916T213047_df2587fc5937,2026-09-16 21:31:08.193897+00:00,2026-09-17,2026-09-16,e98f4cb7b1466767d1a4,01a15a32dfbfbe7a4a16,close_to_close,0.0116279857712915,{},7ed3ebee8562f01fbf17,lagged_latest_vintage,,,,,Candidate IV interval,20260916T213047_df2587fc5937:price_candidate:iv_interval:1,price,1,2026-09-17,1거래일,1.0,253500.0,있음,-0.0005082847960357,253371.1498042049,253371.1498042049,241738.13396486428,265004.1656435456,0.8368200836820083,0.0231090346538317,0.0247878722239905,-0.0030299221999824,-0.0004666644083655,1.0,257000.0,252500.0,-0.0039447731755424265,,,871.1498042049061,871.1498042049061,0.0034500982344748757,0.0034364883795067265,1.0,871.1498042049061,,,scored,True,2026-09-24T03:22:50.820934+00:00,iv,github-actions,7fa00c14b86e,-0.0005082847960357,,,,,,,미국지표:FOMC 금리 결정,,,,,,
3,20260916T213047_df2587fc5937,2026-09-16 21:31:08.193897+00:00,2026-09-17,2026-09-16,e98f4cb7b1466767d1a4,01a15a32dfbfbe7a4a16,close_to_close,0.0116279857712915,{},7ed3ebee8562f01fbf17,lagged_latest_vintage,,,,,Candidate IV interval,20260916T213047_df2587fc5937:price_candidate:iv_interval:5,price,5,2026-09-23,1주일,5.0,253500.0,없음,,,253500.0,225248.7012126053,281751.29878739465,0.8343815513626834,0.058279889555092,0.0546240726467658,0.0,0.0,0.0,284500.0,285500.0,0.12623274161735698,,,,,,,0.0,-32000.0,,,scored,True,2026-09-24T03:22:50.820934+00:00,iv,github-actions,7fa00c14b86e,-0.0019635950365421,,,,,,,미국지표:FOMC 금리 결정,,,,,,
3,20260916T213047_df2587fc5937,2026-09-16 21:31:08.193897+00:00,2026-09-17,2026-09-16,e98f4cb7b1466767d1a4,01a15a32dfbfbe7a4a16,close_to_close,0.0116279857712915,{},7ed3ebee8562f01fbf17,lagged_latest_vintage,,,,,Candidate IV interval,20260916T213047_df2587fc5937:price_candidate:iv_interval:20,price,20,2026-10-20,1개월,20.0,253500.0,없음,,,253500.0,192915.5219544865,314084.4780455135,0.7914893617021277,0.1473028293667977,0.1280492265386439,0.0,0.0,0.0,,,,,,,,,,,,,,pending,True,2026-09-24T03:22:50.820934+00:00,iv,github-actions,7fa00c14b86e,0.0011159205051661,,,,,,,미국지표:FOMC 금리 결정,,,,,,
3,20260916T213047_df2587fc5937,2026-09-16 21:31:08.193897+00:00,2026-09-17,2026-09-16,e98f4cb7b1466767d1a4,01a15a32dfbfbe7a4a16,close_to_close,0.0116279857712915,{},7ed3ebee8562f01fbf17,lagged_latest_vintage,,,,,Ridge,20260916T213047_df2587fc5937:open:1,open,1,2026-09-17,시초가예측,1.0,253500.0,있음,-0.0010478628542484,,,,,0.8641114982578397,0.0121204272110629,0.0163447779469195,-0.0059290189006416,-0.0024745620084325,0.9996056891859908,257000.0,252500.0,0.013806706114398493,,,-3765.633233552013,3765.633233552013,0.014652269391252968,-0.014854568968646892,1.0,-3765.633233552013,,,scored,True,2026-09-24T03:22:50.820934+00:00,,github-actions,7fa00c14b86e,-0.0010482762008905,253234.366766448,253234.366766448,245346.0713258984,261122.66220699763,0.7724313591008649,0.64004218337762,미국지표:FOMC 금리 결정,,,,,,
3,20260917T115724_6c25c229c6ba,2026-09-17 11:57:44.716588+00:00,2026-09-18,2026-09-17,4f18f7d3fe0c19799bbb,01a15a32dfbfbe7a4a16,close_to_close,0.0095944317864753,{},7ed3ebee8562f01fbf17,lagged_latest_vintage,하락,0.374240569871359,0.3107404165911973,0.3150190135374436,Candidate evening forecast,20260917T115724_6c25c229c6ba:direction:Candidate evening forecast,direction,1,2026-09-18,,,,,,,,,,,,,,,,261000.0,261000.0,0.03366336633663369,2.0,0.0,,,,,,,1.1551222815417928,0.7058145624561273,scored,True,2026-09-24T03:22:50.820934+00:00,,github-actions,7fa00c14b86e,,,,,,,,미국지표:FOMC 금리 결정,No macro ensemble,,,,,
3,20260917T115724_6c25c229c6ba,2026-09-17 11:57:44.716588+00:00,2026-09-18,2026-09-17,4f18f7d3fe0c19799bbb,01a15a32dfbfbe7a4a16,close_to_close,0.0095944317864753,{},7ed3ebee8562f01fbf17,lagged_latest_vintage,,,,,Candidate evening open,20260917T115724_6c25c229c6ba:open:Candidate evening open,open,1,2026-09-18,시초가예측,1.0,252500.0,있음,0.0006512346370783,,,,,0.8641114982578397,0.0121490206289141,0.0163604957467787,-0.0059068923577136,-0.0024522426485513,0.9972698283450612,261000.0,261000.0,0.03366336633663369,,,-8335.563254137698,8335.563254137698,0.0319370239622134,-0.03301213169955539,0.0,-8335.563254137698,,,scored,True,2026-09-24T03:22:50.820934+00:00,,github-actions,7fa00c14b86e,0.0006530174869112,252664.4367458623,252664.4367458623,245307.53422787,260021.3392638545,0.7721921341070278,0.6396353712319015,미국지표:FOMC 금리 결정,,,,,,
3,20260917T213327_346f2f29ce79,2026-09-17 21:33:39.570883+00:00,2026-09-18,2026-09-17,b41aba5cda526ef18f9b,01a15a32dfbfbe7a4a16,close_to_close,0.0095944317864753,{},7ed3ebee8562f01fbf17,lagged_latest_vintage,상승,0.1854575153552956,0.315568933217419,0.4989735514272854,Logistic,20260917T213327_346f2f29ce79:direction:Logistic,direction,1,2026-09-18,,,,,,,,,,,,,,,,261000.0,261000.0,0.03366336633663369,2.0,1.0,,,,,,,0.6952021877870678,0.3850057437831266,scored,True,2026-09-24T03:22:50.820934+00:00,,github-actions,7fa00c14b86e,,,,,,,,미국지표:FOMC 금리 결정,,,,,,
3,20260917T213327_346f2f29ce79,2026-09-17 21:33:39.570883+00:00,2026-09-18,2026-09-17,b41aba5cda526ef18f9b,01a15a32dfbfbe7a4a16,close_to_close,0.0095944317864753,{},7ed3ebee8562f01fbf17,lagged_latest_vintage,상승,0.1960671474019495,0.2470117500234383,0.5569211025746121,LightGBM,20260917T213327_346f2f29ce79:direction:LightGBM,direction,1,2026-09-18,,,,,,,,,,,,,,,,261000.0,261000.0,0.03366336633663369,2.0,1.0,,,,,,,0.5853316961710302,0.29577604028367677,scored,True,2026-09-24T03:22:50.820934+00:00,,github-actions,7fa00c14b86e,,,,,,,,미국지표:FOMC 금리 결정,,,,,,
3,20260917T213327_346f2f29ce79,2026-09-17 21:33:39.570883+00:00,2026-09-18,2026-09-17,b41aba5cda526ef18f9b,01a15a32dfbfbe7a4a16,close_to_close,0.0095944317864753,{},7ed3ebee8562f01fbf17,lagged_latest_vintage,상승,0.1907623313786225,0.2812903416204286,0.5279473270009488,Mean ensemble,20260917T213327_346f2f29ce79:direction:Mean ensemble,direction,1,2026-09-18,,,,,,,,,,,,,,,,261000.0,261000.0,0.03366336633663369,2.0,1.0,,,,,,,0.638758759720082,0.3383482494474939,scored,True,2026-09-24T03:22:50.820934+00:00,,github-actions,7fa00c14b86e,,,,,,,,미국지표:FOMC 금리 결정,,,,,,
3,20260917T213327_346f2f29ce79,2026-09-17 21:33:39.570883+00:00,2026-09-18,2026-09-17,b41aba5cda526ef18f9b,01a15a32dfbfbe7a4a16,close_to_close,0.0095944317864753,{},7ed3ebee8562f01fbf17,lagged_latest_vintage,상승,0.189260642136606,0.2810828045461533,0.5296565533172407,No macro ensemble,20260917T213327_346f2f29ce79:direction:No macro ensemble,direction,1,2026-09-18,,,,,,,,,,,,,,,,261000.0,261000.0,0.03366336633663369,2.0,1.0,,,,,,,0.6355264950958687,0.33605009151090914,scored,True,2026-09-24T03:22:50.820934+00:00,,github-actions,7fa00c14b86e,,,,,,,,미국지표:FOMC 금리 결정,,,,,,
3,20260917T213327_346f2f29ce79,2026-09-17 21:33:39.570883+00:00,2026-09-18,2026-09-17,b41aba5cda526ef18f9b,01a15a32dfbfbe7a4a16,close_to_close,0.0095944317864753,{},7ed3ebee8562f01fbf17,lagged_latest_vintage,상승,0.1599381334318164,0.2673149491818979,0.5727469173862857,Candidate expanding,20260917T213327_346f2f29ce79:direction:Candidate expanding,direction,1,2026-09-18,,,,,,,,,,,,,,,,261000.0,261000.0,0.03366336633663369,2.0,1.0,,,,,,,0.5573113397908452,0.27958268518469553,scored,True,2026-09-24T03:22:50.820934+00:00,,github-actions,7fa00c14b86e,,,,,,,,미국지표:FOMC 금리 결정,,,,,,
3,20260917T213327_346f2f29ce79,2026-09-17 21:33:39.570883+00:00,2026-09-18,2026-09-17,b41aba5cda526ef18f9b,01a15a32dfbfbe7a4a16,close_to_close,0.0095944317864753,{},7ed3ebee8562f01fbf17,lagged_latest_vintage,상승,0.1950267152065185,0.2788986674104732,0.5260746173830083,No NSI ensemble,20260917T213327_346f2f29ce79:direction:No NSI ensemble,direction,1,2026-09-18,,,,,,,,,,,,,,,,261000.0,261000.0,0.03366336633663369,2.0,1.0,,,,,,,0.6423122181627406,0.3404251546162442,scored,True,2026-09-24T03:22:50.820934+00:00,,github-actions,7fa00c14b86e,,,,,,,,미국지표:FOMC 금리 결정,,,,,,
3,20260917T213327_346f2f29ce79,2026-09-17 21:33:39.570883+00:00,2026-09-18,2026-09-17,b41aba5cda526ef18f9b,01a15a32dfbfbe7a4a16,close_to_close,0.0095944317864753,{},7ed3ebee8562f01fbf17,lagged_latest_vintage,상승,0.1871417027877762,0.2868227501149436,0.5260355470972802,No flow ensemble,20260917T213327_346f2f29ce79:direction:No flow ensemble,direction,1,2026-09-18,,,,,,,,,,,,,,,,261000.0,261000.0,0.03366336633663369,2.0,1.0,,,,,,,0.6423864884950027,0.3419316095211823,scored,True,2026-09-24T03:22:50.820934+00:00,,github-actions,7fa00c14b86e,,,,,,,,미국지표:FOMC 금리 결정,,,,,,
3,20260917T213327_346f2f29ce79,2026-09-17 21:33:39.570883+00:00,2026-09-18,2026-09-17,b41aba5cda526ef18f9b,01a15a32dfbfbe7a4a16,close_to_close,0.0095944317864753,{},7ed3ebee8562f01fbf17,lagged_latest_vintage,상승,0.1810087090019559,0.2832444714611909,0.5357468195368531,No macro price ensemble,20260917T213327_346f2f29ce79:direction:No macro price ensemble,direction,1,2026-09-18,,,,,,,,,,,,,,,,261000.0,261000.0,0.03366336633663369,2.0,1.0,,,,,,,0.6240935811148476,0.32852259891803137,scored,True,2026-09-24T03:22:50.820934+00:00,,github-actions,7fa00c14b86e,,,,,,,,미국지표:FOMC 금리 결정,,,,,,
3,20260917T213327_346f2f29ce79,2026-09-17 21:33:39.570883+00:00,2026-09-18,2026-09-17,b41aba5cda526ef18f9b,01a15a32dfbfbe7a4a16,close_to_close,0.0095944317864753,{},7ed3ebee8562f01fbf17,lagged_latest_vintage,,,,,Ridge,20260917T213327_346f2f29ce79:price:1,price,1,2026-09-18,1거래일,1.0,252500.0,있음,0.0141834294020784,256081.3159240248,256081.3159240248,245885.86235633589,266276.7694917137,0.8242677824267782,0.0231085171601812,0.0247876436029057,-0.0029539718210631,-0.0005472520939855,1.0,261000.0,261000.0,0.03366336633663369,,,-4918.6840759752085,4918.6840759752085,0.018845532858142562,-0.019479936934555294,1.0,-4918.6840759752085,,,scored,True,2026-09-24T03:22:50.820934+00:00,simple,github-actions,7fa00c14b86e,0.0141834294020784,,,,,,,미국지표:FOMC 금리 결정,,,,,,
3,20260917T213327_346f2f29ce79,2026-09-17 21:33:39.570883+00:00,2026-09-18,2026-09-17,b41aba5cda526ef18f9b,01a15a32dfbfbe7a4a16,close_to_close,0.0095944317864753,{},7ed3ebee8562f01fbf17,lagged_latest_vintage,,,,,Ridge,20260917T213327_346f2f29ce79:price:5,price,5,2026-09-28,1주일,5.0,252500.0,없음,,,252500.0,226728.1916569816,278271.80834301846,0.8322851153039832,0.0582750580439954,0.0547058321066559,0.0,0.0,0.0,284500.0,270000.0,0.06930693069306937,,,,,,,1.0,-17500.0,,,scored,True,2026-09-28T08:31:48.093983+00:00,simple,github-actions,7fa00c14b86e,0.0147973487163623,,,,,,,미국지표:FOMC 금리 결정,,,,,,
3,20260917T213327_346f2f29ce79,2026-09-17 21:33:39.570883+00:00,2026-09-18,2026-09-17,b41aba5cda526ef18f9b,01a15a32dfbfbe7a4a16,close_to_close,0.0095944317864753,{},7ed3ebee8562f01fbf17,lagged_latest_vintage,,,,,Ridge,20260917T213327_346f2f29ce79:price:20,price,20,2026-10-21,1개월,20.0,252500.0,없음,,,252500.0,198752.25542692107,306247.7445730789,0.7936170212765957,0.1473752035282928,0.1278813348633618,0.0,0.0,0.0,,,,,,,,,,,,,,pending,True,2026-09-24T03:22:50.820934+00:00,simple,github-actions,7fa00c14b86e,0.0158075838115812,,,,,,,미국지표:FOMC 금리 결정,,,,,,
3,20260917T213327_346f2f29ce79,2026-09-17 21:33:39.570883+00:00,2026-09-18,2026-09-17,b41aba5cda526ef18f9b,01a15a32dfbfbe7a4a16,close_to_close,0.0095944317864753,{},7ed3ebee8562f01fbf17,lagged_latest_vintage,,,,,Candidate IV interval,20260917T213327_346f2f29ce79:price_candidate:iv_interval:1,price,1,2026-09-18,1거래일,1.0,252500.0,있음,0.0141834294020784,256081.3159240248,256081.3159240248,247577.43823199192,264585.1936160577,0.8368200836820083,0.0231085171601812,0.0247876436029057,-0.0029539718210631,-0.0005472520939855,1.0,261000.0,261000.0,0.03366336633663369,,,-4918.6840759752085,4918.6840759752085,0.018845532858142562,-0.019479936934555294,1.0,-4918.6840759752085,,,scored,True,2026-09-24T03:22:50.820934+00:00,iv,github-actions,7fa00c14b86e,0.0141834294020784,,,,,,,미국지표:FOMC 금리 결정,,,,,,
3,20260917T213327_346f2f29ce79,2026-09-17 21:33:39.570883+00:00,2026-09-18,2026-09-17,b41aba5cda526ef18f9b,01a15a32dfbfbe7a4a16,close_to_close,0.0095944317864753,{},7ed3ebee8562f01fbf17,lagged_latest_vintage,,,,,Candidate IV interval,20260917T213327_346f2f29ce79:price_candidate:iv_interval:5,price,5,2026-09-28,1주일,5.0,252500.0,없음,,,252500.0,231847.4972358595,273152.5027641405,0.8343815513626834,0.0582750580439954,0.0547058321066559,0.0,0.0,0.0,284500.0,270000.0,0.06930693069306937,,,,,,,1.0,-17500.0,,,scored,True,2026-09-28T08:31:48.093983+00:00,iv,github-actions,7fa00c14b86e,0.0147973487163623,,,,,,,미국지표:FOMC 금리 결정,,,,,,
3,20260917T213327_346f2f29ce79,2026-09-17 21:33:39.570883+00:00,2026-09-18,2026-09-17,b41aba5cda526ef18f9b,01a15a32dfbfbe7a4a16,close_to_close,0.0095944317864753,{},7ed3ebee8562f01fbf17,lagged_latest_vintage,,,,,Candidate IV interval,20260917T213327_346f2f29ce79:price_candidate:iv_interval:20,price,20,2026-10-21,1개월,20.0,252500.0,없음,,,252500.0,208146.8619705026,296853.1380294974,0.7914893617021277,0.1473752035282928,0.1278813348633618,0.0,0.0,0.0,,,,,,,,,,,,,,pending,True,2026-09-24T03:22:50.820934+00:00,iv,github-actions,7fa00c14b86e,0.0158075838115812,,,,,,,미국지표:FOMC 금리 결정,,,,,,
3,20260917T213327_346f2f29ce79,2026-09-17 21:33:39.570883+00:00,2026-09-18,2026-09-17,b41aba5cda526ef18f9b,01a15a32dfbfbe7a4a16,close_to_close,0.0095944317864753,{},7ed3ebee8562f01fbf17,lagged_latest_vintage,,,,,Ridge,20260917T213327_346f2f29ce79:open:1,open,1,2026-09-18,시초가예측,1.0,252500.0,있음,0.0185230855987708,,,,,0.8641114982578397,0.0121490219846214,0.0163604957467787,-0.0059068895684048,-0.0024522415454997,0.9972697677530766,261000.0,261000.0,0.03366336633663369,,,-3822.9208863103704,3822.9208863103704,0.014647206460959274,-0.015140280737862895,1.0,-3822.9208863103704,,,scored,True,2026-09-24T03:22:50.820934+00:00,,github-actions,7fa00c14b86e,0.0185737963765859,257177.07911368963,257177.07911368963,249820.1755027034,264533.9827246759,0.7721921341070278,0.6396352838793636,미국지표:FOMC 금리 결정,,,,,,
3,20260918T113307_6e4e61447819,2026-09-18 11:33:28.270492+00:00,2026-09-21,2026-09-18,b68919d601627cca3a21,01a15a32dfbfbe7a4a16,close_to_close,0.0094951493112604,{},e01ef2214b2f64572f6d,lagged_latest_vintage,상승,0.2670021592656706,0.2820541597693366,0.4509436809649928,Candidate evening forecast,20260918T113307_6e4e61447819:direction:Candidate evening forecast,direction,1,2026-09-21,,,,,,,,,,,,,,,,264000.0,274000.0,0.04980842911877392,2.0,1.0,,,,,,,0.796412823186211,0.4523075435679886,scored,True,2026-09-24T03:22:50.820934+00:00,,github-actions,7fa00c14b86e,,,,,,,,,No macro ensemble,,,,,
3,20260918T113307_6e4e61447819,2026-09-18 11:33:28.270492+00:00,2026-09-21,2026-09-18,b68919d601627cca3a21,01a15a32dfbfbe7a4a16,close_to_close,0.0094951493112604,{},e01ef2214b2f64572f6d,lagged_latest_vintage,,,,,Candidate evening open,20260918T113307_6e4e61447819:open:Candidate evening open,open,1,2026-09-21,시초가예측,1.0,261000.0,있음,0.0156797915697097,,,,,0.8626086956521739,0.0121531327719158,0.0163905876956306,-0.0059349841318812,-0.002506399537752,1.0,264000.0,274000.0,0.011494252873563315,,,1092.425599694252,1092.425599694252,0.004137975756417622,0.004185538696146386,1.0,1092.425599694252,,,scored,True,2026-09-24T03:22:50.820934+00:00,,github-actions,7fa00c14b86e,0.0156797915697097,265092.42559969425,265092.42559969425,257052.9000100933,273131.9511892951,0.772013134629957,0.6405352103913288,,,,,,,
3,20260918T212625_4d1d787e5032,2026-09-18 21:26:46.401608+00:00,2026-09-21,2026-09-18,8c07b3286e7c864fdb67,01a15a32dfbfbe7a4a16,close_to_close,0.0094951493112605,{},e01ef2214b2f64572f6d,lagged_latest_vintage,상승,0.3451687833302294,0.2691383107344756,0.385692905935295,Logistic,20260918T212625_4d1d787e5032:direction:Logistic,direction,1,2026-09-21,,,,,,,,,,,,,,,,264000.0,274000.0,0.04980842911877392,2.0,1.0,,,,,,,0.9527138066379195,0.5689501251089004,scored,True,2026-09-24T03:22:50.820934+00:00,,github-actions,7fa00c14b86e,,,,,,,,,,,,,,
3,20260918T212625_4d1d787e5032,2026-09-18 21:26:46.401608+00:00,2026-09-21,2026-09-18,8c07b3286e7c864fdb67,01a15a32dfbfbe7a4a16,close_to_close,0.0094951493112605,{},e01ef2214b2f64572f6d,lagged_latest_vintage,상승,0.3388687326081174,0.2747421087935401,0.3863891585983424,LightGBM,20260918T212625_4d1d787e5032:direction:LightGBM,direction,1,2026-09-21,,,,,,,,,,,,,,,,264000.0,274000.0,0.04980842911877392,2.0,1.0,,,,,,,0.9509102344950977,0.5668335089694033,scored,True,2026-09-24T03:22:50.820934+00:00,,github-actions,7fa00c14b86e,,,,,,,,,,,,,,
3,20260918T212625_4d1d787e5032,2026-09-18 21:26:46.401608+00:00,2026-09-21,2026-09-18,8c07b3286e7c864fdb67,01a15a32dfbfbe7a4a16,close_to_close,0.0094951493112605,{},e01ef2214b2f64572f6d,lagged_latest_vintage,상승,0.3420187579691734,0.2719402097640079,0.3860410322668187,Mean ensemble,20260918T212625_4d1d787e5032:direction:Mean ensemble,direction,1,2026-09-21,,,,,,,,,,,,,,,,264000.0,274000.0,0.04980842911877392,2.0,1.0,,,,,,,0.9518116139575046,0.5678739225492623,scored,True,2026-09-24T03:22:50.820934+00:00,,github-actions,7fa00c14b86e,,,,,,,,,,,,,,
3,20260918T212625_4d1d787e5032,2026-09-18 21:26:46.401608+00:00,2026-09-21,2026-09-18,8c07b3286e7c864fdb67,01a15a32dfbfbe7a4a16,close_to_close,0.0094951493112605,{},e01ef2214b2f64572f6d,lagged_latest_vintage,상승,0.3601662938284539,0.2647729490432378,0.3750607571283083,No macro ensemble,20260918T212625_4d1d787e5032:direction:No macro ensemble,direction,1,2026-09-21,,,,,,,,,,,,,,,,264000.0,274000.0,0.04980842911877392,2.0,1.0,,,,,,,0.9806672471265663,0.5903735310362206,scored,True,2026-09-24T03:22:50.820934+00:00,,github-actions,7fa00c14b86e,,,,,,,,,,,,,,
3,20260918T212625_4d1d787e5032,2026-09-18 21:26:46.401608+00:00,2026-09-21,2026-09-18,8c07b3286e7c864fdb67,01a15a32dfbfbe7a4a16,close_to_close,0.0094951493112605,{},e01ef2214b2f64572f6d,lagged_latest_vintage,상승,0.3002878397355554,0.2723881237443565,0.4273240365200882,Candidate expanding,20260918T212625_4d1d787e5032:direction:Candidate expanding,direction,1,2026-09-21,,,,,,,,,,,,,,,,264000.0,274000.0,0.04980842911877392,2.0,1.0,,,,,,,0.8502126858194939,0.4923258357976627,scored,True,2026-09-24T03:22:50.820934+00:00,,github-actions,7fa00c14b86e,,,,,,,,,,,,,,
3,20260918T212625_4d1d787e5032,2026-09-18 21:26:46.401608+00:00,2026-09-21,2026-09-18,8c07b3286e7c864fdb67,01a15a32dfbfbe7a4a16,close_to_close,0.0094951493112605,{},e01ef2214b2f64572f6d,lagged_latest_vintage,상승,0.3512474407949242,0.2686112563943582,0.3801413028107175,No NSI ensemble,20260918T212625_4d1d787e5032:direction:No NSI ensemble,direction,1,2026-09-21,,,,,,,,,,,,,,,,264000.0,274000.0,0.04980842911877392,2.0,1.0,,,,,,,0.9672122458787091,0.5797515762079339,scored,True,2026-09-24T03:22:50.820934+00:00,,github-actions,7fa00c14b86e,,,,,,,,,,,,,,
3,20260918T212625_4d1d787e5032,2026-09-18 21:26:46.401608+00:00,2026-09-21,2026-09-18,8c07b3286e7c864fdb67,01a15a32dfbfbe7a4a16,close_to_close,0.0094951493112605,{},e01ef2214b2f64572f6d,lagged_latest_vintage,상승,0.3525350082002068,0.2676305227592163,0.3798344690405769,No flow ensemble,20260918T212625_4d1d787e5032:direction:No flow ensemble,direction,1,2026-09-21,,,,,,,,,,,,,,,,264000.0,274000.0,0.04980842911877392,2.0,1.0,,,,,,,0.9680197289542954,0.5805123145092745,scored,True,2026-09-24T03:22:50.820934+00:00,,github-actions,7fa00c14b86e,,,,,,,,,,,,,,
3,20260918T212625_4d1d787e5032,2026-09-18 21:26:46.401608+00:00,2026-09-21,2026-09-18,8c07b3286e7c864fdb67,01a15a32dfbfbe7a4a16,close_to_close,0.0094951493112605,{},e01ef2214b2f64572f6d,lagged_latest_vintage,상승,0.3211698996290754,0.2871340360098817,0.391696064361043,No macro price ensemble,20260918T212625_4d1d787e5032:direction:No macro price ensemble,direction,1,2026-09-21,,,,,,,,,,,,,,,,264000.0,274000.0,0.04980842911877392,2.0,1.0,,,,,,,0.9372690859456054,0.5556297371769188,scored,True,2026-09-24T03:22:50.820934+00:00,,github-actions,7fa00c14b86e,,,,,,,,,,,,,,
3,20260918T212625_4d1d787e5032,2026-09-18 21:26:46.401608+00:00,2026-09-21,2026-09-18,8c07b3286e7c864fdb67,01a15a32dfbfbe7a4a16,close_to_close,0.0094951493112605,{},e01ef2214b2f64572f6d,lagged_latest_vintage,,,,,Ridge,20260918T212625_4d1d787e5032:price:1,price,1,2026-09-21,1거래일,1.0,261000.0,있음,0.0046684647108738,262218.4692895381,262218.4692895381,251784.1715914594,272652.76698761684,0.8242677824267782,0.0231781052643853,0.0248552533755343,-0.0029496732455426,-0.0005563803417168,1.0,264000.0,274000.0,0.04980842911877392,,,-11781.530710461899,11781.530710461899,0.042998287264459485,-0.04513996440790012,0.0,-11781.530710461899,,,scored,True,2026-09-24T03:22:50.820934+00:00,simple,github-actions,7fa00c14b86e,0.0046684647108738,,,,,,,,,,,,,
3,20260918T212625_4d1d787e5032,2026-09-18 21:26:46.401608+00:00,2026-09-21,2026-09-18,8c07b3286e7c864fdb67,01a15a32dfbfbe7a4a16,close_to_close,0.0094951493112605,{},e01ef2214b2f64572f6d,lagged_latest_vintage,,,,,Ridge,20260918T212625_4d1d787e5032:price:5,price,5,2026-09-29,1주일,5.0,261000.0,없음,,,261000.0,234686.7870505532,287313.21294944687,0.8322851153039832,0.0582390385340768,0.0546266805904463,0.0,0.0,0.0,266000.0,272500.0,0.044061302681992265,,,,,,,1.0,-11500.0,,,scored,True,2026-09-29T07:49:47.431432+00:00,simple,github-actions,7fa00c14b86e,0.0073347474661744,,,,,,,,,,,,,
3,20260918T212625_4d1d787e5032,2026-09-18 21:26:46.401608+00:00,2026-09-21,2026-09-18,8c07b3286e7c864fdb67,01a15a32dfbfbe7a4a16,close_to_close,0.0094951493112605,{},e01ef2214b2f64572f6d,lagged_latest_vintage,,,,,Ridge,20260918T212625_4d1d787e5032:price:20,price,20,2026-10-22,1개월,20.0,261000.0,없음,,,261000.0,205918.76093555777,316081.2390644422,0.7936170212765957,0.1474016329163593,0.1277358719834915,0.0,0.0,0.0,,,,,,,,,,,,,,pending,True,2026-09-24T03:22:50.820934+00:00,simple,github-actions,7fa00c14b86e,0.015800927595486,,,,,,,,,,,,,
3,20260918T212625_4d1d787e5032,2026-09-18 21:26:46.401608+00:00,2026-09-21,2026-09-18,8c07b3286e7c864fdb67,01a15a32dfbfbe7a4a16,close_to_close,0.0094951493112605,{},e01ef2214b2f64572f6d,lagged_latest_vintage,,,,,Candidate IV interval,20260918T212625_4d1d787e5032:price_candidate:iv_interval:1,price,1,2026-09-21,1거래일,1.0,261000.0,있음,0.0046684647108738,262218.4692895381,262218.4692895381,253812.32971504296,270624.60886403325,0.8368200836820083,0.0231781052643853,0.0248552533755343,-0.0029496732455426,-0.0005563803417168,1.0,264000.0,274000.0,0.04980842911877392,,,-11781.530710461899,11781.530710461899,0.042998287264459485,-0.04513996440790012,0.0,-11781.530710461899,,,scored,True,2026-09-24T03:22:50.820934+00:00,iv,github-actions,7fa00c14b86e,0.0046684647108738,,,,,,,,,,,,,
3,20260918T212625_4d1d787e5032,2026-09-18 21:26:46.401608+00:00,2026-09-21,2026-09-18,8c07b3286e7c864fdb67,01a15a32dfbfbe7a4a16,close_to_close,0.0094951493112605,{},e01ef2214b2f64572f6d,lagged_latest_vintage,,,,,Candidate IV interval,20260918T212625_4d1d787e5032:price_candidate:iv_interval:5,price,5,2026-09-29,1주일,5.0,261000.0,없음,,,261000.0,240328.61544247967,281671.3845575204,0.8427672955974843,0.0582390385340768,0.0546266805904463,0.0,0.0,0.0,266000.0,272500.0,0.044061302681992265,,,,,,,1.0,-11500.0,,,scored,True,2026-09-29T07:49:47.431432+00:00,iv,github-actions,7fa00c14b86e,0.0073347474661744,,,,,,,,,,,,,
3,20260918T212625_4d1d787e5032,2026-09-18 21:26:46.401608+00:00,2026-09-21,2026-09-18,8c07b3286e7c864fdb67,01a15a32dfbfbe7a4a16,close_to_close,0.0094951493112605,{},e01ef2214b2f64572f6d,lagged_latest_vintage,,,,,Candidate IV interval,20260918T212625_4d1d787e5032:price_candidate:iv_interval:20,price,20,2026-10-22,1개월,20.0,261000.0,없음,,,261000.0,217149.3601050935,304850.6398949065,0.7914893617021277,0.1474016329163593,0.1277358719834915,0.0,0.0,0.0,,,,,,,,,,,,,,pending,True,2026-09-24T03:22:50.820934+00:00,iv,github-actions,7fa00c14b86e,0.015800927595486,,,,,,,,,,,,,
3,20260918T212625_4d1d787e5032,2026-09-18 21:26:46.401608+00:00,2026-09-21,2026-09-18,8c07b3286e7c864fdb67,01a15a32dfbfbe7a4a16,close_to_close,0.0094951493112605,{},e01ef2214b2f64572f6d,lagged_latest_vintage,,,,,Ridge,20260918T212625_4d1d787e5032:open:1,open,1,2026-09-21,시초가예측,1.0,261000.0,있음,0.0059889582917094,,,,,0.8626086956521739,0.0121427074216017,0.0163905876956306,-0.0059456335881876,-0.0025367895011171,1.0,264000.0,274000.0,0.011494252873563315,,,-1436.8818858638406,1436.8818858638406,0.005442734416150911,-0.005505294581853916,1.0,-1436.8818858638406,,,scored,True,2026-09-24T03:22:50.820934+00:00,,github-actions,7fa00c14b86e,0.0059889582917094,262563.11811413616,262563.11811413616,254523.5966598324,270602.63956844,0.7720011940572686,0.6406924136346763,,,,,,,
3,20260921T101938_bca3e3db570a,2026-09-21 10:19:57.532284+00:00,2026-09-22,2026-09-21,684f07e9815e6b5b660c,01a15a32dfbfbe7a4a16,close_to_close,0.0081151646918593,{},e01ef2214b2f64572f6d,lagged_latest_vintage,상승,0.3380115874729196,0.2682137980292178,0.3937746144978624,Candidate evening forecast,20260921T101938_bca3e3db570a:direction:Candidate evening forecast,direction,1,2026-09-22,,,,,,,,,,,,,,,,283000.0,276500.0,0.009124087591240837,2.0,1.0,,,,,,,0.9319765777857066,0.5536996927464366,scored,True,2026-09-24T03:22:50.820934+00:00,,github-actions,7fa00c14b86e,,,,,,,,,No macro ensemble,,,,,
3,20260921T101938_bca3e3db570a,2026-09-21 10:19:57.532284+00:00,2026-09-22,2026-09-21,684f07e9815e6b5b660c,01a15a32dfbfbe7a4a16,close_to_close,0.0081151646918593,{},e01ef2214b2f64572f6d,lagged_latest_vintage,,,,,Candidate evening open,20260921T101938_bca3e3db570a:open:Candidate evening open,open,1,2026-09-22,시초가예측,1.0,274000.0,있음,0.0052100773900747,,,,,0.8226086956521739,0.012150392046276,0.0163981701113193,-0.0059432566228675,-0.0025450717220169,1.0,283000.0,276500.0,0.03284671532846706,,,-7572.438795119524,7572.438795119524,0.026757734258372877,-0.027636637938392355,0.0,-7572.438795119524,,,scored,True,2026-09-24T03:22:50.820934+00:00,,github-actions,7fa00c14b86e,0.0052100773900747,275427.5612048805,275427.5612048805,268798.0990300934,282057.0233796675,0.7728113159888861,0.641023664859277,,,,,,,
3,20260921T223153_445dfd5959c7,2026-09-21 22:32:16.978254+00:00,2026-09-22,2026-09-21,0be05ce88d834ac39e5c,01a15a32dfbfbe7a4a16,close_to_close,0.0081151646918593,{},e01ef2214b2f64572f6d,lagged_latest_vintage,상승,0.2500185736774747,0.2995964003867395,0.4503850259357858,Logistic,20260921T223153_445dfd5959c7:direction:Logistic,direction,1,2026-09-22,,,,,,,,,,,,,,,,283000.0,276500.0,0.009124087591240837,2.0,1.0,,,,,,,0.7976524488554457,0.4543439100240173,scored,True,2026-09-24T03:22:50.820934+00:00,,github-actions,7fa00c14b86e,,,,,,,,,,,,,,
3,20260921T223153_445dfd5959c7,2026-09-21 22:32:16.978254+00:00,2026-09-22,2026-09-21,0be05ce88d834ac39e5c,01a15a32dfbfbe7a4a16,close_to_close,0.0081151646918593,{},e01ef2214b2f64572f6d,lagged_latest_vintage,상승,0.2096144386514083,0.2720354454713843,0.5183501158772074,LightGBM,20260921T223153_445dfd5959c7:direction:LightGBM,direction,1,2026-09-22,,,,,,,,,,,,,,,,283000.0,276500.0,0.009124087591240837,2.0,1.0,,,,,,,0.6571043656629159,0.3499281073594591,scored,True,2026-09-24T03:22:50.820934+00:00,,github-actions,7fa00c14b86e,,,,,,,,,,,,,,
3,20260921T223153_445dfd5959c7,2026-09-21 22:32:16.978254+00:00,2026-09-22,2026-09-21,0be05ce88d834ac39e5c,01a15a32dfbfbe7a4a16,close_to_close,0.0081151646918593,{},e01ef2214b2f64572f6d,lagged_latest_vintage,상승,0.2298165061644415,0.2858159229290619,0.4843675709064965,Mean ensemble,20260921T223153_445dfd5959c7:direction:Mean ensemble,direction,1,2026-09-22,,,,,,,,,,,,,,,,283000.0,276500.0,0.009124087591240837,2.0,1.0,,,,,,,0.7249112164755079,0.4003831702382892,scored,True,2026-09-24T03:22:50.820934+00:00,,github-actions,7fa00c14b86e,,,,,,,,,,,,,,
3,20260921T223153_445dfd5959c7,2026-09-21 22:32:16.978254+00:00,2026-09-22,2026-09-21,0be05ce88d834ac39e5c,01a15a32dfbfbe7a4a16,close_to_close,0.0081151646918593,{},e01ef2214b2f64572f6d,lagged_latest_vintage,상승,0.2364649373929656,0.2761537931625987,0.4873812694444357,No macro ensemble,20260921T223153_445dfd5959c7:direction:No macro ensemble,direction,1,2026-09-22,,,,,,,,,,,,,,,,283000.0,276500.0,0.009124087591240837,2.0,1.0,,,,,,,0.7187085680648859,0.3949545470107487,scored,True,2026-09-24T03:22:50.820934+00:00,,github-actions,7fa00c14b86e,,,,,,,,,,,,,,
3,20260921T223153_445dfd5959c7,2026-09-21 22:32:16.978254+00:00,2026-09-22,2026-09-21,0be05ce88d834ac39e5c,01a15a32dfbfbe7a4a16,close_to_close,0.0081151646918593,{},e01ef2214b2f64572f6d,lagged_latest_vintage,상승,0.1921012206529033,0.2883219965536493,0.5195767827934473,Candidate expanding,20260921T223153_445dfd5959c7:direction:Candidate expanding,direction,1,2026-09-22,,,,,,,,,,,,,,,,283000.0,276500.0,0.009124087591240837,2.0,1.0,,,,,,,0.65474067802956,0.3508389203041125,scored,True,2026-09-24T03:22:50.820934+00:00,,github-actions,7fa00c14b86e,,,,,,,,,,,,,,
3,20260921T223153_445dfd5959c7,2026-09-21 22:32:16.978254+00:00,2026-09-22,2026-09-21,0be05ce88d834ac39e5c,01a15a32dfbfbe7a4a16,close_to_close,0.0081151646918593,{},e01ef2214b2f64572f6d,lagged_latest_vintage,상승,0.2339394663686752,0.2723022444074961,0.4937582892238286,No NSI ensemble,20260921T223153_445dfd5959c7:direction:No NSI ensemble,direction,1,2026-09-22,,,,,,,,,,,,,,,,283000.0,276500.0,0.009124087591240837,2.0,1.0,,,,,,,0.7057091746063023,0.3851568559638051,scored,True,2026-09-24T03:22:50.820934+00:00,,github-actions,7fa00c14b86e,,,,,,,,,,,,,,
3,20260921T223153_445dfd5959c7,2026-09-21 22:32:16.978254+00:00,2026-09-22,2026-09-21,0be05ce88d834ac39e5c,01a15a32dfbfbe7a4a16,close_to_close,0.0081151646918593,{},e01ef2214b2f64572f6d,lagged_latest_vintage,상승,0.2264639561810341,0.2900301770512374,0.4835058667677284,No flow ensemble,20260921T223153_445dfd5959c7:direction:No flow ensemble,direction,1,2026-09-22,,,,,,,,,,,,,,,,283000.0,276500.0,0.009124087591240837,2.0,1.0,,,,,,,0.7266918302063987,0.40216961671289286,scored,True,2026-09-24T03:22:50.820934+00:00,,github-actions,7fa00c14b86e,,,,,,,,,,,,,,
3,20260921T223153_445dfd5959c7,2026-09-21 22:32:16.978254+00:00,2026-09-22,2026-09-21,0be05ce88d834ac39e5c,01a15a32dfbfbe7a4a16,close_to_close,0.0081151646918593,{},e01ef2214b2f64572f6d,lagged_latest_vintage,상승,0.2137242512806414,0.2950296402180056,0.491246108501353,No macro price ensemble,20260921T223153_445dfd5959c7:direction:No macro price ensemble,direction,1,2026-09-22,,,,,,,,,,,,,,,,283000.0,276500.0,0.009124087591240837,2.0,1.0,,,,,,,0.7108100374557869,0.3915510663076537,scored,True,2026-09-24T03:22:50.820934+00:00,,github-actions,7fa00c14b86e,,,,,,,,,,,,,,
3,20260921T223153_445dfd5959c7,2026-09-21 22:32:16.978254+00:00,2026-09-22,2026-09-21,0be05ce88d834ac39e5c,01a15a32dfbfbe7a4a16,close_to_close,0.0081151646918593,{},e01ef2214b2f64572f6d,lagged_latest_vintage,,,,,Ridge,20260921T223153_445dfd5959c7:price:1,price,1,2026-09-22,1거래일,1.0,274000.0,있음,0.0110827713169918,277036.6793408558,277036.6793408558,267682.61412886385,286390.7445528477,0.8221757322175732,0.0231977196870354,0.0249060290966853,-0.0029771322197787,-0.0005825144130012,1.0,283000.0,276500.0,0.009124087591240837,,,536.6793408558005,536.6793408558005,0.0019409741079775787,0.001958683725750964,1.0,536.6793408558005,,,scored,True,2026-09-24T03:22:50.820934+00:00,simple,github-actions,7fa00c14b86e,0.0110827713169918,,,,,,,,,,,,,
3,20260921T223153_445dfd5959c7,2026-09-21 22:32:16.978254+00:00,2026-09-22,2026-09-21,0be05ce88d834ac39e5c,01a15a32dfbfbe7a4a16,close_to_close,0.0081151646918593,{},e01ef2214b2f64572f6d,lagged_latest_vintage,,,,,Ridge,20260921T223153_445dfd5959c7:price:5,price,5,2026-09-30,1주일,5.0,274000.0,없음,,,274000.0,250390.86414090032,297609.1358590997,0.8322851153039832,0.0584100056813818,0.0546615484581986,0.0,0.0,0.0,274500.0,268500.0,-0.02007299270072993,,,,,,,1.0,5500.0,,,scored,True,2026-09-30T07:05:19.761520+00:00,simple,github-actions,7fa00c14b86e,0.0107607983770817,,,,,,,,,,,,,
3,20260921T223153_445dfd5959c7,2026-09-21 22:32:16.978254+00:00,2026-09-22,2026-09-21,0be05ce88d834ac39e5c,01a15a32dfbfbe7a4a16,close_to_close,0.0081151646918593,{},e01ef2214b2f64572f6d,lagged_latest_vintage,,,,,Ridge,20260921T223153_445dfd5959c7:price:20,price,20,2026-10-23,1개월,20.0,274000.0,없음,,,274000.0,224564.45082867512,323435.5491713249,0.7936170212765957,0.1476755639526487,0.1274574472571626,0.0,0.0,0.0,,,,,,,,,,,,,,pending,True,2026-09-24T03:22:50.820934+00:00,simple,github-actions,7fa00c14b86e,0.0233277465893456,,,,,,,,,,,,,
3,20260921T223153_445dfd5959c7,2026-09-21 22:32:16.978254+00:00,2026-09-22,2026-09-21,0be05ce88d834ac39e5c,01a15a32dfbfbe7a4a16,close_to_close,0.0081151646918593,{},e01ef2214b2f64572f6d,lagged_latest_vintage,,,,,Candidate IV interval,20260921T223153_445dfd5959c7:price_candidate:iv_interval:1,price,1,2026-09-22,1거래일,1.0,274000.0,있음,0.0110827713169918,277036.6793408558,277036.6793408558,269061.4894158363,285011.8692658753,0.8347280334728033,0.0231977196870354,0.0249060290966853,-0.0029771322197787,-0.0005825144130012,1.0,283000.0,276500.0,0.009124087591240837,,,536.6793408558005,536.6793408558005,0.0019409741079775787,0.001958683725750964,1.0,536.6793408558005,,,scored,True,2026-09-24T03:22:50.820934+00:00,iv,github-actions,7fa00c14b86e,0.0110827713169918,,,,,,,,,,,,,
3,20260921T223153_445dfd5959c7,2026-09-21 22:32:16.978254+00:00,2026-09-22,2026-09-21,0be05ce88d834ac39e5c,01a15a32dfbfbe7a4a16,close_to_close,0.0081151646918593,{},e01ef2214b2f64572f6d,lagged_latest_vintage,,,,,Candidate IV interval,20260921T223153_445dfd5959c7:price_candidate:iv_interval:5,price,5,2026-09-30,1주일,5.0,274000.0,없음,,,274000.0,254395.32990136245,293604.6700986376,0.8427672955974843,0.0584100056813818,0.0546615484581986,0.0,0.0,0.0,274500.0,268500.0,-0.02007299270072993,,,,,,,1.0,5500.0,,,scored,True,2026-09-30T07:05:19.761520+00:00,iv,github-actions,7fa00c14b86e,0.0107607983770817,,,,,,,,,,,,,
3,20260921T223153_445dfd5959c7,2026-09-21 22:32:16.978254+00:00,2026-09-22,2026-09-21,0be05ce88d834ac39e5c,01a15a32dfbfbe7a4a16,close_to_close,0.0081151646918593,{},e01ef2214b2f64572f6d,lagged_latest_vintage,,,,,Candidate IV interval,20260921T223153_445dfd5959c7:price_candidate:iv_interval:20,price,20,2026-10-23,1개월,20.0,274000.0,없음,,,274000.0,232307.19849933623,315692.80150066374,0.7936170212765957,0.1476755639526487,0.1274574472571626,0.0,0.0,0.0,,,,,,,,,,,,,,pending,True,2026-09-24T03:22:50.820934+00:00,iv,github-actions,7fa00c14b86e,0.0233277465893456,,,,,,,,,,,,,
3,20260921T223153_445dfd5959c7,2026-09-21 22:32:16.978254+00:00,2026-09-22,2026-09-21,0be05ce88d834ac39e5c,01a15a32dfbfbe7a4a16,close_to_close,0.0081151646918593,{},e01ef2214b2f64572f6d,lagged_latest_vintage,,,,,Ridge,20260921T223153_445dfd5959c7:open:1,open,1,2026-09-22,시초가예측,1.0,274000.0,있음,0.0198647137731313,,,,,0.8226086956521739,0.0121593831481176,0.0163981701113193,-0.0059345548507858,-0.0025221432558783,1.0,283000.0,276500.0,0.03284671532846706,,,-3557.0684261620045,3557.0684261620045,0.012569146382197896,-0.012982001555335757,1.0,-3557.0684261620045,,,scored,True,2026-09-24T03:22:50.820934+00:00,,github-actions,7fa00c14b86e,0.0198647137731313,279442.931573838,279442.931573838,272813.4604269122,286072.4027207638,0.7726524145215734,0.6409017254797233,,,,,,,
3,postopen_20260922T052055_0c0d7b50ee75,2026-09-22 05:20:55.622730+00:00,2026-09-22,2026-09-21,,post-open-grid-v1,close_to_close,0.0081151646918593,,,,상승,0.1425218887152782,0.2063188131510512,0.6511592981336705,Post-open,postopen_20260922T052055_0c0d7b50ee75:direction:Post-open,direction,1,2026-09-22,,,274000.0,,,,,,,,,,,,,283000.0,276500.0,0.009124087591240837,2.0,1.0,,,,,,,0.42900096911317703,0.18456977670162186,scored,True,2026-09-24T03:22:50.820934+00:00,,,,,,,,,,,,,post_open,0.032846715328467,상승,False,283000.0
3,20260922T093021_07efe01033ac,2026-09-22 09:30:46.062753+00:00,2026-09-23,2026-09-22,2745fa3a282b66e8a4f1,01a15a32dfbfbe7a4a16,close_to_close,0.0081193167145498,{},e01ef2214b2f64572f6d,lagged_latest_vintage,상승,0.2130528748507523,0.2776562010165895,0.5092909241326582,Candidate evening forecast,20260922T093021_07efe01033ac:direction:Candidate evening forecast,direction,1,2026-09-23,,,,,,,,,,,,,,,,284500.0,285500.0,0.032549728752260476,2.0,1.0,,,,,,,0.6747358655278829,0.3632798905837157,scored,True,2026-09-24T03:22:50.820934+00:00,,github-actions,7fa00c14b86e,,,,,,,,,No macro ensemble,,,,,
3,20260922T093021_07efe01033ac,2026-09-22 09:30:46.062753+00:00,2026-09-23,2026-09-22,2745fa3a282b66e8a4f1,01a15a32dfbfbe7a4a16,close_to_close,0.0081193167145498,{},e01ef2214b2f64572f6d,lagged_latest_vintage,,,,,Candidate evening open,20260922T093021_07efe01033ac:open:Candidate evening open,open,1,2026-09-23,시초가예측,1.0,276500.0,있음,0.02182212844491,,,,,0.8226086956521739,0.0121814553383104,0.0164386723205135,-0.0059710372648424,-0.0025689843846027,1.0,284500.0,285500.0,0.02893309222423146,,,-1966.1814849823713,1966.1814849823713,0.006911006977090936,-0.0071109637793214595,1.0,-1966.1814849823713,,,scored,True,2026-09-24T03:22:50.820934+00:00,,github-actions,7fa00c14b86e,0.02182212844491,282533.8185150176,282533.8185150176,275785.73795014806,289281.89907988725,0.7730335428807416,0.6415702321131834,,,,,,,
3,20260922T214411_776551645592,2026-09-22 21:44:30.568006+00:00,2026-09-23,2026-09-22,8fa44d8d289d18e82b37,01a15a32dfbfbe7a4a16,close_to_close,0.0081193167145498,{},e01ef2214b2f64572f6d,lagged_latest_vintage,상승,0.2898824064385724,0.3202803795235353,0.3898372140378924,Logistic,20260922T214411_776551645592:direction:Logistic,direction,1,2026-09-23,,,,,,,,,,,,,,,,284500.0,285500.0,0.032549728752260476,2.0,1.0,,,,,,,0.9420260268968722,0.5589099564433982,scored,True,2026-09-24T03:22:50.820934+00:00,,github-actions,7fa00c14b86e,,,,,,,,,,,,,,
3,20260922T214411_776551645592,2026-09-22 21:44:30.568006+00:00,2026-09-23,2026-09-22,8fa44d8d289d18e82b37,01a15a32dfbfbe7a4a16,close_to_close,0.0081193167145498,{},e01ef2214b2f64572f6d,lagged_latest_vintage,상승,0.2520795269006884,0.2691438494846118,0.4787766236146998,LightGBM,20260922T214411_776551645592:direction:LightGBM,direction,1,2026-09-23,,,,,,,,,,,,,,,,284500.0,285500.0,0.032549728752260476,2.0,1.0,,,,,,,0.736521129350052,0.4076563076883626,scored,True,2026-09-24T03:22:50.820934+00:00,,github-actions,7fa00c14b86e,,,,,,,,,,,,,,
3,20260922T214411_776551645592,2026-09-22 21:44:30.568006+00:00,2026-09-23,2026-09-22,8fa44d8d289d18e82b37,01a15a32dfbfbe7a4a16,close_to_close,0.0081193167145498,{},e01ef2214b2f64572f6d,lagged_latest_vintage,상승,0.2709809666696303,0.2947121145040735,0.4343069188262961,Mean ensemble,20260922T214411_776551645592:direction:Mean ensemble,direction,1,2026-09-23,,,,,,,,,,,,,,,,284500.0,285500.0,0.032549728752260476,2.0,1.0,,,,,,,0.8340038085843843,0.48029457682046806,scored,True,2026-09-24T03:22:50.820934+00:00,,github-actions,7fa00c14b86e,,,,,,,,,,,,,,
3,20260922T214411_776551645592,2026-09-22 21:44:30.568006+00:00,2026-09-23,2026-09-22,8fa44d8d289d18e82b37,01a15a32dfbfbe7a4a16,close_to_close,0.0081193167145498,{},e01ef2214b2f64572f6d,lagged_latest_vintage,상승,0.2969322435139006,0.2710849298766247,0.4319828266094747,No macro ensemble,20260922T214411_776551645592:direction:No macro ensemble,direction,1,2026-09-23,,,,,,,,,,,,,,,,284500.0,285500.0,0.032549728752260476,2.0,1.0,,,,,,,0.8393694447470155,0.4842993057109749,scored,True,2026-09-24T03:22:50.820934+00:00,,github-actions,7fa00c14b86e,,,,,,,,,,,,,,
3,20260922T214411_776551645592,2026-09-22 21:44:30.568006+00:00,2026-09-23,2026-09-22,8fa44d8d289d18e82b37,01a15a32dfbfbe7a4a16,close_to_close,0.0081193167145498,{},e01ef2214b2f64572f6d,lagged_latest_vintage,상승,0.2459385985171194,0.2846499969542157,0.4694114045286648,Candidate expanding,20260922T214411_776551645592:direction:Candidate expanding,direction,1,2026-09-23,,,,,,,,,,,,,,,,284500.0,285500.0,0.032549728752260476,2.0,1.0,,,,,,,0.7562756998896174,0.423035672650844,scored,True,2026-09-24T03:22:50.820934+00:00,,github-actions,7fa00c14b86e,,,,,,,,,,,,,,
3,20260922T214411_776551645592,2026-09-22 21:44:30.568006+00:00,2026-09-23,2026-09-22,8fa44d8d289d18e82b37,01a15a32dfbfbe7a4a16,close_to_close,0.0081193167145498,{},e01ef2214b2f64572f6d,lagged_latest_vintage,상승,0.2852076871105585,0.2809341100525464,0.4338582028368951,No NSI ensemble,20260922T214411_776551645592:direction:No NSI ensemble,direction,1,2026-09-23,,,,,,,,,,,,,,,,284500.0,285500.0,0.032549728752260476,2.0,1.0,,,,,,,0.8350375198408285,0.48078393347304066,scored,True,2026-09-24T03:22:50.820934+00:00,,github-actions,7fa00c14b86e,,,,,,,,,,,,,,
3,20260922T214411_776551645592,2026-09-22 21:44:30.568006+00:00,2026-09-23,2026-09-22,8fa44d8d289d18e82b37,01a15a32dfbfbe7a4a16,close_to_close,0.0081193167145498,{},e01ef2214b2f64572f6d,lagged_latest_vintage,상승,0.2769075762969644,0.2887122023910318,0.4343802213120038,No flow ensemble,20260922T214411_776551645592:direction:No flow ensemble,direction,1,2026-09-23,,,,,,,,,,,,,,,,284500.0,285500.0,0.032549728752260476,2.0,1.0,,,,,,,0.833835042448696,0.47995827566319704,scored,True,2026-09-24T03:22:50.820934+00:00,,github-actions,7fa00c14b86e,,,,,,,,,,,,,,
3,20260922T214411_776551645592,2026-09-22 21:44:30.568006+00:00,2026-09-23,2026-09-22,8fa44d8d289d18e82b37,01a15a32dfbfbe7a4a16,close_to_close,0.0081193167145498,{},e01ef2214b2f64572f6d,lagged_latest_vintage,상승,0.2570667300135034,0.3067444206335425,0.4361888493529541,No macro price ensemble,20260922T214411_776551645592:direction:No macro price ensemble,direction,1,2026-09-23,,,,,,,,,,,,,,,,284500.0,285500.0,0.032549728752260476,2.0,1.0,,,,,,,0.8296799886936803,0.478058456863589,scored,True,2026-09-24T03:22:50.820934+00:00,,github-actions,7fa00c14b86e,,,,,,,,,,,,,,
3,20260922T214411_776551645592,2026-09-22 21:44:30.568006+00:00,2026-09-23,2026-09-22,8fa44d8d289d18e82b37,01a15a32dfbfbe7a4a16,close_to_close,0.0081193167145498,{},e01ef2214b2f64572f6d,lagged_latest_vintage,,,,,Ridge,20260922T214411_776551645592:price:1,price,1,2026-09-23,1거래일,1.0,276500.0,있음,0.0069925394136309,278433.437147869,278433.437147869,268988.1439248836,287878.7303708544,0.8225469728601252,0.0231545760338784,0.0248730814108702,-0.0029845381069044,-0.0006015330412774,1.0,284500.0,285500.0,0.032549728752260476,,,-7066.562852131028,7066.562852131028,0.02475153363268311,-0.025557189338629577,1.0,-7066.562852131028,,,scored,True,2026-09-24T03:22:50.820934+00:00,simple,github-actions,7fa00c14b86e,0.0069925394136309,,,,,,,,,,,,,
3,20260922T214411_776551645592,2026-09-22 21:44:30.568006+00:00,2026-09-23,2026-09-22,8fa44d8d289d18e82b37,01a15a32dfbfbe7a4a16,close_to_close,0.0081193167145498,{},e01ef2214b2f64572f6d,lagged_latest_vintage,,,,,Ridge,20260922T214411_776551645592:price:5,price,5,2026-10-01,1주일,5.0,276500.0,없음,,,276500.0,252663.2918939405,300336.70810605946,0.8322851153039832,0.058581098629739,0.0547561155206105,0.0,0.0,0.0,266500.0,276000.0,-0.001808318264014508,,,,,,,1.0,500.0,,,scored,True,2026-10-01T07:11:12.136389+00:00,simple,github-actions,7fa00c14b86e,0.0087063080452176,,,,,,,,,,,,,
3,20260922T214411_776551645592,2026-09-22 21:44:30.568006+00:00,2026-09-23,2026-09-22,8fa44d8d289d18e82b37,01a15a32dfbfbe7a4a16,close_to_close,0.0081193167145498,{},e01ef2214b2f64572f6d,lagged_latest_vintage,,,,,Ridge,20260922T214411_776551645592:price:20,price,20,2026-10-26,1개월,20.0,276500.0,없음,,,276500.0,226528.7077896208,326471.29221037927,0.7936170212765957,0.147929841016345,0.1272058522076709,0.0,0.0,0.0,,,,,,,,,,,,,,pending,True,2026-09-24T03:22:50.820934+00:00,simple,github-actions,7fa00c14b86e,0.018372671571792,,,,,,,,,,,,,
3,20260922T214411_776551645592,2026-09-22 21:44:30.568006+00:00,2026-09-23,2026-09-22,8fa44d8d289d18e82b37,01a15a32dfbfbe7a4a16,close_to_close,0.0081193167145498,{},e01ef2214b2f64572f6d,lagged_latest_vintage,,,,,Candidate IV interval,20260922T214411_776551645592:price_candidate:iv_interval:1,price,1,2026-09-23,1거래일,1.0,276500.0,있음,0.0069925394136309,278433.437147869,278433.437147869,270478.6399073677,286388.23438837024,0.8329853862212944,0.0231545760338784,0.0248730814108702,-0.0029845381069044,-0.0006015330412774,1.0,284500.0,285500.0,0.032549728752260476,,,-7066.562852131028,7066.562852131028,0.02475153363268311,-0.025557189338629577,1.0,-7066.562852131028,,,scored,True,2026-09-24T03:22:50.820934+00:00,iv,github-actions,7fa00c14b86e,0.0069925394136309,,,,,,,,,,,,,
3,20260922T214411_776551645592,2026-09-22 21:44:30.568006+00:00,2026-09-23,2026-09-22,8fa44d8d289d18e82b37,01a15a32dfbfbe7a4a16,close_to_close,0.0081193167145498,{},e01ef2214b2f64572f6d,lagged_latest_vintage,,,,,Candidate IV interval,20260922T214411_776551645592:price_candidate:iv_interval:5,price,5,2026-10-01,1주일,5.0,276500.0,없음,,,276500.0,256910.16751035675,296089.83248964325,0.8427672955974843,0.058581098629739,0.0547561155206105,0.0,0.0,0.0,266500.0,276000.0,-0.001808318264014508,,,,,,,1.0,500.0,,,scored,True,2026-10-01T07:11:12.136389+00:00,iv,github-actions,7fa00c14b86e,0.0087063080452176,,,,,,,,,,,,,
3,20260922T214411_776551645592,2026-09-22 21:44:30.568006+00:00,2026-09-23,2026-09-22,8fa44d8d289d18e82b37,01a15a32dfbfbe7a4a16,close_to_close,0.0081193167145498,{},e01ef2214b2f64572f6d,lagged_latest_vintage,,,,,Candidate IV interval,20260922T214411_776551645592:price_candidate:iv_interval:20,price,20,2026-10-26,1개월,20.0,276500.0,없음,,,276500.0,234696.0846751849,318303.91532481514,0.7957446808510639,0.147929841016345,0.1272058522076709,0.0,0.0,0.0,,,,,,,,,,,,,,pending,True,2026-09-24T03:22:50.820934+00:00,iv,github-actions,7fa00c14b86e,0.018372671571792,,,,,,,,,,,,,
3,20260922T214411_776551645592,2026-09-22 21:44:30.568006+00:00,2026-09-23,2026-09-22,8fa44d8d289d18e82b37,01a15a32dfbfbe7a4a16,close_to_close,0.0081193167145498,{},e01ef2214b2f64572f6d,lagged_latest_vintage,,,,,Ridge,20260922T214411_776551645592:open:1,open,1,2026-09-23,시초가예측,1.0,276500.0,있음,0.0128010874614119,,,,,0.8226086956521739,0.0121814552981706,0.0164386723205135,-0.0059710381212267,-0.0025689838040639,1.0,284500.0,285500.0,0.02893309222423146,,,-4460.499316919595,4460.499316919595,0.01567838072730965,-0.016132004762819563,1.0,-4460.499316919595,,,scored,True,2026-09-24T03:22:50.820934+00:00,,github-actions,7fa00c14b86e,0.0128010874614119,280039.5006830804,280039.5006830804,273291.4165262066,286787.5848399542,0.7730335428807416,0.6415702681684254,,,,,,,
3,postopen_20260923T050809_ee892d372f17,2026-09-23 05:08:09.088692+00:00,2026-09-23,2026-09-22,,post-open-grid-v1,close_to_close,0.0081193167145498,,,,상승,0.1395335481814789,0.1942672841884214,0.6661991676300996,Post-open,postopen_20260923T050809_ee892d372f17:direction:Post-open,direction,1,2026-09-23,,,276500.0,,,,,,,,,,,,,284500.0,285500.0,0.032549728752260476,2.0,1.0,,,,,,,0.4061666026527894,0.1686323844648963,scored,True,2026-09-24T03:22:50.820934+00:00,,,,,,,,,,,,,post_open,0.0289330922242314,상승,False,284500.0
3,20260923T115545_85fba40ed40a,2026-09-23 11:56:08.681217+00:00,2026-09-28,2026-09-23,4a82c02ccc6d191c9817,01a15a32dfbfbe7a4a16,close_to_close,0.0082984734632896,{},e01ef2214b2f64572f6d,lagged_latest_vintage,상승,0.2866413993593234,0.2932067208237741,0.4201518798169025,Candidate evening forecast,20260923T115545_85fba40ed40a:direction:Candidate evening forecast,direction,1,2026-09-28,,,,,,,,,,,,,,,,284500.0,270000.0,-0.05429071803852892,0.0,0.0,,,,,,,1.2495233240572095,0.7713782763579318,scored,True,2026-09-28T08:31:48.093983+00:00,,github-actions,7fa00c14b86e,,,,,,,,,No macro ensemble,,,,,
3,20260923T115545_85fba40ed40a,2026-09-23 11:56:08.681217+00:00,2026-09-28,2026-09-23,4a82c02ccc6d191c9817,01a15a32dfbfbe7a4a16,close_to_close,0.0082984734632896,{},e01ef2214b2f64572f6d,lagged_latest_vintage,,,,,Candidate evening open,20260923T115545_85fba40ed40a:open:Candidate evening open,open,1,2026-09-28,시초가예측,1.0,285500.0,있음,0.0127759419023693,,,,,0.8226086956521739,0.0121977621624946,0.0164678334372136,-0.0059987834350795,-0.002573483353696,0.9973991371546956,284500.0,270000.0,-0.003502626970227629,,,4647.531413126446,4647.531413126446,0.016335787040866242,0.01627856887259693,1.0,4647.531413126446,,,scored,True,2026-09-28T08:31:48.093983+00:00,,github-actions,7fa00c14b86e,0.0128092570230364,289147.53141312645,289147.53141312645,281941.3356971955,296353.72712905746,0.7728851583813416,0.6413133523207301,,,,,,,
3,20260923T214828_113e5dabb481,2026-09-23 21:48:47.630458+00:00,2026-09-28,2026-09-23,3fcbaa0b3892b29415a2,01a15a32dfbfbe7a4a16,close_to_close,0.0082984734632896,{},e01ef2214b2f64572f6d,lagged_latest_vintage,하락,0.4848625765861123,0.2755548511941817,0.239582572219706,Logistic,20260923T214828_113e5dabb481:direction:Logistic,direction,1,2026-09-28,,,,,,,,,,,,,,,,284500.0,270000.0,-0.05429071803852892,0.0,1.0,,,,,,,0.7238897754401983,0.39869684992955723,scored,True,2026-09-28T08:31:48.093983+00:00,,github-actions,7fa00c14b86e,,,,,,,,,,,,,,
3,20260923T214828_113e5dabb481,2026-09-23 21:48:47.630458+00:00,2026-09-28,2026-09-23,3fcbaa0b3892b29415a2,01a15a32dfbfbe7a4a16,close_to_close,0.0082984734632896,{},e01ef2214b2f64572f6d,lagged_latest_vintage,하락,0.460859216730472,0.2537012527828602,0.2854395304866677,LightGBM,20260923T214828_113e5dabb481:direction:LightGBM,direction,1,2026-09-28,,,,,,,,,,,,,,,,284500.0,270000.0,-0.05429071803852892,0.0,1.0,,,,,,,0.7746626693272991,0.4365128354125222,scored,True,2026-09-28T08:31:48.093983+00:00,,github-actions,7fa00c14b86e,,,,,,,,,,,,,,
3,20260923T214828_113e5dabb481,2026-09-23 21:48:47.630458+00:00,2026-09-28,2026-09-23,3fcbaa0b3892b29415a2,01a15a32dfbfbe7a4a16,close_to_close,0.0082984734632896,{},e01ef2214b2f64572f6d,lagged_latest_vintage,하락,0.4728608966582922,0.264628051988521,0.2625110513531868,Mean ensemble,20260923T214828_113e5dabb481:direction:Mean ensemble,direction,1,2026-09-28,,,,,,,,,,,,,,,,284500.0,270000.0,-0.05429071803852892,0.0,1.0,,,,,,,0.7489540211455724,0.41681569225369464,scored,True,2026-09-28T08:31:48.093983+00:00,,github-actions,7fa00c14b86e,,,,,,,,,,,,,,
3,20260923T214828_113e5dabb481,2026-09-23 21:48:47.630458+00:00,2026-09-28,2026-09-23,3fcbaa0b3892b29415a2,01a15a32dfbfbe7a4a16,close_to_close,0.0082984734632896,{},e01ef2214b2f64572f6d,lagged_latest_vintage,하락,0.468504867336905,0.2678297307535333,0.2636654019095616,No macro ensemble,20260923T214828_113e5dabb481:direction:No macro ensemble,direction,1,2026-09-28,,,,,,,,,,,,,,,,284500.0,270000.0,-0.05429071803852892,0.0,1.0,,,,,,,0.7582087881646605,0.4237392848842017,scored,True,2026-09-28T08:31:48.093983+00:00,,github-actions,7fa00c14b86e,,,,,,,,,,,,,,
3,20260923T214828_113e5dabb481,2026-09-23 21:48:47.630458+00:00,2026-09-28,2026-09-23,3fcbaa0b3892b29415a2,01a15a32dfbfbe7a4a16,close_to_close,0.0082984734632896,{},e01ef2214b2f64572f6d,lagged_latest_vintage,하락,0.4467666078678448,0.2741660619436263,0.2790673301885288,Candidate expanding,20260923T214828_113e5dabb481:direction:Candidate expanding,direction,1,2026-09-28,,,,,,,,,,,,,,,,284500.0,270000.0,-0.05429071803852892,0.0,1.0,,,,,,,0.8057189507754929,0.45911279047028075,scored,True,2026-09-28T08:31:48.093983+00:00,,github-actions,7fa00c14b86e,,,,,,,,,,,,,,
3,20260923T214828_113e5dabb481,2026-09-23 21:48:47.630458+00:00,2026-09-28,2026-09-23,3fcbaa0b3892b29415a2,01a15a32dfbfbe7a4a16,close_to_close,0.0082984734632896,{},e01ef2214b2f64572f6d,lagged_latest_vintage,하락,0.4710171035972441,0.2698118677317577,0.2591710286709982,No NSI ensemble,20260923T214828_113e5dabb481:direction:No NSI ensemble,direction,1,2026-09-28,,,,,,,,,,,,,,,,284500.0,270000.0,-0.05429071803852892,0.0,1.0,,,,,,,0.7528608722550888,0.4197909707579316,scored,True,2026-09-28T08:31:48.093983+00:00,,github-actions,7fa00c14b86e,,,,,,,,,,,,,,
3,20260923T214828_113e5dabb481,2026-09-23 21:48:47.630458+00:00,2026-09-28,2026-09-23,3fcbaa0b3892b29415a2,01a15a32dfbfbe7a4a16,close_to_close,0.0082984734632896,{},e01ef2214b2f64572f6d,lagged_latest_vintage,하락,0.4614314629893444,0.2755060118228286,0.2630625251878268,No flow ensemble,20260923T214828_113e5dabb481:direction:No flow ensemble,direction,1,2026-09-28,,,,,,,,,,,,,,,,284500.0,270000.0,-0.05429071803852892,0.0,1.0,,,,,,,0.7734217453000077,0.4351615237665144,scored,True,2026-09-28T08:31:48.093983+00:00,,github-actions,7fa00c14b86e,,,,,,,,,,,,,,
3,20260923T214828_113e5dabb481,2026-09-23 21:48:47.630458+00:00,2026-09-28,2026-09-23,3fcbaa0b3892b29415a2,01a15a32dfbfbe7a4a16,close_to_close,0.0082984734632896,{},e01ef2214b2f64572f6d,lagged_latest_vintage,하락,0.4366838014620217,0.3044825880477102,0.258833610490268,No macro price ensemble,20260923T214828_113e5dabb481:direction:No macro price ensemble,direction,1,2026-09-28,,,,,,,,,,,,,,,,284500.0,270000.0,-0.05429071803852892,0.0,1.0,,,,,,,0.828545912235555,0.47702962387893827,scored,True,2026-09-28T08:31:48.093983+00:00,,github-actions,7fa00c14b86e,,,,,,,,,,,,,,
3,20260923T214828_113e5dabb481,2026-09-23 21:48:47.630458+00:00,2026-09-28,2026-09-23,3fcbaa0b3892b29415a2,01a15a32dfbfbe7a4a16,close_to_close,0.0082984734632896,{},e01ef2214b2f64572f6d,lagged_latest_vintage,,,,,Ridge,20260923T214828_113e5dabb481:price:1,price,1,2026-09-28,1거래일,1.0,285500.0,있음,-0.0045861624445523,284190.6506220803,284190.6506220803,274230.743002463,294150.5582416976,0.8225469728601252,0.0231647022819296,0.0248690458579089,-0.0029791055762179,-0.000579444277427,1.0,284500.0,270000.0,-0.05429071803852892,,,14190.650622080313,14190.650622080313,0.05255796526696412,0.049704555593976615,0.0,14190.650622080313,,,scored,True,2026-09-28T08:31:48.093983+00:00,simple,github-actions,7fa00c14b86e,-0.0045861624445523,,,,,,,,,,,,,
3,20260923T214828_113e5dabb481,2026-09-23 21:48:47.630458+00:00,2026-09-28,2026-09-23,3fcbaa0b3892b29415a2,01a15a32dfbfbe7a4a16,close_to_close,0.0082984734632896,{},e01ef2214b2f64572f6d,lagged_latest_vintage,,,,,Ridge,20260923T214828_113e5dabb481:price:5,price,5,2026-10-02,1주일,5.0,285500.0,없음,,,285500.0,260344.3027248032,310655.69727519684,0.8301886792452831,0.058763786695411,0.0548683889179421,0.0,0.0,0.0,273500.0,276000.0,-0.03327495621716292,,,,,,,1.0,9500.0,,,scored,True,2026-10-02T07:11:04.019911+00:00,simple,github-actions,7fa00c14b86e,-0.0013396663772663,,,,,,,,,,,,,
3,20260923T214828_113e5dabb481,2026-09-23 21:48:47.630458+00:00,2026-09-28,2026-09-23,3fcbaa0b3892b29415a2,01a15a32dfbfbe7a4a16,close_to_close,0.0082984734632896,{},e01ef2214b2f64572f6d,lagged_latest_vintage,,,,,Ridge,20260923T214828_113e5dabb481:price:20,price,20,2026-10-27,1개월,20.0,285500.0,없음,,,285500.0,232697.7677943038,338302.2322056962,0.7936170212765957,0.1482033039044842,0.1269723570802866,0.0,0.0,0.0,,,,,,,,,,,,,,pending,True,2026-09-24T03:22:50.820934+00:00,simple,github-actions,7fa00c14b86e,0.0038917260861985,,,,,,,,,,,,,
3,20260923T214828_113e5dabb481,2026-09-23 21:48:47.630458+00:00,2026-09-28,2026-09-23,3fcbaa0b3892b29415a2,01a15a32dfbfbe7a4a16,close_to_close,0.0082984734632896,{},e01ef2214b2f64572f6d,lagged_latest_vintage,,,,,Candidate IV interval,20260923T214828_113e5dabb481:price_candidate:iv_interval:1,price,1,2026-09-28,1거래일,1.0,285500.0,있음,-0.0045861624445523,284190.6506220803,284190.6506220803,275550.1827641463,292831.1184800143,0.8308977035490606,0.0231647022819296,0.0248690458579089,-0.0029791055762179,-0.000579444277427,1.0,284500.0,270000.0,-0.05429071803852892,,,14190.650622080313,14190.650622080313,0.05255796526696412,0.049704555593976615,0.0,14190.650622080313,,,scored,True,2026-09-28T08:31:48.093983+00:00,iv,github-actions,7fa00c14b86e,-0.0045861624445523,,,,,,,,,,,,,
3,20260923T214828_113e5dabb481,2026-09-23 21:48:47.630458+00:00,2026-09-28,2026-09-23,3fcbaa0b3892b29415a2,01a15a32dfbfbe7a4a16,close_to_close,0.0082984734632896,{},e01ef2214b2f64572f6d,lagged_latest_vintage,,,,,Candidate IV interval,20260923T214828_113e5dabb481:price_candidate:iv_interval:5,price,5,2026-10-02,1주일,5.0,285500.0,없음,,,285500.0,264232.0713433454,306767.9286566546,0.8406708595387841,0.058763786695411,0.0548683889179421,0.0,0.0,0.0,273500.0,276000.0,-0.03327495621716292,,,,,,,1.0,9500.0,,,scored,True,2026-10-02T07:11:04.019911+00:00,iv,github-actions,7fa00c14b86e,-0.0013396663772663,,,,,,,,,,,,,
3,20260923T214828_113e5dabb481,2026-09-23 21:48:47.630458+00:00,2026-09-28,2026-09-23,3fcbaa0b3892b29415a2,01a15a32dfbfbe7a4a16,close_to_close,0.0082984734632896,{},e01ef2214b2f64572f6d,lagged_latest_vintage,,,,,Candidate IV interval,20260923T214828_113e5dabb481:price_candidate:iv_interval:20,price,20,2026-10-27,1개월,20.0,285500.0,없음,,,285500.0,239989.89065068887,331010.1093493111,0.7957446808510639,0.1482033039044842,0.1269723570802866,0.0,0.0,0.0,,,,,,,,,,,,,,pending,True,2026-09-24T03:22:50.820934+00:00,iv,github-actions,7fa00c14b86e,0.0038917260861985,,,,,,,,,,,,,
3,20260923T214828_113e5dabb481,2026-09-23 21:48:47.630458+00:00,2026-09-28,2026-09-23,3fcbaa0b3892b29415a2,01a15a32dfbfbe7a4a16,close_to_close,0.0082984734632896,{},e01ef2214b2f64572f6d,lagged_latest_vintage,,,,,Ridge,20260923T214828_113e5dabb481:open:1,open,1,2026-09-28,시초가예측,1.0,285500.0,있음,-0.0063893113832385,,,,,0.8226086956521739,0.012197857656234,0.0164678334372136,-0.0059984837258568,-0.0025734401662592,0.9973987066462114,284500.0,270000.0,-0.003502626970227629,,,-824.1483999146149,824.1483999146149,0.002896830931158576,-0.0028866844130108708,1.0,-824.1483999146149,,,scored,True,2026-09-28T08:31:48.093983+00:00,,github-actions,7fa00c14b86e,-0.0064059752039611,283675.8516000854,283675.8516000854,276469.65991278976,290882.04328738106,0.7728851583813416,0.6413114762356048,,,,,,,
3,20260927T213258_f5aea88f1f0f,2026-09-27 21:33:23.248184+00:00,2026-09-28,2026-09-23,f4b3e1e9378c76ab75c4,04645af6d68aa70051a9,close_to_close,0.0082984734632896,{},e01ef2214b2f64572f6d,lagged_latest_vintage,하락,0.5266185684019317,0.2762466139023612,0.1971348176957071,Logistic,20260927T213258_f5aea88f1f0f:direction:Logistic,direction,1,2026-09-28,,,,,,,,,,,,,,,,284500.0,270000.0,-0.05429071803852892,0.0,1.0,,,,,,,0.6412787716188079,0.33926430782227657,scored,True,2026-09-28T08:31:48.093983+00:00,,github-actions,7fa00c14b86e,,,,,,,,,,,,,,
3,20260927T213258_f5aea88f1f0f,2026-09-27 21:33:23.248184+00:00,2026-09-28,2026-09-23,f4b3e1e9378c76ab75c4,04645af6d68aa70051a9,close_to_close,0.0082984734632896,{},e01ef2214b2f64572f6d,lagged_latest_vintage,하락,0.539237541449777,0.2067526224477756,0.2540098361024474,LightGBM,20260927T213258_f5aea88f1f0f:direction:LightGBM,direction,1,2026-09-28,,,,,,,,,,,,,,,,284500.0,270000.0,-0.05429071803852892,0.0,1.0,,,,,,,0.6175990974572257,0.3195696869350706,scored,True,2026-09-28T08:31:48.093983+00:00,,github-actions,7fa00c14b86e,,,,,,,,,,,,,,
3,20260927T213258_f5aea88f1f0f,2026-09-27 21:33:23.248184+00:00,2026-09-28,2026-09-23,f4b3e1e9378c76ab75c4,04645af6d68aa70051a9,close_to_close,0.0082984734632896,{},e01ef2214b2f64572f6d,lagged_latest_vintage,하락,0.5329280549258544,0.2414996181750684,0.2255723268990772,Mean ensemble,20260927T213258_f5aea88f1f0f:direction:Mean ensemble,direction,1,2026-09-28,,,,,,,,,,,,,,,,284500.0,270000.0,-0.05429071803852892,0.0,1.0,,,,,,,0.6293688453044824,0.32736114211671363,scored,True,2026-09-28T08:31:48.093983+00:00,,github-actions,7fa00c14b86e,,,,,,,,,,,,,,
3,20260927T213258_f5aea88f1f0f,2026-09-27 21:33:23.248184+00:00,2026-09-28,2026-09-23,f4b3e1e9378c76ab75c4,04645af6d68aa70051a9,close_to_close,0.0082984734632896,{},e01ef2214b2f64572f6d,lagged_latest_vintage,하락,0.5058896341426545,0.2629712304478335,0.231139135409512,No macro ensemble,20260927T213258_f5aea88f1f0f:direction:No macro ensemble,direction,1,2026-09-28,,,,,,,,,,,,,,,,284500.0,270000.0,-0.05429071803852892,0.0,1.0,,,,,,,0.6814367478276441,0.36672422160878404,scored,True,2026-09-28T08:31:48.093983+00:00,,github-actions,7fa00c14b86e,,,,,,,,,,,,,,
3,20260927T213258_f5aea88f1f0f,2026-09-27 21:33:23.248184+00:00,2026-09-28,2026-09-23,f4b3e1e9378c76ab75c4,04645af6d68aa70051a9,close_to_close,0.0082984734632896,{},e01ef2214b2f64572f6d,lagged_latest_vintage,하락,0.5008958249564526,0.2502550948195718,0.2488490802239757,Candidate expanding,20260927T213258_f5aea88f1f0f:direction:Candidate expanding,direction,1,2026-09-28,,,,,,,,,,,,,,,,284500.0,270000.0,-0.05429071803852892,0.0,1.0,,,,,,,0.6913571337372469,0.37365845475737164,scored,True,2026-09-28T08:31:48.093983+00:00,,github-actions,7fa00c14b86e,,,,,,,,,,,,,,
3,20260927T213258_f5aea88f1f0f,2026-09-27 21:33:23.248184+00:00,2026-09-28,2026-09-23,f4b3e1e9378c76ab75c4,04645af6d68aa70051a9,close_to_close,0.0082984734632896,{},e01ef2214b2f64572f6d,lagged_latest_vintage,하락,0.5256268440078706,0.241876601361798,0.2324965546303314,No NSI ensemble,20260927T213258_f5aea88f1f0f:direction:No NSI ensemble,direction,1,2026-09-28,,,,,,,,,,,,,,,,284500.0,270000.0,-0.05429071803852892,0.0,1.0,,,,,,,0.643163740041586,0.33758882932724193,scored,True,2026-09-28T08:31:48.093983+00:00,,github-actions,7fa00c14b86e,,,,,,,,,,,,,,
3,20260927T213258_f5aea88f1f0f,2026-09-27 21:33:23.248184+00:00,2026-09-28,2026-09-23,f4b3e1e9378c76ab75c4,04645af6d68aa70051a9,close_to_close,0.0082984734632896,{},e01ef2214b2f64572f6d,lagged_latest_vintage,하락,0.4872064848109644,0.2622568567309882,0.2505366584580473,No flow ensemble,20260927T213258_f5aea88f1f0f:direction:No flow ensemble,direction,1,2026-09-28,,,,,,,,,,,,,,,,284500.0,270000.0,-0.05429071803852892,0.0,1.0,,,,,,,0.7190672523076993,0.39450446535366995,scored,True,2026-09-28T08:31:48.093983+00:00,,github-actions,7fa00c14b86e,,,,,,,,,,,,,,
3,20260927T213258_f5aea88f1f0f,2026-09-27 21:33:23.248184+00:00,2026-09-28,2026-09-23,f4b3e1e9378c76ab75c4,04645af6d68aa70051a9,close_to_close,0.0082984734632896,{},e01ef2214b2f64572f6d,lagged_latest_vintage,하락,0.4838691082101682,0.2657594630104326,0.2503714287793991,No macro price ensemble,20260927T213258_f5aea88f1f0f:direction:No macro price ensemble,direction,1,2026-09-28,,,,,,,,,,,,,,,,284500.0,270000.0,-0.05429071803852892,0.0,1.0,,,,,,,0.7259408464226396,0.39970504198839824,scored,True,2026-09-28T08:31:48.093983+00:00,,github-actions,7fa00c14b86e,,,,,,,,,,,,,,
3,20260927T213258_f5aea88f1f0f,2026-09-27 21:33:23.248184+00:00,2026-09-28,2026-09-23,f4b3e1e9378c76ab75c4,04645af6d68aa70051a9,close_to_close,0.0082984734632896,{},e01ef2214b2f64572f6d,lagged_latest_vintage,,,,,Ridge,20260927T213258_f5aea88f1f0f:price:1,price,1,2026-09-28,1거래일,1.0,285500.0,있음,-0.0071480352075649,283459.2359482402,283459.2359482402,273526.5512944477,293391.92060203274,0.824634655532359,0.0230006132125235,0.0248690458579089,-0.0032445192588882,-0.0006439517770364,1.0,284500.0,270000.0,-0.05429071803852892,,,13459.23594824021,13459.23594824021,0.049849022030519295,0.04714268283096402,0.0,13459.23594824021,,,scored,True,2026-09-28T08:31:48.093983+00:00,simple,github-actions,7fa00c14b86e,-0.0071480352075649,,,,,,,,,,,,,
3,20260927T213258_f5aea88f1f0f,2026-09-27 21:33:23.248184+00:00,2026-09-28,2026-09-23,f4b3e1e9378c76ab75c4,04645af6d68aa70051a9,close_to_close,0.0082984734632896,{},e01ef2214b2f64572f6d,lagged_latest_vintage,,,,,Ridge,20260927T213258_f5aea88f1f0f:price:5,price,5,2026-10-02,1주일,5.0,285500.0,없음,,,285500.0,260344.272288,310655.7277120001,0.8301886792452831,0.0587412170139223,0.0548683889179421,0.0,0.0,0.0,273500.0,276000.0,-0.03327495621716292,,,,,,,1.0,9500.0,,,scored,True,2026-10-02T07:11:04.019911+00:00,simple,github-actions,7fa00c14b86e,-0.0068195213563914,,,,,,,,,,,,,
3,20260927T213258_f5aea88f1f0f,2026-09-27 21:33:23.248184+00:00,2026-09-28,2026-09-23,f4b3e1e9378c76ab75c4,04645af6d68aa70051a9,close_to_close,0.0082984734632896,{},e01ef2214b2f64572f6d,lagged_latest_vintage,,,,,Ridge,20260927T213258_f5aea88f1f0f:price:20,price,20,2026-10-27,1개월,20.0,285500.0,없음,,,285500.0,232697.4552316297,338302.5447683703,0.7936170212765957,0.1482017745817207,0.1269723570802866,0.0,0.0,0.0,,,,,,,,,,,,,,pending,True,2026-09-27T21:33:23.285610+00:00,simple,github-actions,7fa00c14b86e,0.0008952280264295,,,,,,,,,,,,,
3,20260927T213258_f5aea88f1f0f,2026-09-27 21:33:23.248184+00:00,2026-09-28,2026-09-23,f4b3e1e9378c76ab75c4,04645af6d68aa70051a9,close_to_close,0.0082984734632896,{},e01ef2214b2f64572f6d,lagged_latest_vintage,,,,,Candidate IV interval,20260927T213258_f5aea88f1f0f:price_candidate:iv_interval:1,price,1,2026-09-28,1거래일,1.0,285500.0,있음,-0.0071480352075649,283459.2359482402,283459.2359482402,274788.76479488704,292129.7071015933,0.8308977035490606,0.0230006132125235,0.0248690458579089,-0.0032445192588882,-0.0006439517770364,1.0,284500.0,270000.0,-0.05429071803852892,,,13459.23594824021,13459.23594824021,0.049849022030519295,0.04714268283096402,0.0,13459.23594824021,,,scored,True,2026-09-28T08:31:48.093983+00:00,iv,github-actions,7fa00c14b86e,-0.0071480352075649,,,,,,,,,,,,,
3,20260927T213258_f5aea88f1f0f,2026-09-27 21:33:23.248184+00:00,2026-09-28,2026-09-23,f4b3e1e9378c76ab75c4,04645af6d68aa70051a9,close_to_close,0.0082984734632896,{},e01ef2214b2f64572f6d,lagged_latest_vintage,,,,,Candidate IV interval,20260927T213258_f5aea88f1f0f:price_candidate:iv_interval:5,price,5,2026-10-02,1주일,5.0,285500.0,없음,,,285500.0,264119.27648626204,306880.723513738,0.8406708595387841,0.0587412170139223,0.0548683889179421,0.0,0.0,0.0,273500.0,276000.0,-0.03327495621716292,,,,,,,1.0,9500.0,,,scored,True,2026-10-02T07:11:04.019911+00:00,iv,github-actions,7fa00c14b86e,-0.0068195213563914,,,,,,,,,,,,,
3,20260927T213258_f5aea88f1f0f,2026-09-27 21:33:23.248184+00:00,2026-09-28,2026-09-23,f4b3e1e9378c76ab75c4,04645af6d68aa70051a9,close_to_close,0.0082984734632896,{},e01ef2214b2f64572f6d,lagged_latest_vintage,,,,,Candidate IV interval,20260927T213258_f5aea88f1f0f:price_candidate:iv_interval:20,price,20,2026-10-27,1개월,20.0,285500.0,없음,,,285500.0,239748.62572268423,331251.37427731574,0.7957446808510639,0.1482017745817207,0.1269723570802866,0.0,0.0,0.0,,,,,,,,,,,,,,pending,True,2026-09-27T21:33:23.285610+00:00,iv,github-actions,7fa00c14b86e,0.0008952280264295,,,,,,,,,,,,,
3,20260927T213258_f5aea88f1f0f,2026-09-27 21:33:23.248184+00:00,2026-09-28,2026-09-23,f4b3e1e9378c76ab75c4,04645af6d68aa70051a9,close_to_close,0.0082984734632896,{},e01ef2214b2f64572f6d,lagged_latest_vintage,,,,,Ridge,20260927T213258_f5aea88f1f0f:open:1,open,1,2026-09-28,시초가예측,1.0,285500.0,있음,-0.0085140753533142,,,,,0.8226086956521739,0.0119679288201451,0.0164678334372136,-0.0062841274630783,-0.0027160503975063,0.9774153047512276,284500.0,270000.0,-0.003502626970227629,,,-1430.7685133711784,1430.7685133711784,0.005029063315891664,-0.005011448383086571,1.0,-1430.7685133711784,,,scored,True,2026-09-28T08:31:48.093983+00:00,,github-actions,7fa00c14b86e,-0.0087108062580227,283069.2314866288,283069.2314866288,276029.17100757646,290109.29196568107,0.7826070593246166,0.6593881019792828,,,,,,,
3,postopen_20260928T054839_db53e83cfd7a,2026-09-28 05:48:39.825176+00:00,2026-09-28,2026-09-23,,post-open-grid-v1,close_to_close,0.0082984734632896,,,,하락,0.535395599002763,0.2578543247728911,0.2067500762243457,Post-open,postopen_20260928T054839_db53e83cfd7a:direction:Post-open,direction,1,2026-09-28,,,285500.0,,,,,,,,,,,,,284500.0,270000.0,-0.05429071803852892,0.0,1.0,,,,,,,0.6247493679469217,0.3250916962488577,scored,True,2026-09-28T08:31:48.093983+00:00,,,,,,,,,,,,,post_open,-0.0035026269702276,보합,False,284500.0
3,20260928T084024_53ce73ce8ec5,2026-09-28 08:40:49.806005+00:00,2026-09-29,2026-09-28,2546fba1fd73a7293bee,04645af6d68aa70051a9,close_to_close,0.009134481343091,{},e01ef2214b2f64572f6d,lagged_latest_vintage,상승,0.3200712954279102,0.3272884827897443,0.3526402217823455,Candidate evening forecast,20260928T084024_53ce73ce8ec5:direction:Candidate evening forecast,direction,1,2026-09-29,,,,,,,,,,,,,,,,266000.0,272500.0,0.0092592592592593,2.0,1.0,,,,,,,1.0423069435378491,0.6286380675777242,scored,True,2026-09-29T07:49:47.431432+00:00,,github-actions,7fa00c14b86e,,,,,,,,,No macro ensemble,,,,,
3,20260928T084024_53ce73ce8ec5,2026-09-28 08:40:49.806005+00:00,2026-09-29,2026-09-28,2546fba1fd73a7293bee,04645af6d68aa70051a9,close_to_close,0.009134481343091,{},e01ef2214b2f64572f6d,lagged_latest_vintage,,,,,Candidate evening open,20260928T084024_53ce73ce8ec5:open:Candidate evening open,open,1,2026-09-29,시초가예측,1.0,270000.0,있음,0.0066993154887052,,,,,0.8208695652173913,0.0119633689431387,0.0164587075710749,-0.0062320656288702,-0.0027110102758176,0.969239333813938,266000.0,272500.0,-0.014814814814814836,,,5808.8151819504565,5808.8151819504565,0.021837651059964124,0.021514130303520035,1.0,5808.8151819504565,,,scored,True,2026-09-29T07:49:47.431432+00:00,,github-actions,7fa00c14b86e,0.0069119310937821,271808.81518195046,271808.81518195046,265387.2212139912,278230.4091499098,0.7819801480870183,0.6584906070728993,,,,,,,
3,20260928T212108_15604aae9b29,2026-09-28 21:21:24.711817+00:00,2026-09-29,2026-09-28,878902b5b9e7dcf1172e,04645af6d68aa70051a9,close_to_close,0.009134481343091,{},e01ef2214b2f64572f6d,lagged_latest_vintage,하락,0.4746878454593923,0.2631594528820932,0.2621527016585144,Logistic,20260928T212108_15604aae9b29:direction:Logistic,direction,1,2026-09-29,,,,,,,,,,,,,,,,266000.0,272500.0,0.0092592592592593,2.0,0.0,,,,,,,1.3388281142432321,0.8390000839379118,scored,True,2026-09-29T07:49:47.431432+00:00,,github-actions,7fa00c14b86e,,,,,,,,,,,,,,
3,20260928T212108_15604aae9b29,2026-09-28 21:21:24.711817+00:00,2026-09-29,2026-09-28,878902b5b9e7dcf1172e,04645af6d68aa70051a9,close_to_close,0.009134481343091,{},e01ef2214b2f64572f6d,lagged_latest_vintage,하락,0.4069167426673742,0.2659996775505485,0.3270835797820772,LightGBM,20260928T212108_15604aae9b29:direction:LightGBM,direction,1,2026-09-29,,,,,,,,,,,,,,,,266000.0,272500.0,0.0092592592592593,2.0,0.0,,,,,,,1.1175395450800458,0.6891535725189258,scored,True,2026-09-29T07:49:47.431432+00:00,,github-actions,7fa00c14b86e,,,,,,,,,,,,,,
3,20260928T212108_15604aae9b29,2026-09-28 21:21:24.711817+00:00,2026-09-29,2026-09-28,878902b5b9e7dcf1172e,04645af6d68aa70051a9,close_to_close,0.009134481343091,{},e01ef2214b2f64572f6d,lagged_latest_vintage,하락,0.4408022940633833,0.2645795652163209,0.2946181407202958,Mean ensemble,20260928T212108_15604aae9b29:direction:Mean ensemble,direction,1,2026-09-29,,,,,,,,,,,,,,,,266000.0,272500.0,0.0092592592592593,2.0,0.0,,,,,,,1.2220751993874532,0.7618725761824913,scored,True,2026-09-29T07:49:47.431432+00:00,,github-actions,7fa00c14b86e,,,,,,,,,,,,,,
3,20260928T212108_15604aae9b29,2026-09-28 21:21:24.711817+00:00,2026-09-29,2026-09-28,878902b5b9e7dcf1172e,04645af6d68aa70051a9,close_to_close,0.009134481343091,{},e01ef2214b2f64572f6d,lagged_latest_vintage,하락,0.4649671904488986,0.2447635065279377,0.2902693030231635,No macro ensemble,20260928T212108_15604aae9b29:direction:No macro ensemble,direction,1,2026-09-29,,,,,,,,,,,,,,,,266000.0,272500.0,0.0092592592592593,2.0,0.0,,,,,,,1.2369461557983825,0.7798213245530203,scored,True,2026-09-29T07:49:47.431432+00:00,,github-actions,7fa00c14b86e,,,,,,,,,,,,,,
3,20260928T212108_15604aae9b29,2026-09-28 21:21:24.711817+00:00,2026-09-29,2026-09-28,878902b5b9e7dcf1172e,04645af6d68aa70051a9,close_to_close,0.009134481343091,{},e01ef2214b2f64572f6d,lagged_latest_vintage,하락,0.4906379988797277,0.235317461647079,0.2740445394731933,Candidate expanding,20260928T212108_15604aae9b29:direction:Candidate expanding,direction,1,2026-09-29,,,,,,,,,,,,,,,,266000.0,272500.0,0.0092592592592593,2.0,0.0,,,,,,,1.2944646329824718,0.8231112843694162,scored,True,2026-09-29T07:49:47.431432+00:00,,github-actions,7fa00c14b86e,,,,,,,,,,,,,,
3,20260928T212108_15604aae9b29,2026-09-28 21:21:24.711817+00:00,2026-09-29,2026-09-28,878902b5b9e7dcf1172e,04645af6d68aa70051a9,close_to_close,0.009134481343091,{},e01ef2214b2f64572f6d,lagged_latest_vintage,하락,0.4634408207009018,0.2395432409672007,0.2970159383318975,No NSI ensemble,20260928T212108_15604aae9b29:direction:No NSI ensemble,direction,1,2026-09-29,,,,,,,,,,,,,,,,266000.0,272500.0,0.0092592592592593,2.0,0.0,,,,,,,1.2139694772021574,0.7663449495443784,scored,True,2026-09-29T07:49:47.431432+00:00,,github-actions,7fa00c14b86e,,,,,,,,,,,,,,
3,20260928T212108_15604aae9b29,2026-09-28 21:21:24.711817+00:00,2026-09-29,2026-09-28,878902b5b9e7dcf1172e,04645af6d68aa70051a9,close_to_close,0.009134481343091,{},e01ef2214b2f64572f6d,lagged_latest_vintage,하락,0.450150957022823,0.2452478449174286,0.3046011980597483,No flow ensemble,20260928T212108_15604aae9b29:direction:No flow ensemble,direction,1,2026-09-29,,,,,,,,,,,,,,,,266000.0,272500.0,0.0092592592592593,2.0,0.0,,,,,,,1.1887519053057367,0.746361883285144,scored,True,2026-09-29T07:49:47.431432+00:00,,github-actions,7fa00c14b86e,,,,,,,,,,,,,,
3,20260928T212108_15604aae9b29,2026-09-28 21:21:24.711817+00:00,2026-09-29,2026-09-28,878902b5b9e7dcf1172e,04645af6d68aa70051a9,close_to_close,0.009134481343091,{},e01ef2214b2f64572f6d,lagged_latest_vintage,하락,0.4574208486022759,0.251978637464721,0.2906005139330031,No macro price ensemble,20260928T212108_15604aae9b29:direction:No macro price ensemble,direction,1,2026-09-29,,,,,,,,,,,,,,,,266000.0,272500.0,0.0092592592592593,2.0,0.0,,,,,,,1.2358057593237637,0.7759746973067227,scored,True,2026-09-29T07:49:47.431432+00:00,,github-actions,7fa00c14b86e,,,,,,,,,,,,,,
3,20260928T212108_15604aae9b29,2026-09-28 21:21:24.711817+00:00,2026-09-29,2026-09-28,878902b5b9e7dcf1172e,04645af6d68aa70051a9,close_to_close,0.009134481343091,{},e01ef2214b2f64572f6d,lagged_latest_vintage,,,,,Ridge,20260928T212108_15604aae9b29:price:1,price,1,2026-09-29,1거래일,1.0,270000.0,있음,-0.0068429008569534,268152.4167686226,268152.4167686226,257833.32270536,278471.5108318851,0.8225469728601252,0.0230521873974981,0.0249525636110463,-0.0032590287607152,-0.0006733106267449,1.0,266000.0,272500.0,0.0092592592592593,,,-4347.583231377415,4347.583231377415,0.01595443387661437,-0.0161021601162127,1.0,-4347.583231377415,,,scored,True,2026-09-29T07:49:47.431432+00:00,simple,github-actions,7fa00c14b86e,-0.0068429008569534,,,,,,,,,,,,,
3,20260928T212108_15604aae9b29,2026-09-28 21:21:24.711817+00:00,2026-09-29,2026-09-28,878902b5b9e7dcf1172e,04645af6d68aa70051a9,close_to_close,0.009134481343091,{},e01ef2214b2f64572f6d,lagged_latest_vintage,,,,,Ridge,20260928T212108_15604aae9b29:price:5,price,5,2026-10-06,1주일,5.0,270000.0,없음,,,270000.0,243795.43638872053,296204.56361127953,0.8305439330543933,0.0587750066779601,0.0548985950722834,0.0,0.0,0.0,278500.0,272000.0,0.007407407407407307,,,,,,,1.0,-2000.0,,,scored,True,2026-10-06T06:49:54.341292+00:00,simple,github-actions,7fa00c14b86e,-0.005991350928573,,,,,,,,,,,,,
3,20260928T212108_15604aae9b29,2026-09-28 21:21:24.711817+00:00,2026-09-29,2026-09-28,878902b5b9e7dcf1172e,04645af6d68aa70051a9,close_to_close,0.009134481343091,{},e01ef2214b2f64572f6d,lagged_latest_vintage,,,,,Ridge,20260928T212108_15604aae9b29:price:20,price,20,2026-10-28,1개월,20.0,270000.0,없음,,,270000.0,215173.97125663373,324826.02874336625,0.7944915254237288,0.1486504076387076,0.1268931490132779,0.0,0.0,0.0,,,,,,,,,,,,,,pending,True,2026-09-28T21:21:24.732430+00:00,simple,github-actions,7fa00c14b86e,-0.0068457769805307,,,,,,,,,,,,,
3,20260928T212108_15604aae9b29,2026-09-28 21:21:24.711817+00:00,2026-09-29,2026-09-28,878902b5b9e7dcf1172e,04645af6d68aa70051a9,close_to_close,0.009134481343091,{},e01ef2214b2f64572f6d,lagged_latest_vintage,,,,,Candidate IV interval,20260928T212108_15604aae9b29:price_candidate:iv_interval:1,price,1,2026-09-29,1거래일,1.0,270000.0,있음,-0.0068429008569534,268152.4167686226,268152.4167686226,258578.2688170185,277726.56472022657,0.8288100208768268,0.0230521873974981,0.0249525636110463,-0.0032590287607152,-0.0006733106267449,1.0,266000.0,272500.0,0.0092592592592593,,,-4347.583231377415,4347.583231377415,0.01595443387661437,-0.0161021601162127,1.0,-4347.583231377415,,,scored,True,2026-09-29T07:49:47.431432+00:00,iv,github-actions,7fa00c14b86e,-0.0068429008569534,,,,,,,,,,,,,
3,20260928T212108_15604aae9b29,2026-09-28 21:21:24.711817+00:00,2026-09-29,2026-09-28,878902b5b9e7dcf1172e,04645af6d68aa70051a9,close_to_close,0.009134481343091,{},e01ef2214b2f64572f6d,lagged_latest_vintage,,,,,Candidate IV interval,20260928T212108_15604aae9b29:price_candidate:iv_interval:5,price,5,2026-10-06,1주일,5.0,270000.0,없음,,,270000.0,246449.51985872287,293550.48014127696,0.8410041841004184,0.0587750066779601,0.0548985950722834,0.0,0.0,0.0,278500.0,272000.0,0.007407407407407307,,,,,,,1.0,-2000.0,,,scored,True,2026-10-06T06:49:54.341292+00:00,iv,github-actions,7fa00c14b86e,-0.005991350928573,,,,,,,,,,,,,
3,20260928T212108_15604aae9b29,2026-09-28 21:21:24.711817+00:00,2026-09-29,2026-09-28,878902b5b9e7dcf1172e,04645af6d68aa70051a9,close_to_close,0.009134481343091,{},e01ef2214b2f64572f6d,lagged_latest_vintage,,,,,Candidate IV interval,20260928T212108_15604aae9b29:price_candidate:iv_interval:20,price,20,2026-10-28,1개월,20.0,270000.0,없음,,,270000.0,219859.4823525336,320140.5176474664,0.7944915254237288,0.1486504076387076,0.1268931490132779,0.0,0.0,0.0,,,,,,,,,,,,,,pending,True,2026-09-28T21:21:24.732430+00:00,iv,github-actions,7fa00c14b86e,-0.0068457769805307,,,,,,,,,,,,,
3,20260928T212108_15604aae9b29,2026-09-28 21:21:24.711817+00:00,2026-09-29,2026-09-28,878902b5b9e7dcf1172e,04645af6d68aa70051a9,close_to_close,0.009134481343091,{},e01ef2214b2f64572f6d,lagged_latest_vintage,,,,,Ridge,20260928T212108_15604aae9b29:open:1,open,1,2026-09-29,시초가예측,1.0,270000.0,있음,-0.0080002945815103,,,,,0.8208695652173913,0.0119633692484185,0.0164587075710749,-0.0062320655628513,-0.0027110104857633,0.9692394385309429,266000.0,272500.0,-0.014814814814814836,,,1839.920462992217,1839.920462992217,0.006916994221775252,0.006814520233304536,1.0,1839.920462992217,,,scored,True,2026-09-29T07:49:47.431432+00:00,,github-actions,7fa00c14b86e,-0.0082541983574628,267839.9204629922,267839.9204629922,261418.3280202488,274261.51290573564,0.7819801480870183,0.6584906037291424,,,,,,,
3,postopen_20260929T003121_0470b9969466,2026-09-29 00:31:21.023523+00:00,2026-09-29,2026-09-28,,post-open-grid-v1,close_to_close,0.009134481343091,,,,하락,0.6431443264735159,0.2407213707759724,0.1161343027505117,Post-open,postopen_20260929T003121_0470b9969466:direction:Post-open,direction,1,2026-09-29,,,270000.0,,,,,,,,,,,,,266000.0,272500.0,0.0092592592592593,2.0,0.0,,,,,,,2.153007975256868,1.2527999737976598,scored,True,2026-09-29T07:49:47.431432+00:00,,,,,,,,,,,,,post_open,-0.0148148148148148,하락,False,266000.0
3,20260929T094649_d0f6e6a63ccf,2026-09-29 09:47:13.703024+00:00,2026-09-30,2026-09-29,0e6c40a9ff67c558b1d0,04645af6d68aa70051a9,close_to_close,0.0088032737256904,{},e01ef2214b2f64572f6d,lagged_latest_vintage,하락,0.3968966186902414,0.3328010966836804,0.2703022846260782,Candidate evening forecast,20260929T094649_d0f6e6a63ccf:direction:Candidate evening forecast,direction,1,2026-09-30,,,,,,,,,,,,,,,,274500.0,268500.0,-0.014678899082568808,0.0,1.0,,,,,,,0.9240794385283703,0.5475535835752019,scored,True,2026-09-30T07:05:19.761520+00:00,,github-actions,7fa00c14b86e,,,,,,,,,No macro ensemble,,,,,
3,20260929T094649_d0f6e6a63ccf,2026-09-29 09:47:13.703024+00:00,2026-09-30,2026-09-29,0e6c40a9ff67c558b1d0,04645af6d68aa70051a9,close_to_close,0.0088032737256904,{},e01ef2214b2f64572f6d,lagged_latest_vintage,,,,,Candidate evening open,20260929T094649_d0f6e6a63ccf:open:Candidate evening open,open,1,2026-09-30,시초가예측,1.0,272500.0,있음,-0.0014829324237759,,,,,0.8173913043478261,0.011970551260195,0.0164822682453216,-0.0062003683598377,-0.0027053509078785,0.9523070581162236,274500.0,268500.0,0.007339449541284404,,,-2404.099085478927,2404.099085478927,0.008758102315041628,-0.008822381965060303,1.0,-2404.099085478927,,,scored,True,2026-09-30T07:05:19.761520+00:00,,github-actions,7fa00c14b86e,-0.0015571998665109,272095.9009145211,272095.9009145211,265592.37811210146,278599.4237169407,0.7806900029800793,0.6575459065114614,,,,,,,
3,20260929T231654_78d9095d16a3,2026-09-29 23:17:18.918629+00:00,2026-09-30,2026-09-29,7bb2e75e929dd879eead,04645af6d68aa70051a9,close_to_close,0.0088032737256904,{},fd9ccc1e44b963ce8914,lagged_latest_vintage,상승,0.3397133872815105,0.2997016461939027,0.3605849665245867,Logistic,20260929T231654_78d9095d16a3:direction:Logistic,direction,1,2026-09-30,,,,,,,,,,,,,,,,274500.0,268500.0,-0.014678899082568808,0.0,0.0,,,,,,,1.0796529954619722,0.655821005750129,scored,True,2026-09-30T07:05:19.761520+00:00,,github-actions,7fa00c14b86e,,,,,,,,,,,,,,
3,20260929T231654_78d9095d16a3,2026-09-29 23:17:18.918629+00:00,2026-09-30,2026-09-29,7bb2e75e929dd879eead,04645af6d68aa70051a9,close_to_close,0.0088032737256904,{},fd9ccc1e44b963ce8914,lagged_latest_vintage,하락,0.4253742497833381,0.2602894236474447,0.3143363265692171,LightGBM,20260929T231654_78d9095d16a3:direction:LightGBM,direction,1,2026-09-30,,,,,,,,,,,,,,,,274500.0,268500.0,-0.014678899082568808,0.0,1.0,,,,,,,0.8547859098221274,0.4967526630758099,scored,True,2026-09-30T07:05:19.761520+00:00,,github-actions,7fa00c14b86e,,,,,,,,,,,,,,
3,20260929T231654_78d9095d16a3,2026-09-29 23:17:18.918629+00:00,2026-09-30,2026-09-29,7bb2e75e929dd879eead,04645af6d68aa70051a9,close_to_close,0.0088032737256904,{},fd9ccc1e44b963ce8914,lagged_latest_vintage,하락,0.3825438185324243,0.2799955349206737,0.3374606465469019,Mean ensemble,20260929T231654_78d9095d16a3:direction:Mean ensemble,direction,1,2026-09-30,,,,,,,,,,,,,,,,274500.0,268500.0,-0.014678899082568808,0.0,1.0,,,,,,,0.9609120740221381,0.5735293235758869,scored,True,2026-09-30T07:05:19.761520+00:00,,github-actions,7fa00c14b86e,,,,,,,,,,,,,,
3,20260929T231654_78d9095d16a3,2026-09-29 23:17:18.918629+00:00,2026-09-30,2026-09-29,7bb2e75e929dd879eead,04645af6d68aa70051a9,close_to_close,0.0088032737256904,{},fd9ccc1e44b963ce8914,lagged_latest_vintage,하락,0.3956760304204786,0.2886085278279745,0.3157154417515468,No macro ensemble,20260929T231654_78d9095d16a3:direction:No macro ensemble,direction,1,2026-09-30,,,,,,,,,,,,,,,,274500.0,268500.0,-0.014678899082568808,0.0,1.0,,,,,,,0.9271595075569725,0.5481785827037554,scored,True,2026-09-30T07:05:19.761520+00:00,,github-actions,7fa00c14b86e,,,,,,,,,,,,,,
3,20260929T231654_78d9095d16a3,2026-09-29 23:17:18.918629+00:00,2026-09-30,2026-09-29,7bb2e75e929dd879eead,04645af6d68aa70051a9,close_to_close,0.0088032737256904,{},fd9ccc1e44b963ce8914,lagged_latest_vintage,상승,0.3243751406592911,0.3316124866765242,0.3440123726641846,Candidate expanding,20260929T231654_78d9095d16a3:direction:Candidate expanding,direction,1,2026-09-30,,,,,,,,,,,,,,,,274500.0,268500.0,-0.014678899082568808,0.0,0.0,,,,,,,1.125854591430352,0.6847803044249824,scored,True,2026-09-30T07:05:19.761520+00:00,,github-actions,7fa00c14b86e,,,,,,,,,,,,,,
3,20260929T231654_78d9095d16a3,2026-09-29 23:17:18.918629+00:00,2026-09-30,2026-09-29,7bb2e75e929dd879eead,04645af6d68aa70051a9,close_to_close,0.0088032737256904,{},fd9ccc1e44b963ce8914,lagged_latest_vintage,하락,0.3933727947761092,0.2823666803974757,0.3242605248264151,No NSI ensemble,20260929T231654_78d9095d16a3:direction:No NSI ensemble,direction,1,2026-09-30,,,,,,,,,,,,,,,,274500.0,268500.0,-0.014678899082568808,0.0,1.0,,,,,,,0.9329975295208505,0.5528723962771409,scored,True,2026-09-30T07:05:19.761520+00:00,,github-actions,7fa00c14b86e,,,,,,,,,,,,,,
3,20260929T231654_78d9095d16a3,2026-09-29 23:17:18.918629+00:00,2026-09-30,2026-09-29,7bb2e75e929dd879eead,04645af6d68aa70051a9,close_to_close,0.0088032737256904,{},fd9ccc1e44b963ce8914,lagged_latest_vintage,하락,0.3674917917327375,0.2867884613467998,0.3457197469204627,No flow ensemble,20260929T231654_78d9095d16a3:direction:No flow ensemble,direction,1,2026-09-30,,,,,,,,,,,,,,,,274500.0,268500.0,-0.014678899082568808,0.0,1.0,,,,,,,1.0010542959998074,0.6018363984978764,scored,True,2026-09-30T07:05:19.761520+00:00,,github-actions,7fa00c14b86e,,,,,,,,,,,,,,
3,20260929T231654_78d9095d16a3,2026-09-29 23:17:18.918629+00:00,2026-09-30,2026-09-29,7bb2e75e929dd879eead,04645af6d68aa70051a9,close_to_close,0.0088032737256904,{},fd9ccc1e44b963ce8914,lagged_latest_vintage,하락,0.3689105703806315,0.2985334441839948,0.3325559854353737,No macro price ensemble,20260929T231654_78d9095d16a3:direction:No macro price ensemble,direction,1,2026-09-30,,,,,,,,,,,,,,,,274500.0,268500.0,-0.014678899082568808,0.0,1.0,,,,,,,0.9972010210067944,0.5979895689225507,scored,True,2026-09-30T07:05:19.761520+00:00,,github-actions,7fa00c14b86e,,,,,,,,,,,,,,
3,20260929T231654_78d9095d16a3,2026-09-29 23:17:18.918629+00:00,2026-09-30,2026-09-29,7bb2e75e929dd879eead,04645af6d68aa70051a9,close_to_close,0.0088032737256904,{},fd9ccc1e44b963ce8914,lagged_latest_vintage,,,,,Ridge,20260929T231654_78d9095d16a3:price:1,price,1,2026-09-30,1거래일,1.0,272500.0,있음,-0.0001690427262484,272453.9358570973,272453.9358570973,262413.3522939754,282494.51942021924,0.8225469728601252,0.0230907432213085,0.0249688683790984,-0.0032484837617919,-0.0006576818706702,1.0,274500.0,268500.0,-0.014678899082568808,,,3953.9358570973272,3953.9358570973272,0.01472601808974796,0.014509856356320409,1.0,3953.9358570973272,,,scored,True,2026-09-30T07:05:19.761520+00:00,simple,github-actions,7fa00c14b86e,-0.0001690427262484,,,,,,,,,,,,,
3,20260929T231654_78d9095d16a3,2026-09-29 23:17:18.918629+00:00,2026-09-30,2026-09-29,7bb2e75e929dd879eead,04645af6d68aa70051a9,close_to_close,0.0088032737256904,{},fd9ccc1e44b963ce8914,lagged_latest_vintage,,,,,Ridge,20260929T231654_78d9095d16a3:price:5,price,5,2026-10-07,1주일,5.0,272500.0,없음,,,272500.0,247055.49200379604,297944.507996204,0.8305439330543933,0.0587456651905834,0.0547967527442459,0.0,0.0,0.0,269500.0,268500.0,-0.014678899082568808,,,,,,,1.0,4000.0,,,scored,True,2026-10-07T07:11:02.229670+00:00,simple,github-actions,7fa00c14b86e,0.0004458513145907,,,,,,,,,,,,,
3,20260929T231654_78d9095d16a3,2026-09-29 23:17:18.918629+00:00,2026-09-30,2026-09-29,7bb2e75e929dd879eead,04645af6d68aa70051a9,close_to_close,0.0088032737256904,{},fd9ccc1e44b963ce8914,lagged_latest_vintage,,,,,Ridge,20260929T231654_78d9095d16a3:price:20,price,20,2026-10-29,1개월,20.0,272500.0,없음,,,272500.0,219128.2644499418,325871.7355500582,0.7944915254237288,0.1488837700699885,0.1265939760715388,0.0,0.0,0.0,,,,,,,,,,,,,,pending,True,2026-09-29T23:17:18.955590+00:00,simple,github-actions,7fa00c14b86e,0.0011981550710328,,,,,,,,,,,,,
3,20260929T231654_78d9095d16a3,2026-09-29 23:17:18.918629+00:00,2026-09-30,2026-09-29,7bb2e75e929dd879eead,04645af6d68aa70051a9,close_to_close,0.0088032737256904,{},fd9ccc1e44b963ce8914,lagged_latest_vintage,,,,,Candidate IV interval,20260929T231654_78d9095d16a3:price_candidate:iv_interval:1,price,1,2026-09-30,1거래일,1.0,272500.0,있음,-0.0001690427262484,272453.9358570973,272453.9358570973,263168.65211465186,281739.2195995428,0.8288100208768268,0.0230907432213085,0.0249688683790984,-0.0032484837617919,-0.0006576818706702,1.0,274500.0,268500.0,-0.014678899082568808,,,3953.9358570973272,3953.9358570973272,0.01472601808974796,0.014509856356320409,1.0,3953.9358570973272,,,scored,True,2026-09-30T07:05:19.761520+00:00,iv,github-actions,7fa00c14b86e,-0.0001690427262484,,,,,,,,,,,,,
3,20260929T231654_78d9095d16a3,2026-09-29 23:17:18.918629+00:00,2026-09-30,2026-09-29,7bb2e75e929dd879eead,04645af6d68aa70051a9,close_to_close,0.0088032737256904,{},fd9ccc1e44b963ce8914,lagged_latest_vintage,,,,,Candidate IV interval,20260929T231654_78d9095d16a3:price_candidate:iv_interval:5,price,5,2026-10-07,1주일,5.0,272500.0,없음,,,272500.0,249655.39299763503,295344.60700236494,0.8410041841004184,0.0587456651905834,0.0547967527442459,0.0,0.0,0.0,269500.0,268500.0,-0.014678899082568808,,,,,,,1.0,4000.0,,,scored,True,2026-10-07T07:11:02.229670+00:00,iv,github-actions,7fa00c14b86e,0.0004458513145907,,,,,,,,,,,,,
3,20260929T231654_78d9095d16a3,2026-09-29 23:17:18.918629+00:00,2026-09-30,2026-09-29,7bb2e75e929dd879eead,04645af6d68aa70051a9,close_to_close,0.0088032737256904,{},fd9ccc1e44b963ce8914,lagged_latest_vintage,,,,,Candidate IV interval,20260929T231654_78d9095d16a3:price_candidate:iv_interval:20,price,20,2026-10-29,1개월,20.0,272500.0,없음,,,272500.0,223713.32496945985,321286.6750305401,0.7966101694915254,0.1488837700699885,0.1265939760715388,0.0,0.0,0.0,,,,,,,,,,,,,,pending,True,2026-09-29T23:17:18.955590+00:00,iv,github-actions,7fa00c14b86e,0.0011981550710328,,,,,,,,,,,,,
3,20260929T231654_78d9095d16a3,2026-09-29 23:17:18.918629+00:00,2026-09-30,2026-09-29,7bb2e75e929dd879eead,04645af6d68aa70051a9,close_to_close,0.0088032737256904,{},fd9ccc1e44b963ce8914,lagged_latest_vintage,,,,,Ridge,20260929T231654_78d9095d16a3:open:1,open,1,2026-09-30,시초가예측,1.0,272500.0,있음,0.0005941796743563,,,,,0.8173913043478261,0.0119710228033838,0.0164822682453216,-0.006198592678864,-0.002705035422217,0.9523066334135056,274500.0,268500.0,0.007339449541284404,,,-1838.086038737907,1838.086038737907,0.006696124002688186,-0.006745269866928104,1.0,-1838.086038737907,,,scored,True,2026-09-30T07:05:19.761520+00:00,,github-actions,7fa00c14b86e,0.0006239373469725,272661.9139612621,272661.9139612621,266158.3857419807,279165.44218054344,0.7806991724548977,0.6575428885211424,,,,,,,
3,postopen_20260930T055620_e22aea725d6e,2026-09-30 05:56:20.666934+00:00,2026-09-30,2026-09-29,,post-open-grid-v1,close_to_close,0.0088032737256904,,,,상승,0.2632271203948184,0.3359566777252176,0.400816201879964,Post-open,postopen_20260930T055620_e22aea725d6e:direction:Post-open,direction,1,2026-09-30,,,272500.0,,,,,,,,,,,,,274500.0,268500.0,-0.014678899082568808,0.0,0.0,,,,,,,1.3347380438255878,0.816354793119357,scored,True,2026-09-30T07:05:19.761520+00:00,,,,,,,,,,,,,post_open,0.0073394495412844,보합,False,274500.0
3,20260930T101433_6706c7191978,2026-09-30 10:14:57.633882+00:00,2026-10-01,2026-09-30,ae6412e03451d784fc18,04645af6d68aa70051a9,close_to_close,0.0088624321130213,{},fd9ccc1e44b963ce8914,lagged_latest_vintage,하락,0.411396043966546,0.2930641625775377,0.2955397934559161,Candidate evening forecast,20260930T101433_6706c7191978:direction:Candidate evening forecast,direction,1,2026-10-01,,,,,,,,,,,,,,,,266500.0,276000.0,0.027932960893854775,2.0,0.0,,,,,,,1.2189517863770425,0.7513974909827312,scored,True,2026-10-01T07:11:12.136389+00:00,,github-actions,7fa00c14b86e,,,,,,,,실적시즌|미국지표:미국 PCE 물가|미국지표:마이크론 실적,No macro ensemble,,,,,
3,20260930T101433_6706c7191978,2026-09-30 10:14:57.633882+00:00,2026-10-01,2026-09-30,ae6412e03451d784fc18,04645af6d68aa70051a9,close_to_close,0.0088624321130213,{},fd9ccc1e44b963ce8914,lagged_latest_vintage,,,,,Candidate evening open,20260930T101433_6706c7191978:open:Candidate evening open,open,1,2026-10-01,시초가예측,1.0,268500.0,있음,0.0015490120128574,,,,,0.8249566724436742,0.0119379249742162,0.0164400539301978,-0.0062952965105497,-0.002748858957951,0.9933154839446025,266500.0,276000.0,-0.007448789571694592,,,2415.909725452191,2415.909725452191,0.009065327300008223,0.008997801584551992,1.0,2415.909725452191,,,scored,True,2026-10-01T07:11:12.136389+00:00,,github-actions,7fa00c14b86e,0.0015594360884279,268915.9097254522,268915.9097254522,262948.2132151035,274883.6062358009,0.7838087140950396,0.6601115715988146,실적시즌|미국지표:미국 PCE 물가|미국지표:마이크론 실적,,,,,,
3,20261001T123714_dbb6e8f379d0,2026-10-01 12:37:34.444190+00:00,2026-10-02,2026-10-01,068deb92da2f3ec98254,04645af6d68aa70051a9,close_to_close,0.0090315657153241,{},fd9ccc1e44b963ce8914,lagged_latest_vintage,하락,0.4389827687696658,0.2876884584086337,0.2733287728217004,Candidate evening forecast,20261001T123714_dbb6e8f379d0:direction:Candidate evening forecast,direction,1,2026-10-02,,,,,,,,,,,,,,,,273500.0,276000.0,0.0,1.0,0.0,,,,,,,1.245877125987645,0.7748022216131674,scored,True,2026-10-02T07:11:04.019911+00:00,,github-actions,7fa00c14b86e,,,,,,,,실적시즌|미국지표:미국 PCE 물가|미국지표:마이크론 실적,No macro ensemble,,,,,
3,20261001T123714_dbb6e8f379d0,2026-10-01 12:37:34.444190+00:00,2026-10-02,2026-10-01,068deb92da2f3ec98254,04645af6d68aa70051a9,close_to_close,0.0090315657153241,{},fd9ccc1e44b963ce8914,lagged_latest_vintage,,,,,Candidate evening open,20261001T123714_dbb6e8f379d0:open:Candidate evening open,open,1,2026-10-02,시초가예측,1.0,276000.0,있음,-0.0026101349468573,,,,,0.8266897746967071,0.0119381895393148,0.0164507668633846,-0.0065857889152579,-0.0028012304604209,0.9888607386328369,273500.0,276000.0,-0.009057971014492794,,,1779.602754667343,1779.602754667343,0.0065067742400999745,0.006447836067635494,1.0,1779.602754667343,,,scored,True,2026-10-02T07:11:04.019911+00:00,,github-actions,7fa00c14b86e,-0.0026395374443382,275279.60275466734,275279.60275466734,269178.2098387155,281380.99567061925,0.7840151957919346,0.6599860041545991,실적시즌|미국지표:미국 PCE 물가|미국지표:마이크론 실적,,,,,,
3,20261001T233001_ace8d05791e3,2026-10-01 23:30:25.428364+00:00,2026-10-02,2026-10-01,7a75bfdc9f160633d1b7,04645af6d68aa70051a9,close_to_close,0.0090315657153241,{},fd9ccc1e44b963ce8914,lagged_latest_vintage,상승,0.3386261338848541,0.2709365090886312,0.3904373570265148,Logistic,20261001T233001_ace8d05791e3:direction:Logistic,direction,1,2026-10-02,,,,,,,,,,,,,,,,273500.0,276000.0,0.0,1.0,0.0,,,,,,,1.3058707693569631,0.7986425620915247,scored,True,2026-10-02T07:11:04.019911+00:00,,github-actions,7fa00c14b86e,,,,,,,,실적시즌|미국지표:미국 PCE 물가|미국지표:마이크론 실적,,,,,,
3,20261001T233001_ace8d05791e3,2026-10-01 23:30:25.428364+00:00,2026-10-02,2026-10-01,7a75bfdc9f160633d1b7,04645af6d68aa70051a9,close_to_close,0.0090315657153241,{},fd9ccc1e44b963ce8914,lagged_latest_vintage,상승,0.3168876030624095,0.205492990367475,0.4776194065701153,LightGBM,20261001T233001_ace8d05791e3:direction:LightGBM,direction,1,2026-10-02,,,,,,,,,,,,,,,,273500.0,276000.0,0.0,1.0,0.0,,,,,,,1.582343355761553,0.9597794388622456,scored,True,2026-10-02T07:11:04.019911+00:00,,github-actions,7fa00c14b86e,,,,,,,,실적시즌|미국지표:미국 PCE 물가|미국지표:마이크론 실적,,,,,,
3,20261001T233001_ace8d05791e3,2026-10-01 23:30:25.428364+00:00,2026-10-02,2026-10-01,7a75bfdc9f160633d1b7,04645af6d68aa70051a9,close_to_close,0.0090315657153241,{},fd9ccc1e44b963ce8914,lagged_latest_vintage,상승,0.3277568684736318,0.2382147497280531,0.434028381798315,Mean ensemble,20261001T233001_ace8d05791e3:direction:Mean ensemble,direction,1,2026-10-02,,,,,,,,,,,,,,,,273500.0,276000.0,0.0,1.0,0.0,,,,,,,1.4345827023656874,0.8761219685699984,scored,True,2026-10-02T07:11:04.019911+00:00,,github-actions,7fa00c14b86e,,,,,,,,실적시즌|미국지표:미국 PCE 물가|미국지표:마이크론 실적,,,,,,
3,20261001T233001_ace8d05791e3,2026-10-01 23:30:25.428364+00:00,2026-10-02,2026-10-01,7a75bfdc9f160633d1b7,04645af6d68aa70051a9,close_to_close,0.0090315657153241,{},fd9ccc1e44b963ce8914,lagged_latest_vintage,상승,0.3394737720856585,0.2519057802767735,0.4086204476375679,No macro ensemble,20261001T233001_ace8d05791e3:direction:No macro ensemble,direction,1,2026-10-02,,,,,,,,,,,,,,,,273500.0,276000.0,0.0,1.0,0.0,,,,,,,1.378700149174762,0.8418580737448951,scored,True,2026-10-02T07:11:04.019911+00:00,,github-actions,7fa00c14b86e,,,,,,,,실적시즌|미국지표:미국 PCE 물가|미국지표:마이크론 실적,,,,,,
3,20261001T233001_ace8d05791e3,2026-10-01 23:30:25.428364+00:00,2026-10-02,2026-10-01,7a75bfdc9f160633d1b7,04645af6d68aa70051a9,close_to_close,0.0090315657153241,{},fd9ccc1e44b963ce8914,lagged_latest_vintage,상승,0.3325798995525988,0.3109319141369799,0.3564881863104212,Candidate expanding,20261001T233001_ace8d05791e3:direction:Candidate expanding,direction,1,2026-10-02,,,,,,,,,,,,,,,,273500.0,276000.0,0.0,1.0,0.0,,,,,,,1.1681813163751775,0.7125080435202367,scored,True,2026-10-02T07:11:04.019911+00:00,,github-actions,7fa00c14b86e,,,,,,,,실적시즌|미국지표:미국 PCE 물가|미국지표:마이크론 실적,,,,,,
3,20261001T233001_ace8d05791e3,2026-10-01 23:30:25.428364+00:00,2026-10-02,2026-10-01,7a75bfdc9f160633d1b7,04645af6d68aa70051a9,close_to_close,0.0090315657153241,{},fd9ccc1e44b963ce8914,lagged_latest_vintage,상승,0.3249443737900458,0.2477069647206699,0.4273486614892842,No NSI ensemble,20261001T233001_ace8d05791e3:direction:No NSI ensemble,direction,1,2026-10-02,,,,,,,,,,,,,,,,273500.0,276000.0,0.0,1.0,0.0,,,,,,,1.3955088253178436,0.8541605354642754,scored,True,2026-10-02T07:11:04.019911+00:00,,github-actions,7fa00c14b86e,,,,,,,,실적시즌|미국지표:미국 PCE 물가|미국지표:마이크론 실적,,,,,,
3,20261001T233001_ace8d05791e3,2026-10-01 23:30:25.428364+00:00,2026-10-02,2026-10-01,7a75bfdc9f160633d1b7,04645af6d68aa70051a9,close_to_close,0.0090315657153241,{},fd9ccc1e44b963ce8914,lagged_latest_vintage,상승,0.3343351195327593,0.2420711592917963,0.4235937211754444,No flow ensemble,20261001T233001_ace8d05791e3:direction:No flow ensemble,direction,1,2026-10-02,,,,,,,,,,,,,,,,273500.0,276000.0,0.0,1.0,0.0,,,,,,,1.4185235493883817,0.8656677403495261,scored,True,2026-10-02T07:11:04.019911+00:00,,github-actions,7fa00c14b86e,,,,,,,,실적시즌|미국지표:미국 PCE 물가|미국지표:마이크론 실적,,,,,,
3,20261001T233001_ace8d05791e3,2026-10-01 23:30:25.428364+00:00,2026-10-02,2026-10-01,7a75bfdc9f160633d1b7,04645af6d68aa70051a9,close_to_close,0.0090315657153241,{},fd9ccc1e44b963ce8914,lagged_latest_vintage,상승,0.349380753547252,0.2366100102711904,0.4140092361815575,No macro price ensemble,20261001T233001_ace8d05791e3:direction:No macro price ensemble,direction,1,2026-10-02,,,,,,,,,,,,,,,,273500.0,276000.0,0.0,1.0,0.0,,,,,,,1.4413420194943387,0.8762348350110344,scored,True,2026-10-02T07:11:04.019911+00:00,,github-actions,7fa00c14b86e,,,,,,,,실적시즌|미국지표:미국 PCE 물가|미국지표:마이크론 실적,,,,,,
3,20261001T233001_ace8d05791e3,2026-10-01 23:30:25.428364+00:00,2026-10-02,2026-10-01,7a75bfdc9f160633d1b7,04645af6d68aa70051a9,close_to_close,0.0090315657153241,{},fd9ccc1e44b963ce8914,lagged_latest_vintage,,,,,Ridge,20261001T233001_ace8d05791e3:price:1,price,1,2026-10-02,1거래일,1.0,276000.0,있음,0.0011452101874087,276316.0780117248,276316.0780117248,265838.9964103133,286793.1596131364,0.8225469728601252,0.0231056211594102,0.0249752009414763,-0.0032274680481267,-0.0007402971295014,1.0,273500.0,276000.0,0.0,,,316.07801172480686,316.07801172480686,0.0011452101874087205,0.0011452101874087,1.0,316.07801172480686,,,scored,True,2026-10-02T07:11:04.019911+00:00,simple,github-actions,7fa00c14b86e,0.0011452101874087,,,,,,,실적시즌|미국지표:미국 PCE 물가|미국지표:마이크론 실적,,,,,,
3,20261001T233001_ace8d05791e3,2026-10-01 23:30:25.428364+00:00,2026-10-02,2026-10-01,7a75bfdc9f160633d1b7,04645af6d68aa70051a9,close_to_close,0.0090315657153241,{},fd9ccc1e44b963ce8914,lagged_latest_vintage,,,,,Ridge,20261001T233001_ace8d05791e3:price:5,price,5,2026-10-12,1주일,5.0,276000.0,없음,,,276000.0,249560.1769919529,302439.8230080471,0.8347280334728033,0.0584963501861831,0.0545083167952574,0.0,0.0,0.0,,,,,,,,,,,,,,pending,True,2026-10-01T23:30:25.470366+00:00,simple,github-actions,7fa00c14b86e,0.003301854899993,,,,,,,실적시즌|미국지표:미국 PCE 물가|미국지표:마이크론 실적,,,,,,
3,20261001T233001_ace8d05791e3,2026-10-01 23:30:25.428364+00:00,2026-10-02,2026-10-01,7a75bfdc9f160633d1b7,04645af6d68aa70051a9,close_to_close,0.0090315657153241,{},fd9ccc1e44b963ce8914,lagged_latest_vintage,,,,,Ridge,20261001T233001_ace8d05791e3:price:20,price,20,2026-11-02,1개월,20.0,276000.0,없음,,,276000.0,220359.15673638924,331640.84326361073,0.7944915254237288,0.1488280711229839,0.1259516131392139,0.0,0.0,0.0,,,,,,,,,,,,,,pending,True,2026-10-01T23:30:25.470366+00:00,simple,github-actions,7fa00c14b86e,0.0152563382044442,,,,,,,실적시즌|미국지표:미국 PCE 물가|미국지표:마이크론 실적,,,,,,
3,20261001T233001_ace8d05791e3,2026-10-01 23:30:25.428364+00:00,2026-10-02,2026-10-01,7a75bfdc9f160633d1b7,04645af6d68aa70051a9,close_to_close,0.0090315657153241,{},fd9ccc1e44b963ce8914,lagged_latest_vintage,,,,,Candidate IV interval,20261001T233001_ace8d05791e3:price_candidate:iv_interval:1,price,1,2026-10-02,1거래일,1.0,276000.0,있음,0.0011452101874087,276316.0780117248,276316.0780117248,266472.5026283745,286159.6533950751,0.8288100208768268,0.0231056211594102,0.0249752009414763,-0.0032274680481267,-0.0007402971295014,1.0,273500.0,276000.0,0.0,,,316.07801172480686,316.07801172480686,0.0011452101874087205,0.0011452101874087,1.0,316.07801172480686,,,scored,True,2026-10-02T07:11:04.019911+00:00,iv,github-actions,7fa00c14b86e,0.0011452101874087,,,,,,,실적시즌|미국지표:미국 PCE 물가|미국지표:마이크론 실적,,,,,,
3,20261001T233001_ace8d05791e3,2026-10-01 23:30:25.428364+00:00,2026-10-02,2026-10-01,7a75bfdc9f160633d1b7,04645af6d68aa70051a9,close_to_close,0.0090315657153241,{},fd9ccc1e44b963ce8914,lagged_latest_vintage,,,,,Candidate IV interval,20261001T233001_ace8d05791e3:price_candidate:iv_interval:5,price,5,2026-10-12,1주일,5.0,276000.0,없음,,,276000.0,251788.632403418,300211.3675965821,0.8430962343096234,0.0584963501861831,0.0545083167952574,0.0,0.0,0.0,,,,,,,,,,,,,,pending,True,2026-10-01T23:30:25.470366+00:00,iv,github-actions,7fa00c14b86e,0.003301854899993,,,,,,,실적시즌|미국지표:미국 PCE 물가|미국지표:마이크론 실적,,,,,,
3,20261001T233001_ace8d05791e3,2026-10-01 23:30:25.428364+00:00,2026-10-02,2026-10-01,7a75bfdc9f160633d1b7,04645af6d68aa70051a9,close_to_close,0.0090315657153241,{},fd9ccc1e44b963ce8914,lagged_latest_vintage,,,,,Candidate IV interval,20261001T233001_ace8d05791e3:price_candidate:iv_interval:20,price,20,2026-11-02,1개월,20.0,276000.0,없음,,,276000.0,223940.110988046,328059.8890119541,0.798728813559322,0.1488280711229839,0.1259516131392139,0.0,0.0,0.0,,,,,,,,,,,,,,pending,True,2026-10-01T23:30:25.470366+00:00,iv,github-actions,7fa00c14b86e,0.0152563382044442,,,,,,,실적시즌|미국지표:미국 PCE 물가|미국지표:마이크론 실적,,,,,,
3,20261001T233001_ace8d05791e3,2026-10-01 23:30:25.428364+00:00,2026-10-02,2026-10-01,7a75bfdc9f160633d1b7,04645af6d68aa70051a9,close_to_close,0.0090315657153241,{},fd9ccc1e44b963ce8914,lagged_latest_vintage,,,,,Ridge,20261001T233001_ace8d05791e3:open:1,open,1,2026-10-02,시초가예측,1.0,276000.0,있음,0.0024917535271277,,,,,0.8266897746967071,0.0119381884806178,0.0164507668633846,-0.006585790350179,-0.0028012301931777,0.988860663664514,273500.0,276000.0,-0.009057971014492794,,,3187.723973487271,3187.723973487271,0.011655297892092398,0.011549724541620494,1.0,3187.723973487271,,,scored,True,2026-10-02T07:11:04.019911+00:00,,github-actions,7fa00c14b86e,0.00251982267946,276687.7239734873,276687.7239734873,270586.3264162902,282789.12153068435,0.7840161090005844,0.6599860559381641,실적시즌|미국지표:미국 PCE 물가|미국지표:마이크론 실적,,,,,,
3,postopen_20261002T003746_73913d9479a7,2026-10-02 00:37:46.227962+00:00,2026-10-02,2026-10-01,,post-open-grid-v1,close_to_close,0.0090315657153241,,,,하락,0.4188694151031397,0.2957948690659185,0.2853357158309419,Post-open,postopen_20261002T003746_73913d9479a7:direction:Post-open,direction,1,2026-10-02,,,276000.0,,,,,,,,,,,,,273500.0,276000.0,0.0,1.0,0.0,,,,,,,1.2180890748128836,0.7527729240714892,scored,True,2026-10-02T07:11:04.019911+00:00,,,,,,,,,,,,,post_open,-0.0090579710144927,하락,False,273500.0
3,20261002T125908_3020c8b20a10,2026-10-02 12:59:33.036858+00:00,2026-10-06,2026-10-02,06cb9d1c4a2a1331f019,04645af6d68aa70051a9,close_to_close,0.0085022921335379,{},fd9ccc1e44b963ce8914,lagged_latest_vintage,하락,0.410900003740562,0.306733315508114,0.2823666807513239,Candidate evening forecast,20261002T125908_3020c8b20a10:direction:Candidate evening forecast,direction,1,2026-10-06,,,,,,,,,,,,,,,,278500.0,272000.0,-0.01449275362318836,0.0,1.0,,,,,,,0.8894053939894339,0.5208550748339901,scored,True,2026-10-06T06:49:54.341292+00:00,,github-actions,7fa00c14b86e,,,,,,,,실적시즌|미국지표:미국 고용보고서(비농업),No macro ensemble,,,,,
3,20261002T125908_3020c8b20a10,2026-10-02 12:59:33.036858+00:00,2026-10-06,2026-10-02,06cb9d1c4a2a1331f019,04645af6d68aa70051a9,close_to_close,0.0085022921335379,{},fd9ccc1e44b963ce8914,lagged_latest_vintage,,,,,Candidate evening open,20261002T125908_3020c8b20a10:open:Candidate evening open,open,1,2026-10-06,시초가예측,1.0,276000.0,있음,-0.000760386507492,,,,,0.8232235701906413,0.011928291256438,0.016438160819577,-0.0065282262941944,-0.002762453061841,0.9694858325020204,278500.0,272000.0,0.009057971014492683,,,-2709.866676067817,2709.866676067817,0.009730221458053204,-0.009818357521984683,1.0,-2709.866676067817,,,scored,True,2026-10-06T06:49:54.341292+00:00,,github-actions,7fa00c14b86e,-0.0007843193598091,275790.1333239322,275790.1333239322,269979.3192581523,281600.9473897121,0.7822207407948568,0.6587857677655424,실적시즌|미국지표:미국 고용보고서(비농업),,,,,,
3,20261005T214039_817bfb2e54f1,2026-10-05 21:41:03.915156+00:00,2026-10-06,2026-10-02,c586c71da5fb45b7b439,04645af6d68aa70051a9,close_to_close,0.0085022921335379,{},50ceca74884b3c048ef8,lagged_latest_vintage,상승,0.2669839272392331,0.3138674177568941,0.4191486550038728,Logistic,20261005T214039_817bfb2e54f1:direction:Logistic,direction,1,2026-10-06,,,,,,,,,,,,,,,,278500.0,272000.0,-0.01449275362318836,0.0,0.0,,,,,,,1.3205668199997047,0.8115109138465542,scored,True,2026-10-06T06:49:54.341292+00:00,,github-actions,7fa00c14b86e,,,,,,,,실적시즌|미국지표:미국 고용보고서(비농업),,,,,,
3,20261005T214039_817bfb2e54f1,2026-10-05 21:41:03.915156+00:00,2026-10-06,2026-10-02,c586c71da5fb45b7b439,04645af6d68aa70051a9,close_to_close,0.0085022921335379,{},50ceca74884b3c048ef8,lagged_latest_vintage,하락,0.3829240936023663,0.2498436915365415,0.3672322148610922,LightGBM,20261005T214039_817bfb2e54f1:direction:LightGBM,direction,1,2026-10-06,,,,,,,,,,,,,,,,278500.0,272000.0,-0.01449275362318836,0.0,1.0,,,,,,,0.959918498471296,0.578064044088851,scored,True,2026-10-06T06:49:54.341292+00:00,,github-actions,7fa00c14b86e,,,,,,,,실적시즌|미국지표:미국 고용보고서(비농업),,,,,,
3,20261005T214039_817bfb2e54f1,2026-10-05 21:41:03.915156+00:00,2026-10-06,2026-10-02,c586c71da5fb45b7b439,04645af6d68aa70051a9,close_to_close,0.0085022921335379,{},50ceca74884b3c048ef8,lagged_latest_vintage,상승,0.3249540104207997,0.2818555546467178,0.3931904349324825,Mean ensemble,20261005T214039_817bfb2e54f1:direction:Mean ensemble,direction,1,2026-10-06,,,,,,,,,,,,,,,,278500.0,272000.0,-0.01449275362318836,0.0,0.0,,,,,,,1.1240716130629138,0.6897283598545655,scored,True,2026-10-06T06:49:54.341292+00:00,,github-actions,7fa00c14b86e,,,,,,,,실적시즌|미국지표:미국 고용보고서(비농업),,,,,,
3,20261005T214039_817bfb2e54f1,2026-10-05 21:41:03.915156+00:00,2026-10-06,2026-10-02,c586c71da5fb45b7b439,04645af6d68aa70051a9,close_to_close,0.0085022921335379,{},50ceca74884b3c048ef8,lagged_latest_vintage,상승,0.3372842731215862,0.291573517726173,0.3711422091522409,No macro ensemble,20261005T214039_817bfb2e54f1:direction:No macro ensemble,direction,1,2026-10-06,,,,,,,,,,,,,,,,278500.0,272000.0,-0.01449275362318836,0.0,0.0,,,,,,,1.0868291637899083,0.661953790305605,scored,True,2026-10-06T06:49:54.341292+00:00,,github-actions,7fa00c14b86e,,,,,,,,실적시즌|미국지표:미국 고용보고서(비농업),,,,,,
3,20261005T214039_817bfb2e54f1,2026-10-05 21:41:03.915156+00:00,2026-10-06,2026-10-02,c586c71da5fb45b7b439,04645af6d68aa70051a9,close_to_close,0.0085022921335379,{},50ceca74884b3c048ef8,lagged_latest_vintage,상승,0.2576874280110192,0.3101561698453423,0.4321564021436385,Candidate expanding,20261005T214039_817bfb2e54f1:direction:Candidate expanding,direction,1,2026-10-06,,,,,,,,,,,,,,,,278500.0,272000.0,-0.01449275362318836,0.0,0.0,,,,,,,1.3560079478804932,0.8339839601397627,scored,True,2026-10-06T06:49:54.341292+00:00,,github-actions,7fa00c14b86e,,,,,,,,실적시즌|미국지표:미국 고용보고서(비농업),,,,,,
3,20261005T214039_817bfb2e54f1,2026-10-05 21:41:03.915156+00:00,2026-10-06,2026-10-02,c586c71da5fb45b7b439,04645af6d68aa70051a9,close_to_close,0.0085022921335379,{},50ceca74884b3c048ef8,lagged_latest_vintage,상승,0.3024477803157848,0.3043556382949167,0.3931965813892984,No NSI ensemble,20261005T214039_817bfb2e54f1:direction:No NSI ensemble,direction,1,2026-10-06,,,,,,,,,,,,,,,,278500.0,272000.0,-0.01449275362318836,0.0,0.0,,,,,,,1.1958466434682626,0.7338150053645132,scored,True,2026-10-06T06:49:54.341292+00:00,,github-actions,7fa00c14b86e,,,,,,,,실적시즌|미국지표:미국 고용보고서(비농업),,,,,,
3,20261005T214039_817bfb2e54f1,2026-10-05 21:41:03.915156+00:00,2026-10-06,2026-10-02,c586c71da5fb45b7b439,04645af6d68aa70051a9,close_to_close,0.0085022921335379,{},50ceca74884b3c048ef8,lagged_latest_vintage,상승,0.3076334641452649,0.2812986085607535,0.4110679272939815,No flow ensemble,20261005T214039_817bfb2e54f1:direction:No flow ensemble,direction,1,2026-10-06,,,,,,,,,,,,,,,,278500.0,272000.0,-0.01449275362318836,0.0,0.0,,,,,,,1.1788462561585278,0.7274771679994724,scored,True,2026-10-06T06:49:54.341292+00:00,,github-actions,7fa00c14b86e,,,,,,,,실적시즌|미국지표:미국 고용보고서(비농업),,,,,,
3,20261005T214039_817bfb2e54f1,2026-10-05 21:41:03.915156+00:00,2026-10-06,2026-10-02,c586c71da5fb45b7b439,04645af6d68aa70051a9,close_to_close,0.0085022921335379,{},50ceca74884b3c048ef8,lagged_latest_vintage,상승,0.3141239919602352,0.2759299886536734,0.4099460193860913,No macro price ensemble,20261005T214039_817bfb2e54f1:direction:No macro price ensemble,direction,1,2026-10-06,,,,,,,,,,,,,,,,278500.0,272000.0,-0.01449275362318836,0.0,0.0,,,,,,,1.157967492163768,0.7146189958534814,scored,True,2026-10-06T06:49:54.341292+00:00,,github-actions,7fa00c14b86e,,,,,,,,실적시즌|미국지표:미국 고용보고서(비농업),,,,,,
3,20261005T214039_817bfb2e54f1,2026-10-05 21:41:03.915156+00:00,2026-10-06,2026-10-02,c586c71da5fb45b7b439,04645af6d68aa70051a9,close_to_close,0.0085022921335379,{},50ceca74884b3c048ef8,lagged_latest_vintage,,,,,Ridge,20261005T214039_817bfb2e54f1:price:1,price,1,2026-10-06,1거래일,1.0,276000.0,있음,0.0090245953489353,278490.7883163062,278490.7883163062,268656.3983130713,288325.1783195411,0.8229166666666666,0.0230661561090215,0.0249231692728482,-0.0032111230385997,-0.0007343710378753,1.0,278500.0,272000.0,-0.01449275362318836,,,6490.788316306192,6490.788316306192,0.023863192339361003,0.02351734897212366,1.0,6490.788316306192,,,scored,True,2026-10-06T06:49:54.341292+00:00,simple,github-actions,7fa00c14b86e,0.0090245953489353,,,,,,,실적시즌|미국지표:미국 고용보고서(비농업),,,,,,
3,20261005T214039_817bfb2e54f1,2026-10-05 21:41:03.915156+00:00,2026-10-06,2026-10-02,c586c71da5fb45b7b439,04645af6d68aa70051a9,close_to_close,0.0085022921335379,{},50ceca74884b3c048ef8,lagged_latest_vintage,,,,,Ridge,20261005T214039_817bfb2e54f1:price:5,price,5,2026-10-13,1주일,5.0,276000.0,없음,,,276000.0,251109.76737537247,300890.2326246275,0.8347280334728033,0.0583477461815318,0.0544960668400996,0.0,0.0,0.0,,,,,,,,,,,,,,pending,True,2026-10-05T21:41:03.951944+00:00,simple,github-actions,7fa00c14b86e,0.0077542035518017,,,,,,,실적시즌|미국지표:미국 고용보고서(비농업),,,,,,
3,20261005T214039_817bfb2e54f1,2026-10-05 21:41:03.915156+00:00,2026-10-06,2026-10-02,c586c71da5fb45b7b439,04645af6d68aa70051a9,close_to_close,0.0085022921335379,{},50ceca74884b3c048ef8,lagged_latest_vintage,,,,,Ridge,20261005T214039_817bfb2e54f1:price:20,price,20,2026-11-03,1개월,20.0,276000.0,없음,,,276000.0,223287.29799327548,328712.7020067245,0.798728813559322,0.1488177450766488,0.1257446453589182,0.0,0.0,0.0,,,,,,,,,,,,,,pending,True,2026-10-05T21:41:03.951944+00:00,simple,github-actions,7fa00c14b86e,0.0190859124923041,,,,,,,실적시즌|미국지표:미국 고용보고서(비농업),,,,,,
3,20261005T214039_817bfb2e54f1,2026-10-05 21:41:03.915156+00:00,2026-10-06,2026-10-02,c586c71da5fb45b7b439,04645af6d68aa70051a9,close_to_close,0.0085022921335379,{},50ceca74884b3c048ef8,lagged_latest_vintage,,,,,Candidate IV interval,20261005T214039_817bfb2e54f1:price_candidate:iv_interval:1,price,1,2026-10-06,1거래일,1.0,276000.0,있음,0.0090245953489353,278490.7883163062,278490.7883163062,269564.32485718635,287417.25177542603,0.8291666666666667,0.0230661561090215,0.0249231692728482,-0.0032111230385997,-0.0007343710378753,1.0,278500.0,272000.0,-0.01449275362318836,,,6490.788316306192,6490.788316306192,0.023863192339361003,0.02351734897212366,1.0,6490.788316306192,,,scored,True,2026-10-06T06:49:54.341292+00:00,iv,github-actions,7fa00c14b86e,0.0090245953489353,,,,,,,실적시즌|미국지표:미국 고용보고서(비농업),,,,,,
3,20261005T214039_817bfb2e54f1,2026-10-05 21:41:03.915156+00:00,2026-10-06,2026-10-02,c586c71da5fb45b7b439,04645af6d68aa70051a9,close_to_close,0.0085022921335379,{},50ceca74884b3c048ef8,lagged_latest_vintage,,,,,Candidate IV interval,20261005T214039_817bfb2e54f1:price_candidate:iv_interval:5,price,5,2026-10-13,1주일,5.0,276000.0,없음,,,276000.0,254027.66392172355,297972.33607827645,0.8430962343096234,0.0583477461815318,0.0544960668400996,0.0,0.0,0.0,,,,,,,,,,,,,,pending,True,2026-10-05T21:41:03.951944+00:00,iv,github-actions,7fa00c14b86e,0.0077542035518017,,,,,,,실적시즌|미국지표:미국 고용보고서(비농업),,,,,,
3,20261005T214039_817bfb2e54f1,2026-10-05 21:41:03.915156+00:00,2026-10-06,2026-10-02,c586c71da5fb45b7b439,04645af6d68aa70051a9,close_to_close,0.0085022921335379,{},50ceca74884b3c048ef8,lagged_latest_vintage,,,,,Candidate IV interval,20261005T214039_817bfb2e54f1:price_candidate:iv_interval:20,price,20,2026-11-03,1개월,20.0,276000.0,없음,,,276000.0,228642.023002078,323357.97699792206,0.8008474576271186,0.1488177450766488,0.1257446453589182,0.0,0.0,0.0,,,,,,,,,,,,,,pending,True,2026-10-05T21:41:03.951944+00:00,iv,github-actions,7fa00c14b86e,0.0190859124923041,,,,,,,실적시즌|미국지표:미국 고용보고서(비농업),,,,,,
3,20261005T214039_817bfb2e54f1,2026-10-05 21:41:03.915156+00:00,2026-10-06,2026-10-02,c586c71da5fb45b7b439,04645af6d68aa70051a9,close_to_close,0.0085022921335379,{},50ceca74884b3c048ef8,lagged_latest_vintage,,,,,Ridge,20261005T214039_817bfb2e54f1:open:1,open,1,2026-10-06,시초가예측,1.0,276000.0,있음,0.0146519694921117,,,,,0.8232235701906413,0.0119282925081978,0.016438160819577,-0.0065282289663176,-0.0027624542530222,0.9694870442607092,278500.0,272000.0,0.009057971014492683,,,1543.943579822837,1543.943579822837,0.005543783051428499,0.005593998477619017,1.0,1543.943579822837,,,scored,True,2026-10-06T06:49:54.341292+00:00,,github-actions,7fa00c14b86e,0.0151131153106689,280043.94357982284,280043.94357982284,274233.1410688176,285854.74609082803,0.7822216540035067,0.6587857926479803,실적시즌|미국지표:미국 고용보고서(비농업),,,,,,
3,postopen_20261006T003752_8999d13572d5,2026-10-06 00:37:52.326992+00:00,2026-10-06,2026-10-02,,post-open-grid-v1,close_to_close,0.0085022921335379,,,,상승,0.2811016666798456,0.3215317794121108,0.3973665539080435,Post-open,postopen_20261006T003752_8999d13572d5:direction:Post-open,direction,1,2026-10-06,,,276000.0,,,,,,,,,,,,,278500.0,272000.0,-0.01449275362318836,0.0,0.0,,,,,,,1.2690388719522385,0.7780976769871681,scored,True,2026-10-06T06:49:54.341292+00:00,,,,,,,,,,,,,post_open,0.0090579710144926,상승,False,278500.0
3,20261006T212704_65ee1f158588,2026-10-06 21:27:29.400812+00:00,2026-10-07,2026-10-06,b505d7204a661254e750,04645af6d68aa70051a9,close_to_close,0.0085935114364349,{},fd9ccc1e44b963ce8914,lagged_latest_vintage,상승,0.3220521890517357,0.31051818296384,0.3674296279844243,Logistic,20261006T212704_65ee1f158588:direction:Logistic,direction,1,2026-10-07,,,,,,,,,,,,,,,,269500.0,268500.0,-0.012867647058823484,0.0,0.0,,,,,,,1.133041668770495,0.6910393078414807,scored,True,2026-10-07T07:11:02.229670+00:00,,github-actions,7fa00c14b86e,,,,,,,,실적시즌,,,,,,
3,20261006T212704_65ee1f158588,2026-10-06 21:27:29.400812+00:00,2026-10-07,2026-10-06,b505d7204a661254e750,04645af6d68aa70051a9,close_to_close,0.0085935114364349,{},fd9ccc1e44b963ce8914,lagged_latest_vintage,상승,0.3462177480712545,0.2579853564452892,0.3957968954834562,LightGBM,20261006T212704_65ee1f158588:direction:LightGBM,direction,1,2026-10-07,,,,,,,,,,,,,,,,269500.0,268500.0,-0.012867647058823484,0.0,0.0,,,,,,,1.0606873721835886,0.6506428595515666,scored,True,2026-10-07T07:11:02.229670+00:00,,github-actions,7fa00c14b86e,,,,,,,,실적시즌,,,,,,
3,20261006T212704_65ee1f158588,2026-10-06 21:27:29.400812+00:00,2026-10-07,2026-10-06,b505d7204a661254e750,04645af6d68aa70051a9,close_to_close,0.0085935114364349,{},fd9ccc1e44b963ce8914,lagged_latest_vintage,상승,0.3341349685614951,0.2842517697045646,0.3816132617339403,Mean ensemble,20261006T212704_65ee1f158588:direction:Mean ensemble,direction,1,2026-10-07,,,,,,,,,,,,,,,,269500.0,268500.0,-0.012867647058823484,0.0,0.0,,,,,,,1.0962102701413319,0.6698039902039946,scored,True,2026-10-07T07:11:02.229670+00:00,,github-actions,7fa00c14b86e,,,,,,,,실적시즌,,,,,,
3,20261006T212704_65ee1f158588,2026-10-06 21:27:29.400812+00:00,2026-10-07,2026-10-06,b505d7204a661254e750,04645af6d68aa70051a9,close_to_close,0.0085935114364349,{},fd9ccc1e44b963ce8914,lagged_latest_vintage,상승,0.3336663432595559,0.2951769495860856,0.3711567071543585,No macro ensemble,20261006T212704_65ee1f158588:direction:No macro ensemble,direction,1,2026-10-07,,,,,,,,,,,,,,,,269500.0,268500.0,-0.012867647058823484,0.0,0.0,,,,,,,1.0976137575875762,0.6688872749377047,scored,True,2026-10-07T07:11:02.229670+00:00,,github-actions,7fa00c14b86e,,,,,,,,실적시즌,,,,,,
3,20261006T212704_65ee1f158588,2026-10-06 21:27:29.400812+00:00,2026-10-07,2026-10-06,b505d7204a661254e750,04645af6d68aa70051a9,close_to_close,0.0085935114364349,{},fd9ccc1e44b963ce8914,lagged_latest_vintage,상승,0.3083803199400071,0.3040038643512776,0.3876158157087153,Candidate expanding,20261006T212704_65ee1f158588:direction:Candidate expanding,direction,1,2026-10-07,,,,,,,,,,,,,,,,269500.0,268500.0,-0.012867647058823484,0.0,0.0,,,,,,,1.1764214527532273,0.7210021519743297,scored,True,2026-10-07T07:11:02.229670+00:00,,github-actions,7fa00c14b86e,,,,,,,,실적시즌,,,,,,
3,20261006T212704_65ee1f158588,2026-10-06 21:27:29.400812+00:00,2026-10-07,2026-10-06,b505d7204a661254e750,04645af6d68aa70051a9,close_to_close,0.0085935114364349,{},fd9ccc1e44b963ce8914,lagged_latest_vintage,상승,0.330524680229715,0.2873284434114331,0.3821468763588519,No NSI ensemble,20261006T212704_65ee1f158588:direction:No NSI ensemble,direction,1,2026-10-07,,,,,,,,,,,,,,,,269500.0,268500.0,-0.012867647058823484,0.0,0.0,,,,,,,1.1070739470481648,0.6767910732855901,scored,True,2026-10-07T07:11:02.229670+00:00,,github-actions,7fa00c14b86e,,,,,,,,실적시즌,,,,,,
3,20261006T212704_65ee1f158588,2026-10-06 21:27:29.400812+00:00,2026-10-07,2026-10-06,b505d7204a661254e750,04645af6d68aa70051a9,close_to_close,0.0085935114364349,{},fd9ccc1e44b963ce8914,lagged_latest_vintage,상승,0.3369340119040026,0.2844417347148852,0.3786242533811121,No flow ensemble,20261006T212704_65ee1f158588:direction:No flow ensemble,direction,1,2026-10-07,,,,,,,,,,,,,,,,269500.0,268500.0,-0.012867647058823484,0.0,0.0,,,,,,,1.0878681781770092,0.6639199302657393,scored,True,2026-10-07T07:11:02.229670+00:00,,github-actions,7fa00c14b86e,,,,,,,,실적시즌,,,,,,
3,20261006T212704_65ee1f158588,2026-10-06 21:27:29.400812+00:00,2026-10-07,2026-10-06,b505d7204a661254e750,04645af6d68aa70051a9,close_to_close,0.0085935114364349,{},fd9ccc1e44b963ce8914,lagged_latest_vintage,상승,0.3432853805660248,0.2654865262521408,0.3912280931818342,No macro price ensemble,20261006T212704_65ee1f158588:direction:No macro price ensemble,direction,1,2026-10-07,,,,,,,,,,,,,,,,269500.0,268500.0,-0.012867647058823484,0.0,0.0,,,,,,,1.0691931644353807,0.6548166078944335,scored,True,2026-10-07T07:11:02.229670+00:00,,github-actions,7fa00c14b86e,,,,,,,,실적시즌,,,,,,
3,20261006T212704_65ee1f158588,2026-10-06 21:27:29.400812+00:00,2026-10-07,2026-10-06,b505d7204a661254e750,04645af6d68aa70051a9,close_to_close,0.0085935114364349,{},fd9ccc1e44b963ce8914,lagged_latest_vintage,,,,,Ridge,20261006T212704_65ee1f158588:price:1,price,1,2026-10-07,1거래일,1.0,272000.0,있음,0.0013045077702855,272354.8261135177,272354.8261135177,262558.693206058,282150.9590209774,0.8229166666666666,0.0230564552255022,0.0249124511299055,-0.003208376079523,-0.0007340683976491,1.0,269500.0,268500.0,-0.012867647058823484,,,3854.826113517687,3854.826113517687,0.014356894277533285,0.014172154829108984,1.0,3854.826113517687,,,scored,True,2026-10-07T07:11:02.229670+00:00,simple,github-actions,7fa00c14b86e,0.0013045077702855,,,,,,,실적시즌,,,,,,
3,20261006T212704_65ee1f158588,2026-10-06 21:27:29.400812+00:00,2026-10-07,2026-10-06,b505d7204a661254e750,04645af6d68aa70051a9,close_to_close,0.0085935114364349,{},fd9ccc1e44b963ce8914,lagged_latest_vintage,,,,,Ridge,20261006T212704_65ee1f158588:price:5,price,5,2026-10-14,1주일,5.0,272000.0,없음,,,272000.0,247207.40294320736,296792.5970567927,0.8368200836820083,0.0581309322498928,0.0543749274278889,0.0,0.0,0.0,,,,,,,,,,,,,,pending,True,2026-10-06T21:27:29.436798+00:00,simple,github-actions,7fa00c14b86e,0.0018654195698338,,,,,,,실적시즌,,,,,,
3,20261006T212704_65ee1f158588,2026-10-06 21:27:29.400812+00:00,2026-10-07,2026-10-06,b505d7204a661254e750,04645af6d68aa70051a9,close_to_close,0.0085935114364349,{},fd9ccc1e44b963ce8914,lagged_latest_vintage,,,,,Ridge,20261006T212704_65ee1f158588:price:20,price,20,2026-11-04,1개월,20.0,272000.0,없음,,,272000.0,219250.1475899261,324749.8524100739,0.798728813559322,0.1489249429069619,0.1256137070306703,0.0,0.0,0.0,,,,,,,,,,,,,,pending,True,2026-10-06T21:27:29.436798+00:00,simple,github-actions,7fa00c14b86e,0.0095760587853794,,,,,,,실적시즌,,,,,,
3,20261006T212704_65ee1f158588,2026-10-06 21:27:29.400812+00:00,2026-10-07,2026-10-06,b505d7204a661254e750,04645af6d68aa70051a9,close_to_close,0.0085935114364349,{},fd9ccc1e44b963ce8914,lagged_latest_vintage,,,,,Candidate IV interval,20261006T212704_65ee1f158588:price_candidate:iv_interval:1,price,1,2026-10-07,1거래일,1.0,272000.0,있음,0.0013045077702855,272354.8261135177,272354.8261135177,263683.7702635449,281025.88196349045,0.8291666666666667,0.0230564552255022,0.0249124511299055,-0.003208376079523,-0.0007340683976491,1.0,269500.0,268500.0,-0.012867647058823484,,,3854.826113517687,3854.826113517687,0.014356894277533285,0.014172154829108984,1.0,3854.826113517687,,,scored,True,2026-10-07T07:11:02.229670+00:00,iv,github-actions,7fa00c14b86e,0.0013045077702855,,,,,,,실적시즌,,,,,,
3,20261006T212704_65ee1f158588,2026-10-06 21:27:29.400812+00:00,2026-10-07,2026-10-06,b505d7204a661254e750,04645af6d68aa70051a9,close_to_close,0.0085935114364349,{},fd9ccc1e44b963ce8914,lagged_latest_vintage,,,,,Candidate IV interval,20261006T212704_65ee1f158588:price_candidate:iv_interval:5,price,5,2026-10-14,1주일,5.0,272000.0,없음,,,272000.0,250905.10762663407,293094.89237336593,0.8347280334728033,0.0581309322498928,0.0543749274278889,0.0,0.0,0.0,,,,,,,,,,,,,,pending,True,2026-10-06T21:27:29.436798+00:00,iv,github-actions,7fa00c14b86e,0.0018654195698338,,,,,,,실적시즌,,,,,,
3,20261006T212704_65ee1f158588,2026-10-06 21:27:29.400812+00:00,2026-10-07,2026-10-06,b505d7204a661254e750,04645af6d68aa70051a9,close_to_close,0.0085935114364349,{},fd9ccc1e44b963ce8914,lagged_latest_vintage,,,,,Candidate IV interval,20261006T212704_65ee1f158588:price_candidate:iv_interval:20,price,20,2026-11-04,1개월,20.0,272000.0,없음,,,272000.0,225972.49868655644,318027.5013134436,0.8008474576271186,0.1489249429069619,0.1256137070306703,0.0,0.0,0.0,,,,,,,,,,,,,,pending,True,2026-10-06T21:27:29.436798+00:00,iv,github-actions,7fa00c14b86e,0.0095760587853794,,,,,,,실적시즌,,,,,,
3,20261006T212704_65ee1f158588,2026-10-06 21:27:29.400812+00:00,2026-10-07,2026-10-06,b505d7204a661254e750,04645af6d68aa70051a9,close_to_close,0.0085935114364349,{},fd9ccc1e44b963ce8914,lagged_latest_vintage,,,,,Ridge,20261006T212704_65ee1f158588:open:1,open,1,2026-10-07,시초가예측,1.0,272000.0,있음,0.0023710270345099,,,,,0.8232235701906413,0.0119360126942276,0.016449392451166,-0.0065263889541555,-0.0027568630168118,0.963925325994618,269500.0,268500.0,-0.009191176470588203,,,3144.9193533866783,3144.9193533866783,0.011669459567297508,0.011562203505098102,1.0,3144.9193533866783,,,scored,True,2026-10-07T07:11:02.229670+00:00,,github-actions,7fa00c14b86e,0.0024597621522843,272644.9193533867,272644.9193533867,266952.09328420484,278337.7454225685,0.7818011109813425,0.6580986758712551,실적시즌,,,,,,
3,postopen_20261007T003815_da180b2e8572,2026-10-07 00:38:15.180425+00:00,2026-10-07,2026-10-06,,post-open-grid-v1,close_to_close,0.0085935114364349,,,,하락,0.4739060291435392,0.3164164282453311,0.2096775426111297,Post-open,postopen_20261007T003815_da180b2e8572:direction:Post-open,direction,1,2026-10-07,,,272000.0,,,,,,,,,,,,,269500.0,268500.0,-0.012867647058823484,0.0,1.0,,,,,,,0.7467462276933656,0.42085889411049354,scored,True,2026-10-07T07:11:02.229670+00:00,,,,,,,,,,,,,post_open,-0.0091911764705882,하락,False,269500.0
3,20261007T134006_d9c2fb58e235,2026-10-07 13:40:20.600611+00:00,2026-10-08,2026-10-07,70cfce8b9cbea2a76a4a,04645af6d68aa70051a9,close_to_close,0.0085776907450935,{},fd9ccc1e44b963ce8914,lagged_latest_vintage,하락,0.3711981907285462,0.2944146530613113,0.3343871562101424,Candidate evening forecast,20261007T134006_d9c2fb58e235:direction:Candidate evening forecast,direction,1,2026-10-08,,,,,,,,,,,,,,,,269500.0,262000.0,-0.02420856610800748,0.0,1.0,,,,,,,0.991019152196878,0.5938864735185723,scored,True,2026-10-08T07:11:10.988410+00:00,,github-actions,7fa00c14b86e,,,,,,,,실적시즌,No macro ensemble,,,,,
3,20261007T134006_d9c2fb58e235,2026-10-07 13:40:20.600611+00:00,2026-10-08,2026-10-07,70cfce8b9cbea2a76a4a,04645af6d68aa70051a9,close_to_close,0.0085776907450935,{},fd9ccc1e44b963ce8914,lagged_latest_vintage,,,,,Candidate evening open,20261007T134006_d9c2fb58e235:open:Candidate evening open,open,1,2026-10-08,시초가예측,1.0,268500.0,있음,0.00350618746316,,,,,0.8197573656845754,0.0119518537633461,0.0164584894964524,-0.0064816763931558,-0.0027269000281946,0.9469289237974337,269500.0,262000.0,0.003724394785847407,,,-58.588666141498834,58.588666141498834,0.00021739764802040384,-0.00021820732268740695,1.0,-58.588666141498834,,,scored,True,2026-10-08T07:11:10.988410+00:00,,github-actions,7fa00c14b86e,0.0037026933860033,269441.4113338585,269441.4113338585,263791.25107542245,275091.5715922945,0.7800802578177466,0.6567811725003059,실적시즌,,,,,,
3,20261007T212529_ce5b6c4cd00e,2026-10-07 21:25:48.796867+00:00,2026-10-08,2026-10-07,278daf6f4d002dc0acb8,04645af6d68aa70051a9,close_to_close,0.0085776907450935,{},fd9ccc1e44b963ce8914,lagged_latest_vintage,상승,0.3504621925247536,0.2659402102373606,0.3835975972378858,Logistic,20261007T212529_ce5b6c4cd00e:direction:Logistic,direction,1,2026-10-08,,,,,,,,,,,,,,,,269500.0,262000.0,-0.02420856610800748,0.0,0.0,,,,,,,1.0485024455873424,0.6397706753675212,scored,True,2026-10-08T07:11:10.988410+00:00,,github-actions,999a7ef2a78a,,,,,,,,실적시즌,,,,,,
3,20261007T212529_ce5b6c4cd00e,2026-10-07 21:25:48.796867+00:00,2026-10-08,2026-10-07,278daf6f4d002dc0acb8,04645af6d68aa70051a9,close_to_close,0.0085776907450935,{},fd9ccc1e44b963ce8914,lagged_latest_vintage,상승,0.3574957491953524,0.2472333530528893,0.3952708977517583,LightGBM,20261007T212529_ce5b6c4cd00e:direction:LightGBM,direction,1,2026-10-08,,,,,,,,,,,,,,,,269500.0,262000.0,-0.02420856610800748,0.0,0.0,,,,,,,1.0286318072814162,0.6301751257732972,scored,True,2026-10-08T07:11:10.988410+00:00,,github-actions,999a7ef2a78a,,,,,,,,실적시즌,,,,,,
3,20261007T212529_ce5b6c4cd00e,2026-10-07 21:25:48.796867+00:00,2026-10-08,2026-10-07,278daf6f4d002dc0acb8,04645af6d68aa70051a9,close_to_close,0.0085776907450935,{},fd9ccc1e44b963ce8914,lagged_latest_vintage,상승,0.353978970860053,0.2565867816451249,0.389434247494822,Mean ensemble,20261007T212529_ce5b6c4cd00e:direction:Mean ensemble,direction,1,2026-10-08,,,,,,,,,,,,,,,,269500.0,262000.0,-0.02420856610800748,0.0,0.0,,,,,,,1.0385177719630037,0.6348389797278976,scored,True,2026-10-08T07:11:10.988410+00:00,,github-actions,999a7ef2a78a,,,,,,,,실적시즌,,,,,,
3,20261007T212529_ce5b6c4cd00e,2026-10-07 21:25:48.796867+00:00,2026-10-08,2026-10-07,278daf6f4d002dc0acb8,04645af6d68aa70051a9,close_to_close,0.0085776907450935,{},fd9ccc1e44b963ce8914,lagged_latest_vintage,상승,0.343215747728453,0.2740898685092615,0.3826943837622855,No macro ensemble,20261007T212529_ce5b6c4cd00e:direction:No macro ensemble,direction,1,2026-10-08,,,,,,,,,,,,,,,,269500.0,262000.0,-0.02420856610800748,0.0,0.0,,,,,,,1.0693960274313488,0.652945801414515,scored,True,2026-10-08T07:11:10.988410+00:00,,github-actions,999a7ef2a78a,,,,,,,,실적시즌,,,,,,
3,20261007T212529_ce5b6c4cd00e,2026-10-07 21:25:48.796867+00:00,2026-10-08,2026-10-07,278daf6f4d002dc0acb8,04645af6d68aa70051a9,close_to_close,0.0085776907450935,{},fd9ccc1e44b963ce8914,lagged_latest_vintage,상승,0.2920518775162903,0.2757362763848143,0.4322118460988954,Candidate expanding,20261007T212529_ce5b6c4cd00e:direction:Candidate expanding,direction,1,2026-10-08,,,,,,,,,,,,,,,,269500.0,262000.0,-0.02420856610800748,0.0,0.0,,,,,,,1.230823829766987,0.7640281181509875,scored,True,2026-10-08T07:11:10.988410+00:00,,github-actions,999a7ef2a78a,,,,,,,,실적시즌,,,,,,
3,20261007T212529_ce5b6c4cd00e,2026-10-07 21:25:48.796867+00:00,2026-10-08,2026-10-07,278daf6f4d002dc0acb8,04645af6d68aa70051a9,close_to_close,0.0085776907450935,{},fd9ccc1e44b963ce8914,lagged_latest_vintage,상승,0.3489869373733796,0.2580979562128544,0.392915106413766,No NSI ensemble,20261007T212529_ce5b6c4cd00e:direction:No NSI ensemble,direction,1,2026-10-08,,,,,,,,,,,,,,,,269500.0,262000.0,-0.02420856610800748,0.0,0.0,,,,,,,1.0527207862097536,0.6448148435598855,scored,True,2026-10-08T07:11:10.988410+00:00,,github-actions,999a7ef2a78a,,,,,,,,실적시즌,,,,,,
3,20261007T212529_ce5b6c4cd00e,2026-10-07 21:25:48.796867+00:00,2026-10-08,2026-10-07,278daf6f4d002dc0acb8,04645af6d68aa70051a9,close_to_close,0.0085776907450935,{},fd9ccc1e44b963ce8914,lagged_latest_vintage,상승,0.340680764635872,0.2572082544242405,0.4021109809398874,No flow ensemble,20261007T212529_ce5b6c4cd00e:direction:No flow ensemble,direction,1,2026-10-08,,,,,,,,,,,,,,,,269500.0,262000.0,-0.02420856610800748,0.0,0.0,,,,,,,1.0768094142716205,0.6625511812575418,scored,True,2026-10-08T07:11:10.988410+00:00,,github-actions,999a7ef2a78a,,,,,,,,실적시즌,,,,,,
3,20261007T212529_ce5b6c4cd00e,2026-10-07 21:25:48.796867+00:00,2026-10-08,2026-10-07,278daf6f4d002dc0acb8,04645af6d68aa70051a9,close_to_close,0.0085776907450935,{},fd9ccc1e44b963ce8914,lagged_latest_vintage,상승,0.3513670520192141,0.2388446191457403,0.4097883288350456,No macro price ensemble,20261007T212529_ce5b6c4cd00e:direction:No macro price ensemble,direction,1,2026-10-08,,,,,,,,,,,,,,,,269500.0,262000.0,-0.02420856610800748,0.0,0.0,,,,,,,1.0459238696648756,0.6456979277505381,scored,True,2026-10-08T07:11:10.988410+00:00,,github-actions,999a7ef2a78a,,,,,,,,실적시즌,,,,,,
3,20261007T212529_ce5b6c4cd00e,2026-10-07 21:25:48.796867+00:00,2026-10-08,2026-10-07,278daf6f4d002dc0acb8,04645af6d68aa70051a9,close_to_close,0.0085776907450935,{},fd9ccc1e44b963ce8914,lagged_latest_vintage,,,,,Ridge,20261007T212529_ce5b6c4cd00e:price:1,price,1,2026-10-08,1거래일,1.0,268500.0,있음,0.0008423111200856,268726.160535743,268726.160535743,259061.10882177888,278391.2122497071,0.8229166666666666,0.0230449615508788,0.0248943177931733,-0.0032011354616081,-0.0007175069765715,1.0,269500.0,262000.0,-0.02420856610800748,,,6726.160535742994,6726.160535742994,0.02567236845703433,0.02505087722809308,1.0,6726.160535742994,,,scored,True,2026-10-08T07:11:10.988410+00:00,simple,github-actions,999a7ef2a78a,0.0008423111200856,,,,,,,실적시즌,,,,,,
3,20261007T212529_ce5b6c4cd00e,2026-10-07 21:25:48.796867+00:00,2026-10-08,2026-10-07,278daf6f4d002dc0acb8,04645af6d68aa70051a9,close_to_close,0.0085776907450935,{},fd9ccc1e44b963ce8914,lagged_latest_vintage,,,,,Ridge,20261007T212529_ce5b6c4cd00e:price:5,price,5,2026-10-15,1주일,5.0,268500.0,없음,,,268500.0,244189.1636659072,292810.8363340929,0.8329853862212944,0.058024232985701,0.0542920547173558,0.0,0.0,0.0,,,,,,,,,,,,,,pending,True,2026-10-07T21:25:48.825278+00:00,simple,github-actions,999a7ef2a78a,0.0028373776592504,,,,,,,실적시즌,,,,,,
3,20261007T212529_ce5b6c4cd00e,2026-10-07 21:25:48.796867+00:00,2026-10-08,2026-10-07,278daf6f4d002dc0acb8,04645af6d68aa70051a9,close_to_close,0.0085776907450935,{},fd9ccc1e44b963ce8914,lagged_latest_vintage,,,,,Ridge,20261007T212529_ce5b6c4cd00e:price:20,price,20,2026-11-05,1개월,20.0,268500.0,없음,,,268500.0,217038.5023048169,319961.4976951831,0.7949260042283298,0.148934821336043,0.1254557089739947,0.0,0.0,0.0,,,,,,,,,,,,,,pending,True,2026-10-07T21:25:48.825278+00:00,simple,github-actions,999a7ef2a78a,0.0114100277787678,,,,,,,실적시즌,,,,,,
3,20261007T212529_ce5b6c4cd00e,2026-10-07 21:25:48.796867+00:00,2026-10-08,2026-10-07,278daf6f4d002dc0acb8,04645af6d68aa70051a9,close_to_close,0.0085776907450935,{},fd9ccc1e44b963ce8914,lagged_latest_vintage,,,,,Candidate IV interval,20261007T212529_ce5b6c4cd00e:price_candidate:iv_interval:1,price,1,2026-10-08,1거래일,1.0,268500.0,있음,0.0008423111200856,268726.160535743,268726.160535743,260250.87698571107,277201.44408577494,0.8291666666666667,0.0230449615508788,0.0248943177931733,-0.0032011354616081,-0.0007175069765715,1.0,269500.0,262000.0,-0.02420856610800748,,,6726.160535742994,6726.160535742994,0.02567236845703433,0.02505087722809308,1.0,6726.160535742994,,,scored,True,2026-10-08T07:11:10.988410+00:00,iv,github-actions,999a7ef2a78a,0.0008423111200856,,,,,,,실적시즌,,,,,,
3,20261007T212529_ce5b6c4cd00e,2026-10-07 21:25:48.796867+00:00,2026-10-08,2026-10-07,278daf6f4d002dc0acb8,04645af6d68aa70051a9,close_to_close,0.0085776907450935,{},fd9ccc1e44b963ce8914,lagged_latest_vintage,,,,,Candidate IV interval,20261007T212529_ce5b6c4cd00e:price_candidate:iv_interval:5,price,5,2026-10-15,1주일,5.0,268500.0,없음,,,268500.0,247737.01196897487,289262.9880310251,0.837160751565762,0.058024232985701,0.0542920547173558,0.0,0.0,0.0,,,,,,,,,,,,,,pending,True,2026-10-07T21:25:48.825278+00:00,iv,github-actions,999a7ef2a78a,0.0028373776592504,,,,,,,실적시즌,,,,,,
3,20261007T212529_ce5b6c4cd00e,2026-10-07 21:25:48.796867+00:00,2026-10-08,2026-10-07,278daf6f4d002dc0acb8,04645af6d68aa70051a9,close_to_close,0.0085776907450935,{},fd9ccc1e44b963ce8914,lagged_latest_vintage,,,,,Candidate IV interval,20261007T212529_ce5b6c4cd00e:price_candidate:iv_interval:20,price,20,2026-11-05,1개월,20.0,268500.0,없음,,,268500.0,223545.36293700305,313454.6370629969,0.7991543340380549,0.148934821336043,0.1254557089739947,0.0,0.0,0.0,,,,,,,,,,,,,,pending,True,2026-10-07T21:25:48.825278+00:00,iv,github-actions,999a7ef2a78a,0.0114100277787678,,,,,,,실적시즌,,,,,,
3,20261007T212529_ce5b6c4cd00e,2026-10-07 21:25:48.796867+00:00,2026-10-08,2026-10-07,278daf6f4d002dc0acb8,04645af6d68aa70051a9,close_to_close,0.0085776907450935,{},fd9ccc1e44b963ce8914,lagged_latest_vintage,,,,,Ridge,20261007T212529_ce5b6c4cd00e:open:1,open,1,2026-10-08,시초가예측,1.0,268500.0,있음,0.0012800452854812,,,,,0.8197573656845754,0.0119518548600719,0.0164584894964524,-0.0064816742535182,-0.0027268995822201,0.946928641124858,269500.0,262000.0,0.003724394785847407,,,-656.3078408482834,656.3078408482834,0.0024352795578786025,-0.002444349500366207,1.0,-656.3078408482834,,,scored,True,2026-10-08T07:11:10.988410+00:00,,github-actions,999a7ef2a78a,0.0013517864281311,268843.6921591517,268843.6921591517,263193.5353925116,274493.84892579186,0.7800784329469475,0.6567810930223106,실적시즌,,,,,,
3,postopen_20261008T003815_4e271da0950a,2026-10-08 00:38:15.828179+00:00,2026-10-08,2026-10-07,,post-open-grid-v1,close_to_close,0.0085776907450935,,,,상승,0.3173262334087745,0.2770379621640719,0.4056358044271537,Post-open,postopen_20261008T003815_4e271da0950a:direction:Post-open,direction,1,2026-10-08,,,268500.0,,,,,,,,,,,,,269500.0,262000.0,-0.02420856610800748,0.0,0.0,,,,,,,1.1478249068210218,0.7073339099051367,scored,True,2026-10-08T07:11:10.988410+00:00,,,,,,,,,,,,,post_open,0.0037243947858474,보합,False,269500.0
