date,foreign_net,inst_net,indiv_net,volume,foreign_ratio
2014-10-01,4145.0,-21815.0,,238596.0,51.84
2014-10-02,-20447.0,-4374.0,,254655.0,51.82
2014-10-06,1523.0,-3348.0,,425058.0,51.82
2014-10-07,460.0,12209.0,,202983.0,51.82
2014-10-08,11683.0,-42985.0,,294411.0,51.83
2014-10-10,-7721.0,-19708.0,,436749.0,51.82
2014-10-13,-3887.0,18670.0,,226895.0,51.82
2014-10-14,42020.0,-164.0,,331451.0,51.85
2014-10-15,9983.0,-12485.0,,282872.0,51.86
2014-10-16,41321.0,-42419.0,,302966.0,51.89
2014-10-17,-19697.0,-194.0,,325635.0,51.87
2014-10-20,84478.0,-73986.0,,189535.0,51.93
2014-10-21,39592.0,-47874.0,,235321.0,51.95
2014-10-22,73553.0,-40567.0,,222554.0,52.0
2014-10-23,48295.0,-43970.0,,170118.0,52.04
2014-10-24,50017.0,-24556.0,,167569.0,52.07
2014-10-27,2577.0,-23809.0,,167772.0,52.07
2014-10-28,1026.0,-2013.0,,124877.0,52.07
2014-10-29,12253.0,32960.0,,274522.0,52.08
2014-10-30,175705.0,-72159.0,,491339.0,52.19
2014-10-31,213743.0,-81115.0,,772463.0,52.33
2014-11-03,39691.0,-15236.0,,269516.0,52.36
2014-11-04,10064.0,-9575.0,,260006.0,52.37
2014-11-05,-333.0,-1500.0,,203243.0,52.37
2014-11-06,16756.0,-25014.0,,171403.0,52.38
2014-11-07,5046.0,-7754.0,,120604.0,52.38
2014-11-10,94436.0,-2297.0,,384058.0,52.44
2014-11-11,-9827.0,-13302.0,,242828.0,52.45
2014-11-12,-1356.0,-6891.0,,181592.0,52.45
2014-11-13,19045.0,-54331.0,,230943.0,52.47
2014-11-14,4016.0,-27405.0,,212435.0,52.47
2014-11-17,2484.0,14430.0,,193879.0,52.47
2014-11-18,-5567.0,29520.0,,215094.0,52.47
2014-11-19,-18800.0,22285.0,,250055.0,52.45
2014-11-20,15000.0,-15408.0,,200483.0,52.46
2014-11-21,-2226.0,12813.0,,246727.0,52.46
2014-11-24,-29336.0,22384.0,,205686.0,52.44
2014-11-25,-76809.0,32722.0,,356221.0,52.38
2014-11-26,-64552.0,76008.0,,245758.0,52.34
2014-11-27,-2096.0,150557.0,,887556.0,52.34
2014-11-28,49837.0,-10375.0,,196891.0,52.37
2014-12-01,61404.0,-11403.0,,257337.0,52.41
2014-12-02,-13535.0,-8431.0,,184454.0,52.4
2014-12-03,17805.0,-8580.0,,194710.0,52.42
2014-12-04,8514.0,11061.0,,177427.0,52.42
2014-12-05,4274.0,5937.0,,112756.0,52.4
2014-12-08,35394.0,28512.0,,158331.0,52.42
2014-12-09,38918.0,38844.0,,271062.0,52.45
2014-12-10,-90242.0,42772.0,,319556.0,52.39
2014-12-11,-150024.0,71824.0,,409817.0,52.29
2014-12-12,-93332.0,40712.0,,287945.0,52.2
2014-12-15,-111751.0,38649.0,,286759.0,52.11
2014-12-16,-98388.0,48951.0,,257895.0,52.04
2014-12-17,-123493.0,67175.0,,261773.0,51.95
2014-12-18,-68330.0,11424.0,,236165.0,51.89
2014-12-19,8181.0,56488.0,,367130.0,51.9
2014-12-22,-41785.0,13439.0,,358877.0,51.87
2014-12-23,-51885.0,8935.0,,219527.0,51.84
2014-12-24,22048.0,11078.0,,125140.0,51.81
2014-12-26,40254.0,62064.0,,229762.0,51.84
2014-12-29,-30732.0,-55536.0,,192749.0,51.82
2014-12-30,-22225.0,-61021.0,,212982.0,51.81
2015-01-02,21466.0,-20583.0,,175499.0,51.82
2015-01-05,-53048.0,9399.0,,202790.0,51.79
2015-01-06,-102252.0,20727.0,,304710.0,51.72
2015-01-07,-60081.0,22169.0,,286455.0,51.68
2015-01-08,-4352.0,138.0,,289552.0,51.68
2015-01-09,-14057.0,9579.0,,186248.0,51.67
2015-01-12,-39807.0,2218.0,,166508.0,51.64
2015-01-13,-7143.0,-21377.0,,245868.0,51.64
2015-01-14,-7252.0,7616.0,,286645.0,51.64
2015-01-15,-71170.0,7790.0,,282078.0,51.59
2015-01-16,-57041.0,-14849.0,,271370.0,51.55
2015-01-19,-3515.0,26066.0,,133459.0,51.55
2015-01-20,21231.0,58613.0,,265561.0,51.56
2015-01-21,-8784.0,23431.0,,332253.0,51.55
2015-01-22,-103632.0,60612.0,,359154.0,51.48
2015-01-23,-40536.0,-1602.0,,257175.0,51.46
2015-01-26,-47832.0,-2976.0,,203070.0,51.42
2015-01-27,15097.0,23205.0,,199144.0,51.43
2015-01-28,-11061.0,5465.0,,216630.0,51.42
2015-01-29,-54017.0,51780.0,,274045.0,51.39
2015-01-30,-24649.0,28450.0,,322200.0,51.37
2015-02-02,8593.0,-8146.0,,210420.0,51.37
2015-02-03,-695.0,3811.0,,113088.0,51.37
2015-02-04,-21241.0,13506.0,,186578.0,51.36
2015-02-05,8995.0,-12112.0,,135408.0,51.36
2015-02-06,11922.0,-5524.0,,160101.0,51.37
2015-02-09,12693.0,30314.0,,173870.0,51.38
2015-02-10,2532.0,9741.0,,130387.0,51.38
2015-02-11,-18080.0,-5730.0,,199476.0,51.37
2015-02-12,-25105.0,4246.0,,214964.0,51.35
2015-02-13,2449.0,6549.0,,130458.0,51.35
2015-02-16,10451.0,3581.0,,124530.0,51.36
2015-02-17,293.0,10258.0,,114900.0,51.36
2015-02-23,-10918.0,12768.0,,306036.0,51.35
2015-02-24,-12158.0,14424.0,,217265.0,51.35
2015-02-25,15283.0,-10465.0,,167485.0,51.37
2015-02-26,13932.0,-13513.0,,163583.0,51.38
2015-02-27,2332.0,-3645.0,,260188.0,51.38
2015-03-02,56676.0,45099.0,,436112.0,51.42
2015-03-03,-377.0,-1195.0,,274976.0,51.43
2015-03-04,18289.0,-5244.0,,232062.0,51.45
2015-03-05,-5421.0,8650.0,,192312.0,51.44
2015-03-06,34475.0,806.0,,234670.0,51.47
2015-03-09,-30831.0,25994.0,,156292.0,51.45
2015-03-10,14086.0,-6030.0,,208397.0,51.47
2015-03-11,88572.0,-21168.0,,422173.0,51.53
2015-03-12,-4365.0,-18809.0,,383064.0,51.52
2015-03-13,14656.0,4751.0,,188262.0,51.54
2015-03-16,19139.0,-6807.0,,179491.0,51.55
2015-03-17,68040.0,26750.0,,273223.0,51.6
2015-03-18,33096.0,10311.0,,249287.0,51.62
2015-03-19,-20454.0,2865.0,,264516.0,51.61
2015-03-20,-27823.0,20802.0,,254099.0,51.59
2015-03-23,-26510.0,15493.0,,162458.0,51.58
2015-03-24,-24958.0,28085.0,,182263.0,51.56
2015-03-25,6442.0,7628.0,,187381.0,51.55
2015-03-26,-179562.0,111598.0,,420119.0,51.43
2015-03-27,-55243.0,40385.0,,321316.0,51.39
2015-03-30,-9577.0,7665.0,,179110.0,51.4
2015-03-31,22764.0,-14004.0,,196853.0,51.4
2015-04-01,-12179.0,12677.0,,145321.0,51.4
2015-04-02,-5418.0,6300.0,,138068.0,51.4
2015-04-03,-28469.0,30290.0,,125403.0,51.38
2015-04-06,15370.0,22373.0,,211652.0,51.39
2015-04-07,223.0,4056.0,,190521.0,51.39
2015-04-08,-827.0,12891.0,,155468.0,51.39
2015-04-09,20145.0,-10635.0,,182151.0,51.4
2015-04-10,15830.0,195.0,,199202.0,51.42
2015-04-13,16951.0,-31693.0,,205866.0,51.43
2015-04-14,34918.0,-38848.0,,188595.0,51.45
2015-04-15,15813.0,-59459.0,,271021.0,51.48
2015-04-16,68798.0,-42244.0,,215247.0,51.53
2015-04-17,14620.0,-37094.0,,203446.0,51.53
2015-04-20,35440.0,-80652.0,,247898.0,51.55
2015-04-21,77374.0,-72442.0,,237053.0,51.6
2015-04-22,76636.0,-34211.0,,253111.0,51.65
2015-04-23,34118.0,-47843.0,,184903.0,51.67
2015-04-24,51471.0,-148562.0,,381798.0,51.7
2015-04-27,-20541.0,-53220.0,,330343.0,51.68
2015-04-28,-57198.0,-26154.0,,313946.0,51.65
2015-04-29,13384.0,-2643.0,,217913.0,51.65
2015-04-30,49878.0,-131.0,,367057.0,51.67
2015-05-04,4062.0,-203.0,,165674.0,51.67
2015-05-06,-51030.0,-25684.0,,265410.0,51.63
2015-05-07,-10003.0,7601.0,,205148.0,51.62
2015-05-08,-31089.0,-24167.0,,189762.0,51.59
2015-05-11,10770.0,-13302.0,,192809.0,51.61
2015-05-12,-9416.0,-15949.0,,212664.0,51.62
2015-05-13,3074.0,-24591.0,,197545.0,51.62
2015-05-14,9881.0,-7636.0,,169770.0,51.63
2015-05-15,6796.0,-37310.0,,178447.0,51.64
2015-05-18,-9364.0,12243.0,,192537.0,51.63
2015-05-19,23088.0,-4817.0,,173618.0,51.66
2015-05-20,50688.0,5435.0,,205829.0,51.7
2015-05-21,25033.0,-28050.0,,144212.0,51.73
2015-05-22,-9959.0,2280.0,,163916.0,51.72
2015-05-26,10971.0,-96.0,,200683.0,51.73
2015-05-27,-26364.0,-37080.0,,345309.0,51.71
2015-05-28,11432.0,-39096.0,,300963.0,51.72
2015-05-29,-5335.0,-24047.0,,347615.0,51.71
2015-06-01,188.0,-29319.0,,218439.0,51.71
2015-06-02,23943.0,-11590.0,,175151.0,51.73
2015-06-03,-10790.0,-27604.0,,235388.0,51.72
2015-06-04,117812.0,-30553.0,,388239.0,51.82
2015-06-05,4933.0,14964.0,,196563.0,51.82
2015-06-08,-36423.0,23424.0,,202379.0,51.8
2015-06-09,-65321.0,1220.0,,274705.0,51.76
2015-06-10,-61999.0,19813.0,,250034.0,51.72
2015-06-11,-31656.0,-19411.0,,306281.0,51.71
2015-06-12,33881.0,-11117.0,,234830.0,51.73
2015-06-15,25186.0,-14794.0,,161356.0,51.76
2015-06-16,-38965.0,24763.0,,255352.0,51.74
2015-06-17,12764.0,-13759.0,,189046.0,51.75
2015-06-18,-17281.0,30252.0,,164952.0,51.74
2015-06-19,-36045.0,41475.0,,141895.0,51.71
2015-06-22,24192.0,-7583.0,,127418.0,51.74
2015-06-23,76662.0,-15278.0,,203180.0,51.79
2015-06-24,28441.0,-37783.0,,203960.0,51.81
2015-06-25,4233.0,-37464.0,,213916.0,51.81
2015-06-26,48076.0,-41499.0,,206950.0,51.84
2015-06-29,4284.0,577.0,,230399.0,51.81
2015-06-30,-129.0,-9949.0,,197407.0,51.8
2015-07-01,47184.0,-18898.0,,166498.0,51.84
2015-07-02,21359.0,-15830.0,,164460.0,51.86
2015-07-03,1948.0,-28656.0,,142604.0,51.86
2015-07-06,-78508.0,5535.0,,201999.0,51.8
2015-07-07,-16286.0,12869.0,,249565.0,51.79
2015-07-08,-15207.0,13719.0,,235619.0,51.78
2015-07-09,-4501.0,25886.0,,280610.0,51.78
2015-07-10,-5208.0,3664.0,,191468.0,51.77
2015-07-13,-1906.0,11461.0,,153441.0,51.77
2015-07-14,-32966.0,-62540.0,,399794.0,51.77
2015-07-15,3208.0,-3071.0,,167413.0,51.77
2015-07-16,39502.0,19549.0,,223469.0,51.8
2015-07-17,44635.0,38928.0,,297233.0,51.82
2015-07-20,-846.0,-3719.0,,128928.0,51.82
2015-07-21,-32183.0,8470.0,,194055.0,51.8
2015-07-22,-27367.0,-11538.0,,268323.0,51.79
2015-07-23,-79580.0,35884.0,,208965.0,51.76
2015-07-24,-38027.0,6308.0,,196584.0,51.73
2015-07-27,-6152.0,-2159.0,,243040.0,51.7
2015-07-28,-14497.0,28626.0,,267627.0,51.69
2015-07-29,1252.0,32044.0,,274689.0,51.7
2015-07-30,-99697.0,14372.0,,308392.0,51.65
2015-07-31,-53679.0,-35294.0,,391589.0,51.6
2015-08-03,-5518.0,-10119.0,,196891.0,51.6
2015-08-04,-6197.0,-7209.0,,256887.0,51.6
2015-08-05,-11561.0,-34487.0,,256050.0,51.59
2015-08-06,-53266.0,-32060.0,,403981.0,51.55
2015-08-07,71641.0,-46559.0,,275742.0,51.6
2015-08-10,27204.0,-11108.0,,114450.0,51.62
2015-08-11,60590.0,-32323.0,,233286.0,51.64
2015-08-12,-59859.0,64970.0,,223080.0,51.6
2015-08-13,-25989.0,1930.0,,150411.0,51.58
2015-08-17,-78998.0,16611.0,,227217.0,51.52
2015-08-18,36598.0,4274.0,,231672.0,51.54
2015-08-19,133161.0,-72031.0,,401415.0,51.63
2015-08-20,-39686.0,12638.0,,216119.0,51.6
2015-08-21,-140717.0,118086.0,,408851.0,51.5
2015-08-24,-128568.0,65262.0,,448592.0,51.41
2015-08-25,-85358.0,-6420.0,,392519.0,51.34
2015-08-26,-218287.0,109785.0,,558952.0,51.18
2015-08-27,-128484.0,53848.0,,495388.0,51.11
2015-08-28,-60433.0,22881.0,,462223.0,51.05
2015-08-31,14293.0,-3031.0,,408309.0,51.06
2015-09-01,46850.0,-43365.0,,240372.0,51.1
2015-09-02,16048.0,16322.0,,312683.0,51.12
2015-09-03,33128.0,3871.0,,305142.0,51.15
2015-09-04,35109.0,3545.0,,251734.0,51.17
2015-09-07,-50212.0,45058.0,,191805.0,51.12
2015-09-08,937.0,11736.0,,182330.0,51.12
2015-09-09,-69061.0,86089.0,,259376.0,51.07
2015-09-10,-100005.0,84930.0,,362568.0,51.01
2015-09-11,-21270.0,-8037.0,,204167.0,51.0
2015-09-14,-3973.0,8489.0,,167073.0,51.0
2015-09-15,-55861.0,55661.0,,232956.0,50.97
2015-09-16,-20407.0,81108.0,,343763.0,50.95
2015-09-17,-29385.0,44289.0,,273960.0,50.93
2015-09-18,45268.0,4324.0,,436270.0,50.97
2015-09-21,-61607.0,4231.0,,205359.0,50.93
2015-09-22,-77619.0,50332.0,,250675.0,50.88
2015-09-23,-50567.0,38901.0,,197649.0,50.84
2015-09-24,-37026.0,26678.0,,132721.0,50.81
2015-09-25,-72389.0,31876.0,,209160.0,50.76
2015-09-30,18827.0,-9764.0,,458936.0,50.77
2015-10-01,-9104.0,17593.0,,241041.0,50.76
2015-10-02,-67293.0,42374.0,,274302.0,50.71
2015-10-05,-54196.0,31358.0,,241935.0,50.67
2015-10-06,-24206.0,66222.0,,382987.0,50.65
2015-10-07,157379.0,71101.0,,799502.0,50.77
2015-10-08,148799.0,-31562.0,,570677.0,50.87
2015-10-12,-4948.0,35608.0,,378974.0,50.85
2015-10-13,-30951.0,44575.0,,198000.0,50.83
2015-10-14,-32186.0,40007.0,,175051.0,50.81
2015-10-15,-37518.0,68773.0,,248503.0,50.79
2015-10-16,-33251.0,36789.0,,143968.0,50.74
2015-10-19,-16878.0,22897.0,,117070.0,50.73
2015-10-20,-15861.0,31683.0,,150347.0,50.7
2015-10-21,-8517.0,29005.0,,139567.0,50.69
2015-10-22,-55258.0,72575.0,,230673.0,50.66
2015-10-23,-38637.0,64502.0,,263071.0,50.63
2015-10-26,-3995.0,12465.0,,152165.0,50.63
2015-10-27,-9059.0,27307.0,,132241.0,50.61
2015-10-28,-78593.0,93269.0,,271303.0,50.56
2015-10-29,91270.0,-27899.0,,630471.0,50.62
2015-10-30,74186.0,-7318.0,,509385.0,50.67
2015-11-02,54436.0,-63461.0,,386546.0,50.7
2015-11-03,-50546.0,-6260.0,,301840.0,50.67
2015-11-04,-23069.0,-41284.0,,281070.0,50.66
2015-11-05,16730.0,-25632.0,,173042.0,50.67
2015-11-06,-36192.0,-11890.0,,164322.0,50.65
2015-11-09,-11013.0,-24134.0,,185661.0,50.64
2015-11-10,-27901.0,-22405.0,,197551.0,50.62
2015-11-11,-28235.0,2336.0,,140449.0,50.61
2015-11-12,-61028.0,-11375.0,,157417.0,50.57
2015-11-13,-37775.0,-8006.0,,177677.0,50.55
2015-11-16,-50985.0,5002.0,,275705.0,50.51
2015-11-17,-12701.0,-14793.0,,186184.0,50.5
2015-11-18,-3128.0,-23615.0,,167735.0,50.51
2015-11-19,-65059.0,-1711.0,,192850.0,50.46
2015-11-20,-70488.0,3829.0,,168720.0,50.41
2015-11-23,-62465.0,11356.0,,198820.0,50.37
2015-11-24,-43113.0,27314.0,,159560.0,50.35
2015-11-25,-66776.0,20768.0,,142627.0,50.31
2015-11-26,-14502.0,4305.0,,185800.0,50.31
2015-11-27,-50365.0,-22200.0,,169854.0,50.27
2015-11-30,-152802.0,70479.0,,534006.0,50.16
2015-12-01,7447.0,-11289.0,,252113.0,50.25
2015-12-02,-78701.0,-9599.0,,229628.0,50.11
2015-12-03,-38653.0,-25388.0,,166695.0,50.08
2015-12-04,-70799.0,-7996.0,,192711.0,50.03
2015-12-07,-66590.0,1660.0,,196107.0,49.99
2015-12-08,-31606.0,-10516.0,,138322.0,49.96
2015-12-09,-76314.0,26390.0,,181812.0,49.91
2015-12-10,-88962.0,38849.0,,303867.0,49.85
2015-12-11,-68850.0,16871.0,,206729.0,49.8
2015-12-14,-99243.0,56117.0,,222801.0,49.72
2015-12-15,-78625.0,40350.0,,175494.0,49.65
2015-12-16,-43687.0,67639.0,,207962.0,49.62
2015-12-17,-65405.0,24315.0,,174677.0,49.58
2015-12-18,-28554.0,-3913.0,,168369.0,49.56
2015-12-21,-35358.0,-106.0,,160466.0,49.5
2015-12-22,-13235.0,1910.0,,206192.0,49.49
2015-12-23,-43176.0,49468.0,,207148.0,49.46
2015-12-24,-40190.0,53403.0,,156151.0,49.42
2015-12-28,-5837.0,11088.0,,227230.0,49.43
2015-12-29,-47556.0,-38733.0,,232944.0,49.39
2015-12-30,2897.0,-44324.0,,203958.0,49.39
2016-01-04,-61655.0,-56273.0,,306939.0,49.35
2016-01-05,-27043.0,-14965.0,,216002.0,49.34
2016-01-06,-68178.0,-21984.0,,366752.0,49.32
2016-01-07,-53073.0,-13307.0,,282388.0,49.28
2016-01-08,-47691.0,15806.0,,257763.0,49.26
2016-01-11,-67701.0,27198.0,,241277.0,49.19
2016-01-12,-39560.0,-11452.0,,206283.0,49.15
2016-01-13,-12917.0,8410.0,,143316.0,49.14
2016-01-14,-32151.0,16442.0,,209022.0,49.12
2016-01-15,-9286.0,1349.0,,209464.0,49.11
2016-01-18,-40871.0,31433.0,,320214.0,49.07
2016-01-19,45898.0,-19997.0,,207242.0,49.1
2016-01-20,-26302.0,7863.0,,167052.0,49.07
2016-01-21,-55986.0,51690.0,,190352.0,49.01
2016-01-22,-19500.0,40537.0,,147528.0,49.0
2016-01-25,-40220.0,30938.0,,159913.0,48.97
2016-01-26,-18621.0,2030.0,,152399.0,48.98
2016-01-27,-26608.0,38118.0,,276237.0,48.98
2016-01-28,27060.0,-81545.0,,315912.0,48.99
2016-01-29,-26836.0,-18445.0,,436983.0,49.73
2016-02-01,55615.0,-60256.0,,259979.0,49.75
2016-02-02,1252.0,-27279.0,,166348.0,49.75
2016-02-03,-11520.0,-31740.0,,174507.0,49.74
2016-02-04,-13733.0,283.0,,247959.0,49.73
2016-02-05,13914.0,-20251.0,,188094.0,49.74
2016-02-11,-71947.0,6897.0,,305262.0,49.69
2016-02-12,-55730.0,38415.0,,256232.0,49.66
2016-02-15,-16662.0,4316.0,,183146.0,49.64
2016-02-16,-6617.0,-15244.0,,180401.0,49.64
2016-02-17,-18875.0,4489.0,,246062.0,49.63
2016-02-18,-61324.0,15128.0,,222481.0,49.59
2016-02-19,-15725.0,-27990.0,,176852.0,49.57
2016-02-22,-23232.0,-33032.0,,174899.0,49.57
2016-02-23,-16487.0,-27469.0,,147674.0,49.55
2016-02-24,-35372.0,-17166.0,,140484.0,49.53
2016-02-25,-35200.0,-3914.0,,133635.0,49.51
2016-02-26,-11062.0,-40950.0,,177344.0,49.51
2016-02-29,26956.0,-58728.0,,288680.0,49.53
2016-03-02,20457.0,-27888.0,,236372.0,49.54
2016-03-03,40828.0,-56337.0,,218991.0,49.57
2016-03-04,-1529.0,-23861.0,,201490.0,49.58
2016-03-07,3388.0,-27940.0,,131376.0,49.58
2016-03-08,-55043.0,-2878.0,,216202.0,49.54
2016-03-09,-19000.0,-27235.0,,183380.0,49.52
2016-03-10,114788.0,-91633.0,,283540.0,49.6
2016-03-11,17809.0,-13934.0,,267225.0,49.61
2016-03-14,-7280.0,12669.0,,217154.0,49.61
2016-03-15,-36557.0,3231.0,,172808.0,49.58
2016-03-16,-28231.0,11642.0,,146856.0,49.56
2016-03-17,38711.0,-32050.0,,246869.0,49.59
2016-03-18,40303.0,-61756.0,,225314.0,49.61
2016-03-21,-4871.0,-42185.0,,181170.0,49.61
2016-03-22,-5416.0,-33847.0,,202872.0,49.6
2016-03-23,-2838.0,-20508.0,,197418.0,49.61
2016-03-24,-3590.0,-13079.0,,218795.0,49.61
2016-03-25,-4144.0,-10881.0,,143446.0,49.61
2016-03-28,-9643.0,-8671.0,,121218.0,49.6
2016-03-29,-17798.0,-11583.0,,172454.0,49.6
2016-03-30,-28929.0,14729.0,,267605.0,49.57
2016-03-31,-25924.0,-418.0,,382615.0,49.55
2016-04-01,-75133.0,28806.0,,271156.0,49.49
2016-04-04,17521.0,-51871.0,,188046.0,49.51
2016-04-05,-87304.0,5737.0,,236319.0,49.45
2016-04-06,34761.0,-80078.0,,184234.0,49.48
2016-04-07,25612.0,-94424.0,,258795.0,49.49
2016-04-08,7386.0,-79127.0,,251868.0,49.51
2016-04-11,16147.0,-49258.0,,120693.0,49.52
2016-04-12,4857.0,-34041.0,,134054.0,49.53
2016-04-14,12135.0,5270.0,,335327.0,49.54
2016-04-15,-6639.0,14201.0,,136599.0,49.53
2016-04-18,14834.0,-10756.0,,128474.0,49.54
2016-04-19,-10965.0,8333.0,,144766.0,49.56
2016-04-20,45182.0,-31817.0,,171972.0,49.6
2016-04-21,7427.0,-532.0,,145089.0,49.6
2016-04-22,21132.0,-25240.0,,114830.0,49.61
2016-04-25,28358.0,-29665.0,,91957.0,49.62
2016-04-26,24361.0,264.0,,166901.0,49.64
2016-04-27,-4948.0,10773.0,,165946.0,49.63
2016-04-28,-43936.0,-2426.0,,293069.0,49.59
2016-04-29,18469.0,-73543.0,,325078.0,49.68
2016-05-02,17252.0,-45201.0,,140552.0,50.41
2016-05-03,35072.0,-41326.0,,158066.0,50.44
2016-05-04,66757.0,-49212.0,,294055.0,50.49
2016-05-09,-8090.0,24099.0,,312894.0,50.48
2016-05-10,-9551.0,-4791.0,,171191.0,50.48
2016-05-11,35689.0,-50082.0,,176688.0,50.5
2016-05-12,-8205.0,-25405.0,,152302.0,50.49
2016-05-13,-45098.0,-22033.0,,245698.0,50.46
2016-05-16,-46755.0,888.0,,234403.0,50.43
2016-05-17,29152.0,-32869.0,,183671.0,50.46
2016-05-18,13794.0,-33194.0,,183392.0,50.47
2016-05-19,-12625.0,-2823.0,,200249.0,50.46
2016-05-20,-24987.0,7557.0,,159211.0,50.45
2016-05-23,14538.0,-14358.0,,162251.0,50.45
2016-05-24,-15420.0,-13980.0,,208692.0,50.45
2016-05-25,11334.0,18616.0,,237255.0,50.46
2016-05-26,21242.0,3383.0,,253073.0,50.47
2016-05-27,-9087.0,-17480.0,,274891.0,50.46
2016-05-30,27160.0,-52929.0,,206307.0,50.48
2016-05-31,-144847.0,103009.0,,1250554.0,50.37
2016-06-01,58509.0,64706.0,,470080.0,50.41
2016-06-02,93566.0,-27180.0,,476139.0,50.47
2016-06-03,-12137.0,42518.0,,341324.0,50.46
2016-06-07,25756.0,17899.0,,462843.0,50.48
2016-06-08,56720.0,-45042.0,,376162.0,50.52
2016-06-09,129007.0,-79011.0,,515375.0,50.61
2016-06-10,-38260.0,24870.0,,289681.0,50.59
2016-06-13,-978.0,-22256.0,,304966.0,50.6
2016-06-14,38342.0,-64531.0,,245461.0,50.66
2016-06-15,14367.0,-19954.0,,306689.0,50.67
2016-06-16,39538.0,-60444.0,,292431.0,50.7
2016-06-17,-4359.0,18039.0,,328394.0,50.68
2016-06-20,-16295.0,14268.0,,270316.0,50.65
2016-06-21,-18400.0,19419.0,,200411.0,50.63
2016-06-22,-37248.0,24339.0,,178965.0,50.59
2016-06-23,-64943.0,45215.0,,225126.0,50.54
2016-06-24,-83092.0,51081.0,,411052.0,50.48
2016-06-27,-92132.0,81995.0,,236780.0,50.42
2016-06-28,-74084.0,39661.0,,214379.0,50.37
2016-06-29,-12088.0,-17617.0,,210541.0,50.35
2016-06-30,29951.0,-50938.0,,273434.0,50.37
2016-07-01,44933.0,2510.0,,287872.0,50.4
2016-07-04,-34632.0,13335.0,,159900.0,50.38
2016-07-05,-11778.0,-6786.0,,157407.0,50.39
2016-07-06,-89955.0,35502.0,,334983.0,50.34
2016-07-07,56573.0,-53361.0,,229904.0,50.39
2016-07-08,57335.0,-43580.0,,269963.0,50.43
2016-07-11,6719.0,42446.0,,281136.0,50.44
2016-07-12,-185.0,-5541.0,,220494.0,50.44
2016-07-13,73366.0,-75583.0,,200198.0,50.49
2016-07-14,101947.0,-55831.0,,248605.0,50.56
2016-07-15,68199.0,-10860.0,,232463.0,50.61
2016-07-18,54323.0,-25267.0,,231344.0,50.65
2016-07-19,99248.0,-89007.0,,202445.0,50.72
2016-07-20,39653.0,-26025.0,,155463.0,50.75
2016-07-21,-9032.0,17549.0,,170894.0,50.74
2016-07-22,-46945.0,47243.0,,171703.0,50.71
2016-07-25,-1243.0,-879.0,,154650.0,50.7
2016-07-26,4290.0,4989.0,,144570.0,50.7
2016-07-27,6518.0,-6457.0,,126701.0,50.72
2016-07-28,12569.0,-26567.0,,190074.0,50.74
2016-07-29,51974.0,-33320.0,,299712.0,51.23
2016-08-01,10845.0,-11277.0,,230308.0,51.25
2016-08-02,-13184.0,-16029.0,,166316.0,51.23
2016-08-03,-19497.0,-9634.0,,150098.0,51.22
2016-08-04,-12690.0,-12261.0,,140199.0,51.22
2016-08-05,-403.0,4484.0,,139177.0,51.22
2016-08-08,-36663.0,17102.0,,222503.0,51.21
2016-08-09,-28024.0,15005.0,,180464.0,51.19
2016-08-10,-44023.0,8451.0,,246807.0,51.16
2016-08-11,-51722.0,34298.0,,210672.0,51.12
2016-08-12,-53503.0,32983.0,,209497.0,51.09
2016-08-16,-29515.0,31229.0,,216862.0,51.07
2016-08-17,-34422.0,15717.0,,148929.0,51.04
2016-08-18,44472.0,5017.0,,366541.0,51.08
2016-08-19,-20764.0,-33443.0,,336103.0,51.07
2016-08-22,-79748.0,14792.0,,252244.0,51.01
2016-08-23,-29575.0,-38126.0,,230914.0,50.99
2016-08-24,-92126.0,16170.0,,318771.0,50.93
2016-08-25,-109448.0,63814.0,,283476.0,50.85
2016-08-26,-68463.0,55423.0,,241160.0,50.8
2016-08-29,4561.0,3465.0,,178515.0,50.8
2016-08-30,-25427.0,35677.0,,156992.0,50.79
2016-08-31,-47421.0,47566.0,,410644.0,50.75
2016-09-01,-79785.0,41051.0,,375803.0,50.7
2016-09-02,27461.0,-21328.0,,163060.0,50.72
2016-09-05,23826.0,-13374.0,,167676.0,50.74
2016-09-06,34502.0,-31832.0,,153203.0,50.76
2016-09-07,-15825.0,17939.0,,191837.0,50.75
2016-09-08,31601.0,-25669.0,,241417.0,50.76
2016-09-09,-48259.0,-2940.0,,265168.0,50.73
2016-09-12,-20052.0,-48218.0,,529987.0,50.71
2016-09-13,112280.0,-125388.0,,494345.0,50.79
2016-09-19,7415.0,-67547.0,,448163.0,50.8
2016-09-20,36321.0,-96002.0,,258423.0,50.83
2016-09-21,-825.0,-62304.0,,210181.0,50.82
2016-09-22,-8924.0,-35328.0,,228599.0,50.81
2016-09-23,-88559.0,10808.0,,365993.0,50.76
2016-09-26,-29525.0,-46519.0,,290496.0,50.74
2016-09-27,-33918.0,32428.0,,196688.0,50.72
2016-09-28,-4298.0,3719.0,,174128.0,50.72
2016-09-29,14546.0,1066.0,,227951.0,50.72
2016-09-30,-18011.0,17639.0,,235254.0,50.71
2016-10-04,-1239.0,3027.0,,261062.0,50.71
2016-10-05,-11897.0,10568.0,,249409.0,50.74
2016-10-06,5137.0,35060.0,,591163.0,50.71
2016-10-07,46126.0,-31914.0,,521011.0,50.74
2016-10-10,-16370.0,30651.0,,505866.0,51.08
2016-10-11,-198970.0,123044.0,,768543.0,50.93
2016-10-12,-296489.0,211944.0,,781771.0,50.73
2016-10-13,78015.0,-73242.0,,437291.0,50.78
2016-10-14,18469.0,-9323.0,,283179.0,50.8
2016-10-17,48778.0,-36691.0,,255704.0,50.83
2016-10-18,-11216.0,11213.0,,207690.0,50.83
2016-10-19,80577.0,-30573.0,,308891.0,50.89
2016-10-20,26753.0,4960.0,,206609.0,50.9
2016-10-21,-33831.0,33440.0,,209550.0,50.88
2016-10-24,-6520.0,32325.0,,185799.0,50.88
2016-10-25,-3137.0,31466.0,,197322.0,50.88
2016-10-26,-32721.0,24592.0,,210680.0,50.86
2016-10-27,-12254.0,28212.0,,282340.0,50.84
2016-10-28,51033.0,-10235.0,,204284.0,50.88
2016-10-31,25103.0,21521.0,,241344.0,50.89
2016-11-01,26254.0,28761.0,,206948.0,50.91
2016-11-02,-16667.0,32389.0,,201985.0,50.9
2016-11-03,-51256.0,45341.0,,206837.0,50.86
2016-11-04,-7632.0,11073.0,,142077.0,50.85
2016-11-07,-12214.0,26354.0,,153238.0,50.86
2016-11-08,11660.0,-7820.0,,108349.0,50.86
2016-11-09,-66546.0,63154.0,,313672.0,50.81
2016-11-10,-10790.0,42405.0,,235907.0,50.81
2016-11-11,-99366.0,66026.0,,256736.0,50.73
2016-11-14,-116893.0,68968.0,,302666.0,50.64
2016-11-15,-73312.0,17247.0,,273314.0,50.6
2016-11-16,-1056.0,-18200.0,,266164.0,50.6
2016-11-17,23241.0,-23216.0,,157411.0,50.62
2016-11-18,34910.0,-23059.0,,189215.0,50.64
2016-11-21,12446.0,4200.0,,163604.0,50.65
2016-11-22,41259.0,7949.0,,195022.0,50.68
2016-11-23,33609.0,652.0,,253372.0,50.71
2016-11-24,-21980.0,32848.0,,155143.0,50.69
2016-11-25,-4384.0,6745.0,,125538.0,50.69
2016-11-28,53326.0,-32819.0,,265881.0,50.72
2016-11-29,114907.0,-83591.0,,361626.0,50.81
2016-11-30,121999.0,-61940.0,,570704.0,50.89
2016-12-01,28147.0,-28365.0,,310707.0,50.91
2016-12-02,-6045.0,1443.0,,307059.0,50.9
2016-12-05,-1916.0,-2450.0,,169692.0,50.89
2016-12-06,-9152.0,35507.0,,280036.0,50.85
2016-12-07,45591.0,-37226.0,,192073.0,50.88
2016-12-08,-75287.0,91759.0,,329251.0,50.82
2016-12-09,-7313.0,1905.0,,213049.0,50.81
2016-12-12,-6334.0,-5998.0,,228289.0,50.81
2016-12-13,19749.0,-18650.0,,233689.0,50.81
2016-12-14,21633.0,-16844.0,,149102.0,50.83
2016-12-15,-21377.0,14286.0,,115471.0,50.79
2016-12-16,41366.0,-13794.0,,234954.0,50.76
2016-12-19,982.0,-3577.0,,108716.0,50.75
2016-12-20,3355.0,3947.0,,152304.0,50.75
2016-12-21,-7477.0,3301.0,,131042.0,50.75
2016-12-22,-4806.0,9626.0,,127092.0,50.74
2016-12-23,-36106.0,30377.0,,166697.0,50.71
2016-12-26,14549.0,20201.0,,96472.0,50.73
2016-12-27,-1586.0,28382.0,,93069.0,50.72
2016-12-28,30143.0,-62220.0,,133258.0,50.76
2016-12-29,27137.0,-48134.0,,150329.0,50.76
2017-01-02,812.0,-13221.0,,93012.0,50.77
2017-01-03,16552.0,-27429.0,,147153.0,50.79
2017-01-04,852.0,-27924.0,,159435.0,50.82
2017-01-05,-43729.0,1212.0,,219349.0,50.78
2017-01-06,23768.0,-17659.0,,177619.0,50.81
2017-01-09,86787.0,-71020.0,,263898.0,50.87
2017-01-10,9809.0,-13474.0,,181996.0,50.87
2017-01-11,10012.0,2219.0,,240363.0,50.89
2017-01-12,-22601.0,28321.0,,233383.0,50.87
2017-01-13,-96862.0,58453.0,,319089.0,50.8
2017-01-16,-106941.0,56126.0,,332230.0,50.73
2017-01-17,-14489.0,16434.0,,163014.0,50.72
2017-01-18,-24287.0,16320.0,,177508.0,50.72
2017-01-19,9271.0,-41349.0,,188378.0,50.73
2017-01-20,-35837.0,22752.0,,183700.0,50.71
2017-01-23,8121.0,689.0,,176208.0,50.69
2017-01-24,-22284.0,24778.0,,220975.0,50.69
2017-01-25,39845.0,-33118.0,,268677.0,50.69
2017-01-26,18539.0,-33561.0,,304290.0,50.71
2017-01-31,-46450.0,16427.0,,359844.0,50.69
2017-02-01,-28466.0,-3693.0,,283008.0,50.67
2017-02-02,-641.0,-20041.0,,300586.0,50.72
2017-02-03,-12249.0,-6802.0,,207727.0,50.7
2017-02-06,-17889.0,-1430.0,,177214.0,50.69
2017-02-07,-47779.0,13470.0,,280836.0,50.65
2017-02-08,-67882.0,26840.0,,341859.0,50.61
2017-02-09,-8139.0,-24845.0,,273883.0,50.62
2017-02-10,-24285.0,7321.0,,220415.0,50.59
2017-02-13,-37340.0,18476.0,,222041.0,50.57
2017-02-14,-38508.0,17311.0,,262483.0,50.53
2017-02-15,-11128.0,-17832.0,,283831.0,50.52
2017-02-16,33402.0,-41326.0,,204527.0,50.54
2017-02-17,-18395.0,11053.0,,307549.0,50.53
2017-02-20,24260.0,-32501.0,,149716.0,50.55
2017-02-21,-9689.0,12059.0,,211252.0,50.54
2017-02-22,29105.0,-43927.0,,170789.0,50.55
2017-02-23,-15645.0,-4549.0,,204346.0,50.54
2017-02-24,-46389.0,4657.0,,185937.0,50.51
2017-02-27,-53864.0,30235.0,,180674.0,50.48
2017-02-28,1797.0,-21589.0,,301774.0,50.47
2017-03-02,161957.0,-115342.0,,424996.0,50.59
2017-03-03,5030.0,-15898.0,,254174.0,50.59
2017-03-06,72495.0,-52897.0,,244697.0,50.64
2017-03-07,-19610.0,10917.0,,211065.0,50.63
2017-03-08,33787.0,-54996.0,,242819.0,50.66
2017-03-09,53923.0,-73644.0,,287445.0,50.69
2017-03-10,-4535.0,-26887.0,,204556.0,50.7
2017-03-13,3774.0,-17299.0,,148482.0,50.7
2017-03-14,26617.0,-43675.0,,226501.0,50.72
2017-03-15,-45384.0,7438.0,,191757.0,50.69
2017-03-16,-27908.0,5866.0,,198663.0,50.67
2017-03-17,-15513.0,-11605.0,,252046.0,50.65
2017-03-20,-60008.0,21570.0,,205001.0,50.64
2017-03-21,7339.0,-27208.0,,284403.0,50.63
2017-03-22,-65038.0,24575.0,,328545.0,50.58
2017-03-23,-47628.0,-6644.0,,307942.0,50.56
2017-03-24,-49387.0,14875.0,,256163.0,50.52
2017-03-27,-28185.0,-3409.0,,243553.0,50.53
2017-03-28,-17306.0,-10633.0,,164325.0,50.46
2017-03-29,-35395.0,7183.0,,201865.0,50.45
2017-03-30,-1407.0,-27341.0,,164080.0,50.38
2017-03-31,-48854.0,-547.0,,210006.0,50.33
2017-04-03,-37489.0,13850.0,,191588.0,50.3
2017-04-04,15683.0,-18839.0,,245110.0,50.33
2017-04-05,-9172.0,-12345.0,,213994.0,50.33
2017-04-06,-19378.0,-14454.0,,193668.0,50.32
2017-04-07,-39094.0,932.0,,200420.0,50.31
2017-04-10,-11261.0,3809.0,,142827.0,50.3
2017-04-11,-22723.0,25625.0,,143458.0,50.29
2017-04-12,15967.0,-7375.0,,165498.0,50.31
2017-04-13,-9863.0,37651.0,,180816.0,50.3
2017-04-14,-12187.0,2676.0,,109257.0,50.29
2017-04-17,-41123.0,11018.0,,104495.0,50.26
2017-04-18,-1860.0,-7030.0,,137213.0,50.26
2017-04-19,-48625.0,18405.0,,235258.0,50.24
2017-04-20,-123991.0,58703.0,,422977.0,50.17
2017-04-21,6693.0,-1348.0,,302610.0,50.53
2017-04-24,1016.0,6967.0,,179803.0,50.54
2017-04-25,140304.0,-69553.0,,385992.0,50.64
2017-04-26,-21691.0,28909.0,,295896.0,50.62
2017-04-27,25936.0,3164.0,,460645.0,50.65
2017-04-28,46653.0,-68460.0,,453714.0,50.67
2017-05-02,-23528.0,-13206.0,,281366.0,50.66
2017-05-04,41323.0,-70771.0,,273802.0,50.68
2017-05-08,38193.0,-44748.0,,391651.0,50.7
2017-05-10,-102744.0,47714.0,,468219.0,50.62
2017-05-11,-95837.0,52400.0,,425557.0,50.55
2017-05-12,5635.0,-11019.0,,188458.0,50.55
2017-05-15,7346.0,-10330.0,,160028.0,50.55
2017-05-16,-11830.0,-3038.0,,176075.0,50.54
2017-05-17,3394.0,-29745.0,,148489.0,50.54
2017-05-18,5376.0,-38598.0,,223207.0,50.55
2017-05-19,-72230.0,-51933.0,,315247.0,50.49
2017-05-22,51902.0,-118253.0,,352871.0,50.53
2017-05-23,-33188.0,5113.0,,252141.0,53.98
2017-05-24,-2124.0,-29020.0,,173508.0,53.97
2017-05-25,30741.0,-26174.0,,260896.0,53.99
2017-05-26,14185.0,-15931.0,,272273.0,54.0
2017-05-29,-12663.0,-17719.0,,174791.0,53.98
2017-05-30,-18505.0,-71448.0,,248672.0,53.97
2017-05-31,-83849.0,36426.0,,373382.0,53.91
2017-06-01,2587.0,-27511.0,,195070.0,53.91
2017-06-02,102540.0,-46734.0,,249775.0,53.98
2017-06-05,38664.0,-35819.0,,151988.0,54.01
2017-06-07,-14997.0,-20080.0,,274588.0,54.0
2017-06-08,-11424.0,-31181.0,,279575.0,53.99
2017-06-09,41106.0,1649.0,,234657.0,54.02
2017-06-12,-3586.0,-56623.0,,219086.0,54.01
2017-06-13,-45595.0,19201.0,,172498.0,53.97
2017-06-14,7160.0,-18669.0,,203334.0,53.97
2017-06-15,51014.0,-57474.0,,193140.0,54.01
2017-06-16,-47317.0,40629.0,,348069.0,53.97
2017-06-19,52800.0,-6314.0,,226078.0,54.01
2017-06-20,133016.0,-78092.0,,300900.0,54.11
2017-06-21,-14138.0,-17297.0,,199473.0,54.1
2017-06-22,-6672.0,-10008.0,,229116.0,54.09
2017-06-23,-40232.0,2603.0,,190302.0,54.04
2017-06-26,-1815.0,-12312.0,,171056.0,54.04
2017-06-27,6989.0,-39330.0,,192335.0,54.01
2017-06-28,-37269.0,110.0,,191450.0,53.98
2017-06-29,-4419.0,-4156.0,,166131.0,53.95
2017-06-30,-8259.0,-35512.0,,237551.0,53.94
2017-07-03,-16361.0,-21323.0,,136111.0,53.93
2017-07-04,-55553.0,13859.0,,159220.0,53.89
2017-07-05,-23935.0,-773.0,,212805.0,53.88
2017-07-06,28070.0,-36612.0,,218461.0,53.92
2017-07-07,-30574.0,17756.0,,162638.0,53.89
2017-07-10,15477.0,5313.0,,215855.0,53.9
2017-07-11,-5382.0,-2977.0,,194356.0,53.9
2017-07-12,33848.0,-41683.0,,189723.0,53.93
2017-07-13,9455.0,-26577.0,,320683.0,53.93
2017-07-14,-13396.0,-4306.0,,164780.0,53.91
2017-07-17,-13204.0,-948.0,,179522.0,53.9
2017-07-18,-18527.0,7491.0,,141689.0,53.89
2017-07-19,-23919.0,4830.0,,223150.0,53.87
2017-07-20,-6839.0,671.0,,167352.0,53.87
2017-07-21,-25337.0,3022.0,,168981.0,53.85
2017-07-24,-40423.0,22039.0,,141995.0,53.82
2017-07-25,-52904.0,16732.0,,216212.0,53.78
2017-07-26,-55786.0,42406.0,,224496.0,53.74
2017-07-27,-77328.0,37558.0,,228990.0,53.69
2017-07-28,-130390.0,9859.0,,523366.0,53.59
2017-07-31,-47093.0,36901.0,,254028.0,53.55
2017-08-01,1914.0,-28493.0,,227390.0,53.55
2017-08-02,10485.0,-16126.0,,155549.0,53.93
2017-08-03,-36216.0,-14230.0,,310816.0,53.92
2017-08-04,-5997.0,-7213.0,,167184.0,53.91
2017-08-07,6048.0,-20995.0,,144365.0,53.92
2017-08-08,-7378.0,-14442.0,,159592.0,53.91
2017-08-09,-94075.0,52858.0,,291108.0,53.84
2017-08-10,-101550.0,63861.0,,459723.0,53.77
2017-08-11,-168725.0,117741.0,,508146.0,53.64
2017-08-14,-121617.0,77312.0,,383712.0,53.54
2017-08-16,-53760.0,44554.0,,438273.0,53.5
2017-08-17,11911.0,-6314.0,,248317.0,53.52
2017-08-18,-9024.0,2845.0,,209559.0,53.51
2017-08-21,-12382.0,804.0,,102069.0,53.46
2017-08-22,-20371.0,18086.0,,147635.0,53.44
2017-08-23,34012.0,-36227.0,,187694.0,53.47
2017-08-24,-17619.0,11150.0,,173149.0,53.45
2017-08-25,-19416.0,6201.0,,224871.0,53.43
2017-08-28,-13989.0,40.0,,199242.0,53.41
2017-08-29,-28467.0,-170.0,,252473.0,53.39
2017-08-30,-19685.0,6406.0,,150260.0,53.38
2017-08-31,4254.0,-15293.0,,220234.0,53.37
2017-09-01,23978.0,-26519.0,,212834.0,53.38
2017-09-04,1743.0,21946.0,,158870.0,53.37
2017-09-05,-25840.0,28990.0,,234322.0,53.35
2017-09-06,-47020.0,47625.0,,216221.0,53.32
2017-09-07,-6002.0,32497.0,,193530.0,53.31
2017-09-08,7135.0,12290.0,,217860.0,53.31
2017-09-11,-26860.0,45652.0,,207495.0,53.28
2017-09-12,-29674.0,13129.0,,240595.0,53.25
2017-09-13,-3220.0,4272.0,,187140.0,53.25
2017-09-14,30228.0,-20044.0,,284095.0,53.27
2017-09-15,4189.0,9326.0,,215146.0,53.27
2017-09-18,62134.0,-11624.0,,230499.0,53.32
2017-09-19,-1814.0,-10477.0,,197008.0,53.31
2017-09-20,-20482.0,7612.0,,185855.0,53.3
2017-09-21,28083.0,-21290.0,,176796.0,53.32
2017-09-22,33965.0,-41160.0,,278448.0,53.34
2017-09-25,13287.0,-10117.0,,186062.0,53.35
2017-09-26,-82530.0,33688.0,,341144.0,53.24
2017-09-27,-1096.0,-22991.0,,215940.0,53.23
2017-09-28,-7836.0,-29406.0,,240509.0,53.23
2017-09-29,-36856.0,-21127.0,,258188.0,53.13
2017-10-10,94976.0,-62872.0,,410396.0,53.22
2017-10-11,66715.0,-43432.0,,273043.0,53.36
2017-10-12,13164.0,-20408.0,,277814.0,53.36
2017-10-13,-13865.0,2342.0,,252033.0,53.36
2017-10-16,-10134.0,-12678.0,,195399.0,53.36
2017-10-17,33963.0,-35696.0,,212156.0,53.39
2017-10-18,8953.0,-23873.0,,202215.0,53.4
2017-10-19,-18907.0,-46270.0,,242174.0,53.38
2017-10-20,25209.0,-39735.0,,160541.0,53.41
2017-10-23,30851.0,-63065.0,,166221.0,53.44
2017-10-24,-10387.0,1353.0,,116121.0,53.43
2017-10-25,19431.0,-30973.0,,117657.0,53.44
2017-10-26,-4986.0,-40186.0,,195531.0,53.44
2017-10-27,859.0,-11000.0,,147850.0,53.42
2017-10-30,43874.0,-35978.0,,163923.0,53.44
2017-10-31,50706.0,-10706.0,,267631.0,53.48
2017-11-01,21693.0,4729.0,,290205.0,53.5
2017-11-02,9138.0,-25583.0,,214421.0,53.49
2017-11-03,-70648.0,29961.0,,198716.0,53.71
2017-11-06,14271.0,-38364.0,,180019.0,53.72
2017-11-07,6348.0,-20515.0,,149291.0,53.71
2017-11-08,5787.0,-6578.0,,170404.0,53.71
2017-11-09,-19086.0,-13713.0,,239881.0,53.69
2017-11-10,-12111.0,5305.0,,134976.0,53.67
2017-11-13,9178.0,-9979.0,,176133.0,53.68
2017-11-14,-41058.0,20736.0,,134500.0,53.64
2017-11-15,-34614.0,21029.0,,176339.0,53.61
2017-11-16,15537.0,-20211.0,,152814.0,53.62
2017-11-17,66427.0,-59497.0,,214663.0,53.66
2017-11-20,-9744.0,-44004.0,,189455.0,53.65
2017-11-21,-17311.0,6802.0,,206494.0,53.63
2017-11-22,-3549.0,13834.0,,159059.0,53.6
2017-11-23,-18993.0,-12954.0,,125458.0,53.57
2017-11-24,-16356.0,8811.0,,90724.0,53.54
2017-11-27,-123265.0,-22991.0,,362578.0,53.45
2017-11-28,-36215.0,14361.0,,269988.0,53.43
2017-11-29,-53882.0,14344.0,,191805.0,53.37
2017-11-30,-134468.0,28136.0,,592683.0,53.25
2017-12-01,-56063.0,18504.0,,257372.0,53.21
2017-12-04,-22247.0,-9169.0,,297301.0,53.19
2017-12-05,-23054.0,2452.0,,186531.0,53.17
2017-12-06,-75923.0,19677.0,,217784.0,53.11
2017-12-07,-46235.0,56082.0,,221312.0,53.05
2017-12-08,29105.0,3585.0,,225809.0,53.07
2017-12-11,-44688.0,27791.0,,162517.0,53.01
2017-12-12,16171.0,-9084.0,,175301.0,53.02
2017-12-13,-80474.0,48101.0,,226674.0,52.95
2017-12-14,45605.0,-52981.0,,406208.0,52.99
2017-12-15,-53516.0,24083.0,,298571.0,52.95
2017-12-18,-18166.0,29824.0,,147005.0,52.91
2017-12-19,-14521.0,53078.0,,239572.0,52.9
2017-12-20,-63195.0,56649.0,,201611.0,52.84
2017-12-21,-66267.0,34789.0,,312486.0,52.78
2017-12-22,26989.0,39951.0,,223993.0,52.79
2017-12-26,625.0,98170.0,,320797.0,52.75
2017-12-27,-29900.0,-39076.0,,214872.0,52.74
2017-12-28,7744.0,4516.0,,179709.0,52.74
2018-01-02,-18277.0,-23405.0,,169485.0,52.75
2018-01-03,45631.0,-47563.0,,200270.0,52.81
2018-01-04,26595.0,-39755.0,,233909.0,52.82
2018-01-05,9466.0,5786.0,,189623.0,52.83
2018-01-08,9203.0,-17940.0,,167673.0,52.84
2018-01-09,-83929.0,7382.0,,360272.0,52.77
2018-01-10,-105734.0,-33519.0,,371336.0,52.69
2018-01-11,-85239.0,-26527.0,,502476.0,52.65
2018-01-12,-179411.0,38089.0,,545409.0,52.51
2018-01-15,10355.0,-5601.0,,201920.0,52.52
2018-01-16,32220.0,4638.0,,407793.0,52.55
2018-01-17,5507.0,-21757.0,,221061.0,52.57
2018-01-18,14760.0,10972.0,,296977.0,52.58
2018-01-19,-23679.0,-6822.0,,184399.0,52.56
2018-01-22,-46553.0,-24259.0,,250418.0,52.51
2018-01-23,4087.0,3436.0,,270654.0,52.51
2018-01-24,-20869.0,32072.0,,191010.0,52.48
2018-01-25,14037.0,22022.0,,223207.0,52.49
2018-01-26,22726.0,13355.0,,207002.0,52.5
2018-01-29,8625.0,17821.0,,236776.0,52.5
2018-01-30,-40796.0,-25054.0,,245691.0,52.45
2018-01-31,-238905.0,-44110.0,,1293626.0,52.26
2018-02-01,-86152.0,-44733.0,,552189.0,52.19
2018-02-02,-176899.0,-59806.0,,585207.0,52.06
2018-02-05,-131716.0,4487.0,,567158.0,51.95
2018-02-06,-31937.0,7216.0,,388129.0,51.91
2018-02-07,-36419.0,-96851.0,,468961.0,51.87
2018-02-08,35136.0,-66975.0,,465021.0,52.19
2018-02-09,-34554.0,-26515.0,,349300.0,52.15
2018-02-12,21708.0,-11380.0,,315099.0,52.18
2018-02-13,63226.0,6708.0,,378465.0,52.23
2018-02-14,53313.0,21977.0,,378118.0,52.27
2018-02-19,-22607.0,4878.0,,307069.0,52.25
2018-02-20,-9735.0,-25979.0,,202452.0,52.23
2018-02-21,-36460.0,763.0,,257604.0,52.22
2018-02-22,-6648.0,-33880.0,,177399.0,52.22
2018-02-23,-16811.0,19805.0,,248466.0,52.2
2018-02-26,-25747.0,15787.0,,191213.0,52.18
2018-02-27,-17327.0,19051.0,,196611.0,52.17
2018-02-28,23896.0,-23794.0,,303247.0,52.18
2018-03-02,-55089.0,-38665.0,,265310.0,52.12
2018-03-05,-38953.0,-22258.0,,282019.0,52.09
2018-03-06,13592.0,28096.0,,308467.0,52.11
2018-03-07,118557.0,4836.0,,428541.0,52.2
2018-03-08,27713.0,-4050.0,,389273.0,52.23
2018-03-09,32081.0,21956.0,,286088.0,52.25
2018-03-12,13849.0,-24208.0,,173779.0,52.26
2018-03-13,146025.0,-9934.0,,401974.0,52.37
2018-03-14,11095.0,-11048.0,,254265.0,52.38
2018-03-15,2604.0,-5767.0,,177649.0,52.39
2018-03-16,11701.0,-30911.0,,243698.0,52.41
2018-03-19,-15688.0,3491.0,,164377.0,52.4
2018-03-20,-12799.0,14018.0,,163865.0,52.39
2018-03-21,-25638.0,20929.0,,178104.0,52.38
2018-03-22,16459.0,15458.0,,169082.0,52.39
2018-03-23,-40899.0,-39138.0,,297099.0,52.36
2018-03-26,-23866.0,3594.0,,201155.0,52.35
2018-03-27,-5153.0,-22541.0,,237480.0,52.34
2018-03-28,-41466.0,-37456.0,,303189.0,52.31
2018-03-29,-25465.0,9898.0,,201340.0,52.28
2018-03-30,-32767.0,17369.0,,155542.0,52.25
2018-04-02,-38107.0,-13986.0,,142313.0,52.23
2018-04-03,-44019.0,-21168.0,,255365.0,52.22
2018-04-04,-55456.0,-50960.0,,247684.0,52.19
2018-04-05,-6432.0,60054.0,,264912.0,52.17
2018-04-06,-47044.0,7672.0,,250654.0,52.16
2018-04-09,-13850.0,34172.0,,199008.0,52.15
2018-04-10,-21422.0,1509.0,,219687.0,52.13
2018-04-11,13222.0,-20162.0,,201022.0,52.14
2018-04-12,31421.0,-39821.0,,249325.0,52.17
2018-04-13,44665.0,-3094.0,,205566.0,52.2
2018-04-16,12666.0,14368.0,,157549.0,52.22
2018-04-17,-27209.0,3784.0,,155440.0,52.2
2018-04-18,67500.0,10672.0,,269252.0,52.25
2018-04-19,77525.0,-13120.0,,343811.0,52.32
2018-04-20,-73992.0,26050.0,,235220.0,52.27
2018-04-23,-38626.0,14013.0,,232380.0,52.24
2018-04-24,-100924.0,-2788.0,,315406.0,52.17
2018-04-25,-168536.0,11595.0,,332292.0,52.07
2018-04-26,-5869.0,-21191.0,,360931.0,52.1
2018-04-27,-44573.0,-74209.0,,606216.0,52.06
2018-04-30,0.0,0.0,,0.0,52.06
2018-05-02,0.0,0.0,,0.0,52.06
2018-05-03,0.0,0.0,,0.0,0.0
2018-05-04,-990380.0,-11260560.0,,39565391.0,52.79
2018-05-08,1948180.0,-1049663.0,,23104720.0,52.81
2018-05-09,-2129139.0,-1198028.0,,16128305.0,52.78
2018-05-10,-634707.0,224160.0,,13905263.0,52.77
2018-05-11,555985.0,-495810.0,,10314997.0,52.77
2018-05-14,-2084288.0,-990390.0,,14909272.0,52.74
2018-05-15,-1238302.0,-1856711.0,,18709146.0,52.72
2018-05-16,1553895.0,1329444.0,,15918683.0,52.74
2018-05-17,-2343038.0,751607.0,,10365440.0,52.7
2018-05-18,-523787.0,112622.0,,6706570.0,52.69
2018-05-21,220157.0,356815.0,,9020998.0,52.69
2018-05-23,842392.0,532182.0,,17095490.0,52.7
2018-05-24,92470.0,-1620133.0,,8289275.0,52.69
2018-05-25,4140597.0,743664.0,,15207266.0,52.76
2018-05-28,58783.0,310922.0,,9787820.0,52.76
2018-05-29,-326976.0,-1278312.0,,8480437.0,52.75
2018-05-30,-4637841.0,-3692779.0,,20498098.0,52.68
2018-05-31,23125906.0,-23615581.0,,63491109.0,53.03
2018-06-01,2317688.0,-540644.0,,13038499.0,53.05
2018-06-04,1072222.0,-439052.0,,9767171.0,53.07
2018-06-05,1105542.0,-962124.0,,9144100.0,53.09
2018-06-07,-820223.0,-913940.0,,13590016.0,53.07
2018-06-08,-1785645.0,-5642790.0,,16951706.0,53.04
2018-06-11,-1594563.0,706218.0,,10571312.0,53.01
2018-06-12,-1604842.0,-606408.0,,12110569.0,52.99
2018-06-14,-6719009.0,990562.0,,20971729.0,52.89
2018-06-15,-5036521.0,1424010.0,,17080892.0,52.8
2018-06-18,-4090062.0,2764748.0,,16661870.0,52.75
2018-06-19,-703011.0,1060321.0,,15217971.0,52.73
2018-06-20,-1353851.0,224445.0,,12959316.0,52.7
2018-06-21,-158941.0,-1251387.0,,10015541.0,52.7
2018-06-22,-599093.0,-392974.0,,10298006.0,52.69
2018-06-25,-1084804.0,-46631.0,,10587711.0,52.66
2018-06-26,-1388701.0,2042042.0,,11223166.0,52.65
2018-06-27,2018184.0,-486406.0,,15274752.0,52.69
2018-06-28,-3125396.0,764241.0,,12784800.0,52.62
2018-06-29,378321.0,-1372038.0,,14099635.0,52.62
2018-07-02,-1222147.0,-386802.0,,13112253.0,52.58
2018-07-03,843533.0,-47120.0,,10959655.0,52.6
2018-07-04,273382.0,-100029.0,,8776763.0,52.61
2018-07-05,-1285935.0,541984.0,,7039773.0,52.58
2018-07-06,-4835653.0,-247459.0,,17843706.0,52.5
2018-07-09,-416436.0,1297075.0,,11602464.0,52.48
2018-07-10,971166.0,-566603.0,,10528665.0,52.5
2018-07-11,643384.0,-1072892.0,,11224077.0,52.5
2018-07-12,-270318.0,-455559.0,,11828104.0,52.49
2018-07-13,307103.0,501088.0,,11543389.0,52.49
2018-07-16,-794589.0,-612802.0,,7678719.0,52.48
2018-07-17,-1026690.0,467924.0,,8892953.0,52.46
2018-07-18,1883509.0,-634474.0,,10952645.0,52.48
2018-07-19,699782.0,821452.0,,9880128.0,52.49
2018-07-20,1224170.0,1060173.0,,10474547.0,52.51
2018-07-23,-994261.0,1377689.0,,10823782.0,52.5
2018-07-24,-878112.0,1228055.0,,8261363.0,52.48
2018-07-25,-1180788.0,1527920.0,,7222471.0,52.46
2018-07-26,1016576.0,305422.0,,7374946.0,52.48
2018-07-27,-369525.0,570916.0,,4762460.0,52.48
2018-07-30,164534.0,-979604.0,,5723035.0,52.49
2018-07-31,-1126644.0,393799.0,,8033607.0,52.47
2018-08-01,936816.0,-548766.0,,7484499.0,52.48
2018-08-02,-328841.0,-2068770.0,,8560924.0,52.48
2018-08-03,11234.0,-954176.0,,8274944.0,52.48
2018-08-06,1672034.0,-781180.0,,6771979.0,52.5
2018-08-07,2228139.0,-1043219.0,,9058174.0,52.53
2018-08-08,1241456.0,-909721.0,,6429338.0,52.55
2018-08-09,-2091391.0,2295371.0,,12010886.0,52.52
2018-08-10,-1431944.0,-4204792.0,,16670643.0,52.49
2018-08-13,-599853.0,368891.0,,9803831.0,52.49
2018-08-14,179482.0,265249.0,,6409259.0,52.49
2018-08-16,-1818245.0,180682.0,,10088229.0,52.46
2018-08-17,438155.0,-1510599.0,,6808747.0,52.47
2018-08-20,-1252675.0,215106.0,,7289124.0,52.44
2018-08-21,-180011.0,656100.0,,9520270.0,52.43
2018-08-22,3560257.0,-1506140.0,,11641656.0,52.49
2018-08-23,776446.0,-480485.0,,6730918.0,52.51
2018-08-24,758413.0,-378222.0,,6582535.0,52.52
2018-08-27,918349.0,-430297.0,,5263782.0,52.53
2018-08-28,1045640.0,-303513.0,,7365976.0,52.54
2018-08-29,1408571.0,-239143.0,,5572374.0,52.56
2018-08-30,4921662.0,-1490979.0,,12193231.0,52.64
2018-08-31,3260762.0,-247271.0,,13577454.0,52.69
2018-09-03,-1743886.0,591037.0,,8595084.0,52.66
2018-09-04,471720.0,-491897.0,,6791255.0,52.67
2018-09-05,-4285.0,-1188043.0,,9139998.0,52.66
2018-09-06,-1323041.0,259891.0,,9040553.0,52.65
2018-09-07,-7851172.0,1883941.0,,18285508.0,52.54
2018-09-10,1722047.0,-1461569.0,,9979838.0,52.57
2018-09-11,-274373.0,-187125.0,,9865790.0,52.56
2018-09-12,-3536267.0,1280568.0,,12995269.0,52.5
2018-09-13,-6920733.0,2873555.0,,18277942.0,52.37
2018-09-14,2664372.0,576335.0,,12446344.0,52.41
2018-09-17,662372.0,-1901413.0,,8123384.0,52.42
2018-09-18,1049858.0,-152329.0,,9987090.0,52.44
2018-09-19,2209793.0,-382583.0,,9367454.0,52.47
2018-09-20,4985810.0,-310031.0,,13536966.0,52.54
2018-09-21,750621.0,25911.0,,14476906.0,52.55
2018-09-27,1999353.0,-1257388.0,,15804586.0,52.6
2018-09-28,-1516311.0,919626.0,,11270515.0,52.57
2018-10-01,408373.0,-809728.0,,6354983.0,52.58
2018-10-02,-139788.0,-449070.0,,6607188.0,52.58
2018-10-04,-4352320.0,1339527.0,,11865327.0,52.51
2018-10-05,-2413596.0,417896.0,,10544165.0,52.47
2018-10-08,-95512.0,258139.0,,6759464.0,52.46
2018-10-10,364380.0,805478.0,,10341349.0,52.47
2018-10-11,-6176156.0,2127126.0,,19324537.0,52.38
2018-10-12,1374889.0,-583657.0,,12640906.0,52.4
2018-10-15,576482.0,-1460858.0,,7434522.0,52.43
2018-10-16,121061.0,-695783.0,,6825677.0,52.44
2018-10-17,506006.0,78141.0,,8306193.0,52.45
2018-10-18,1557560.0,-1360534.0,,8347725.0,52.48
2018-10-19,-1276343.0,577241.0,,7842520.0,52.46
2018-10-22,-622926.0,249017.0,,8357648.0,52.45
2018-10-23,-1301358.0,-155788.0,,9531231.0,52.43
2018-10-24,-3415103.0,4017269.0,,13522825.0,52.38
2018-10-25,-6611442.0,5246328.0,,19338170.0,52.28
2018-10-26,-1795517.0,1510898.0,,14413864.0,52.25
2018-10-29,-1816559.0,4359252.0,,14460521.0,52.22
2018-10-30,-1329575.0,2678505.0,,14205190.0,52.2
2018-10-31,773530.0,-2462736.0,,17621480.0,52.21
2018-11-01,1484142.0,-2058884.0,,13423132.0,52.24
2018-11-02,3340682.0,-978915.0,,16517112.0,52.29
2018-11-05,1779397.0,-1996695.0,,9426777.0,52.32
2018-11-06,347487.0,-435917.0,,7713625.0,52.32
2018-11-07,585933.0,1320324.0,,11553998.0,52.33
2018-11-08,1286809.0,-735490.0,,12617397.0,52.35
2018-11-09,894138.0,-695425.0,,7318500.0,52.37
2018-11-12,1854847.0,1058406.0,,8552566.0,52.4
2018-11-13,-1893007.0,1408316.0,,9311126.0,52.35
2018-11-14,-529836.0,395110.0,,6783344.0,52.33
2018-11-15,-461681.0,633166.0,,5864067.0,52.32
2018-11-16,142397.0,-466955.0,,7777124.0,52.32
2018-11-19,-409196.0,389064.0,,7538720.0,52.3
2018-11-20,-1720198.0,1139396.0,,9420664.0,52.26
2018-11-21,-3010039.0,1732590.0,,10769589.0,52.21
2018-11-22,21487.0,669522.0,,5970796.0,52.19
2018-11-23,382839.0,-555988.0,,5192638.0,52.18
2018-11-26,-1738231.0,2181935.0,,6613009.0,52.14
2018-11-27,1202405.0,-884591.0,,8367091.0,52.15
2018-11-28,-384431.0,717269.0,,6943099.0,52.14
2018-11-29,160668.0,-8314.0,,8473511.0,52.14
2018-11-30,-1728778.0,-1831036.0,,19775519.0,52.11
2018-12-03,3368126.0,-1025629.0,,12110702.0,52.17
2018-12-04,-2244150.0,-1776934.0,,14347746.0,52.12
2018-12-05,-4628028.0,1769825.0,,12631983.0,52.04
2018-12-06,-5221529.0,780991.0,,14251826.0,51.94
2018-12-07,247929.0,-385163.0,,11433083.0,51.93
2018-12-10,-2821211.0,941169.0,,14892263.0,51.85
2018-12-11,376580.0,-606101.0,,10638766.0,51.85
2018-12-12,-1411565.0,626393.0,,12024279.0,55.72
2018-12-13,1121004.0,-3307941.0,,26254646.0,55.73
2018-12-14,-165654.0,-2268536.0,,19671783.0,55.71
2018-12-17,685091.0,1399712.0,,11532968.0,55.7
2018-12-18,-1342333.0,1816691.0,,11042101.0,55.66
2018-12-19,-534585.0,988607.0,,9942037.0,55.63
2018-12-20,-593282.0,306859.0,,11937617.0,55.63
2018-12-21,-2516189.0,2984075.0,,14947080.0,55.56
2018-12-24,1460739.0,1094387.0,,9729530.0,55.57
2018-12-26,921891.0,1166026.0,,12707675.0,55.51
2018-12-27,1669720.0,-3775972.0,,10510643.0,55.54
2018-12-28,2792609.0,-1650812.0,,9900267.0,55.58
2019-01-02,1283805.0,-545197.0,,7847664.0,55.61
2019-01-03,260819.0,-1851235.0,,12471493.0,55.64
2019-01-04,-1518341.0,895904.0,,14108958.0,55.66
2019-01-07,1718976.0,-270253.0,,12748997.0,55.69
2019-01-08,-1257688.0,1334263.0,,12756554.0,55.66
2019-01-09,2939616.0,35641.0,,17452708.0,55.71
2019-01-10,3652964.0,-2554908.0,,14731699.0,55.77
2019-01-11,2374105.0,-626837.0,,11661063.0,55.82
2019-01-14,1553180.0,-2023616.0,,11984996.0,55.85
2019-01-15,1343918.0,736080.0,,11492756.0,55.88
2019-01-16,1390360.0,-478720.0,,8491595.0,55.9
2019-01-17,3115876.0,-834704.0,,11736903.0,55.96
2019-01-18,1427568.0,39044.0,,11029256.0,55.98
2019-01-21,1680550.0,80532.0,,11355701.0,56.01
2019-01-22,362281.0,44175.0,,9964356.0,56.02
2019-01-23,-2143556.0,2379981.0,,11071079.0,55.98
2019-01-24,4866532.0,-2295297.0,,14747623.0,56.08
2019-01-25,8811341.0,-1966229.0,,22789395.0,56.23
2019-01-28,7657126.0,-4322337.0,,17998914.0,56.36
2019-01-29,4048906.0,-2025661.0,,16215017.0,56.42
2019-01-30,4182885.0,-572520.0,,17505980.0,56.49
2019-01-31,5631980.0,-3405576.0,,21621145.0,56.62
2019-02-01,2963332.0,-1177459.0,,13832454.0,56.67
2019-02-07,1399255.0,-1253036.0,,15872001.0,56.69
2019-02-08,-1354012.0,680004.0,,12689196.0,56.64
2019-02-11,466222.0,-46886.0,,11125044.0,56.65
2019-02-12,1882289.0,-343372.0,,13184367.0,56.68
2019-02-13,186403.0,591933.0,,11299738.0,56.68
2019-02-14,3046117.0,977302.0,,17259341.0,56.73
2019-02-15,-1291361.0,-842805.0,,10554643.0,56.71
2019-02-18,-511641.0,506965.0,,8183728.0,56.7
2019-02-19,-618035.0,421849.0,,6741395.0,56.68
2019-02-20,3095474.0,-625260.0,,11506720.0,56.73
2019-02-21,1758001.0,-1524872.0,,8694009.0,56.76
2019-02-22,662882.0,36298.0,,6895772.0,56.76
2019-02-25,1397151.0,-49711.0,,7484716.0,56.79
2019-02-26,587922.0,-1218213.0,,7985547.0,56.81
2019-02-27,98838.0,-12701.0,,8045211.0,56.82
2019-02-28,-1942540.0,110319.0,,23569321.0,56.79
2019-03-04,-2071610.0,1011756.0,,12926539.0,56.75
2019-03-05,-1112224.0,146174.0,,10612405.0,56.73
2019-03-06,461336.0,-764631.0,,10202544.0,56.74
2019-03-07,13465.0,120965.0,,11049749.0,56.76
2019-03-08,-718335.0,208038.0,,7729069.0,56.75
2019-03-11,-1390895.0,1050428.0,,10717408.0,56.73
2019-03-12,1233258.0,1578922.0,,11431977.0,56.78
2019-03-13,-183313.0,-951079.0,,8108343.0,56.78
2019-03-14,-1446083.0,149635.0,,18039161.0,56.77
2019-03-15,-3490145.0,3770225.0,,16814163.0,56.71
2019-03-18,-2879808.0,1360557.0,,8188876.0,56.67
2019-03-19,521480.0,-622476.0,,7609563.0,56.69
2019-03-20,-1068162.0,671932.0,,9846242.0,56.68
2019-03-21,4247614.0,880396.0,,21138016.0,56.76
2019-03-22,2452652.0,-1345620.0,,12535911.0,56.81
2019-03-25,266326.0,-1029563.0,,8699728.0,56.82
2019-03-26,1145230.0,-1332399.0,,9729811.0,56.84
2019-03-27,-529914.0,1031230.0,,9568081.0,56.82
2019-03-28,1055691.0,-864538.0,,6821306.0,56.83
2019-03-29,-999371.0,325024.0,,11491713.0,56.82
2019-04-01,213685.0,383701.0,,7362129.0,56.82
2019-04-02,3070694.0,-1299833.0,,9480688.0,56.88
2019-04-03,1583918.0,1261509.0,,12436570.0,56.95
2019-04-04,2244634.0,1237927.0,,12650168.0,57.0
2019-04-05,925325.0,604594.0,,8546339.0,57.03
2019-04-08,1575248.0,-1100553.0,,8507909.0,57.07
2019-04-09,1249050.0,-728589.0,,6878761.0,57.11
2019-04-10,-741483.0,1104954.0,,11883995.0,57.1
2019-04-11,1775498.0,-2254821.0,,13697399.0,57.13
2019-04-12,1950019.0,-1161347.0,,7668936.0,57.16
2019-04-15,1789968.0,-555950.0,,8733019.0,57.2
2019-04-16,1601847.0,-1007523.0,,7730881.0,57.23
2019-04-17,101830.0,9754.0,,5513658.0,57.25
2019-04-18,-2662612.0,196678.0,,12808747.0,57.2
2019-04-19,-2418583.0,288155.0,,8479710.0,57.16
2019-04-22,725872.0,-734431.0,,6006957.0,57.19
2019-04-23,-189756.0,-530724.0,,6920566.0,57.21
2019-04-24,-258961.0,-2371650.0,,13299267.0,57.24
2019-04-25,-1279891.0,354102.0,,10868965.0,57.22
2019-04-26,465225.0,-743255.0,,9739982.0,57.24
2019-04-29,1111828.0,677291.0,,8777517.0,57.25
2019-04-30,643031.0,-300524.0,,11121273.0,57.32
2019-05-02,-458135.0,211235.0,,8625126.0,57.3
2019-05-03,711554.0,-1733814.0,,6562916.0,57.33
2019-05-07,1518624.0,-2607527.0,,12014907.0,57.3
2019-05-08,-528289.0,-1335229.0,,10398754.0,57.27
2019-05-09,-2128388.0,-3556441.0,,23029718.0,57.25
2019-05-10,-1945660.0,201245.0,,14579512.0,57.21
2019-05-13,707342.0,-1078227.0,,7635079.0,57.2
2019-05-14,-2294241.0,1578351.0,,11563730.0,57.16
2019-05-15,-528930.0,-611398.0,,7670185.0,57.15
2019-05-16,-3501564.0,26318.0,,13687828.0,57.09
2019-05-17,-683714.0,-795588.0,,13357951.0,57.07
2019-05-20,1665790.0,-231513.0,,15752397.0,57.11
2019-05-21,1902780.0,-1096752.0,,18812133.0,57.14
2019-05-22,1762576.0,-1499052.0,,11033339.0,57.17
2019-05-23,3258184.0,-1816229.0,,12259006.0,57.23
2019-05-24,-4019250.0,2395517.0,,13966305.0,57.19
2019-05-27,-1330760.0,939502.0,,8066669.0,57.17
2019-05-28,-4568601.0,3867735.0,,24506881.0,57.09
2019-05-29,-2035059.0,861355.0,,14930618.0,57.05
2019-05-30,1621470.0,-786857.0,,11766018.0,57.12
2019-05-31,442103.0,-619930.0,,11365999.0,57.08
2019-06-03,3257864.0,-1144420.0,,15466580.0,57.12
2019-06-04,-2289810.0,1720050.0,,9913497.0,57.08
2019-06-05,-585330.0,1610751.0,,12464135.0,57.05
2019-06-07,628078.0,627336.0,,11683682.0,57.08
2019-06-10,1261925.0,1122475.0,,8792182.0,57.09
2019-06-11,701231.0,419625.0,,6664872.0,57.1
2019-06-12,-118006.0,361666.0,,8607439.0,57.1
2019-06-13,-229582.0,-473234.0,,16906541.0,57.1
2019-06-14,535922.0,-203691.0,,9322873.0,57.11
2019-06-17,-960773.0,881893.0,,11890424.0,57.09
2019-06-18,615613.0,37652.0,,7994928.0,57.1
2019-06-19,2449633.0,457835.0,,10417690.0,57.14
2019-06-20,185855.0,667690.0,,7147785.0,57.15
2019-06-21,849228.0,-266729.0,,9454913.0,57.16
2019-06-24,-731714.0,1052742.0,,6085066.0,57.14
2019-06-25,372543.0,262689.0,,7076774.0,57.15
2019-06-26,475249.0,438540.0,,9226097.0,57.11
2019-06-27,3889634.0,266089.0,,12603534.0,57.15
2019-06-28,6221972.0,-1937091.0,,12949231.0,57.27
2019-07-01,1765377.0,-76250.0,,11383522.0,57.31
2019-07-02,915373.0,150976.0,,8463073.0,57.35
2019-07-03,140236.0,180539.0,,9669368.0,57.36
2019-07-04,1366697.0,-536391.0,,6365573.0,57.38
2019-07-05,564512.0,-228717.0,,7235395.0,57.38
2019-07-08,645444.0,-167698.0,,7823843.0,57.39
2019-07-09,1597873.0,-410339.0,,7646421.0,57.43
2019-07-10,1834515.0,-357567.0,,9253930.0,57.54
2019-07-11,3933827.0,-1863773.0,,10989751.0,57.61
2019-07-12,1003965.0,-389436.0,,5245804.0,57.65
2019-07-15,962658.0,-158946.0,,4717226.0,57.66
2019-07-16,2557029.0,-415971.0,,7407824.0,57.7
2019-07-17,136021.0,44951.0,,5216602.0,57.71
2019-07-18,1055658.0,-1143041.0,,5143554.0,57.72
2019-07-19,872051.0,1739424.0,,8819393.0,57.74
2019-07-22,3968657.0,-1589294.0,,9009109.0,57.8
2019-07-23,1717936.0,684975.0,,9061381.0,57.82
2019-07-24,741142.0,-1058701.0,,8756522.0,57.84
2019-07-25,3122967.0,-1384305.0,,8408838.0,57.88
2019-07-26,1092693.0,-511171.0,,7873886.0,57.9
2019-07-29,-1330915.0,1613580.0,,6856846.0,57.99
2019-07-30,1454752.0,-980043.0,,5551014.0,58.01
2019-07-31,-1414775.0,835389.0,,12872916.0,57.99
2019-08-01,-919809.0,653331.0,,7811181.0,57.85
2019-08-02,-2151648.0,1896190.0,,12151374.0,57.82
2019-08-05,-4522519.0,4676255.0,,14214086.0,57.76
2019-08-06,-5831664.0,6632830.0,,15083824.0,57.67
2019-08-07,-1775898.0,592639.0,,10002533.0,57.65
2019-08-08,-2127818.0,-898852.0,,16926881.0,57.61
2019-08-09,-665616.0,-1057668.0,,9685147.0,57.6
2019-08-12,-143554.0,-812647.0,,8466169.0,57.6
2019-08-13,-2641614.0,1470933.0,,7276979.0,57.55
2019-08-14,372549.0,-252601.0,,8750135.0,57.56
2019-08-16,-258065.0,539181.0,,9528115.0,57.56
2019-08-19,-1818204.0,1336296.0,,6014218.0,57.52
2019-08-20,1086472.0,-386132.0,,8434205.0,57.51
2019-08-21,-533607.0,689126.0,,6571717.0,57.5
2019-08-22,85848.0,-525680.0,,8061177.0,57.5
2019-08-23,-201243.0,473491.0,,5017381.0,57.49
2019-08-26,-950782.0,709629.0,,7954949.0,57.49
2019-08-27,-955711.0,2383483.0,,16883932.0,57.47
2019-08-28,237248.0,307343.0,,5758333.0,57.47
2019-08-29,-1974762.0,707796.0,,10768862.0,57.44
2019-08-30,-1646283.0,2718144.0,,9899073.0,57.4
2019-09-02,-1598864.0,792815.0,,7185537.0,57.4
2019-09-03,-3556472.0,1186819.0,,9774941.0,57.33
2019-09-04,-3794877.0,3876663.0,,12441837.0,57.27
2019-09-05,2659928.0,1764816.0,,18297430.0,57.3
2019-09-06,2033609.0,-67148.0,,9896562.0,57.33
2019-09-09,2191579.0,-191743.0,,9434157.0,57.37
2019-09-10,1350334.0,433307.0,,9231792.0,57.39
2019-09-11,235925.0,1774160.0,,16141619.0,57.38
2019-09-16,-450212.0,635647.0,,15550926.0,57.36
2019-09-17,-126323.0,-98968.0,,7006280.0,57.36
2019-09-18,2436382.0,53904.0,,10413027.0,57.4
2019-09-19,4937862.0,-1113536.0,,16461413.0,57.48
2019-09-20,361038.0,1786314.0,,15460210.0,57.49
2019-09-23,46910.0,540202.0,,7568553.0,57.5
2019-09-24,-1096888.0,2174363.0,,7871955.0,57.47
2019-09-25,-1368573.0,1498119.0,,9187141.0,57.46
2019-09-26,-119820.0,86986.0,,8494756.0,57.43
2019-09-27,724974.0,-1111879.0,,8048041.0,57.41
2019-09-30,538620.0,-121214.0,,9497119.0,57.42
2019-10-01,-1858924.0,1431272.0,,6206035.0,57.39
2019-10-02,644789.0,-1845220.0,,8382463.0,57.42
2019-10-04,-241566.0,568109.0,,9331695.0,57.42
2019-10-07,-779955.0,464244.0,,7047273.0,57.41
2019-10-08,-195325.0,1861520.0,,14239367.0,57.39
2019-10-10,816287.0,-552280.0,,18639855.0,57.41
2019-10-11,1715120.0,475476.0,,7783275.0,57.44
2019-10-14,1657697.0,1673566.0,,11130635.0,57.46
2019-10-15,303915.0,471561.0,,6058105.0,57.46
2019-10-16,923764.0,784343.0,,9136282.0,57.47
2019-10-17,-142694.0,511280.0,,6701380.0,57.49
2019-10-18,1458522.0,-1851593.0,,8483106.0,57.49
2019-10-21,-67838.0,449500.0,,4406531.0,57.46
2019-10-22,2005563.0,2175308.0,,10898729.0,57.49
2019-10-23,1248412.0,-1144153.0,,8663880.0,57.51
2019-10-24,-1330018.0,903966.0,,21185785.0,57.5
2019-10-25,-626062.0,799881.0,,7879897.0,57.49
2019-10-28,533932.0,853686.0,,6431522.0,57.52
2019-10-29,-943804.0,733952.0,,7581629.0,57.55
2019-10-30,233574.0,-1001770.0,,8959435.0,57.56
2019-10-31,407583.0,625812.0,,10304777.0,57.56
2019-11-01,1508649.0,-960361.0,,8467846.0,57.51
2019-11-04,1367131.0,1908996.0,,13012411.0,57.53
2019-11-05,2373046.0,-872188.0,,10581034.0,57.58
2019-11-06,4215598.0,-2225167.0,,14361133.0,57.64
2019-11-07,-584138.0,218876.0,,9257116.0,57.64
2019-11-08,-1520034.0,298325.0,,11603290.0,57.6
2019-11-11,-461049.0,-148067.0,,8185952.0,57.59
2019-11-12,85032.0,307275.0,,6576148.0,57.59
2019-11-13,770427.0,-1138340.0,,6225196.0,57.6
2019-11-14,-1361835.0,1515686.0,,12010018.0,57.57
2019-11-15,-141956.0,4314078.0,,9703360.0,57.57
2019-11-18,-1175345.0,698517.0,,7746554.0,57.54
2019-11-19,80077.0,-473677.0,,8907177.0,57.55
2019-11-20,-3003593.0,221794.0,,12560070.0,57.52
2019-11-21,-3506509.0,2168946.0,,14298646.0,57.46
2019-11-22,-1885499.0,2037321.0,,8478310.0,57.43
2019-11-25,-2614481.0,2435789.0,,9050625.0,57.39
2019-11-26,-7500389.0,6971446.0,,27372226.0,57.27
2019-11-27,-572707.0,809775.0,,7546261.0,57.27
2019-11-28,-1618217.0,533122.0,,6833885.0,57.24
2019-11-29,-2803838.0,-293759.0,,11179334.0,57.2
2019-12-02,-2824817.0,2406489.0,,18877252.0,57.14
2019-12-03,-3421976.0,1706963.0,,12059812.0,57.08
2019-12-04,-1738109.0,147190.0,,13246549.0,57.04
2019-12-05,-398357.0,-414244.0,,10449715.0,57.01
2019-12-06,-571088.0,1286390.0,,11414563.0,56.99
2019-12-09,753802.0,113143.0,,8470627.0,56.97
2019-12-10,111852.0,824233.0,,6882771.0,56.94
2019-12-11,459897.0,777723.0,,11379521.0,56.94
2019-12-12,5545883.0,1381791.0,,29178697.0,57.02
2019-12-13,5210049.0,2462464.0,,18120261.0,57.1
2019-12-16,-67565.0,2348450.0,,11512405.0,57.09
2019-12-17,6127481.0,-312676.0,,19358433.0,57.12
2019-12-18,1883680.0,-1665838.0,,15558208.0,57.14
2019-12-19,1449423.0,-1060547.0,,14180520.0,57.15
2019-12-20,449011.0,-140870.0,,12095519.0,57.13
2019-12-23,-230124.0,1045950.0,,9839252.0,57.07
2019-12-24,-1012637.0,1390595.0,,11868463.0,57.01
2019-12-26,-1048594.0,2955575.0,,9645034.0,56.89
2019-12-27,-1196402.0,596470.0,,12313056.0,56.86
2019-12-30,-3151941.0,1863761.0,,8356767.0,56.81
2020-01-02,-528398.0,-2354766.0,,12993228.0,56.83
2020-01-03,1120131.0,-2228329.0,,15422255.0,56.85
2020-01-06,777136.0,-1199654.0,,10278951.0,56.89
2020-01-07,-34299.0,51896.0,,10009778.0,56.9
2020-01-08,4259185.0,73413.0,,23501171.0,56.99
2020-01-09,3675893.0,-2302970.0,,24102579.0,57.06
2020-01-10,1627980.0,-2954194.0,,16000170.0,57.08
2020-01-13,1424667.0,-1512823.0,,11359139.0,57.12
2020-01-14,344588.0,-1666086.0,,16906295.0,57.12
2020-01-15,-2974056.0,244147.0,,14300928.0,57.1
2020-01-16,1139412.0,-676031.0,,14381774.0,57.12
2020-01-17,994837.0,-1267549.0,,16025661.0,57.15
2020-01-20,-212757.0,222082.0,,12528855.0,57.16
2020-01-21,-890484.0,-1255045.0,,11142693.0,57.18
2020-01-22,114546.0,1649008.0,,15339565.0,57.19
2020-01-23,-2223737.0,-1906336.0,,14916555.0,57.17
2020-01-28,-5300754.0,1057597.0,,23664541.0,57.09
2020-01-29,473721.0,-2537821.0,,16446102.0,57.16
2020-01-30,-3646798.0,-2262500.0,,20821939.0,57.26
2020-01-31,-3776715.0,1648681.0,,19749457.0,57.19
2020-02-03,-1609483.0,1076953.0,,23995260.0,57.13
2020-02-04,3620548.0,-3797514.0,,21800192.0,57.05
2020-02-05,4061460.0,-4459274.0,,19278165.0,57.12
2020-02-06,769048.0,2483655.0,,14727159.0,57.14
2020-02-07,547286.0,-2436611.0,,16402493.0,57.14
2020-02-10,-1682879.0,-263054.0,,13107121.0,57.1
2020-02-11,-1663830.0,1889247.0,,11071231.0,57.07
2020-02-12,-994857.0,1516828.0,,12904207.0,57.08
2020-02-13,4219418.0,-1916497.0,,18449775.0,57.16
2020-02-14,1973817.0,699682.0,,13276067.0,57.19
2020-02-17,-1180770.0,471048.0,,8740596.0,57.18
2020-02-18,-3821426.0,-2458387.0,,16674266.0,57.14
2020-02-19,-1901332.0,697276.0,,12951496.0,57.11
2020-02-20,-197278.0,-389665.0,,14591924.0,57.11
2020-02-21,793044.0,-2388943.0,,13777393.0,57.14
2020-02-24,-8459218.0,2612960.0,,25627537.0,56.99
2020-02-25,-4857259.0,1389642.0,,23885408.0,56.92
2020-02-26,-7033545.0,505796.0,,25483102.0,56.78
2020-02-27,-2952006.0,-110165.0,,23209541.0,56.72
2020-02-28,-5174455.0,2825029.0,,30054227.0,56.62
2020-03-02,-7020987.0,2215716.0,,30403412.0,56.51
2020-03-03,-2478079.0,-1698368.0,,30330295.0,56.47
2020-03-04,3073745.0,-1047440.0,,24765728.0,56.51
2020-03-05,-2204474.0,-851793.0,,21698990.0,56.47
2020-03-06,-2753904.0,-993225.0,,18716656.0,56.42
2020-03-09,-9919813.0,-148308.0,,30261485.0,56.25
2020-03-10,-6465264.0,3891630.0,,32106554.0,56.14
2020-03-11,-10295773.0,-2842894.0,,45707281.0,55.97
2020-03-12,-9109204.0,3490945.0,,48149999.0,55.82
2020-03-13,-11861153.0,4036953.0,,59462933.0,55.64
2020-03-16,-4370601.0,-3277723.0,,33339821.0,55.66
2020-03-17,-11443299.0,2488584.0,,51218151.0,55.47
2020-03-18,-1144458.0,-5663938.0,,40152623.0,55.47
2020-03-19,-5783992.0,1612440.0,,56925513.0,55.41
2020-03-20,-5129195.0,1669124.0,,49730008.0,55.37
2020-03-23,-8108079.0,-3248991.0,,41701626.0,55.24
2020-03-24,2910962.0,3254324.0,,49801908.0,55.3
2020-03-25,-2720300.0,-1695448.0,,52735922.0,55.19
2020-03-26,552643.0,-3707948.0,,42185129.0,55.15
2020-03-27,-3113042.0,966564.0,,39896178.0,54.93
2020-03-30,-1034196.0,-18826.0,,26797395.0,54.9
2020-03-31,-202651.0,-3001427.0,,30654261.0,54.92
2020-04-01,-2443481.0,-4655042.0,,27259532.0,54.99
2020-04-02,-1507802.0,1345934.0,,21621076.0,54.99
2020-04-03,19262.0,-587916.0,,22784682.0,55.01
2020-04-06,-239898.0,5980825.0,,23395726.0,55.01
2020-04-07,1054712.0,1106192.0,,31524034.0,55.03
2020-04-08,1941690.0,-2911519.0,,25010314.0,55.08
2020-04-09,99211.0,-1336475.0,,22628058.0,55.08
2020-04-10,521564.0,-2431095.0,,17839111.0,55.09
2020-04-13,-335196.0,-2927673.0,,14431800.0,55.07
2020-04-14,480137.0,2641367.0,,14206216.0,55.05
2020-04-16,-1069782.0,322641.0,,23349760.0,55.09
2020-04-17,5138097.0,2323777.0,,32041675.0,55.2
2020-04-20,-1234441.0,-3573780.0,,21866354.0,55.23
2020-04-21,-3786646.0,-1675809.0,,27407543.0,55.2
2020-04-22,784909.0,-2563503.0,,18613864.0,55.23
2020-04-23,-899239.0,704438.0,,18754442.0,55.22
2020-04-24,630634.0,-2717826.0,,15618347.0,55.19
2020-04-27,-290475.0,2250026.0,,14049471.0,55.23
2020-04-28,600986.0,-918536.0,,16095399.0,55.23
2020-04-29,106834.0,389165.0,,15604533.0,55.25
2020-05-04,-5878434.0,-5100257.0,,26083749.0,55.11
2020-05-06,-1670816.0,999598.0,,18070225.0,55.08
2020-05-07,-1425864.0,101232.0,,13884411.0,55.07
2020-05-08,-2231621.0,1042243.0,,15319700.0,55.04
2020-05-11,-1252370.0,-1688512.0,,16357743.0,55.02
2020-05-12,-1981015.0,-3274163.0,,23433590.0,55.03
2020-05-13,-514365.0,-499195.0,,20223277.0,55.03
2020-05-14,-1220221.0,-1274757.0,,19305974.0,55.01
2020-05-15,-2105178.0,1837854.0,,18463118.0,54.98
2020-05-18,1113427.0,1776147.0,,20481981.0,54.97
2020-05-19,1758344.0,5221214.0,,25168295.0,55.0
2020-05-20,188612.0,-135032.0,,14896899.0,55.01
2020-05-21,1904269.0,-2354362.0,,14949266.0,55.05
2020-05-22,-3499461.0,-2867180.0,,19706284.0,54.99
2020-05-25,-2225813.0,223787.0,,14337913.0,54.95
2020-05-26,-845994.0,1661696.0,,15127490.0,54.91
2020-05-27,3026449.0,124198.0,,19548479.0,54.96
2020-05-28,2408502.0,2771160.0,,31309318.0,55.0
2020-05-29,3766973.0,-1892811.0,,27596961.0,55.07
2020-06-01,-57295.0,2097711.0,,16949183.0,55.08
2020-06-02,-322866.0,901384.0,,14247933.0,55.07
2020-06-03,3278717.0,9562698.0,,49257814.0,55.13
2020-06-04,1643679.0,1608999.0,,40220334.0,55.13
2020-06-05,-134565.0,2748553.0,,22743629.0,55.13
2020-06-08,-1632905.0,-1145041.0,,25634965.0,55.1
2020-06-09,1117026.0,-2723503.0,,23998831.0,55.11
2020-06-10,-350281.0,1089492.0,,16742493.0,55.09
2020-06-11,-1607924.0,-6695404.0,,33815123.0,55.06
2020-06-12,-795531.0,-1817006.0,,26976019.0,55.06
2020-06-15,-1540430.0,-3866544.0,,28772921.0,55.04
2020-06-16,-2131239.0,3110321.0,,21808375.0,55.03
2020-06-17,1744249.0,-151661.0,,26672595.0,55.05
2020-06-18,272635.0,-409485.0,,15982926.0,55.06
2020-06-19,1987592.0,-517686.0,,18157985.0,55.09
2020-06-22,-1387201.0,3638.0,,13801350.0,55.07
2020-06-23,-474065.0,-1560716.0,,18086152.0,55.06
2020-06-24,2819196.0,1274576.0,,24519552.0,55.04
2020-06-25,1623049.0,-3830158.0,,18541624.0,54.96
2020-06-26,2267502.0,1444962.0,,21575360.0,54.99
2020-06-29,-537235.0,-884248.0,,17776925.0,54.97
2020-06-30,1620982.0,1240703.0,,21157172.0,55.0
2020-07-01,-1635843.0,427136.0,,16706143.0,55.08
2020-07-02,-86574.0,-470182.0,,14142583.0,55.09
2020-07-03,1618512.0,991665.0,,11887868.0,55.11
2020-07-06,1348701.0,4362954.0,,19856623.0,55.14
2020-07-07,-623031.0,-4064374.0,,30760032.0,55.13
2020-07-08,-216024.0,-1497777.0,,19664652.0,55.14
2020-07-09,1510257.0,-2283249.0,,17054850.0,55.17
2020-07-10,1604528.0,-3596592.0,,13714746.0,55.21
2020-07-13,1082675.0,1102235.0,,12240188.0,55.23
2020-07-14,2295519.0,-1611705.0,,14269484.0,55.27
2020-07-15,5425465.0,2163330.0,,24051450.0,55.36
2020-07-16,-1191462.0,41031.0,,16779127.0,55.34
2020-07-17,1530868.0,361430.0,,10096174.0,55.37
2020-07-20,1136612.0,-1177682.0,,10507530.0,55.39
2020-07-21,5681311.0,1532617.0,,18297260.0,55.48
2020-07-22,-392563.0,-911194.0,,12885057.0,55.48
2020-07-23,-1259895.0,-2749215.0,,16214932.0,55.46
2020-07-24,1401154.0,-1060195.0,,10994535.0,55.5
2020-07-27,6943058.0,1564238.0,,21054421.0,55.62
2020-07-28,15863373.0,214491.0,,48431566.0,55.9
2020-07-29,4765465.0,-1453164.0,,36476611.0,55.98
2020-07-30,1576553.0,-1028015.0,,19285354.0,56.01
2020-07-31,-1308589.0,-2185878.0,,21943345.0,55.99
2020-08-03,-3103280.0,-1592111.0,,21158940.0,55.94
2020-08-04,-1180815.0,-622191.0,,19419694.0,55.92
2020-08-05,-1471992.0,-2880624.0,,17739706.0,55.9
2020-08-06,631464.0,147756.0,,21625874.0,55.91
2020-08-07,1460612.0,-3358271.0,,18751717.0,55.94
2020-08-10,-212117.0,-628631.0,,17774291.0,55.94
2020-08-11,1297904.0,918477.0,,24907912.0,55.95
2020-08-12,223013.0,-52490.0,,18573934.0,55.95
2020-08-13,-1318995.0,225932.0,,22089460.0,55.93
2020-08-14,-1244538.0,640158.0,,15672548.0,55.9
2020-08-18,1250714.0,3604406.0,,25307825.0,55.96
2020-08-19,-554951.0,-798341.0,,16930719.0,55.95
2020-08-20,-392500.0,-5264447.0,,30386029.0,55.94
2020-08-21,1143412.0,-1567729.0,,21142288.0,55.97
2020-08-24,178635.0,-1193461.0,,15055896.0,55.98
2020-08-25,296593.0,-1178636.0,,14021705.0,55.98
2020-08-26,1136944.0,-3231228.0,,17651593.0,56.02
2020-08-27,64804.0,-2848392.0,,16196568.0,56.02
2020-08-28,-2710652.0,428036.0,,14619888.0,55.97
2020-08-31,-9903049.0,-509866.0,,32671367.0,55.79
2020-09-01,-1448022.0,-952340.0,,19363117.0,55.77
2020-09-02,-1216541.0,59529.0,,16905723.0,55.76
2020-09-03,4020456.0,265036.0,,28384920.0,55.82
2020-09-04,-1928603.0,-2508980.0,,22139109.0,55.79
2020-09-07,-78699.0,-897885.0,,18685880.0,55.79
2020-09-08,4570744.0,2888255.0,,31517520.0,55.86
2020-09-09,2285072.0,320935.0,,30597399.0,55.9
2020-09-10,5478053.0,-1455578.0,,29923293.0,56.0
2020-09-11,-637698.0,-1081621.0,,16017098.0,55.99
2020-09-14,1098576.0,1491903.0,,20648281.0,56.01
2020-09-15,4158429.0,-1867006.0,,17877075.0,56.01
2020-09-16,3122403.0,-1703549.0,,17041444.0,56.06
2020-09-17,-2075058.0,-2151034.0,,25108356.0,56.03
2020-09-18,-1899878.0,189886.0,,18884571.0,56.0
2020-09-21,-935134.0,624218.0,,15140387.0,55.98
2020-09-22,-25775.0,-4025177.0,,20830381.0,55.98
2020-09-23,-133299.0,-1784682.0,,20111398.0,56.0
2020-09-24,-1362935.0,-302216.0,,17564020.0,55.98
2020-09-25,-947303.0,-157605.0,,11444683.0,55.92
2020-09-28,-1459613.0,1067096.0,,12614080.0,55.89
2020-09-29,-1550284.0,302067.0,,15503563.0,55.86
2020-10-05,-1002782.0,1590890.0,,20228289.0,55.86
2020-10-06,771572.0,-431413.0,,14463826.0,55.9
2020-10-07,1139557.0,2005178.0,,14861838.0,55.95
2020-10-08,4714391.0,-3336344.0,,24589924.0,56.02
2020-10-12,3189579.0,758916.0,,16145837.0,56.08
2020-10-13,2147384.0,621683.0,,19247631.0,56.11
2020-10-14,1900173.0,-202689.0,,16086716.0,56.13
2020-10-15,-812759.0,-238001.0,,17756232.0,56.09
2020-10-16,-568888.0,122602.0,,16554190.0,56.09
2020-10-19,330611.0,899588.0,,14474985.0,56.1
2020-10-20,4822410.0,1671130.0,,19326115.0,56.18
2020-10-21,1466121.0,-461716.0,,15703443.0,56.21
2020-10-22,-2680809.0,94692.0,,14294095.0,56.16
2020-10-23,-139536.0,-58971.0,,9322232.0,56.16
2020-10-26,825025.0,687782.0,,13268226.0,56.17
2020-10-27,73214.0,-2725238.0,,17260416.0,56.17
2020-10-28,-1306376.0,-2063514.0,,14428882.0,56.15
2020-10-29,-2939823.0,-4546669.0,,22636966.0,56.14
2020-10-30,-6376026.0,-2649034.0,,26907844.0,56.0
2020-11-02,-431825.0,-807123.0,,20489076.0,55.97
2020-11-03,425009.0,1864007.0,,14950919.0,55.97
2020-11-04,-5709462.0,2521227.0,,21718561.0,55.88
2020-11-05,6959763.0,2049526.0,,20639475.0,55.99
2020-11-06,2593578.0,-628196.0,,16910230.0,56.04
2020-11-09,2135327.0,1011967.0,,15892961.0,56.07
2020-11-10,941400.0,-2203636.0,,19073552.0,56.1
2020-11-11,7492641.0,2516456.0,,25628510.0,56.23
2020-11-12,4161710.0,-3535683.0,,19800573.0,56.29
2020-11-13,9247361.0,2560165.0,,31508829.0,56.45
2020-11-16,5659421.0,-404265.0,,36354334.0,56.53
2020-11-17,1449081.0,-1791090.0,,30204089.0,56.56
2020-11-18,-1224245.0,372944.0,,22963790.0,56.54
2020-11-19,-662316.0,-966779.0,,16590290.0,56.53
2020-11-20,-421255.0,-1150454.0,,15068682.0,56.52
2020-11-23,3748671.0,637477.0,,27134398.0,56.6
2020-11-24,2116284.0,-3009197.0,,32158235.0,56.63
2020-11-25,-4415269.0,466158.0,,32447065.0,56.56
2020-11-26,1574835.0,-2276544.0,,19023323.0,56.58
2020-11-27,512919.0,-1440589.0,,14063434.0,56.54
2020-11-30,-12609045.0,1066542.0,,43811016.0,56.33
2020-12-01,-820663.0,1463114.0,,22327173.0,56.31
2020-12-02,2741774.0,-557183.0,,29703942.0,56.36
2020-12-03,478021.0,-2666867.0,,23677989.0,56.37
2020-12-04,2588738.0,-787542.0,,28130533.0,56.41
2020-12-07,275470.0,-2772092.0,,28490496.0,56.41
2020-12-08,-3484911.0,-810198.0,,25000338.0,56.35
2020-12-09,-337743.0,812363.0,,24077996.0,56.34
2020-12-10,-8212701.0,-1190759.0,,39882928.0,56.19
2020-12-11,-2013796.0,22702.0,,18486672.0,56.14
2020-12-14,-129512.0,-2076765.0,,21510415.0,56.13
2020-12-15,-1328934.0,-694761.0,,20863671.0,56.09
2020-12-16,-2135649.0,725675.0,,17512081.0,56.03
2020-12-17,-3532574.0,296221.0,,24293214.0,55.98
2020-12-18,-999493.0,-623279.0,,17613029.0,55.95
2020-12-21,-1942904.0,87322.0,,20367355.0,55.92
2020-12-22,-678023.0,-691490.0,,16304910.0,55.91
2020-12-23,381497.0,1824496.0,,19411326.0,55.92
2020-12-24,149423.0,3706372.0,,32502870.0,55.88
2020-12-28,-2377472.0,2397653.0,,40085044.0,55.82
2020-12-29,-3173143.0,-6166523.0,,30339449.0,55.73
2020-12-30,-322061.0,1204866.0,,29417421.0,55.72
2021-01-04,-4625732.0,-3986032.0,,38655276.0,55.73
2021-01-05,-5193705.0,-2477973.0,,35335669.0,55.68
2021-01-06,-7004876.0,-5326921.0,,42089013.0,55.58
2021-01-07,-2365854.0,2989615.0,,32644642.0,55.53
2021-01-08,7051913.0,-5082378.0,,59013307.0,55.68
2021-01-11,-5466898.0,-13590286.0,,90306177.0,55.59
2021-01-12,-2437514.0,-5885518.0,,48682416.0,55.56
2021-01-13,-2890318.0,-1794818.0,,36068848.0,55.52
2021-01-14,2743307.0,-5859292.0,,26393970.0,55.57
2021-01-15,-2768502.0,-5006115.0,,33431809.0,55.53
2021-01-18,-919501.0,505669.0,,43227951.0,55.51
2021-01-19,939308.0,1139258.0,,39895044.0,55.54
2021-01-20,-1022144.0,-4157919.0,,25211127.0,55.52
2021-01-21,-1856558.0,-712099.0,,25318011.0,55.49
2021-01-22,-3556500.0,-6384793.0,,30861661.0,55.43
2021-01-25,1528409.0,3020462.0,,27258534.0,55.46
2021-01-26,-7891451.0,-8809122.0,,33178936.0,55.33
2021-01-27,-4262308.0,-2782056.0,,26423070.0,55.26
2021-01-28,-6939777.0,-2224634.0,,31859808.0,55.15
2021-01-29,-5127684.0,-39104.0,,39615978.0,55.06
2021-02-01,-2146535.0,522310.0,,28046832.0,55.02
2021-02-02,-57025.0,756444.0,,26302077.0,55.02
2021-02-03,-1305073.0,-3259808.0,,22112205.0,54.99
2021-02-04,-3496928.0,-7315364.0,,24171688.0,54.94
2021-02-05,395434.0,902128.0,,18036835.0,54.93
2021-02-08,-266280.0,1046695.0,,15338765.0,54.91
2021-02-09,-1862821.0,-557102.0,,20898332.0,54.87
2021-02-10,-2804113.0,-4684311.0,,23025766.0,54.82
2021-02-15,3554618.0,-408779.0,,23529706.0,54.88
2021-02-16,2200402.0,-2835039.0,,20483100.0,54.91
2021-02-17,-1715092.0,-5815680.0,,18307735.0,54.88
2021-02-18,-2466664.0,-3574001.0,,21327683.0,54.84
2021-02-19,-4336123.0,-287967.0,,25880879.0,54.77
2021-02-22,1013914.0,-732989.0,,25419886.0,54.79
2021-02-23,-1902124.0,471809.0,,20587314.0,54.76
2021-02-24,1224432.0,1520115.0,,26807651.0,54.78
2021-02-25,8200403.0,4991798.0,,34155986.0,54.92
2021-02-26,-10667761.0,-3327093.0,,38520800.0,54.74
2021-03-02,3554486.0,2546568.0,,33498180.0,54.81
2021-03-03,-2682700.0,1239327.0,,19882132.0,54.77
2021-03-04,-2394769.0,-5713276.0,,24348331.0,54.72
2021-03-05,-1628801.0,-2704878.0,,20508971.0,54.7
2021-03-08,-1157491.0,-1308012.0,,17641256.0,54.68
2021-03-09,-4837112.0,1331198.0,,25420764.0,54.6
2021-03-10,-1570034.0,-1344528.0,,20038422.0,54.57
2021-03-11,5997088.0,-2683587.0,,23818297.0,54.67
2021-03-12,2204169.0,-266468.0,,13530573.0,54.71
2021-03-15,-2462993.0,-2408292.0,,13735798.0,54.66
2021-03-16,1276631.0,1205197.0,,12293537.0,54.68
2021-03-17,602457.0,-1603875.0,,11625146.0,54.7
2021-03-18,2503431.0,668333.0,,18585244.0,54.76
2021-03-19,-1443555.0,-4105950.0,,15869700.0,54.74
2021-03-22,-1084023.0,-463747.0,,12670506.0,54.73
2021-03-23,-281840.0,-1178867.0,,13299907.0,54.71
2021-03-24,-3108504.0,-2501937.0,,17926638.0,54.68
2021-03-25,127541.0,-416975.0,,14758826.0,54.69
2021-03-26,-1896328.0,-366624.0,,12845778.0,54.58
2021-03-29,329522.0,-2417140.0,,14952134.0,54.56
2021-03-30,2069278.0,354768.0,,13121698.0,54.57
2021-03-31,-1639715.0,-1263007.0,,17240518.0,54.54
2021-04-01,3752659.0,571179.0,,18676461.0,54.6
2021-04-02,5927621.0,2812162.0,,22997538.0,54.73
2021-04-05,293090.0,-1475274.0,,16255990.0,54.73
2021-04-06,3218100.0,-2480700.0,,19042023.0,54.8
2021-04-07,1297613.0,-1807298.0,,17885538.0,54.82
2021-04-08,-1199021.0,-3195948.0,,19244259.0,54.83
2021-04-09,-2015358.0,-3150053.0,,18193707.0,54.79
2021-04-12,-818599.0,-2188369.0,,12915282.0,54.78
2021-04-13,917904.0,-422643.0,,15238206.0,54.8
2021-04-14,-606362.0,-5622.0,,13794652.0,54.79
2021-04-15,1366219.0,-1450831.0,,16377412.0,54.81
2021-04-16,-68508.0,-2612523.0,,15429522.0,54.81
2021-04-19,-3137747.0,-1442072.0,,15287311.0,54.76
2021-04-20,1160287.0,-542136.0,,15521965.0,54.78
2021-04-21,-4055812.0,-4724629.0,,21636079.0,54.72
2021-04-22,-2478170.0,-1702689.0,,13934746.0,54.68
2021-04-23,-356054.0,-1135601.0,,17805080.0,54.67
2021-04-26,2104506.0,-997760.0,,15489938.0,54.7
2021-04-27,-1868806.0,-759474.0,,12941533.0,54.7
2021-04-28,-1564876.0,-1980481.0,,15596759.0,54.69
2021-04-29,-4128546.0,-307631.0,,20000973.0,54.61
2021-04-30,-2813625.0,-398967.0,,18673197.0,54.59
2021-05-03,-982522.0,-420203.0,,15710336.0,54.55
2021-05-04,402597.0,460441.0,,12532550.0,54.55
2021-05-06,-2569958.0,-113727.0,,17047511.0,54.49
2021-05-07,-2245521.0,36218.0,,14154882.0,54.46
2021-05-10,945691.0,2437072.0,,19385027.0,54.47
2021-05-11,-9684563.0,-6057255.0,,28996680.0,54.31
2021-05-12,-14161342.0,-1986451.0,,35812268.0,54.07
2021-05-13,-9764981.0,-457049.0,,31490096.0,53.89
2021-05-14,-273497.0,-230636.0,,16450920.0,53.9
2021-05-17,-3635913.0,-154232.0,,17740855.0,53.84
2021-05-18,-5578259.0,2795953.0,,17494407.0,53.75
2021-05-20,-1609981.0,-426796.0,,16541828.0,53.72
2021-05-21,304047.0,702209.0,,20961714.0,53.74
2021-05-24,-1610902.0,-629955.0,,13398666.0,53.71
2021-05-25,-922234.0,2668652.0,,13628942.0,53.68
2021-05-26,-543571.0,240091.0,,11984359.0,53.68
2021-05-27,-2102247.0,27633.0,,23198510.0,53.64
2021-05-28,-308935.0,1966540.0,,12360199.0,53.64
2021-05-31,3169969.0,-3086975.0,,13321324.0,53.69
2021-06-01,22097.0,1638663.0,,14058401.0,53.69
2021-06-02,1606735.0,-937675.0,,16414644.0,53.73
2021-06-03,5237969.0,4543398.0,,29546007.0,53.82
2021-06-04,915496.0,-2508004.0,,18112259.0,53.84
2021-06-07,-1448698.0,-65911.0,,16496197.0,53.82
2021-06-08,-1037201.0,1088520.0,,12781226.0,53.8
2021-06-09,529618.0,-2859758.0,,14908823.0,53.82
2021-06-10,2459439.0,-4421004.0,,17586995.0,53.86
2021-06-11,-3009398.0,-468320.0,,14087962.0,53.81
2021-06-14,-987044.0,-2304546.0,,10550078.0,53.79
2021-06-15,440838.0,-859171.0,,10075685.0,53.79
2021-06-16,2790119.0,-93825.0,,14999855.0,53.84
2021-06-17,-2189800.0,-2150058.0,,14007385.0,53.82
2021-06-18,-5569964.0,540319.0,,14916721.0,53.73
2021-06-21,-4250472.0,-3275182.0,,16063340.0,53.66
2021-06-22,-760741.0,-672784.0,,11773365.0,53.62
2021-06-23,-315628.0,-848282.0,,13856548.0,53.6
2021-06-24,-56196.0,1917564.0,,18771080.0,53.61
2021-06-25,-708427.0,2456045.0,,13481405.0,53.57
2021-06-28,1913745.0,-1089336.0,,11578529.0,53.53
2021-06-29,-249507.0,-1908867.0,,15744317.0,53.55
2021-06-30,-475076.0,-682200.0,,13288643.0,53.57
2021-07-01,-1720492.0,-3019732.0,,13382882.0,53.54
2021-07-02,-2296689.0,-397067.0,,8753097.0,53.5
2021-07-05,-303642.0,402473.0,,8330969.0,53.54
2021-07-06,1282829.0,844558.0,,12131651.0,53.59
2021-07-07,-404694.0,-2542210.0,,15992202.0,53.59
2021-07-08,-1735505.0,-2255559.0,,16660998.0,53.57
2021-07-09,-5172372.0,-1860922.0,,22720577.0,53.47
2021-07-12,-522888.0,-374348.0,,9768108.0,53.46
2021-07-13,-216060.0,547562.0,,9863450.0,53.46
2021-07-14,-1471231.0,-1164230.0,,11575636.0,53.45
2021-07-15,2401341.0,759576.0,,13766279.0,53.49
2021-07-16,-87945.0,-1802600.0,,10859399.0,53.49
2021-07-19,-2796772.0,-1996031.0,,13155414.0,53.43
2021-07-20,-2135807.0,16524.0,,12456646.0,53.4
2021-07-21,-2441729.0,-616526.0,,12355296.0,53.35
2021-07-22,-484262.0,2922199.0,,12618790.0,53.35
2021-07-23,-797987.0,707095.0,,9098910.0,53.33
2021-07-26,-1233571.0,-689456.0,,10040975.0,53.3
2021-07-27,-2088511.0,125510.0,,11427693.0,53.27
2021-07-28,-2285312.0,940200.0,,12743417.0,53.22
2021-07-29,-2633939.0,811443.0,,14360453.0,53.19
2021-07-30,-1682763.0,-1527827.0,,13823411.0,53.17
2021-08-02,-1197989.0,2594778.0,,11739124.0,53.15
2021-08-03,7733054.0,1611103.0,,24339360.0,53.27
2021-08-04,6376967.0,3564648.0,,25642368.0,53.38
2021-08-05,-1035767.0,1697978.0,,18485469.0,53.35
2021-08-06,-405317.0,-50.0,,13342623.0,53.35
2021-08-09,-1165419.0,-1261468.0,,15522581.0,53.34
2021-08-10,-4481284.0,-990164.0,,20362639.0,53.25
2021-08-11,-13285344.0,-1496008.0,,30241137.0,53.02
2021-08-12,-22018417.0,576169.0,,42365223.0,52.65
2021-08-13,-31484373.0,-1696166.0,,61270643.0,52.12
2021-08-17,-6176018.0,-449658.0,,30944847.0,52.02
2021-08-18,-9492918.0,1649037.0,,29192631.0,51.86
2021-08-19,-2208171.0,-413105.0,,22166298.0,51.82
2021-08-20,-3170237.0,272706.0,,22364803.0,51.76
2021-08-23,-3695606.0,2591194.0,,19384648.0,51.7
2021-08-24,-125506.0,955111.0,,21016913.0,51.7
2021-08-25,43434.0,-1008188.0,,22319664.0,51.71
2021-08-26,-1284554.0,-741494.0,,16671494.0,51.68
2021-08-27,-2489884.0,2328906.0,,15172748.0,51.64
2021-08-30,-1033132.0,330007.0,,12686999.0,51.61
2021-08-31,4733081.0,-2015664.0,,24630370.0,51.7
2021-09-01,827453.0,-176396.0,,16114775.0,51.76
2021-09-02,863143.0,-2040546.0,,15347486.0,51.76
2021-09-03,2482099.0,-1168959.0,,12096419.0,51.8
2021-09-06,1352476.0,37993.0,,12861180.0,51.83
2021-09-07,-2195765.0,-1419474.0,,13239401.0,51.79
2021-09-08,1131287.0,-247030.0,,11798147.0,51.8
2021-09-09,1167021.0,-3426669.0,,17600770.0,51.81
2021-09-10,-1299949.0,1003909.0,,10103212.0,51.77
2021-09-13,1577159.0,1059634.0,,11397775.0,51.8
2021-09-14,3183716.0,1612792.0,,18167057.0,51.85
2021-09-15,1905766.0,-737351.0,,12829128.0,51.88
2021-09-16,471496.0,-2221404.0,,13067622.0,51.88
2021-09-17,3312007.0,-1899488.0,,16289502.0,51.93
2021-09-23,2346601.0,-255513.0,,17055590.0,51.98
2021-09-24,826154.0,-756408.0,,12247274.0,51.98
2021-09-27,1292652.0,-52979.0,,11699798.0,52.0
2021-09-28,-556620.0,-3430866.0,,15406382.0,51.99
2021-09-29,-5608593.0,-2510784.0,,23992458.0,51.86
2021-09-30,-42575.0,-1147256.0,,19919361.0,51.86
2021-10-01,-776162.0,-2187817.0,,15803395.0,51.84
2021-10-05,-3020259.0,1255911.0,,24013921.0,51.81
2021-10-06,-1074037.0,-342467.0,,18956962.0,51.8
2021-10-07,-2655002.0,1391358.0,,13683532.0,51.76
2021-10-08,320351.0,-2923031.0,,14043287.0,51.76
2021-10-12,-10982582.0,-1421202.0,,31001484.0,51.6
2021-10-13,-5261983.0,2725596.0,,24172015.0,51.51
2021-10-14,-3770529.0,1696662.0,,19520641.0,51.45
2021-10-15,-1363268.0,456288.0,,18051612.0,51.42
2021-10-18,1314535.0,-2117009.0,,13486391.0,51.44
2021-10-19,-439240.0,910091.0,,9507991.0,51.43
2021-10-20,264331.0,-829527.0,,10151638.0,51.44
2021-10-21,110400.0,-197734.0,,10891094.0,51.43
2021-10-22,-130457.0,757361.0,,8395448.0,51.42
2021-10-25,-1602241.0,988462.0,,10029621.0,51.39
2021-10-26,-548303.0,1812123.0,,10528252.0,51.38
2021-10-27,-2108776.0,-1005822.0,,10295316.0,51.34
2021-10-28,-2435402.0,1281744.0,,20644902.0,51.3
2021-10-29,-1796425.0,-2365662.0,,17016151.0,51.26
2021-11-01,-1649034.0,3003169.0,,11503729.0,51.23
2021-11-02,2026469.0,3621076.0,,16812570.0,51.26
2021-11-03,-1030742.0,-2789497.0,,12770428.0,51.24
2021-11-04,-83274.0,1947030.0,,11818987.0,51.23
2021-11-05,-1170786.0,-905068.0,,12667743.0,51.21
2021-11-08,-626463.0,-89168.0,,11121981.0,51.2
2021-11-09,-728067.0,1193368.0,,11159589.0,51.18
2021-11-10,1437902.0,-724133.0,,9422009.0,51.2
2021-11-11,-2177422.0,-116698.0,,11489122.0,51.17
2021-11-12,380563.0,2046949.0,,10087450.0,51.18
2021-11-15,959685.0,2301384.0,,12420710.0,51.19
2021-11-16,1028757.0,-202007.0,,10919239.0,51.2
2021-11-17,1524982.0,-2816912.0,,11027606.0,51.23
2021-11-18,-732455.0,-576566.0,,10144957.0,51.21
2021-11-19,317972.0,432827.0,,11954728.0,51.21
2021-11-22,5737394.0,3034399.0,,27506623.0,51.31
2021-11-23,5081663.0,-2811514.0,,22029195.0,51.39
2021-11-24,1565140.0,-2258726.0,,15652305.0,51.41
2021-11-25,-474873.0,-179371.0,,12559258.0,51.41
2021-11-26,-749853.0,-1070320.0,,13002242.0,51.39
2021-11-29,-555128.0,3021851.0,,16682559.0,51.38
2021-11-30,1165796.0,-2841806.0,,30364841.0,51.41
2021-12-01,5934062.0,415580.0,,21954856.0,51.5
2021-12-02,6774733.0,-164462.0,,23652940.0,51.61
2021-12-03,-25354.0,-157689.0,,18330240.0,51.6
2021-12-06,2520385.0,576498.0,,16391250.0,51.64
2021-12-07,3634599.0,-547244.0,,19232453.0,51.71
2021-12-08,67488.0,2586682.0,,21558340.0,51.72
2021-12-09,2229757.0,-491078.0,,21604528.0,51.77
2021-12-10,-728238.0,-1071153.0,,9155219.0,51.75
2021-12-13,14615.0,184966.0,,15038750.0,51.75
2021-12-14,1287465.0,-1487295.0,,10976660.0,51.77
2021-12-15,1749012.0,-654764.0,,9584939.0,51.79
2021-12-16,530656.0,-261746.0,,11996128.0,51.78
2021-12-17,1672131.0,-907746.0,,13108479.0,51.82
2021-12-20,52395.0,-1554347.0,,11264375.0,51.82
2021-12-21,1701847.0,2958820.0,,14245298.0,51.81
2021-12-22,4498353.0,92383.0,,17105892.0,51.89
2021-12-23,1598950.0,2061259.0,,13577498.0,51.9
2021-12-24,387890.0,3758827.0,,12086380.0,51.89
2021-12-27,64341.0,1625558.0,,10783368.0,51.88
2021-12-28,698276.0,6679975.0,,18226325.0,51.89
2021-12-29,330808.0,-6079717.0,,19794795.0,51.91
2021-12-30,597620.0,-2993532.0,,14236700.0,51.92
2022-01-03,1768125.0,-4178268.0,,13502112.0,51.97
2022-01-04,1428595.0,-2623794.0,,12427416.0,51.98
2022-01-05,-583545.0,-7727282.0,,25470640.0,51.99
2022-01-06,2219477.0,-2229379.0,,12931954.0,52.03
2022-01-07,4359285.0,-2115197.0,,15163757.0,52.11
2022-01-10,1425638.0,-1215962.0,,9947422.0,52.15
2022-01-11,3639528.0,-460896.0,,13221123.0,52.2
2022-01-12,-495890.0,1289717.0,,11000502.0,52.19
2022-01-13,-19393.0,-1623477.0,,13889401.0,52.2
2022-01-14,977378.0,-2453829.0,,10096725.0,52.22
2022-01-17,752415.0,-704788.0,,8785122.0,52.23
2022-01-18,-84268.0,-500558.0,,9592788.0,52.23
2022-01-19,-23864.0,-345717.0,,10598290.0,52.24
2022-01-20,-562505.0,385779.0,,9708168.0,52.23
2022-01-21,-797819.0,-2035944.0,,15774888.0,52.22
2022-01-24,-1247369.0,3039274.0,,13691134.0,52.2
2022-01-25,-1494663.0,-165315.0,,17766704.0,52.17
2022-01-26,-651387.0,-73303.0,,12976730.0,52.16
2022-01-27,-1566361.0,-3635745.0,,22274777.0,52.14
2022-01-28,-1497318.0,923680.0,,21367447.0,52.12
2022-02-03,-1664565.0,189546.0,,17744721.0,52.09
2022-02-04,821315.0,-416870.0,,12730034.0,52.09
2022-02-07,354578.0,-3891728.0,,14240838.0,52.1
2022-02-08,927751.0,89689.0,,11736666.0,52.11
2022-02-09,1404132.0,937347.0,,9699122.0,52.14
2022-02-10,3028016.0,-756605.0,,17746033.0,52.19
2022-02-11,1755601.0,-1488456.0,,12205407.0,52.22
2022-02-14,-1754818.0,814643.0,,13993255.0,52.2
2022-02-15,3224.0,435092.0,,9320365.0,52.2
2022-02-16,119739.0,426711.0,,10767386.0,52.21
2022-02-17,2028821.0,1057634.0,,13605382.0,52.24
2022-02-18,-827661.0,-144739.0,,10122226.0,52.23
2022-02-21,129097.0,-1257579.0,,10489717.0,52.22
2022-02-22,494550.0,-2153799.0,,11692469.0,52.23
2022-02-23,-1051428.0,-767191.0,,10397964.0,52.23
2022-02-24,-2290242.0,-2608608.0,,15759283.0,52.19
2022-02-25,-1770764.0,475205.0,,13168484.0,52.15
2022-02-28,-2046530.0,-1426438.0,,17781783.0,52.11
2022-03-02,-792119.0,-1083559.0,,12481430.0,52.1
2022-03-03,624217.0,1346735.0,,13232638.0,52.1
2022-03-04,-3433542.0,-2587752.0,,13409634.0,52.05
2022-03-07,-3612199.0,-5494412.0,,18617138.0,51.97
2022-03-08,-2923267.0,-1692339.0,,15828269.0,51.92
2022-03-10,-2633366.0,2607367.0,,21159248.0,51.89
2022-03-11,-3694603.0,-2932276.0,,15787655.0,51.82
2022-03-14,538817.0,-1168555.0,,9040993.0,51.84
2022-03-15,-2203807.0,-710699.0,,10258562.0,51.8
2022-03-16,-1281337.0,1152180.0,,10175750.0,51.79
2022-03-17,-357867.0,1349681.0,,17646315.0,51.79
2022-03-18,-1091385.0,-1035441.0,,14410038.0,51.79
2022-03-21,-2565086.0,-1963950.0,,11169002.0,51.75
2022-03-22,2725.0,95872.0,,9402666.0,51.75
2022-03-23,-547213.0,375838.0,,12398025.0,51.74
2022-03-24,13958310.0,-20670071.0,,37943357.0,51.97
2022-03-25,-4134192.0,-963774.0,,12986010.0,51.91
2022-03-28,-3069162.0,-74841.0,,12619289.0,51.84
2022-03-29,-634074.0,950245.0,,13686208.0,51.79
2022-03-30,-1748971.0,-165695.0,,12670187.0,51.76
2022-03-31,-3216888.0,2692.0,,12510366.0,51.68
2022-04-01,-2305272.0,-4258150.0,,15916846.0,51.63
2022-04-04,-1345167.0,-506867.0,,11107905.0,51.61
2022-04-05,-311621.0,-1218680.0,,8467248.0,51.61
2022-04-06,-5264709.0,-2653141.0,,15517308.0,51.52
2022-04-07,-5770140.0,-2450272.0,,20683327.0,51.44
2022-04-08,-4984894.0,-254914.0,,15453191.0,51.37
2022-04-11,-1280813.0,-457725.0,,12263735.0,51.34
2022-04-12,-2617873.0,-1437134.0,,13924389.0,51.3
2022-04-13,-29680.0,1232276.0,,17378619.0,51.3
2022-04-14,-2755996.0,-1980461.0,,16409494.0,51.25
2022-04-15,-3037266.0,-3606452.0,,13176415.0,51.21
2022-04-18,-1240243.0,-95066.0,,10119203.0,51.19
2022-04-19,-1786163.0,1483612.0,,12959434.0,51.17
2022-04-20,-1924483.0,-1281505.0,,16693293.0,51.14
2022-04-21,-719510.0,1997294.0,,12847448.0,51.14
2022-04-22,-443529.0,-2734495.0,,11791478.0,51.13
2022-04-25,-2986672.0,-1531424.0,,11016474.0,51.08
2022-04-26,-4529357.0,842180.0,,12946923.0,51.01
2022-04-27,-5178387.0,-1216735.0,,18122084.0,50.93
2022-04-28,-3768808.0,-430481.0,,16895527.0,50.87
2022-04-29,1523898.0,3071613.0,,26190390.0,50.9
2022-05-02,-838048.0,-377930.0,,14106184.0,50.88
2022-05-03,531565.0,-149467.0,,14168875.0,50.89
2022-05-04,-300608.0,-262439.0,,11505248.0,50.89
2022-05-06,-4151103.0,-1022344.0,,14356156.0,50.82
2022-05-09,-1002910.0,-333851.0,,11858736.0,50.81
2022-05-10,-2042946.0,107882.0,,17235605.0,50.78
2022-05-11,-260317.0,-972900.0,,12330920.0,50.78
2022-05-12,-1806368.0,-1126520.0,,16414188.0,50.75
2022-05-13,-1246141.0,3692002.0,,14551536.0,50.74
2022-05-16,-90050.0,-285577.0,,11937555.0,50.75
2022-05-17,154357.0,3262345.0,,15680447.0,50.74
2022-05-18,1654930.0,-1138543.0,,16486319.0,50.77
2022-05-19,10842.0,-1402888.0,,17073727.0,50.77
2022-05-20,-1452242.0,2468619.0,,12109671.0,50.75
2022-05-23,-296440.0,-2489.0,,13684088.0,50.74
2022-05-24,-2385580.0,-1564764.0,,15482576.0,50.69
2022-05-25,-2258334.0,883770.0,,15150490.0,50.65
2022-05-26,-1229556.0,-1975909.0,,15970890.0,50.63
2022-05-27,-1517235.0,2272499.0,,11405555.0,50.6
2022-05-30,1559406.0,1227540.0,,14255484.0,50.62
2022-05-31,1432462.0,-3504193.0,,24365002.0,50.62
2022-06-02,-547644.0,-3211366.0,,14959443.0,50.6
2022-06-03,-494005.0,855933.0,,8222883.0,50.59
2022-06-07,-4121299.0,-3831242.0,,19355755.0,50.54
2022-06-08,-3068587.0,-394294.0,,12483180.0,50.5
2022-06-09,-6405445.0,448925.0,,25790725.0,50.39
2022-06-10,-9263431.0,-1133682.0,,22193552.0,50.26
2022-06-13,-2790465.0,-511162.0,,22157816.0,50.2
2022-06-14,-1137622.0,390583.0,,24606419.0,50.19
2022-06-15,-4318635.0,526298.0,,26811224.0,50.11
2022-06-16,-532719.0,-223863.0,,23394895.0,50.09
2022-06-17,-7317127.0,612667.0,,29053450.0,49.97
2022-06-20,-4416321.0,2236709.0,,34111306.0,49.88
2022-06-21,-3703643.0,1928480.0,,25148109.0,49.82
2022-06-22,-966095.0,-598567.0,,23334687.0,49.79
2022-06-23,-3932862.0,4836938.0,,28338608.0,49.72
2022-06-24,-1909753.0,2769922.0,,23256103.0,49.67
2022-06-27,1295006.0,-2245041.0,,18122236.0,49.69
2022-06-28,148131.0,-1057605.0,,13540538.0,49.7
2022-06-29,-980626.0,-2474524.0,,14677138.0,49.7
2022-06-30,-2992232.0,-989488.0,,18915142.0,49.65
2022-07-01,-3877463.0,11066.0,,24982097.0,49.59
2022-07-04,-878073.0,2735439.0,,17807126.0,49.58
2022-07-05,-1794522.0,660414.0,,14216539.0,49.56
2022-07-06,-161667.0,-2157157.0,,16820461.0,49.55
2022-07-07,2672579.0,1646128.0,,21322833.0,49.59
2022-07-08,1540887.0,-1071932.0,,15339271.0,49.61
2022-07-11,1470865.0,-565386.0,,13042624.0,49.64
2022-07-12,48368.0,-194812.0,,9336061.0,49.64
2022-07-13,-2102253.0,1628232.0,,10841315.0,49.61
2022-07-14,2745934.0,-4061258.0,,15067012.0,49.65
2022-07-15,5419651.0,-908681.0,,18685583.0,49.74
2022-07-18,3482354.0,-1243492.0,,20832517.0,49.8
2022-07-19,-1059437.0,-276212.0,,15248261.0,49.78
2022-07-20,-3147538.0,41343.0,,16782238.0,49.73
2022-07-21,2969140.0,-984231.0,,12291374.0,49.78
2022-07-22,751839.0,-1862181.0,,10261310.0,49.79
2022-07-25,-152460.0,247717.0,,9193681.0,49.79
2022-07-26,947742.0,-397548.0,,6597211.0,49.8
2022-07-27,291295.0,-315249.0,,7320997.0,49.81
2022-07-28,777649.0,-560065.0,,10745302.0,49.84
2022-07-29,-1075366.0,-150868.0,,15093120.0,49.82
2022-08-01,560720.0,-1053375.0,,13154816.0,49.82
2022-08-02,3526665.0,-2516301.0,,13614895.0,49.88
2022-08-03,-180400.0,-1335262.0,,10053861.0,49.88
2022-08-04,904932.0,-759890.0,,9125439.0,49.89
2022-08-05,-586895.0,340000.0,,9567620.0,49.88
2022-08-08,-263921.0,-1858719.0,,11313150.0,49.88
2022-08-09,-3788541.0,178215.0,,18251170.0,49.82
2022-08-10,-1958423.0,-2490116.0,,18084349.0,49.76
2022-08-11,-2148605.0,1294109.0,,15141941.0,49.72
2022-08-12,-3249.0,-45987.0,,10786658.0,49.73
2022-08-16,1191752.0,36256.0,,15036727.0,49.74
2022-08-17,-423702.0,-175196.0,,9061518.0,49.73
2022-08-18,4434984.0,-1356217.0,,16372754.0,49.81
2022-08-19,-311427.0,-340685.0,,6923679.0,49.81
2022-08-22,-185434.0,-1250164.0,,8259865.0,49.81
2022-08-23,-952498.0,-1397835.0,,9041629.0,49.8
2022-08-24,138995.0,-1844187.0,,8888486.0,49.8
2022-08-25,596825.0,-277026.0,,5767902.0,49.81
2022-08-26,689758.0,218517.0,,9499995.0,49.81
2022-08-29,-538413.0,-3027342.0,,9841329.0,49.8
2022-08-30,-1892295.0,-440899.0,,9690044.0,49.77
2022-08-31,3071144.0,-2162350.0,,14203512.0,49.83
2022-09-01,-556769.0,-3869597.0,,14905777.0,49.82
2022-09-02,-3892864.0,-1630022.0,,15040310.0,49.76
2022-09-05,-2492759.0,704031.0,,11425977.0,49.72
2022-09-06,-727186.0,-466757.0,,7503086.0,49.71
2022-09-07,-4593265.0,-1159481.0,,17384854.0,49.62
2022-09-08,-5943054.0,2121095.0,,18000016.0,49.53
2022-09-13,1306292.0,3196594.0,,17166581.0,49.54
2022-09-14,-90776.0,-1345231.0,,12524961.0,49.54
2022-09-15,-2816115.0,-1060370.0,,11664819.0,49.5
2022-09-16,-261385.0,-1676878.0,,13456503.0,49.49
2022-09-19,-715195.0,746527.0,,12278653.0,49.48
2022-09-20,-3378398.0,940538.0,,14041465.0,49.43
2022-09-21,-3021423.0,-242148.0,,11863700.0,49.36
2022-09-22,-2008612.0,-1830100.0,,12786510.0,49.33
2022-09-23,954165.0,-1024721.0,,10555964.0,49.35
2022-09-26,-2190325.0,2736389.0,,15008449.0,49.31
2022-09-27,-1366711.0,1747376.0,,16631289.0,49.31
2022-09-28,-2417147.0,-301326.0,,19991129.0,49.26
2022-09-29,-197518.0,-174747.0,,13882080.0,49.24
2022-09-30,1275333.0,584406.0,,22503249.0,49.27
2022-10-04,4392838.0,-285415.0,,19148435.0,49.34
2022-10-05,3950787.0,-2444114.0,,22458970.0,49.42
2022-10-06,1881652.0,-479637.0,,14944446.0,49.44
2022-10-07,1464696.0,-361472.0,,16886813.0,49.46
2022-10-11,272717.0,-755469.0,,21437877.0,49.47
2022-10-12,766854.0,-124387.0,,18408910.0,49.51
2022-10-13,662151.0,-949397.0,,13784602.0,49.51
2022-10-14,198416.0,1181626.0,,12924326.0,49.52
2022-10-17,2536369.0,-1253469.0,,13641878.0,49.54
2022-10-18,-1238317.0,-388660.0,,14820702.0,49.58
2022-10-19,-933499.0,-151654.0,,12660652.0,49.56
2022-10-20,1156692.0,-1481023.0,,17107653.0,49.59
2022-10-21,211364.0,1244441.0,,11456060.0,49.58
2022-10-24,3587643.0,1580302.0,,16944503.0,49.64
2022-10-25,791820.0,1317069.0,,17405678.0,49.66
2022-10-26,5266142.0,804940.0,,20824967.0,49.76
2022-10-27,-354694.0,1925573.0,,21756712.0,49.75
2022-10-28,-2537958.0,858649.0,,20924937.0,49.74
2022-10-31,4149091.0,254919.0,,18999514.0,49.8
2022-11-01,685691.0,974290.0,,17201647.0,49.82
2022-11-02,1484424.0,-1717632.0,,13202919.0,49.84
2022-11-03,1436806.0,-2439482.0,,17492162.0,49.87
2022-11-04,-218443.0,218779.0,,12445841.0,49.84
2022-11-07,934130.0,1224403.0,,12437246.0,49.86
2022-11-08,2874928.0,2339446.0,,18273898.0,49.92
2022-11-09,251119.0,1789078.0,,14045592.0,49.93
2022-11-10,-3976286.0,905706.0,,21087633.0,49.87
2022-11-11,2928771.0,3313014.0,,20037163.0,49.92
2022-11-14,-202105.0,-805915.0,,15973416.0,49.92
2022-11-15,639370.0,175090.0,,12310986.0,49.93
2022-11-16,1043825.0,-82448.0,,12909260.0,49.94
2022-11-17,-1845722.0,102220.0,,13298296.0,49.9
2022-11-18,704130.0,76930.0,,12236503.0,49.92
2022-11-21,-1021864.0,742563.0,,9378097.0,49.9
2022-11-22,-421904.0,142853.0,,9411289.0,49.9
2022-11-23,114745.0,160433.0,,8765050.0,49.9
2022-11-24,570633.0,54595.0,,8125010.0,49.91
2022-11-25,426840.0,-380721.0,,6677933.0,49.9
2022-11-28,208014.0,-1314045.0,,8589032.0,49.92
2022-11-29,-292658.0,611244.0,,7014160.0,49.92
2022-11-30,5559793.0,-2227487.0,,19768903.0,50.01
2022-12-01,3106678.0,233136.0,,16631445.0,50.06
2022-12-02,-2465327.0,-2044276.0,,15331184.0,50.03
2022-12-05,-1764984.0,632722.0,,13767787.0,50.0
2022-12-06,-1940099.0,-785727.0,,13888300.0,49.95
2022-12-07,-1140756.0,338574.0,,12100662.0,49.93
2022-12-08,-462314.0,215875.0,,12986815.0,49.92
2022-12-09,195303.0,2256241.0,,10529632.0,49.93
2022-12-12,-741036.0,-549908.0,,9036472.0,49.93
2022-12-13,-62788.0,22156.0,,9040873.0,49.94
2022-12-14,1378670.0,976736.0,,8207485.0,49.96
2022-12-15,-13455.0,-1508806.0,,8716039.0,49.96
2022-12-16,2526074.0,-2916881.0,,13033596.0,49.99
2022-12-19,-172259.0,572945.0,,7696187.0,49.98
2022-12-20,-1540029.0,205141.0,,9284761.0,49.95
2022-12-21,-1691442.0,240493.0,,10356971.0,49.9
2022-12-22,-858513.0,2537919.0,,10720630.0,49.89
2022-12-23,-377373.0,406082.0,,9829407.0,49.79
2022-12-26,-1078195.0,2512328.0,,6756411.0,49.78
2022-12-27,-1535949.0,4605420.0,,10667027.0,49.75
2022-12-28,-2925482.0,-2344111.0,,14665410.0,49.69
2022-12-29,-1510321.0,-1877101.0,,11295935.0,49.67
2023-01-02,-609433.0,-478123.0,,10031448.0,49.67
2023-01-03,317825.0,-1573764.0,,13547030.0,49.76
2023-01-04,3091108.0,-158714.0,,20188071.0,49.82
2023-01-05,3516654.0,-2218331.0,,15682826.0,49.87
2023-01-06,2299720.0,409379.0,,17334989.0,49.91
2023-01-09,3036853.0,2607845.0,,18640107.0,49.97
2023-01-10,610946.0,941265.0,,14859797.0,49.98
2023-01-11,115700.0,684500.0,,12310751.0,49.99
2023-01-12,1726345.0,-1546824.0,,16102561.0,50.02
2023-01-13,1382414.0,434082.0,,12510328.0,50.04
2023-01-16,1076046.0,1102518.0,,10039972.0,50.06
2023-01-17,1120051.0,-605869.0,,9831456.0,50.07
2023-01-18,260412.0,-894047.0,,11584041.0,50.09
2023-01-19,4766332.0,-1422690.0,,12808490.0,50.15
2023-01-20,1529767.0,127097.0,,9646327.0,50.17
2023-01-25,7444780.0,171748.0,,16822710.0,50.28
2023-01-26,3557678.0,-54227.0,,13278277.0,50.34
2023-01-27,5813182.0,447761.0,,18760182.0,50.43
2023-01-30,1589166.0,-698112.0,,20995234.0,50.46
2023-01-31,-6833752.0,1494490.0,,29746731.0,50.35
2023-02-01,69035.0,-516791.0,,18570133.0,50.35
2023-02-02,5105651.0,-1199802.0,,23285983.0,50.44
2023-02-03,3802859.0,-2021442.0,,15194598.0,50.49
2023-02-06,-2260613.0,-1768399.0,,15529356.0,50.45
2023-02-07,562783.0,-1028256.0,,14491039.0,50.47
2023-02-08,2983508.0,-683561.0,,12243125.0,50.52
2023-02-09,1554466.0,-1289172.0,,12164865.0,50.55
2023-02-10,1762578.0,-2217379.0,,9382576.0,50.59
2023-02-13,2262398.0,-1828690.0,,10730362.0,50.63
2023-02-14,398796.0,1348181.0,,9126664.0,50.64
2023-02-15,382542.0,-2453541.0,,13208103.0,50.65
2023-02-16,1588180.0,2733282.0,,13798831.0,50.68
2023-02-17,796837.0,-2073724.0,,10791265.0,50.69
2023-02-20,-773709.0,546521.0,,12908073.0,50.69
2023-02-21,-53019.0,-1473117.0,,7665046.0,50.68
2023-02-22,-224186.0,-2442875.0,,11959088.0,50.69
2023-02-23,689225.0,1259108.0,,13047099.0,50.7
2023-02-24,-4781.0,-1005323.0,,10308143.0,50.7
2023-02-27,-933244.0,-1887391.0,,11155697.0,50.69
2023-02-28,-368728.0,1088959.0,,13715861.0,50.68
2023-03-02,2549062.0,-1617684.0,,13095682.0,50.73
2023-03-03,-1000161.0,-233193.0,,10711405.0,50.7
2023-03-06,1279476.0,2266416.0,,13630602.0,50.72
2023-03-07,-635844.0,-656990.0,,11473280.0,50.71
2023-03-08,1559111.0,-3298016.0,,14161857.0,50.74
2023-03-09,-3617680.0,2306833.0,,14334499.0,50.68
2023-03-10,-558291.0,-1637253.0,,11902471.0,50.67
2023-03-13,425309.0,996395.0,,12779724.0,50.69
2023-03-14,-1770132.0,55494.0,,12147346.0,50.67
2023-03-15,947703.0,702433.0,,10482149.0,50.69
2023-03-16,406816.0,-380720.0,,10611939.0,50.71
2023-03-17,3210358.0,127839.0,,14090110.0,50.76
2023-03-20,-1481560.0,195908.0,,9618009.0,50.72
2023-03-21,-409036.0,458186.0,,8318514.0,50.73
2023-03-22,1706493.0,769342.0,,8978591.0,50.76
2023-03-23,4046654.0,891469.0,,15381057.0,50.82
2023-03-24,7384975.0,-1846848.0,,18278602.0,50.93
2023-03-27,-48035.0,405924.0,,11039331.0,50.92
2023-03-28,-15725.0,1780041.0,,11614118.0,50.93
2023-03-29,-627692.0,1116677.0,,11216008.0,50.87
2023-03-30,3362650.0,-416494.0,,15684377.0,50.86
2023-03-31,4995822.0,413497.0,,14094479.0,50.96
2023-04-03,939595.0,-1550689.0,,11973133.0,51.01
2023-04-04,1867482.0,297976.0,,11120514.0,51.05
2023-04-05,2434636.0,-171248.0,,9176149.0,51.09
2023-04-06,-278195.0,-1835759.0,,14992747.0,51.1
2023-04-07,13538409.0,1749750.0,,27476120.0,51.34
2023-04-10,4527802.0,-75437.0,,18777166.0,51.41
2023-04-11,1141656.0,1240069.0,,16323183.0,51.42
2023-04-12,3448750.0,-1535917.0,,15021313.0,51.49
2023-04-13,14124.0,1097667.0,,15091022.0,51.49
2023-04-14,-1672590.0,595476.0,,16176490.0,51.47
2023-04-17,3486466.0,-1775624.0,,13486618.0,51.52
2023-04-18,3737760.0,-3073137.0,,14802060.0,51.6
2023-04-19,1051264.0,-69196.0,,10255985.0,51.58
2023-04-20,1256244.0,-403885.0,,9501169.0,51.61
2023-04-21,2676832.0,-669886.0,,10538622.0,51.65
2023-04-24,1351581.0,341263.0,,12986581.0,51.7
2023-04-25,-709846.0,-542786.0,,16193271.0,51.68
2023-04-26,1448400.0,-976399.0,,12664541.0,51.73
2023-04-27,3896236.0,-2461875.0,,14779601.0,51.81
2023-04-28,3942641.0,-1207549.0,,19699481.0,51.87
2023-05-02,1168280.0,525392.0,,14396948.0,51.89
2023-05-03,1059327.0,-1055097.0,,8876749.0,51.93
2023-05-04,1338816.0,-1477647.0,,9791064.0,51.95
2023-05-08,1131933.0,1559418.0,,9405365.0,51.97
2023-05-09,-447228.0,209493.0,,9366861.0,51.96
2023-05-10,-653034.0,-857650.0,,13057727.0,51.94
2023-05-11,-775095.0,198660.0,,11648905.0,51.93
2023-05-12,245534.0,-298989.0,,8693913.0,51.94
2023-05-15,287549.0,191469.0,,8172021.0,51.94
2023-05-16,3222828.0,56097.0,,12334657.0,51.99
2023-05-17,-473164.0,-33694.0,,10745504.0,51.99
2023-05-18,5475838.0,-973556.0,,14431704.0,52.08
2023-05-19,7736403.0,2843195.0,,20349345.0,52.19
2023-05-22,38221.0,2428859.0,,14470308.0,52.19
2023-05-23,-540874.0,1082890.0,,8561643.0,52.18
2023-05-24,1369290.0,-620835.0,,8192896.0,52.2
2023-05-25,1091489.0,-725012.0,,14231160.0,52.21
2023-05-26,7673331.0,-1128616.0,,19549511.0,52.34
2023-05-30,6177702.0,-895952.0,,27476897.0,52.45
2023-05-31,1983399.0,-712038.0,,25666087.0,52.48
2023-06-01,1250474.0,-1474724.0,,14669296.0,52.49
2023-06-02,2548561.0,31590.0,,12161798.0,52.54
2023-06-05,-1450212.0,987758.0,,12686829.0,52.54
2023-06-07,-1259592.0,1544774.0,,14796613.0,52.52
2023-06-08,222272.0,459385.0,,19165568.0,52.52
2023-06-09,2461374.0,1426900.0,,15050209.0,52.57
2023-06-12,-1746244.0,481420.0,,12064287.0,52.52
2023-06-13,1827839.0,974733.0,,13227285.0,52.54
2023-06-14,714146.0,-447189.0,,12541046.0,52.55
2023-06-15,688798.0,-340974.0,,13614994.0,52.53
2023-06-16,1512393.0,-1663586.0,,15373696.0,52.56
2023-06-19,383787.0,-553174.0,,11100887.0,52.57
2023-06-20,940990.0,-425787.0,,11557883.0,52.59
2023-06-21,-530479.0,-370281.0,,10626603.0,52.57
2023-06-22,1987512.0,323039.0,,11411007.0,52.59
2023-06-23,4373176.0,-1572987.0,,12329484.0,52.67
2023-06-26,3428619.0,899067.0,,10541901.0,52.73
2023-06-27,2325302.0,-417828.0,,9442997.0,52.77
2023-06-28,841793.0,60251.0,,8783093.0,52.75
2023-06-29,2157258.0,-819326.0,,12229967.0,52.79
2023-06-30,579572.0,-254295.0,,11694765.0,52.79
2023-07-03,7452.0,2570362.0,,10722181.0,52.77
2023-07-04,2246697.0,-1215754.0,,10214350.0,52.81
2023-07-05,979414.0,-2733297.0,,12310610.0,52.83
2023-07-06,1054941.0,-1425400.0,,14777667.0,52.85
2023-07-07,-1207947.0,-3168658.0,,17308877.0,52.83
2023-07-10,37628.0,-767972.0,,11713926.0,52.83
2023-07-11,871623.0,763929.0,,12177392.0,52.87
2023-07-12,1715511.0,-648705.0,,10375581.0,52.9
2023-07-13,437854.0,2336965.0,,14417279.0,52.91
2023-07-14,4797282.0,3837175.0,,15882519.0,52.99
2023-07-17,1535148.0,96575.0,,10060049.0,53.02
2023-07-18,-779438.0,-652330.0,,11697900.0,52.99
2023-07-19,465864.0,-1200719.0,,10896412.0,52.99
2023-07-20,-99023.0,-880692.0,,9732730.0,53.01
2023-07-21,-4043875.0,311816.0,,16528926.0,52.95
2023-07-24,2997701.0,-563794.0,,13418597.0,53.01
2023-07-25,902524.0,-963317.0,,14314945.0,53.02
2023-07-26,-1216236.0,1084844.0,,30016221.0,53.0
2023-07-27,1070762.0,3113953.0,,24261179.0,53.02
2023-07-28,-442826.0,-1532723.0,,19420683.0,53.02
2023-07-31,-592188.0,-1483914.0,,13035420.0,53.01
2023-08-01,1774321.0,1180513.0,,12299254.0,53.03
2023-08-02,229122.0,-2056269.0,,13835020.0,53.03
2023-08-03,-901524.0,-2857157.0,,20087090.0,53.02
2023-08-04,-1444105.0,-1411312.0,,12360193.0,52.99
2023-08-07,1423291.0,-1156048.0,,10968505.0,53.02
2023-08-08,-264119.0,-2333365.0,,14664709.0,53.04
2023-08-09,3546473.0,-1617395.0,,17259673.0,53.09
2023-08-10,-1157360.0,-784461.0,,10227311.0,53.08
2023-08-11,-1746791.0,-759366.0,,9781038.0,53.05
2023-08-14,274374.0,-1596050.0,,9352343.0,53.06
2023-08-16,487455.0,-1437535.0,,13174578.0,53.06
2023-08-17,-440363.0,-302148.0,,10778652.0,53.05
2023-08-18,150881.0,-932690.0,,11745006.0,53.06
2023-08-21,150516.0,-223911.0,,9720067.0,53.06
2023-08-22,-105480.0,-66993.0,,10500242.0,53.06
2023-08-23,620946.0,-8454.0,,9549352.0,53.07
2023-08-24,650901.0,1393677.0,,15044463.0,53.08
2023-08-25,-265183.0,-893424.0,,7032462.0,53.08
2023-08-28,-1176153.0,-65786.0,,5824628.0,53.05
2023-08-29,-654773.0,-317482.0,,9114352.0,53.04
2023-08-30,228742.0,718539.0,,9181223.0,53.05
2023-08-31,-1841057.0,1120554.0,,15964630.0,53.01
2023-09-01,7937221.0,2018992.0,,29738235.0,53.14
2023-09-04,3401121.0,-939928.0,,26286495.0,53.2
2023-09-05,1721012.0,-1050231.0,,12330239.0,53.23
2023-09-06,882741.0,-845782.0,,11414620.0,53.24
2023-09-07,1309308.0,-552642.0,,13741241.0,53.26
2023-09-08,-10865.0,-126529.0,,10688118.0,53.27
2023-09-11,734172.0,442245.0,,11785462.0,53.28
2023-09-12,-108004.0,418131.0,,11688599.0,53.29
2023-09-13,87328.0,1310414.0,,15955797.0,53.29
2023-09-14,-4817979.0,7910222.0,,21041407.0,53.21
2023-09-15,-941690.0,5039137.0,,17823512.0,53.18
2023-09-18,-1577076.0,-710561.0,,16040727.0,53.17
2023-09-19,643277.0,-2626578.0,,11820188.0,53.18
2023-09-20,-471808.0,-518013.0,,10873015.0,53.17
2023-09-21,2189827.0,-3434692.0,,10796336.0,53.19
2023-09-22,-120608.0,-863291.0,,9897840.0,53.18
2023-09-25,443639.0,-138686.0,,13582516.0,53.18
2023-09-26,388167.0,-2653012.0,,13143470.0,53.19
2023-09-27,824820.0,-1219925.0,,14886491.0,53.2
2023-10-04,-1846036.0,-1273253.0,,23361149.0,53.17
2023-10-05,-3437805.0,368821.0,,16108313.0,53.13
2023-10-06,-4242477.0,842829.0,,14386527.0,53.05
2023-10-10,-3415004.0,3603726.0,,19889202.0,52.99
2023-10-11,434422.0,3000020.0,,25209349.0,52.99
2023-10-12,-408307.0,750237.0,,19311380.0,52.99
2023-10-13,-737913.0,-34109.0,,9724086.0,52.98
2023-10-16,-1132755.0,43298.0,,12599299.0,52.95
2023-10-17,4717362.0,-1343955.0,,17299253.0,53.01
2023-10-18,4907378.0,4272.0,,16493184.0,53.09
2023-10-19,827896.0,-707480.0,,13985012.0,53.11
2023-10-20,662853.0,-851324.0,,15204495.0,53.12
2023-10-23,-1305705.0,782320.0,,11625959.0,53.09
2023-10-24,-415352.0,-274521.0,,12791710.0,53.09
2023-10-25,-500655.0,61338.0,,10610703.0,53.08
2023-10-26,-1380128.0,-79861.0,,15517624.0,53.07
2023-10-27,-932698.0,809250.0,,11334726.0,53.06
2023-10-30,-431724.0,646493.0,,10139270.0,53.08
2023-10-31,-367154.0,56618.0,,14488892.0,53.07
2023-11-01,53115.0,2208177.0,,13775256.0,53.06
2023-11-02,2820519.0,213313.0,,16350031.0,53.11
2023-11-03,1251756.0,14881.0,,10322234.0,53.13
2023-11-06,493370.0,1401147.0,,22228489.0,53.11
2023-11-07,4125548.0,-1397392.0,,17228731.0,53.16
2023-11-08,-130069.0,115384.0,,12901310.0,53.16
2023-11-09,2135384.0,-153416.0,,12301373.0,53.21
2023-11-10,596973.0,43049.0,,9684347.0,53.21
2023-11-13,329429.0,1031726.0,,9246919.0,53.22
2023-11-14,-448298.0,2738974.0,,9567984.0,53.24
2023-11-15,4575856.0,5189485.0,,20148677.0,53.33
2023-11-16,4887035.0,-268617.0,,15860451.0,53.42
2023-11-17,2701017.0,-508830.0,,11494644.0,53.46
2023-11-20,508858.0,1684072.0,,10610157.0,53.47
2023-11-21,1091230.0,231620.0,,9712881.0,53.5
2023-11-22,2233416.0,-1602111.0,,11105143.0,53.54
2023-11-23,380382.0,-649677.0,,6775614.0,53.55
2023-11-24,-547039.0,157051.0,,6676685.0,53.55
2023-11-27,-1170562.0,861246.0,,9113857.0,53.54
2023-11-28,551937.0,1895066.0,,13283081.0,53.55
2023-11-29,2287689.0,-1566656.0,,9283933.0,53.59
2023-11-30,-873719.0,1222820.0,,15783714.0,53.58
2023-12-01,-228329.0,-892585.0,,9871284.0,53.58
2023-12-04,1524578.0,396482.0,,10229267.0,53.61
2023-12-05,-944797.0,-1058878.0,,12129682.0,53.59
2023-12-06,559715.0,587187.0,,8123087.0,53.61
2023-12-07,1512165.0,-1451883.0,,8862017.0,53.64
2023-12-08,1397152.0,2199751.0,,10859463.0,53.63
2023-12-11,1340052.0,487514.0,,9861960.0,53.7
2023-12-12,201056.0,3444994.0,,13758646.0,53.69
2023-12-13,-609604.0,974940.0,,13116766.0,53.71
2023-12-14,2767280.0,-579888.0,,27567593.0,53.8
2023-12-15,1369277.0,599761.0,,15419815.0,53.82
2023-12-18,167448.0,-1125689.0,,9690551.0,53.82
2023-12-19,-521977.0,1207436.0,,8907632.0,53.83
2023-12-20,1992355.0,4993461.0,,16870156.0,53.86
2023-12-21,2686576.0,1004505.0,,13478766.0,53.9
2023-12-22,1973038.0,2447623.0,,14515608.0,53.92
2023-12-26,486559.0,3964738.0,,13164909.0,53.91
2023-12-27,4124565.0,-1105606.0,,20651042.0,53.99
2023-12-28,1087850.0,2849040.0,,17797536.0,54.0
2024-01-02,2307643.0,564768.0,,17142847.0,54.05
2024-01-03,386106.0,-3892083.0,,21753644.0,54.04
2024-01-04,634243.0,-2491314.0,,15324439.0,54.05
2024-01-05,-537040.0,-1051550.0,,11304316.0,54.06
2024-01-08,612460.0,-1383150.0,,11088724.0,54.07
2024-01-09,-1313373.0,-1252350.0,,26019249.0,54.03
2024-01-10,-1351784.0,-1023455.0,,20259529.0,54.0
2024-01-11,23221875.0,-31256766.0,,57691266.0,54.44
2024-01-12,-410448.0,-753303.0,,13038939.0,54.23
2024-01-15,810473.0,270342.0,,13212339.0,54.25
2024-01-16,-739816.0,-1516685.0,,14760415.0,54.24
2024-01-17,-3619660.0,-525968.0,,22683660.0,54.18
2024-01-18,-865935.0,59931.0,,17853397.0,54.18
2024-01-19,6469630.0,-509888.0,,23363427.0,54.28
2024-01-22,1818026.0,-163819.0,,19673375.0,54.31
2024-01-23,1251237.0,-133492.0,,14786224.0,54.34
2024-01-24,-180562.0,-926539.0,,12860661.0,54.34
2024-01-25,821794.0,-89590.0,,11737747.0,54.35
2024-01-26,811076.0,-789926.0,,11160062.0,54.39
2024-01-29,2954226.0,-417687.0,,13976521.0,54.43
2024-01-30,-612775.0,14472.0,,12244418.0,54.43
2024-01-31,-1345974.0,-1277156.0,,15703560.0,54.42
2024-02-01,5116361.0,-4377851.0,,19881033.0,54.51
2024-02-02,1864307.0,1992933.0,,14955881.0,54.55
2024-02-05,1945912.0,-4943504.0,,19026021.0,54.58
2024-02-06,324447.0,-492974.0,,14559254.0,54.61
2024-02-07,744839.0,1528365.0,,16566445.0,54.62
2024-02-08,-4917760.0,1270497.0,,20810708.0,54.53
2024-02-13,1081639.0,2632864.0,,21966745.0,54.52
2024-02-14,-1689615.0,-2442582.0,,12434945.0,54.5
2024-02-15,-1678961.0,-2057378.0,,14120600.0,54.47
2024-02-16,-333212.0,-794743.0,,13444781.0,54.51
2024-02-19,1875199.0,569033.0,,12726404.0,54.54
2024-02-20,302706.0,-1260421.0,,14681477.0,54.54
2024-02-21,-784856.0,-44080.0,,11503495.0,54.53
2024-02-22,-2135820.0,147151.0,,15208934.0,54.49
2024-02-23,-1443503.0,1333835.0,,16225166.0,54.48
2024-02-26,828731.0,-36577.0,,14669352.0,54.5
2024-02-27,451492.0,-686619.0,,13201981.0,54.52
2024-02-28,238222.0,326503.0,,11795859.0,54.55
2024-02-29,1289044.0,-2429652.0,,21176403.0,54.57
2024-03-04,3215035.0,714522.0,,23210474.0,54.66
2024-03-05,306631.0,-1353446.0,,19505125.0,54.66
2024-03-06,-3183367.0,-683981.0,,21547905.0,54.61
2024-03-07,-4294027.0,86490.0,,14516963.0,54.54
2024-03-08,-1597068.0,3346510.0,,19271349.0,54.51
2024-03-11,-1677178.0,-469163.0,,9740504.0,54.5
2024-03-12,-2411246.0,2950142.0,,13011654.0,54.46
2024-03-13,3310676.0,930910.0,,15243134.0,54.51
2024-03-14,131956.0,1688634.0,,22545539.0,54.52
2024-03-15,-6965474.0,53840.0,,22580555.0,54.4
2024-03-18,-800327.0,-233229.0,,11520348.0,54.39
2024-03-19,553638.0,-2900837.0,,15376066.0,54.4
2024-03-20,12004480.0,8519333.0,,50106297.0,54.62
2024-03-21,13465374.0,6329108.0,,44569799.0,54.85
2024-03-22,4420962.0,-388361.0,,26724761.0,54.93
2024-03-25,1020858.0,-1116448.0,,18703996.0,54.95
2024-03-26,5940662.0,2485847.0,,30551494.0,55.07
2024-03-27,116756.0,1630951.0,,17424595.0,55.1
2024-03-28,4986521.0,1282012.0,,25084812.0,55.18
2024-03-29,7793777.0,411942.0,,27126366.0,55.31
2024-04-01,1165074.0,-117544.0,,20116513.0,55.33
2024-04-02,11878085.0,-301604.0,,37077944.0,55.57
2024-04-03,2489490.0,-3194490.0,,30493347.0,55.61
2024-04-04,4318603.0,738445.0,,25248934.0,55.68
2024-04-05,872213.0,-1827166.0,,18883752.0,55.7
2024-04-08,2341510.0,-1498236.0,,18953232.0,55.73
2024-04-09,5044604.0,-5269292.0,,23725956.0,55.81
2024-04-11,6714881.0,-5831471.0,,25538009.0,55.93
2024-04-12,773006.0,-2008431.0,,17061770.0,55.96
2024-04-15,-887788.0,-943327.0,,26663772.0,55.95
2024-04-16,1342151.0,-1546037.0,,31949845.0,55.98
2024-04-17,-1818372.0,-209423.0,,22611631.0,55.97
2024-04-18,956828.0,-674930.0,,21370190.0,55.99
2024-04-19,-80787.0,-4327672.0,,31317563.0,55.99
2024-04-22,-8435359.0,2924151.0,,30469477.0,55.87
2024-04-23,-3144487.0,110010.0,,18717699.0,55.81
2024-04-24,2652606.0,780960.0,,22166150.0,55.87
2024-04-25,-1068725.0,-2538926.0,,15549134.0,55.86
2024-04-26,-289404.0,-346355.0,,12755629.0,55.87
2024-04-29,-1526003.0,-353897.0,,14664474.0,55.85
2024-04-30,586707.0,1174209.0,,19007007.0,55.87
2024-05-02,540896.0,103784.0,,18900640.0,55.88
2024-05-03,-194355.0,-78198.0,,13151889.0,55.88
2024-05-07,7344731.0,3127233.0,,26238868.0,56.0
2024-05-08,1517069.0,-378728.0,,13089576.0,56.02
2024-05-09,-1230091.0,24866.0,,18759935.0,56.01
2024-05-10,626178.0,-2037692.0,,16976124.0,56.02
2024-05-13,-960777.0,-1674382.0,,18652344.0,56.01
2024-05-14,-391712.0,64598.0,,11763992.0,56.0
2024-05-16,-3782864.0,1856645.0,,20989778.0,55.96
2024-05-17,-3392113.0,-90450.0,,15918201.0,55.9
2024-05-20,176304.0,2591622.0,,19456783.0,55.9
2024-05-21,1279885.0,-1990989.0,,13690583.0,55.92
2024-05-22,-1449077.0,72246.0,,19521506.0,55.9
2024-05-23,1435813.0,-1025723.0,,18728087.0,55.92
2024-05-24,-7412523.0,-3921932.0,,27891278.0,55.79
2024-05-27,-9518410.0,3337368.0,,43825202.0,55.63
2024-05-28,-841506.0,2488613.0,,18539072.0,55.62
2024-05-29,-5638189.0,536510.0,,30244875.0,55.52
2024-05-30,-6641717.0,-2157062.0,,28551273.0,55.41
2024-05-31,-6125323.0,3314003.0,,26198776.0,55.31
2024-06-03,1809129.0,821390.0,,15706268.0,55.33
2024-06-04,-370966.0,-357735.0,,14098053.0,55.33
2024-06-05,5148464.0,-2880380.0,,23177968.0,55.41
2024-06-07,-2400044.0,1239125.0,,21189349.0,55.37
2024-06-10,-1893335.0,-2315098.0,,14598755.0,55.34
2024-06-11,-2395238.0,-732641.0,,16971175.0,55.3
2024-06-12,-427350.0,-75724.0,,19246725.0,55.29
2024-06-13,12006627.0,-350325.0,,33763804.0,55.5
2024-06-14,6624125.0,-1159458.0,,22926612.0,55.6
2024-06-17,-543191.0,-947913.0,,16123051.0,55.59
2024-06-18,5596986.0,401243.0,,18207598.0,55.68
2024-06-19,2961886.0,3843571.0,,24168863.0,55.73
2024-06-20,4002722.0,1958303.0,,20288913.0,55.8
2024-06-21,-1550134.0,-392128.0,,17907523.0,55.77
2024-06-24,262698.0,281038.0,,15454227.0,55.77
2024-06-25,2811000.0,-476258.0,,19088458.0,55.81
2024-06-26,1296887.0,-793488.0,,17783242.0,55.83
2024-06-27,4868086.0,-3472885.0,,11739720.0,55.9
2024-06-28,-961953.0,207314.0,,9455929.0,55.88
2024-07-01,1026182.0,442996.0,,11317202.0,55.9
2024-07-02,2196728.0,-1172626.0,,14471904.0,55.94
2024-07-03,-45349.0,366480.0,,11440328.0,55.94
2024-07-04,7908678.0,6993695.0,,43857229.0,56.09
2024-07-05,13684182.0,6809451.0,,45791193.0,56.32
2024-07-08,3915226.0,-1128290.0,,24035809.0,56.39
2024-07-09,3776514.0,-3751.0,,21336201.0,56.45
2024-07-10,3468580.0,-1447489.0,,17813847.0,56.51
2024-07-11,2344737.0,-1171760.0,,24677608.0,56.55
2024-07-12,-3628157.0,154761.0,,26344386.0,56.49
2024-07-15,-722210.0,4178194.0,,25193080.0,56.48
2024-07-16,2032558.0,645166.0,,16166688.0,56.52
2024-07-17,403134.0,-306635.0,,18186490.0,56.53
2024-07-18,-927838.0,1853095.0,,24721790.0,56.51
2024-07-19,-2932308.0,-1750534.0,,18569122.0,56.46
2024-07-22,-367287.0,-242867.0,,18987560.0,56.46
2024-07-23,2476024.0,-1694295.0,,15766389.0,56.5
2024-07-24,-2621848.0,-492483.0,,16939083.0,56.46
2024-07-25,192559.0,-1877734.0,,20323811.0,56.46
2024-07-26,-1782230.0,719026.0,,14508334.0,56.43
2024-07-29,51574.0,-554806.0,,12797136.0,56.43
2024-07-30,-314454.0,-1379203.0,,13169636.0,56.43
2024-07-31,1672730.0,958338.0,,20744323.0,56.46
2024-08-01,330098.0,-1061536.0,,20900338.0,56.48
2024-08-02,-3606822.0,-3138554.0,,25800275.0,56.42
2024-08-05,-16525938.0,-2439089.0,,54608790.0,56.14
2024-08-06,-2538825.0,-7018788.0,,47295226.0,56.1
2024-08-07,1082652.0,-2123457.0,,32710428.0,56.12
2024-08-08,-3277706.0,-3828398.0,,28414729.0,56.06
2024-08-09,562102.0,-21816.0,,16388222.0,56.07
2024-08-12,475487.0,112759.0,,9839259.0,56.08
2024-08-13,1854340.0,-202595.0,,10716261.0,56.11
2024-08-14,2044945.0,-230603.0,,13246168.0,56.15
2024-08-16,6525166.0,918078.0,,22061478.0,56.26
2024-08-19,-1466156.0,-339031.0,,14146565.0,56.23
2024-08-20,922777.0,-141999.0,,10683836.0,56.25
2024-08-21,80046.0,177643.0,,7805598.0,56.25
2024-08-22,311492.0,-452139.0,,8149101.0,56.26
2024-08-23,-1159298.0,748590.0,,9420306.0,56.24
2024-08-26,-3727943.0,584334.0,,15655938.0,56.18
2024-08-27,-1443396.0,304677.0,,11130145.0,56.16
2024-08-28,-1463264.0,533263.0,,9794514.0,56.14
2024-08-29,-4511575.0,-2181014.0,,16884479.0,56.06
2024-08-30,-2518047.0,1361771.0,,16358520.0,56.02
2024-09-02,1853379.0,-2373353.0,,12641376.0,56.07
2024-09-03,-5796911.0,-1679852.0,,16314599.0,55.98
2024-09-04,-7351258.0,-4032669.0,,27366563.0,55.85
2024-09-05,-8691279.0,-367199.0,,25686769.0,55.71
2024-09-06,-2414462.0,-403539.0,,19022299.0,55.67
2024-09-09,-5737791.0,-805258.0,,23263298.0,55.58
2024-09-10,-8793411.0,-1283398.0,,30651376.0,55.43
2024-09-11,-13948410.0,-608807.0,,35809707.0,55.2
2024-09-12,-5202516.0,893581.0,,35884106.0,55.11
2024-09-13,-12121480.0,492192.0,,25045135.0,54.9
2024-09-19,-14595306.0,5359556.0,,49402713.0,54.66
2024-09-20,-6285792.0,1239652.0,,32746056.0,54.55
2024-09-23,-10102467.0,1860477.0,,28542376.0,54.38
2024-09-24,-7579418.0,2828093.0,,26957500.0,54.22
2024-09-25,-8760050.0,3172763.0,,28652438.0,54.07
2024-09-26,-3726164.0,4782001.0,,37566015.0,53.99
2024-09-27,-1590295.0,-1106122.0,,28433030.0,53.94
2024-09-30,-11085140.0,-2310470.0,,32694163.0,53.75
2024-10-02,-1823196.0,-2523471.0,,28473536.0,53.75
2024-10-04,-5186525.0,-1123099.0,,24247578.0,53.68
2024-10-07,-8947796.0,1246964.0,,35066533.0,53.53
2024-10-08,-4161801.0,-1439648.0,,27411786.0,53.46
2024-10-10,-5373866.0,-4365996.0,,45262214.0,53.37
2024-10-11,-6598294.0,3846376.0,,29623969.0,53.26
2024-10-14,-1555946.0,2516395.0,,20886249.0,53.23
2024-10-15,-1027256.0,173631.0,,22715239.0,53.21
2024-10-16,-4580932.0,-778819.0,,23303268.0,53.14
2024-10-17,-4676279.0,1129831.0,,23372873.0,53.07
2024-10-18,-2901077.0,-265239.0,,14420260.0,53.02
2024-10-21,-709724.0,-728556.0,,18514905.0,53.01
2024-10-22,-4910057.0,-2633790.0,,27582527.0,52.93
2024-10-23,-867721.0,976003.0,,27300780.0,52.93
2024-10-24,-11418360.0,-1472790.0,,31499922.0,52.74
2024-10-25,-5753845.0,-730431.0,,25829315.0,52.64
2024-10-28,159697.0,2680075.0,,27775009.0,52.65
2024-10-29,123273.0,1828976.0,,28369314.0,52.66
2024-10-30,-3112658.0,878787.0,,19838511.0,52.6
2024-10-31,-1988436.0,2007184.0,,35809196.0,52.57
2024-11-01,-2120523.0,-1807388.0,,19083180.0,52.53
2024-11-04,-2115118.0,1268496.0,,15586947.0,52.5
2024-11-05,-3134634.0,-851596.0,,17484474.0,52.45
2024-11-06,-2593386.0,-425390.0,,22092218.0,52.41
2024-11-07,-382069.0,49162.0,,17043102.0,52.4
2024-11-08,-1581059.0,1145574.0,,13877396.0,52.38
2024-11-11,-9719403.0,-1814218.0,,29811326.0,52.22
2024-11-12,-8016540.0,191953.0,,37962881.0,52.1
2024-11-13,-14248950.0,1404176.0,,52527995.0,51.87
2024-11-14,-9237185.0,1495246.0,,48510715.0,51.72
2024-11-15,2420465.0,1053131.0,,46774485.0,51.76
2024-11-18,-2874979.0,-546621.0,,48095234.0,51.7
2024-11-19,-2261960.0,2337463.0,,31539632.0,51.66
2024-11-20,-1237213.0,-259746.0,,20864667.0,51.64
2024-11-21,-710947.0,926548.0,,19096850.0,51.61
2024-11-22,-3181446.0,1401614.0,,15281543.0,51.56
2024-11-25,-168148.0,2247614.0,,36237325.0,51.56
2024-11-26,910548.0,-1964635.0,,23209405.0,51.57
2024-11-27,-4981632.0,-376261.0,,21808387.0,51.49
2024-11-28,-3358322.0,30380.0,,20001134.0,51.41
2024-11-29,-3676336.0,-551553.0,,24513531.0,51.35
2024-12-02,-3950009.0,2032509.0,,22044867.0,51.3
2024-12-03,-2093757.0,294309.0,,23374603.0,51.26
2024-12-04,-1457663.0,-345726.0,,29004766.0,51.23
2024-12-05,-2589129.0,2504435.0,,23588277.0,51.17
2024-12-06,-1311379.0,3144845.0,,22861874.0,51.13
2024-12-09,-1380362.0,2470239.0,,26227680.0,51.1
2024-12-10,-2450097.0,1082090.0,,20783970.0,51.07
2024-12-11,-1498641.0,124833.0,,14565947.0,51.04
2024-12-12,-1038791.0,2756588.0,,33476698.0,51.01
2024-12-13,-1980759.0,671258.0,,15908823.0,50.98
2024-12-16,-3038638.0,180465.0,,15277277.0,50.9
2024-12-17,-4270079.0,664317.0,,20215230.0,50.82
2024-12-18,741183.0,80755.0,,13698937.0,50.84
2024-12-19,-6144270.0,-2803911.0,,22481925.0,50.76
2024-12-20,-4792393.0,-1335038.0,,24674774.0,50.64
2024-12-23,-830210.0,464199.0,,13672650.0,50.6
2024-12-24,1906338.0,64871.0,,11634677.0,50.59
2024-12-26,-1359343.0,-125220.0,,10517075.0,50.56
2024-12-27,-43194.0,-261276.0,,10747196.0,50.54
2024-12-30,-2676872.0,-60782.0,,12624702.0,50.46
2025-01-02,-988799.0,-1588872.0,,16630538.0,50.45
2025-01-03,620183.0,2135737.0,,19318046.0,50.47
2025-01-06,1702569.0,940903.0,,19034284.0,50.5
2025-01-07,-883092.0,-231399.0,,17030235.0,50.49
2025-01-08,4819822.0,399884.0,,26593553.0,50.57
2025-01-09,756244.0,-3236305.0,,24490592.0,50.6
2025-01-10,-1986925.0,-1634708.0,,16059223.0,50.58
2025-01-13,-4633854.0,-301692.0,,16868600.0,50.5
2025-01-14,-3715058.0,-3456.0,,17465926.0,50.44
2025-01-15,-2691335.0,-1661776.0,,18625025.0,50.4
2025-01-16,1007189.0,-278394.0,,18627298.0,50.41
2025-01-17,-5067220.0,-1998867.0,,18805344.0,50.33
2025-01-20,-2521966.0,-310068.0,,11822531.0,50.3
2025-01-21,-814878.0,-154950.0,,13535702.0,50.29
2025-01-22,-1355783.0,859910.0,,18341991.0,50.28
2025-01-23,-1934277.0,233240.0,,15588067.0,50.24
2025-01-24,-1795106.0,-96823.0,,11867631.0,50.21
2025-01-31,-13409551.0,2098023.0,,42186279.0,49.99
2025-02-03,-7891814.0,-1896251.0,,32344897.0,49.87
2025-02-04,3603646.0,-184005.0,,27214851.0,49.94
2025-02-05,-2172186.0,274733.0,,15974885.0,49.91
2025-02-06,1015939.0,1359185.0,,16466025.0,49.93
2025-02-07,-1996510.0,1366708.0,,14476866.0,49.89
2025-02-10,779404.0,2854317.0,,27577591.0,49.91
2025-02-11,724800.0,2707225.0,,24596196.0,49.92
2025-02-12,6902977.0,-6459832.0,,26428596.0,50.04
2025-02-13,-2039288.0,1929871.0,,22448377.0,50.0
2025-02-14,-915067.0,2893879.0,,23979779.0,49.99
2025-02-17,-1275997.0,878911.0,,11916027.0,49.96
2025-02-18,2331000.0,998081.0,,22131007.0,50.0
2025-02-19,1886776.0,5091141.0,,25395151.0,50.03
2025-02-20,242367.0,-281150.0,,21589059.0,50.04
2025-02-21,-982966.0,-457671.0,,22198428.0,50.03
2025-02-24,185352.0,-1564214.0,,14138471.0,50.03
2025-02-25,666830.0,-1231168.0,,14625181.0,50.07
2025-02-26,-3749201.0,834180.0,,18117091.0,50.01
2025-02-27,642650.0,-1784194.0,,14975356.0,50.09
2025-02-28,-3409735.0,-3349993.0,,28036698.0,50.03
2025-03-04,-649221.0,-880960.0,,18553933.0,50.03
2025-03-05,-2244610.0,-2581248.0,,16578817.0,49.96
2025-03-06,-1147145.0,-677765.0,,12258101.0,50.34
2025-03-07,-2720497.0,-730424.0,,14274992.0,50.29
2025-03-10,-1464567.0,-339446.0,,12921670.0,50.26
2025-03-11,-468043.0,-1795982.0,,17740891.0,50.26
2025-03-12,2317596.0,10189.0,,17973221.0,50.29
2025-03-13,-2982397.0,1856239.0,,24132151.0,50.23
2025-03-14,-1929302.0,284920.0,,10845154.0,50.19
2025-03-17,8587851.0,3962768.0,,35559021.0,50.32
2025-03-18,3688133.0,-109820.0,,28138594.0,50.38
2025-03-19,4697674.0,2291756.0,,29421759.0,50.46
2025-03-20,8383930.0,463402.0,,34989004.0,50.59
2025-03-21,7838733.0,-1015330.0,,40155612.0,50.73
2025-03-24,-650040.0,-314517.0,,14088094.0,50.69
2025-03-25,-56414.0,-300605.0,,17259455.0,50.67
2025-03-26,2326780.0,522082.0,,16431645.0,50.68
2025-03-27,5198009.0,-1084964.0,,20389790.0,50.73
2025-03-28,-1579209.0,-1340029.0,,16282514.0,50.72
2025-03-31,-3589073.0,485125.0,,17633494.0,50.67
2025-04-01,-1721310.0,21723.0,,13841706.0,50.69
2025-04-02,-472191.0,-540044.0,,14402297.0,50.7
2025-04-03,-5306645.0,-352877.0,,19508076.0,50.64
2025-04-04,-7280803.0,74520.0,,23527139.0,50.51
2025-04-07,-12304972.0,1303481.0,,31998883.0,50.29
2025-04-08,-4079174.0,-489311.0,,25532845.0,50.24
2025-04-09,-2701098.0,-1466542.0,,20576960.0,50.2
2025-04-10,-214043.0,1117658.0,,22948172.0,50.21
2025-04-11,-4071863.0,143879.0,,13930480.0,50.15
2025-04-14,906362.0,-284555.0,,12852613.0,50.17
2025-04-15,661174.0,230992.0,,8998640.0,50.18
2025-04-16,-4858306.0,-488119.0,,14437025.0,50.1
2025-04-17,-2062649.0,936149.0,,10867069.0,50.06
2025-04-18,493947.0,-687303.0,,5848342.0,50.06
2025-04-21,-54366.0,-504852.0,,5941847.0,50.06
2025-04-22,-1824504.0,-48593.0,,9532469.0,50.03
2025-04-23,-1485159.0,1494294.0,,11148692.0,50.0
2025-04-24,45419.0,-831559.0,,10580377.0,50.0
2025-04-25,-1568114.0,770545.0,,12183303.0,49.97
2025-04-28,-642327.0,-105820.0,,9341518.0,49.95
2025-04-29,-167161.0,783006.0,,10295518.0,49.95
2025-04-30,-1624733.0,-668116.0,,13014189.0,49.89
2025-05-02,-12002738.0,1122449.0,,22454204.0,49.68
2025-05-07,-2368747.0,155796.0,,17136991.0,49.65
2025-05-08,89403.0,-2018842.0,,16320532.0,49.68
2025-05-09,-4171.0,-616541.0,,7814322.0,49.69
2025-05-12,2380853.0,2111451.0,,15414702.0,49.74
2025-05-13,68561.0,642495.0,,16842801.0,49.73
2025-05-14,-170326.0,1230186.0,,12468089.0,49.73
2025-05-15,2859317.0,-1205859.0,,13139736.0,49.79
2025-05-16,-1275505.0,-199115.0,,10385352.0,49.79
2025-05-19,-616175.0,-1023409.0,,9802105.0,49.76
2025-05-20,-705617.0,97762.0,,9080577.0,49.75
2025-05-21,-844810.0,-336958.0,,7794181.0,49.73
2025-05-22,-3162576.0,-2072115.0,,15254278.0,49.67
2025-05-23,-2619555.0,-978163.0,,11247115.0,49.66
2025-05-26,-2080330.0,1062146.0,,10901337.0,49.64
2025-05-27,-4996871.0,422087.0,,13439520.0,49.56
2025-05-28,2128110.0,3485737.0,,17516283.0,49.61
2025-05-29,-147273.0,1092586.0,,12936810.0,49.65
2025-05-30,-143854.0,1983005.0,,26219683.0,49.65
2025-06-02,862608.0,-600990.0,,12870515.0,49.64
2025-06-04,2066760.0,1167290.0,,19649983.0,49.64
2025-06-05,4766305.0,2319804.0,,23266027.0,49.72
2025-06-09,5139695.0,-2161043.0,,19609659.0,49.81
2025-06-10,-922353.0,-294787.0,,15305760.0,49.77
2025-06-11,2231164.0,407231.0,,13610734.0,49.82
2025-06-12,326870.0,-1169471.0,,17755115.0,49.82
2025-06-13,4939.0,-3621831.0,,20705979.0,49.82
2025-06-16,-6936197.0,716799.0,,22200872.0,49.69
2025-06-17,1788532.0,993603.0,,28637003.0,49.73
2025-06-18,3837978.0,737667.0,,17620705.0,49.78
2025-06-19,-438270.0,-1143259.0,,16876278.0,49.75
2025-06-20,-837776.0,51082.0,,18072251.0,49.73
2025-06-23,-1341375.0,-4239589.0,,16551694.0,49.69
2025-06-24,5431405.0,1857835.0,,23737899.0,49.76
2025-06-25,1965255.0,-807968.0,,23933612.0,49.78
2025-06-26,-1670898.0,-1343036.0,,19402300.0,49.73
2025-06-27,613336.0,2059747.0,,17340470.0,49.74
2025-06-30,-5280658.0,810571.0,,17110294.0,49.64
2025-07-01,134384.0,1118746.0,,13650991.0,49.64
2025-07-02,-361861.0,925078.0,,15047951.0,49.64
2025-07-03,9016629.0,4101822.0,,32040639.0,49.8
2025-07-04,-187493.0,-817885.0,,23748959.0,49.79
2025-07-07,-2815516.0,-1020720.0,,17164708.0,49.75
2025-07-08,-1921467.0,-873548.0,,20213724.0,49.72
2025-07-09,-3338833.0,-2068875.0,,17533415.0,49.66
2025-07-10,642576.0,-1749115.0,,14768473.0,49.68
2025-07-11,4931682.0,66601.0,,19140650.0,49.78
2025-07-14,-691146.0,-149948.0,,13563846.0,49.76
2025-07-15,3644735.0,-417809.0,,18442202.0,49.83
2025-07-16,5776459.0,-1032970.0,,23042660.0,49.93
2025-07-17,7958497.0,1872752.0,,39448683.0,50.08
2025-07-18,5916623.0,-1624140.0,,23951531.0,50.19
2025-07-21,2807470.0,-673906.0,,17723148.0,50.24
2025-07-22,-703436.0,-796099.0,,20829006.0,50.24
2025-07-23,-1092942.0,-346932.0,,15687058.0,50.22
2025-07-24,625287.0,-938957.0,,12660193.0,50.23
2025-07-25,766421.0,-869600.0,,8080910.0,50.25
2025-07-28,9848180.0,3709966.0,,35332500.0,50.44
2025-07-29,3589896.0,-626808.0,,28190940.0,50.49
2025-07-30,8113238.0,1287183.0,,34761444.0,50.65
2025-07-31,-1058355.0,-2147850.0,,26568072.0,50.62
2025-08-01,-515871.0,-2430127.0,,24038534.0,50.61
2025-08-04,-466423.0,-934749.0,,14780072.0,50.61
2025-08-05,-2538902.0,104329.0,,14392903.0,50.56
2025-08-06,-611730.0,-945597.0,,12542415.0,50.55
2025-08-07,-390706.0,614600.0,,15008213.0,50.55
2025-08-08,2293942.0,937140.0,,22241128.0,50.61
2025-08-11,-2029800.0,-571822.0,,11354253.0,50.57
2025-08-12,517968.0,-353992.0,,15797656.0,50.58
2025-08-13,289087.0,-224433.0,,12305742.0,50.6
2025-08-14,-1814682.0,1327501.0,,11946122.0,50.57
2025-08-18,-2483669.0,-298892.0,,13595591.0,50.52
2025-08-19,-1045143.0,714443.0,,10533082.0,50.51
2025-08-20,75217.0,1906578.0,,17445516.0,50.52
2025-08-21,1914069.0,-1325464.0,,18843833.0,50.56
2025-08-22,428499.0,34024.0,,9277432.0,50.56
2025-08-25,-1921680.0,-506058.0,,10345178.0,50.53
2025-08-26,-2271718.0,-905157.0,,14712519.0,50.5
2025-08-27,-848232.0,-82081.0,,10523405.0,50.49
2025-08-28,-3462829.0,-793042.0,,11578024.0,50.52
2025-08-29,-1779463.0,-165432.0,,11682267.0,50.49
2025-09-01,-2707270.0,-1078375.0,,12002343.0,50.32
2025-09-02,1914612.0,-805050.0,,10604028.0,50.35
2025-09-03,1387860.0,-1111477.0,,10283009.0,50.37
2025-09-04,415114.0,-645230.0,,12284414.0,50.38
2025-09-05,-1550793.0,-103239.0,,11526724.0,50.35
2025-09-08,682321.0,-167019.0,,9263135.0,50.37
2025-09-09,3847532.0,1864337.0,,14870245.0,50.44
2025-09-10,5280895.0,4582471.0,,21928565.0,50.54
2025-09-11,-76406.0,5558618.0,,20793501.0,50.53
2025-09-12,10543324.0,6015158.0,,28219678.0,50.72
2025-09-15,3396333.0,1660236.0,,19908805.0,50.78
2025-09-16,13065687.0,886516.0,,28218265.0,51.02
2025-09-17,2119727.0,-797224.0,,20856317.0,51.04
2025-09-18,4353498.0,4524496.0,,25619035.0,51.12
2025-09-19,130014.0,-1073051.0,,20898386.0,51.11
2025-09-22,8006938.0,1932257.0,,27529656.0,51.25
2025-09-23,1918392.0,-1300282.0,,23610263.0,51.26
2025-09-24,805588.0,517678.0,,18300997.0,51.27
2025-09-25,4889117.0,276865.0,,19665151.0,51.35
2025-09-26,1568146.0,-2836910.0,,24071193.0,51.37
2025-09-29,1042519.0,966344.0,,13069094.0,51.38
2025-09-30,1263686.0,-240957.0,,16319061.0,51.41
2025-10-01,6152420.0,1484044.0,,22039361.0,51.52
2025-10-02,19112325.0,233409.0,,49883028.0,51.85
2025-10-10,6365411.0,366625.0,,35269748.0,51.96
2025-10-13,-2438145.0,67960.0,,23883308.0,51.92
2025-10-14,2731139.0,-2355665.0,,35545235.0,51.96
2025-10-15,1732981.0,1592972.0,,21050111.0,52.0
2025-10-16,5761945.0,2000393.0,,28141060.0,52.09
2025-10-17,4052021.0,-1069212.0,,22730809.0,52.15
2025-10-20,-995287.0,970254.0,,17589756.0,52.13
2025-10-21,652462.0,1271387.0,,22803830.0,52.15
2025-10-22,-504443.0,1098158.0,,15937611.0,52.15
2025-10-23,-1184718.0,-1560979.0,,18488581.0,52.13
2025-10-24,5223327.0,3565823.0,,18801925.0,52.22
2025-10-27,7752049.0,1615226.0,,22169970.0,52.36
2025-10-28,-2587549.0,-913950.0,,20002282.0,52.3
2025-10-29,-2014869.0,855784.0,,20899788.0,52.26
2025-10-30,5132582.0,59109.0,,34570017.0,52.36
2025-10-31,17417030.0,-15452058.0,,54824564.0,52.62
2025-11-03,-2572193.0,2283333.0,,30110066.0,52.56
2025-11-04,-5492967.0,-731109.0,,30450281.0,52.47
2025-11-05,-1632752.0,-1069851.0,,44843020.0,52.43
2025-11-06,-7198749.0,1744157.0,,28655689.0,52.3
2025-11-07,2597021.0,-1833179.0,,22908083.0,52.34
2025-11-10,703232.0,1137212.0,,23842327.0,52.36
2025-11-11,2239548.0,1393210.0,,27742542.0,52.39
2025-11-12,-4326840.0,1925957.0,,19413497.0,52.32
2025-11-13,1882606.0,-4088635.0,,20838741.0,52.34
2025-11-14,-5945086.0,-3296936.0,,21806342.0,52.23
2025-11-17,3035482.0,356569.0,,17192584.0,52.29
2025-11-18,812607.0,-1741093.0,,18684068.0,52.31
2025-11-19,-2083771.0,874849.0,,18993346.0,52.27
2025-11-20,5246781.0,1747180.0,,25360435.0,52.36
2025-11-21,-8328938.0,-111484.0,,23103574.0,52.2
2025-11-24,322617.0,3727780.0,,29831172.0,52.22
2025-11-25,93219.0,326332.0,,16110054.0,52.22
2025-11-26,2067940.0,3682696.0,,21314975.0,52.26
2025-11-27,1432144.0,957997.0,,16453004.0,52.27
2025-11-28,-5123789.0,1375870.0,,15292277.0,52.17
2025-12-01,-11946.0,-390446.0,,10905526.0,52.14
2025-12-02,4133779.0,1185015.0,,13649487.0,52.22
2025-12-03,1256588.0,1760610.0,,14697927.0,52.24
2025-12-04,-24865.0,498024.0,,11931145.0,52.21
2025-12-05,4058756.0,1838285.0,,19755571.0,52.28
2025-12-08,1434205.0,-587472.0,,15527762.0,52.3
2025-12-09,-3588776.0,426570.0,,13671800.0,52.23
2025-12-10,-870935.0,-987960.0,,12365092.0,52.21
2025-12-11,2489101.0,-4352937.0,,22994507.0,52.26
2025-12-12,-865104.0,3049014.0,,14210314.0,52.24
2025-12-15,-6640175.0,-1038292.0,,20594654.0,52.11
2025-12-16,-1730798.0,-170685.0,,18852079.0,52.07
2025-12-17,2194708.0,1901835.0,,22297611.0,52.12
2025-12-18,-873792.0,417747.0,,20445631.0,52.11
2025-12-19,-6759652.0,1614758.0,,25917098.0,51.98
2025-12-22,7228137.0,5250125.0,,24859171.0,52.13
2025-12-23,5367347.0,1331000.0,,20419187.0,52.22
2025-12-24,460617.0,1248329.0,,12492939.0,52.22
2025-12-26,10849355.0,2925086.0,,34018174.0,52.42
2025-12-29,-4636173.0,-682301.0,,19676004.0,52.34
2025-12-30,-1240182.0,-275056.0,,19746349.0,52.33
2026-01-02,2366002.0,-918307.0,,30463279.0,52.37
2026-01-05,2475284.0,-3264831.0,,42863376.0,52.4
2026-01-06,-11191609.0,236370.0,,45321341.0,52.18
2026-01-07,2019337.0,-2529731.0,,46317413.0,52.22
2026-01-08,-3734594.0,-5130274.0,,41449329.0,52.15
2026-01-09,-6672482.0,1990474.0,,29520566.0,52.03
2026-01-12,-6786143.0,681722.0,,26271134.0,51.91
2026-01-13,-3772770.0,-83656.0,,22384699.0,51.84
2026-01-14,152616.0,1895093.0,,18444394.0,51.85
2026-01-15,261224.0,4001578.0,,24701126.0,51.85
2026-01-16,811557.0,1267814.0,,30000219.0,51.86
2026-01-19,-70936.0,-741247.0,,22762497.0,51.86
2026-01-20,-2944259.0,-1963641.0,,24059218.0,51.8
2026-01-21,6600000.0,426468.0,,31703610.0,51.92
2026-01-22,1333121.0,136101.0,,32073624.0,51.93
2026-01-23,-1729586.0,-1501383.0,,25407497.0,51.89
2026-01-26,703937.0,-2372345.0,,20561689.0,51.91
2026-01-27,3490691.0,827117.0,,29423670.0,51.97
2026-01-28,-1761499.0,-900399.0,,29456431.0,51.93
2026-01-29,-7415509.0,-1769435.0,,36087223.0,51.8
2026-01-30,-3669445.0,1139860.0,,40557267.0,51.74
2026-02-02,-6237202.0,-3097649.0,,39748369.0,51.62
2026-02-03,4126708.0,3575465.0,,36529813.0,51.72
2026-02-04,-5647362.0,3877159.0,,29943042.0,51.62
2026-02-05,-16017134.0,-4566923.0,,38435228.0,51.3
2026-02-06,-5705438.0,1252824.0,,36358081.0,51.18
2026-02-09,510164.0,4465185.0,,25098971.0,51.19
2026-02-10,1837045.0,880521.0,,19369566.0,51.22
2026-02-11,3681106.0,-49410.0,,22760242.0,51.28
2026-02-12,13526444.0,244823.0,,41296011.0,51.52
2026-02-13,-4715928.0,556164.0,,34454192.0,51.42
2026-02-19,-5656680.0,1738080.0,,27049388.0,51.3
2026-02-20,-10839769.0,3427880.0,,24213880.0,51.09
2026-02-23,-5936436.0,754361.0,,26364684.0,51.0
2026-02-24,-2294251.0,3776093.0,,28060617.0,50.96
2026-02-25,-8781657.0,1393600.0,,26987996.0,50.8
2026-02-26,-7738139.0,1604297.0,,30095763.0,50.66
2026-02-27,-19602376.0,1554880.0,,51774768.0,50.3
2026-03-03,-15559676.0,1036502.0,,54879010.0,50.03
2026-03-04,-3721894.0,1534865.0,,89427954.0,49.97
2026-03-05,-1781451.0,-3453742.0,,53959129.0,49.95
2026-03-06,-6210646.0,-3014565.0,,29522650.0,49.82
2026-03-09,-8072158.0,-3076268.0,,43066020.0,49.67
2026-03-10,4105267.0,1055834.0,,33530170.0,49.79
2026-03-11,-782997.0,514922.0,,24311356.0,49.77
2026-03-12,-4868716.0,406662.0,,20440753.0,49.66
2026-03-13,-2830759.0,-2244049.0,,19566331.0,49.58
2026-03-16,-497023.0,928815.0,,19747901.0,49.56
2026-03-17,382076.0,1577618.0,,20300082.0,49.56
2026-03-18,1369284.0,4424253.0,,25148481.0,49.6
2026-03-19,-2135532.0,-1121429.0,,19884483.0,49.53
2026-03-20,-196136.0,-7302259.0,,35279762.0,49.5
2026-03-23,-8017053.0,-6477862.0,,30268173.0,49.34
2026-03-24,-6163660.0,-201009.0,,25458914.0,49.21
2026-03-25,-6165053.0,2908773.0,,22995904.0,49.12
2026-03-26,-11142414.0,-1666880.0,,32074131.0,48.9
2026-03-27,-10234613.0,675680.0,,29138966.0,48.7
2026-03-30,-3993971.0,1550021.0,,22269147.0,48.62
2026-03-31,-11706834.0,598764.0,,38659593.0,48.41
2026-04-01,-57187.0,6799851.0,,32390251.0,48.43
2026-04-02,-1400484.0,-3005402.0,,38615231.0,48.4
2026-04-03,516352.0,1916117.0,,20194447.0,48.41
2026-04-06,1198443.0,1672994.0,,20635958.0,48.44
2026-04-07,-2732748.0,577919.0,,30848053.0,48.4
2026-04-08,2338874.0,3775431.0,,35890973.0,48.46
2026-04-09,11077050.0,-13418579.0,,42320839.0,48.64
2026-04-10,465171.0,-475614.0,,18244459.0,48.65
2026-04-13,-1437638.0,-2225119.0,,19603415.0,48.62
2026-04-14,-505391.0,3088118.0,,23672078.0,49.23
2026-04-15,64984.0,575516.0,,24092884.0,49.23
2026-04-16,1689165.0,1432694.0,,21499788.0,49.26
2026-04-17,-3177110.0,869054.0,,18079322.0,49.2
2026-04-20,-2876209.0,119525.0,,17107741.0,49.14
2026-04-21,1295451.0,1226321.0,,16752132.0,49.18
2026-04-22,-1304307.0,-653920.0,,16823480.0,49.16
2026-04-23,3298847.0,677286.0,,34525485.0,49.24
2026-04-24,-4887720.0,-66031.0,,19626666.0,49.14
2026-04-27,4504491.0,2050701.0,,22870374.0,49.25
2026-04-28,-3066611.0,895779.0,,18444490.0,49.19
2026-04-29,2028533.0,1075301.0,,20363756.0,49.27
2026-04-30,-840944.0,158634.0,,22161975.0,49.24
2026-05-04,5214979.0,4335045.0,,32920816.0,49.37
2026-05-06,11842188.0,-2222367.0,,53097996.0,49.61
2026-05-07,-10344332.0,638888.0,,41404687.0,49.4
2026-05-08,-9595937.0,1074644.0,,25875880.0,49.21
2026-05-11,-7997922.0,1599184.0,,36031094.0,49.07
2026-05-12,-7824233.0,-78144.0,,41211149.0,48.91
2026-05-13,-5675844.0,1642009.0,,35540134.0,48.83
2026-05-14,757349.0,260989.0,,39314752.0,48.85
2026-05-15,-8855741.0,-1529944.0,,38075487.0,48.69
2026-05-18,-4486093.0,2803397.0,,33555214.0,48.61
2026-05-19,-9263047.0,1418906.0,,30767569.0,48.42
2026-05-20,-5733354.0,2756787.0,,35662077.0,48.33
2026-05-21,3672423.0,2608486.0,,36168689.0,48.39
2026-05-22,-3419695.0,-307631.0,,18395274.0,48.32
2026-05-26,1891734.0,1513469.0,,23441371.0,48.37
2026-05-27,-274173.0,1550904.0,,33916688.0,48.39
2026-05-28,-5173125.0,-1613562.0,,30195334.0,48.29
2026-05-29,-1061741.0,5314304.0,,37241537.0,48.29
2026-06-01,-180865.0,3832695.0,,45052488.0,48.3
2026-06-02,-11016912.0,3088203.0,,44720282.0,48.07
2026-06-04,-12414744.0,3253812.0,,34771037.0,47.81
2026-06-05,-4240844.0,-1446498.0,,33725012.0,47.73
2026-06-08,-1174306.0,-3937194.0,,38929682.0,47.7
2026-06-09,-1596173.0,1767022.0,,30124249.0,47.68
2026-06-10,-3840270.0,-2851841.0,,27050362.0,47.61
2026-06-11,549645.0,-5437840.0,,31420307.0,47.58
2026-06-12,2880306.0,3295009.0,,31006148.0,47.63
2026-06-15,-1828940.0,531697.0,,21500067.0,47.6
2026-06-16,-27451.0,839414.0,,17548685.0,47.6
2026-06-17,-2000080.0,1133803.0,,18134051.0,47.57
2026-06-18,2424675.0,1943262.0,,32764450.0,47.62
2026-06-19,-2468914.0,-1380348.0,,43284898.0,47.56
2026-06-22,-1266729.0,-328401.0,,24330451.0,47.52
2026-06-23,-2251501.0,-4359775.0,,41266630.0,47.43
2026-06-24,-596340.0,2969153.0,,47809959.0,47.41
2026-06-25,-1773490.0,3411480.0,,36157158.0,47.37
2026-06-26,-5975701.0,-3593889.0,,39735951.0,47.24
2026-06-29,-11904952.0,2446957.0,,35436521.0,47.01
2026-06-30,-2627167.0,2731943.0,,29237216.0,46.96
2026-07-01,-3377992.0,-1855765.0,,24968382.0,46.88
2026-07-02,-5007053.0,-2166435.0,,38905074.0,46.76
2026-07-03,-1365575.0,4369649.0,,31520538.0,46.72
2026-07-06,-2018562.0,14823.0,,23872879.0,46.69
2026-07-07,-6145090.0,-1852807.0,,32421032.0,46.58
2026-07-08,-3015093.0,971031.0,,33525758.0,46.55
2026-07-09,845552.0,1107761.0,,29703616.0,46.57
2026-07-10,625985.0,2313745.0,,20088811.0,46.59
2026-07-13,-716994.0,-3246131.0,,31882652.0,46.58
2026-07-14,-1128775.0,5326105.0,,40086496.0,46.58
2026-07-15,1799843.0,-413531.0,,24873414.0,46.6
2026-07-16,-826076.0,-4567849.0,,27001478.0,46.56
2026-07-20,1129083.0,-1468948.0,,26804038.0,46.59
2026-07-21,1943936.0,1823763.0,,20386896.0,46.63
2026-07-22,2136159.0,-1718094.0,,22292003.0,46.71
2026-07-23,1299490.0,-120579.0,,16011816.0,46.76
2026-07-24,-3428259.0,-3378638.0,,26175580.0,46.71
2026-07-27,-3319368.0,487617.0,,23296044.0,46.66
2026-07-28,-6554668.0,-635592.0,,41639623.0,46.54
2026-07-29,-3550689.0,5971830.0,,65555523.0,46.5
2026-07-30,656680.0,-237928.0,,46694193.0,46.53
2026-07-31,8359011.0,3618959.0,,58478873.0,46.7
2026-08-03,-3896489.0,-5039954.0,,27825493.0,46.61
2026-08-04,850527.0,-3924513.0,,29433821.0,46.63
2026-08-05,2298577.0,-2078706.0,,22577128.0,46.68
2026-08-06,-3134136.0,-1220335.0,,26101823.0,46.63
2026-08-07,-1737367.0,36604.0,,20546010.0,46.61
2026-08-10,-4394465.0,625055.0,,16327805.0,46.53
2026-08-11,2462529.0,319290.0,,23310969.0,46.6
2026-08-12,5802466.0,776871.0,,27102479.0,46.71
2026-08-13,-401379.0,5544777.0,,35530867.0,46.7
2026-08-14,4913433.0,-1830920.0,,21669476.0,46.8
2026-08-18,577859.0,-941461.0,,24464621.0,46.83
2026-08-19,-4177513.0,-2923301.0,,22788552.0,46.75
2026-08-20,4221606.0,599886.0,,26095919.0,46.86
2026-08-21,1567349.0,1306652.0,,27746471.0,46.87
2026-08-24,-6882379.0,-6269240.0,,32451940.0,46.74
2026-08-25,-5003317.0,203484.0,,21617407.0,46.65
2026-08-26,2518326.0,503532.0,,19532523.0,46.71
2026-08-27,1381786.0,-97433.0,,16829395.0,46.75
2026-08-28,-1927155.0,-1652437.0,,15106746.0,46.72
2026-08-31,-2293.0,-2349842.0,,18270969.0,46.72
2026-09-01,-707536.0,-339843.0,,15319615.0,46.71
2026-09-02,-1321536.0,-2977902.0,,15176841.0,46.69
2026-09-03,91825.0,-839601.0,,13756022.0,46.71
2026-09-04,-115377.0,2489812.0,,14031862.0,46.73
2026-09-07,3246247.0,4568427.0,,18314016.0,46.79
2026-09-08,3332528.0,2406250.0,,22563172.0,46.85
