date,foreign_net,inst_net,indiv_net,volume,foreign_ratio
2014-10-01,-318001.0,176537.0,,2482308.0,49.01
2014-10-02,482561.0,296519.0,,2952839.0,49.03
2014-10-06,-1444962.0,569269.0,,7288648.0,48.83
2014-10-07,-1025949.0,657292.0,,5680210.0,48.68
2014-10-08,-166072.0,158468.0,,2053318.0,48.66
2014-10-10,-1044886.0,219785.0,,4630979.0,48.52
2014-10-13,-896166.0,842633.0,,4361715.0,48.47
2014-10-14,-23948.0,447920.0,,2953492.0,48.4
2014-10-15,-234473.0,393443.0,,2372222.0,48.37
2014-10-16,830003.0,509346.0,,3553225.0,48.48
2014-10-17,-618098.0,636538.0,,2900418.0,48.4
2014-10-20,-18844.0,338507.0,,1788929.0,48.73
2014-10-21,-201679.0,591789.0,,2147556.0,48.54
2014-10-22,-350262.0,1023279.0,,2420313.0,48.5
2014-10-23,-197946.0,202620.0,,1829919.0,48.47
2014-10-24,280210.0,-39783.0,,2214244.0,48.51
2014-10-27,170066.0,-209793.0,,1722449.0,48.53
2014-10-28,748927.0,87856.0,,2907131.0,48.63
2014-10-29,901478.0,-131021.0,,2638547.0,48.76
2014-10-30,1085375.0,-208366.0,,2924313.0,48.9
2014-10-31,756396.0,-239607.0,,2577692.0,49.01
2014-11-03,493731.0,220231.0,,2388430.0,49.08
2014-11-04,58667.0,109591.0,,1888587.0,49.09
2014-11-05,-161997.0,123761.0,,1617220.0,49.06
2014-11-06,643271.0,-167748.0,,1555748.0,49.15
2014-11-07,40041.0,-205871.0,,1624430.0,49.15
2014-11-10,378224.0,-175034.0,,1583801.0,49.21
2014-11-11,596617.0,-478966.0,,1558513.0,49.29
2014-11-12,483516.0,33886.0,,1960104.0,49.33
2014-11-13,499656.0,-282965.0,,1421799.0,49.4
2014-11-14,971525.0,-38147.0,,2592089.0,49.53
2014-11-17,-931605.0,-705345.0,,5493082.0,49.41
2014-11-18,387007.0,-151683.0,,2798997.0,49.45
2014-11-19,532672.0,-282241.0,,1813849.0,49.53
2014-11-20,199282.0,57534.0,,1104697.0,49.55
2014-11-21,91643.0,-293737.0,,1839020.0,49.57
2014-11-24,420639.0,-30508.0,,1416719.0,49.62
2014-11-25,927616.0,-6270.0,,2680733.0,49.76
2014-11-26,235512.0,7242.0,,914772.0,49.81
2014-11-27,-30038.0,-23519.0,,1558962.0,49.81
2014-11-28,106401.0,25461.0,,1131555.0,49.85
2014-12-01,-43971.0,191719.0,,1444205.0,49.86
2014-12-02,237076.0,-177778.0,,1417999.0,49.9
2014-12-03,70243.0,-26571.0,,1199173.0,49.91
2014-12-04,251329.0,339492.0,,1438113.0,49.94
2014-12-05,215959.0,-141393.0,,1335134.0,49.97
2014-12-08,509419.0,-171655.0,,2243336.0,50.07
2014-12-09,461344.0,265669.0,,2775375.0,50.16
2014-12-10,10704.0,-119518.0,,1590462.0,50.21
2014-12-11,-706201.0,-3265.0,,2702767.0,50.11
2014-12-12,110824.0,-290794.0,,1602103.0,50.1
2014-12-15,-68828.0,53738.0,,1182288.0,50.08
2014-12-16,-273693.0,-35163.0,,2486899.0,50.03
2014-12-17,-110832.0,241887.0,,1652948.0,50.03
2014-12-18,465413.0,4273.0,,1542575.0,50.09
2014-12-19,341361.0,133812.0,,1910410.0,50.1
2014-12-22,-26576.0,26966.0,,1159184.0,50.09
2014-12-23,-376485.0,205521.0,,1169038.0,49.99
2014-12-24,148013.0,127434.0,,842562.0,49.94
2014-12-26,42142.0,193230.0,,1474213.0,49.86
2014-12-29,475439.0,-410855.0,,1750952.0,49.93
2014-12-30,-73297.0,20081.0,,1159390.0,49.92
2015-01-02,-46536.0,-199017.0,,1155944.0,49.93
2015-01-05,219134.0,-435652.0,,1409146.0,49.96
2015-01-06,-40268.0,21408.0,,1661196.0,49.96
2015-01-07,-123044.0,17854.0,,1821266.0,49.94
2015-01-08,1402173.0,194087.0,,5006675.0,50.13
2015-01-09,785420.0,-133637.0,,3313929.0,50.24
2015-01-12,135478.0,23130.0,,1709997.0,50.26
2015-01-13,-664763.0,-36490.0,,3047952.0,50.17
2015-01-14,-20123.0,-128601.0,,2241954.0,50.17
2015-01-15,-48470.0,95696.0,,1468474.0,50.16
2015-01-16,-2063944.0,124591.0,,4820176.0,49.87
2015-01-19,-1147454.0,7982.0,,3180759.0,49.72
2015-01-20,-944161.0,439698.0,,2211331.0,49.58
2015-01-21,502753.0,11491.0,,2156709.0,49.65
2015-01-22,-329054.0,-571581.0,,2905955.0,49.61
2015-01-23,377915.0,-124565.0,,1572903.0,49.66
2015-01-26,235593.0,176398.0,,1410144.0,49.69
2015-01-27,619168.0,139668.0,,2292330.0,49.78
2015-01-28,-205831.0,242496.0,,2333159.0,49.75
2015-01-29,-858077.0,-1299877.0,,5020783.0,49.63
2015-01-30,510380.0,-620472.0,,2743159.0,49.7
2015-02-02,-175882.0,-961445.0,,3258140.0,49.68
2015-02-03,402709.0,-476614.0,,2513399.0,49.73
2015-02-04,330339.0,-126684.0,,1823018.0,49.78
2015-02-05,185182.0,-364067.0,,1984849.0,49.8
2015-02-06,-976229.0,-662858.0,,4547785.0,49.67
2015-02-09,-166660.0,-79680.0,,2741040.0,49.65
2015-02-10,-308061.0,24727.0,,2254222.0,49.61
2015-02-11,832809.0,182982.0,,3231887.0,49.72
2015-02-12,92567.0,83827.0,,1903965.0,49.73
2015-02-13,280934.0,75754.0,,1354556.0,49.79
2015-02-16,537208.0,-25365.0,,1534022.0,49.86
2015-02-17,-320000.0,-204568.0,,1677139.0,49.82
2015-02-23,599384.0,-222746.0,,2273267.0,49.9
2015-02-24,894322.0,-82456.0,,1880503.0,50.03
2015-02-25,-272119.0,-645129.0,,2633709.0,49.99
2015-02-26,758968.0,-256870.0,,1938544.0,50.09
2015-02-27,189133.0,-593089.0,,2344677.0,50.12
2015-03-02,562385.0,-616427.0,,2246166.0,50.2
2015-03-03,794361.0,-203591.0,,2100433.0,50.45
2015-03-04,157327.0,-1632566.0,,4160256.0,50.47
2015-03-05,-163622.0,-766058.0,,2214809.0,50.45
2015-03-06,1046263.0,-703344.0,,1877771.0,50.59
2015-03-09,109766.0,-1623230.0,,3175721.0,50.61
2015-03-10,54380.0,-1137706.0,,5232109.0,50.62
2015-03-11,-252748.0,-596012.0,,4527681.0,50.58
2015-03-12,238811.0,-775942.0,,3929253.0,50.61
2015-03-13,114293.0,101350.0,,1962212.0,50.62
2015-03-16,-134147.0,1032313.0,,4031380.0,50.6
2015-03-17,596543.0,24231.0,,2790117.0,50.69
2015-03-18,505533.0,10198.0,,2790286.0,50.75
2015-03-19,696834.0,-191241.0,,1983215.0,50.85
2015-03-20,625869.0,-24352.0,,1948819.0,50.94
2015-03-23,1857155.0,541527.0,,3781841.0,51.19
2015-03-24,263757.0,41661.0,,2155547.0,51.23
2015-03-25,481282.0,19957.0,,1830867.0,51.29
2015-03-26,-608062.0,376637.0,,4469503.0,51.21
2015-03-27,-1087235.0,-491322.0,,4492231.0,51.06
2015-03-30,102227.0,-617017.0,,2776997.0,51.08
2015-03-31,43755.0,-182122.0,,2399612.0,51.09
2015-04-01,-136427.0,-211976.0,,2051147.0,51.07
2015-04-02,-646811.0,94756.0,,3148519.0,50.98
2015-04-03,-373506.0,-1019778.0,,2834100.0,50.94
2015-04-06,-32689.0,87784.0,,2068077.0,50.94
2015-04-07,-537310.0,-695237.0,,3691912.0,50.86
2015-04-08,-919533.0,-910406.0,,5694496.0,50.74
2015-04-09,-454677.0,-951113.0,,5892744.0,50.67
2015-04-10,259678.0,459770.0,,6518647.0,50.71
2015-04-13,468245.0,-196079.0,,3362917.0,50.77
2015-04-14,386527.0,-329634.0,,2134645.0,50.83
2015-04-15,490826.0,-437737.0,,2146331.0,50.91
2015-04-16,178408.0,36093.0,,2096120.0,50.94
2015-04-17,543634.0,-276661.0,,2153757.0,51.01
2015-04-20,282083.0,-378703.0,,2355455.0,51.05
2015-04-21,879332.0,-134410.0,,3270598.0,51.17
2015-04-22,1303766.0,63850.0,,3816002.0,51.35
2015-04-23,1082507.0,-292725.0,,4995010.0,51.5
2015-04-24,1468123.0,482198.0,,4400132.0,51.7
2015-04-27,283601.0,-838012.0,,3688453.0,51.74
2015-04-28,961093.0,51614.0,,2311231.0,51.87
2015-04-29,406516.0,20673.0,,2422884.0,51.93
2015-04-30,251454.0,-344898.0,,2419318.0,51.96
2015-05-04,643971.0,-201383.0,,2239896.0,52.04
2015-05-06,106419.0,-881170.0,,3291950.0,52.06
2015-05-07,361806.0,-53606.0,,2142745.0,52.11
2015-05-08,580629.0,-167662.0,,1695019.0,52.18
2015-05-11,291104.0,118333.0,,1592730.0,52.22
2015-05-12,-273993.0,383278.0,,2364231.0,52.2
2015-05-13,-284201.0,-284073.0,,1896100.0,52.18
2015-05-14,338478.0,-402253.0,,1889682.0,52.23
2015-05-15,257391.0,-226565.0,,1215027.0,52.27
2015-05-18,76338.0,-28550.0,,2195599.0,52.29
2015-05-19,279345.0,183048.0,,1510095.0,52.36
2015-05-20,656096.0,87758.0,,1784488.0,52.44
2015-05-21,-185939.0,244557.0,,1880002.0,52.43
2015-05-22,851989.0,935960.0,,3953338.0,52.54
2015-05-26,1101641.0,34128.0,,3594626.0,52.69
2015-05-27,542326.0,90431.0,,3441135.0,52.77
2015-05-28,1621505.0,322249.0,,5512264.0,52.99
2015-05-29,1124011.0,819333.0,,6512595.0,53.15
2015-06-01,837051.0,-763009.0,,4623131.0,53.26
2015-06-02,170814.0,407692.0,,2173205.0,53.28
2015-06-03,-79449.0,247203.0,,2724813.0,53.27
2015-06-04,-105523.0,-547052.0,,3262007.0,53.29
2015-06-05,443458.0,-86264.0,,2134371.0,53.33
2015-06-08,-605314.0,206761.0,,1954503.0,53.23
2015-06-09,-228592.0,15676.0,,2168902.0,53.2
2015-06-10,126492.0,-463716.0,,2649918.0,53.22
2015-06-11,129303.0,-422297.0,,2696182.0,53.24
2015-06-12,-366229.0,-123479.0,,2307036.0,53.2
2015-06-15,-269051.0,-79756.0,,1775422.0,53.16
2015-06-16,-1576379.0,-87796.0,,6161260.0,52.94
2015-06-17,80202.0,-183278.0,,3461566.0,52.96
2015-06-18,-252542.0,-83001.0,,2225236.0,52.93
2015-06-19,-925366.0,272128.0,,3858378.0,52.85
2015-06-22,-690156.0,106807.0,,2843715.0,52.77
2015-06-23,-764920.0,222357.0,,2676531.0,52.66
2015-06-24,-731855.0,-234677.0,,2694795.0,52.56
2015-06-25,-600000.0,-123616.0,,3270655.0,52.5
2015-06-26,-1616913.0,-931828.0,,7935060.0,52.29
2015-06-29,-402561.0,583447.0,,4892150.0,52.23
2015-06-30,-567232.0,161247.0,,2598797.0,52.15
2015-07-01,-364167.0,164307.0,,2126825.0,52.12
2015-07-02,-346449.0,-84179.0,,2592544.0,52.07
2015-07-03,368540.0,-508141.0,,2903385.0,52.13
2015-07-06,-951009.0,-337588.0,,4533535.0,52.0
2015-07-07,-152060.0,199480.0,,3183795.0,51.98
2015-07-08,-123881.0,8141.0,,3335846.0,51.96
2015-07-09,-685119.0,580413.0,,3018029.0,51.87
2015-07-10,-121660.0,-75157.0,,2738522.0,51.85
2015-07-13,-625732.0,-199017.0,,3707444.0,51.76
2015-07-14,-1713773.0,-2194160.0,,15180511.0,51.53
2015-07-15,1822732.0,-236256.0,,8281669.0,51.78
2015-07-16,153815.0,74184.0,,2373825.0,51.8
2015-07-17,6413.0,611213.0,,3352178.0,51.8
2015-07-20,-775153.0,66152.0,,2535208.0,51.69
2015-07-21,1966.0,-355625.0,,2531422.0,51.71
2015-07-22,-965291.0,-34892.0,,3986610.0,51.56
2015-07-23,-377759.0,-451465.0,,8215778.0,51.51
2015-07-24,-289524.0,-269125.0,,3411382.0,51.48
2015-07-27,-551920.0,-316019.0,,4142170.0,51.39
2015-07-28,-774945.0,268253.0,,3657208.0,51.27
2015-07-29,-499419.0,41470.0,,3040352.0,51.19
2015-07-30,-718845.0,-493660.0,,9328208.0,51.09
2015-07-31,1295495.0,-608107.0,,7074785.0,51.27
2015-08-03,-183283.0,-989109.0,,5481242.0,51.24
2015-08-04,117657.0,-159442.0,,4060733.0,51.25
2015-08-05,-329929.0,-443368.0,,3330999.0,51.21
2015-08-06,-803869.0,-460763.0,,3888988.0,51.1
2015-08-07,-170755.0,-479150.0,,3381532.0,51.07
2015-08-10,-16042.0,-129576.0,,1336480.0,51.08
2015-08-11,-315982.0,-320683.0,,2890084.0,51.02
2015-08-12,-711153.0,219148.0,,2824462.0,50.87
2015-08-13,-114060.0,-157946.0,,2748437.0,50.86
2015-08-17,-1555921.0,-210609.0,,3808016.0,50.64
2015-08-18,-551491.0,-380042.0,,4706366.0,50.57
2015-08-19,-2573631.0,372760.0,,8813242.0,50.21
2015-08-20,-1191708.0,156933.0,,4588759.0,50.05
2015-08-21,-1786562.0,1145172.0,,6084203.0,49.79
2015-08-24,-3439638.0,1253026.0,,8593829.0,49.3
2015-08-25,-1942368.0,1815250.0,,11821629.0,49.03
2015-08-26,-2301488.0,507005.0,,6534943.0,48.69
2015-08-27,769173.0,-473797.0,,7063277.0,48.79
2015-08-28,576096.0,-753088.0,,7382006.0,48.86
2015-08-31,-587738.0,-518345.0,,4408499.0,48.78
2015-09-01,-6871.0,-1565596.0,,6442285.0,48.78
2015-09-02,-512694.0,-664827.0,,4161070.0,48.71
2015-09-03,477826.0,-75103.0,,4222565.0,48.78
2015-09-04,-240623.0,18051.0,,2438126.0,48.74
2015-09-07,-33564.0,-27685.0,,1624613.0,48.74
2015-09-08,-53776.0,-150494.0,,1494929.0,48.73
2015-09-09,230424.0,223462.0,,3035809.0,48.76
2015-09-10,-221314.0,138909.0,,3079224.0,48.72
2015-09-11,-253392.0,-837047.0,,3242067.0,48.68
2015-09-14,-433199.0,-319085.0,,2163452.0,48.59
2015-09-15,-1017004.0,-242785.0,,3880824.0,48.45
2015-09-16,614645.0,97397.0,,3876376.0,48.53
2015-09-17,1455278.0,-154950.0,,4734065.0,48.73
2015-09-18,-41243.0,-276688.0,,3267741.0,48.73
2015-09-21,-388621.0,-529074.0,,2538367.0,48.67
2015-09-22,3204.0,-157596.0,,2004067.0,48.67
2015-09-23,-12467.0,46716.0,,1641929.0,48.67
2015-09-24,-1717957.0,-482003.0,,4172759.0,48.43
2015-09-25,-751596.0,-117168.0,,2813254.0,48.33
2015-09-30,-1449603.0,-75074.0,,4158644.0,48.12
2015-10-01,-736755.0,-198375.0,,3667742.0,48.03
2015-10-02,396336.0,301882.0,,3052650.0,48.08
2015-10-05,404724.0,176943.0,,4367169.0,48.14
2015-10-06,1351848.0,874947.0,,5944141.0,48.32
2015-10-07,-408585.0,818909.0,,3879936.0,48.26
2015-10-08,36057.0,203266.0,,3824312.0,48.25
2015-10-12,139904.0,-554253.0,,2519174.0,48.27
2015-10-13,179278.0,-876010.0,,2961513.0,48.3
2015-10-14,805960.0,-1141462.0,,3720738.0,48.41
2015-10-15,309047.0,-219959.0,,2943506.0,48.45
2015-10-16,-211939.0,-52983.0,,1899386.0,48.42
2015-10-19,-359493.0,-37137.0,,1967828.0,48.38
2015-10-20,-371697.0,-116473.0,,2686193.0,48.32
2015-10-21,-3094261.0,-2379303.0,,9957394.0,47.9
2015-10-22,-2994347.0,-1081514.0,,10914420.0,47.49
2015-10-23,132735.0,-147654.0,,6341772.0,47.51
2015-10-26,237766.0,206012.0,,3326112.0,47.54
2015-10-27,-860822.0,-129164.0,,3535671.0,47.42
2015-10-28,-1150669.0,-163801.0,,4322506.0,47.26
2015-10-29,-925305.0,114260.0,,4273016.0,47.13
2015-10-30,-1399802.0,-151793.0,,4640184.0,46.95
2015-11-02,617160.0,-122410.0,,4493014.0,47.04
2015-11-03,-564564.0,72966.0,,4453120.0,46.96
2015-11-04,832475.0,-236286.0,,3276995.0,47.08
2015-11-05,230987.0,61996.0,,1928001.0,47.12
2015-11-06,-920212.0,-1073982.0,,5219855.0,46.99
2015-11-09,-506468.0,341271.0,,3563095.0,46.92
2015-11-10,-214207.0,263346.0,,2724051.0,46.89
2015-11-11,-176143.0,-26058.0,,2898877.0,46.87
2015-11-12,-237155.0,-99750.0,,1537585.0,46.84
2015-11-13,-15569.0,206122.0,,1962129.0,46.84
2015-11-16,-416398.0,238871.0,,2351453.0,46.78
2015-11-17,-371572.0,20147.0,,1935683.0,46.73
2015-11-18,253680.0,-294994.0,,3137103.0,46.76
2015-11-19,405209.0,-14677.0,,2525784.0,46.82
2015-11-20,-92396.0,-112273.0,,2097039.0,46.81
2015-11-23,-299950.0,-204812.0,,2430154.0,46.77
2015-11-24,-872672.0,-182964.0,,3308696.0,46.65
2015-11-25,1378353.0,172127.0,,6941459.0,46.84
2015-11-26,760313.0,3168361.0,,13223992.0,46.94
2015-11-27,-456722.0,71146.0,,3890920.0,46.88
2015-11-30,-739082.0,13167.0,,3917877.0,46.78
2015-12-01,-952865.0,15390.0,,3752942.0,46.71
2015-12-02,-622954.0,43846.0,,2731791.0,46.56
2015-12-03,-306270.0,-117995.0,,1730137.0,46.52
2015-12-04,95326.0,2855.0,,2125421.0,46.53
2015-12-07,-243735.0,-200208.0,,2238378.0,46.5
2015-12-08,-536125.0,-185886.0,,2483443.0,46.43
2015-12-09,-116018.0,1874.0,,1524501.0,46.41
2015-12-10,-88589.0,-471914.0,,3145787.0,46.4
2015-12-11,-184074.0,-314446.0,,2725258.0,46.37
2015-12-14,-100434.0,109283.0,,3669577.0,46.35
2015-12-15,141679.0,182275.0,,2006190.0,46.37
2015-12-16,-219242.0,722310.0,,2601080.0,46.34
2015-12-17,-29920.0,-81135.0,,2210682.0,46.34
2015-12-18,345846.0,5374.0,,2854920.0,46.38
2015-12-21,98693.0,-28999.0,,1576561.0,46.4
2015-12-22,2981015.0,-133741.0,,6861264.0,46.8
2015-12-23,1493075.0,133553.0,,5331047.0,46.94
2015-12-24,1222634.0,-612316.0,,3624175.0,47.1
2015-12-28,197075.0,107226.0,,2535636.0,47.13
2015-12-29,211388.0,-353785.0,,1965713.0,47.15
2015-12-30,98825.0,-237925.0,,1801261.0,47.17
2016-01-04,175366.0,-417711.0,,1878039.0,47.25
2016-01-05,-109347.0,-22702.0,,2482905.0,47.25
2016-01-06,525256.0,-245914.0,,2461593.0,47.32
2016-01-07,29695.0,-399286.0,,2424880.0,47.32
2016-01-08,-658366.0,-131293.0,,3967121.0,47.23
2016-01-11,-1412028.0,-902705.0,,5358223.0,47.03
2016-01-12,-652791.0,-498241.0,,4418384.0,46.94
2016-01-13,-227472.0,151798.0,,3481523.0,46.9
2016-01-14,21263.0,-279526.0,,3957935.0,46.91
2016-01-15,-1105952.0,-739711.0,,5431851.0,46.75
2016-01-18,-156655.0,129930.0,,3658921.0,46.74
2016-01-19,604133.0,449184.0,,4291742.0,46.82
2016-01-20,-812475.0,-292883.0,,4186899.0,46.71
2016-01-21,-197243.0,129337.0,,2840628.0,46.67
2016-01-22,109643.0,174368.0,,2361216.0,46.69
2016-01-25,245451.0,492013.0,,2977310.0,46.72
2016-01-26,612074.0,-687625.0,,5351814.0,46.8
2016-01-27,-313362.0,-7620.0,,3205822.0,46.76
2016-01-28,-65115.0,-262002.0,,3035447.0,46.76
2016-01-29,-478566.0,-116814.0,,2898720.0,46.7
2016-02-01,362733.0,1092150.0,,4767927.0,46.75
2016-02-02,89369.0,128428.0,,2865209.0,46.76
2016-02-03,-684456.0,-378952.0,,2705269.0,46.66
2016-02-04,159093.0,226302.0,,2459305.0,46.69
2016-02-05,511291.0,-166184.0,,1484771.0,46.76
2016-02-11,-101079.0,-175870.0,,2468082.0,46.74
2016-02-12,276034.0,355586.0,,2429857.0,46.78
2016-02-15,10992.0,135631.0,,2162111.0,46.78
2016-02-16,889166.0,932711.0,,3851681.0,46.89
2016-02-17,843004.0,2150825.0,,6106318.0,47.01
2016-02-18,248716.0,391439.0,,2972873.0,47.04
2016-02-19,-224274.0,36383.0,,2336536.0,47.01
2016-02-22,57537.0,99863.0,,1366180.0,47.02
2016-02-23,168722.0,401094.0,,2123648.0,47.04
2016-02-24,-86788.0,901720.0,,3480563.0,47.02
2016-02-25,99799.0,232080.0,,2527297.0,47.03
2016-02-26,-56352.0,-10121.0,,1282277.0,47.03
2016-02-29,-218894.0,-365082.0,,2989861.0,47.0
2016-03-02,881350.0,412961.0,,3567312.0,47.12
2016-03-03,997017.0,578721.0,,3898363.0,47.25
2016-03-04,313255.0,-58645.0,,1913316.0,47.29
2016-03-07,1501783.0,-1396868.0,,3487206.0,47.48
2016-03-08,-273215.0,-1781297.0,,4616147.0,47.45
2016-03-09,376686.0,-804959.0,,3503375.0,47.5
2016-03-10,188176.0,-726005.0,,2734070.0,47.52
2016-03-11,782398.0,-430537.0,,2117430.0,47.63
2016-03-14,453546.0,-840487.0,,2062549.0,47.69
2016-03-15,-27605.0,-758386.0,,2078857.0,47.69
2016-03-16,-441161.0,-555141.0,,2902896.0,47.63
2016-03-17,-140343.0,-593426.0,,2768278.0,47.61
2016-03-18,49737.0,-370441.0,,2864640.0,47.61
2016-03-21,127431.0,-139543.0,,1783055.0,47.64
2016-03-22,-7808.0,517019.0,,2546366.0,47.64
2016-03-23,427538.0,-62946.0,,1868041.0,47.7
2016-03-24,-96370.0,-643294.0,,3587082.0,47.69
2016-03-25,77564.0,-472124.0,,1978956.0,47.7
2016-03-28,290955.0,-703312.0,,2795412.0,47.74
2016-03-29,602305.0,-465940.0,,2343876.0,47.82
2016-03-30,360099.0,-811077.0,,3512889.0,47.87
2016-03-31,-449021.0,-513704.0,,4336581.0,47.81
2016-04-01,271288.0,-665787.0,,2991431.0,47.85
2016-04-04,185397.0,-997568.0,,2823088.0,47.88
2016-04-05,358760.0,-502299.0,,2032745.0,47.93
2016-04-06,-249361.0,-400634.0,,2410844.0,47.9
2016-04-07,315638.0,-2096333.0,,4588396.0,47.94
2016-04-08,453429.0,-252060.0,,3718690.0,48.0
2016-04-11,-704408.0,-7898.0,,2425426.0,47.9
2016-04-12,-342039.0,-162790.0,,1850577.0,47.86
2016-04-14,-392331.0,170586.0,,4761215.0,47.8
2016-04-15,-954889.0,415891.0,,2785108.0,47.67
2016-04-18,-1319789.0,22491.0,,3861103.0,47.49
2016-04-19,-247424.0,295949.0,,1843729.0,47.46
2016-04-20,-411896.0,394185.0,,3231788.0,47.4
2016-04-21,-955353.0,369478.0,,2999400.0,47.27
2016-04-22,-109488.0,11157.0,,1556764.0,47.25
2016-04-25,-98255.0,8637.0,,1506644.0,47.24
2016-04-26,1593933.0,1882432.0,,7750203.0,47.46
2016-04-27,1163070.0,-81570.0,,6213757.0,47.61
2016-04-28,-537562.0,-504875.0,,6766879.0,47.54
2016-04-29,239485.0,-235985.0,,2878692.0,47.6
2016-05-02,53913.0,-117931.0,,1306092.0,47.6
2016-05-03,-405273.0,-38433.0,,1373116.0,47.55
2016-05-04,-1043980.0,-988699.0,,4388484.0,47.41
2016-05-09,-811220.0,-1286851.0,,5291220.0,47.3
2016-05-10,138486.0,-331574.0,,2564593.0,47.32
2016-05-11,-22690.0,-229108.0,,1735332.0,47.32
2016-05-12,40675.0,-471846.0,,1759282.0,47.32
2016-05-13,-40362.0,-155798.0,,1849910.0,47.33
2016-05-16,-234124.0,44009.0,,1337159.0,47.29
2016-05-17,-405297.0,-13047.0,,1545947.0,47.27
2016-05-18,179827.0,120515.0,,2474774.0,47.28
2016-05-19,564768.0,75689.0,,4367007.0,47.36
2016-05-20,-316177.0,173618.0,,2245019.0,47.32
2016-05-23,154070.0,1099851.0,,4534043.0,47.34
2016-05-24,-57253.0,170620.0,,2428278.0,47.33
2016-05-25,43301.0,187311.0,,2250906.0,47.34
2016-05-26,-54196.0,366108.0,,1938084.0,47.33
2016-05-27,2572259.0,1277260.0,,7719656.0,47.68
2016-05-30,2079948.0,138877.0,,5492886.0,47.96
2016-05-31,15910.0,-87644.0,,5414611.0,47.97
2016-06-01,-267997.0,-41747.0,,3630711.0,47.94
2016-06-02,89302.0,-172406.0,,3443745.0,47.95
2016-06-03,-341363.0,216271.0,,3680988.0,47.9
2016-06-07,442632.0,353066.0,,4435065.0,47.96
2016-06-08,192272.0,177299.0,,3940058.0,47.99
2016-06-09,635135.0,529251.0,,5336122.0,48.07
2016-06-10,-701615.0,836033.0,,2413698.0,47.99
2016-06-13,-298347.0,586650.0,,2607031.0,47.95
2016-06-14,-745243.0,1591033.0,,3490535.0,47.87
2016-06-15,855079.0,1192589.0,,5751526.0,47.99
2016-06-16,295535.0,139893.0,,3687253.0,48.03
2016-06-17,-322700.0,325046.0,,2891783.0,47.98
2016-06-20,886785.0,-323451.0,,4501015.0,48.1
2016-06-21,-287407.0,311733.0,,2376833.0,48.06
2016-06-22,1507382.0,591383.0,,5122638.0,48.26
2016-06-23,2610752.0,298443.0,,7147499.0,48.62
2016-06-24,768830.0,2492418.0,,16852175.0,48.72
2016-06-27,-521070.0,905496.0,,6146337.0,48.65
2016-06-28,-1090991.0,416903.0,,5072467.0,48.5
2016-06-29,695669.0,-191059.0,,3801424.0,48.6
2016-06-30,828381.0,619581.0,,4571310.0,48.71
2016-07-01,367237.0,-214854.0,,5289586.0,48.76
2016-07-04,1306519.0,-472909.0,,3192033.0,48.95
2016-07-05,192175.0,-660935.0,,2577231.0,48.98
2016-07-06,-268577.0,-1450918.0,,6314347.0,48.95
2016-07-07,-103405.0,17481.0,,2715183.0,48.92
2016-07-08,306595.0,35131.0,,2424460.0,48.96
2016-07-11,587930.0,787588.0,,3938161.0,49.04
2016-07-12,166552.0,-51459.0,,2523664.0,49.06
2016-07-13,1599715.0,257190.0,,3779418.0,49.28
2016-07-14,896880.0,103162.0,,3145494.0,49.4
2016-07-15,649379.0,-448498.0,,2580255.0,49.5
2016-07-18,379696.0,-98274.0,,1515167.0,49.56
2016-07-19,541867.0,-634879.0,,2340759.0,49.63
2016-07-20,132677.0,-233419.0,,1775583.0,49.66
2016-07-21,254546.0,-172781.0,,1879147.0,49.69
2016-07-22,292656.0,-601132.0,,2442893.0,49.73
2016-07-25,257496.0,-43021.0,,2147590.0,49.77
2016-07-26,-9665.0,-343827.0,,5028045.0,49.76
2016-07-27,1989848.0,322075.0,,4762165.0,50.04
2016-07-28,597281.0,-30652.0,,3586965.0,50.12
2016-07-29,1393167.0,239847.0,,4660512.0,50.31
2016-08-01,821407.0,64091.0,,3274413.0,50.43
2016-08-02,-207407.0,-212745.0,,2123735.0,50.41
2016-08-03,-62414.0,-267436.0,,2698841.0,50.4
2016-08-04,-170120.0,272595.0,,1477680.0,50.37
2016-08-05,339791.0,479032.0,,2830058.0,50.44
2016-08-08,90507.0,180049.0,,2157854.0,50.46
2016-08-09,385357.0,-64644.0,,2112078.0,50.52
2016-08-10,-259763.0,-717386.0,,3193311.0,50.49
2016-08-11,690274.0,-194069.0,,2980478.0,50.58
2016-08-12,168443.0,-162515.0,,2437735.0,50.61
2016-08-16,-135824.0,-308885.0,,2883043.0,50.59
2016-08-17,104703.0,-291270.0,,2083372.0,50.6
2016-08-18,492039.0,-161284.0,,1855081.0,50.67
2016-08-19,1703260.0,516492.0,,4683750.0,50.91
2016-08-22,1491256.0,97162.0,,4149396.0,51.12
2016-08-23,436027.0,-177161.0,,3014421.0,51.17
2016-08-24,478561.0,-246890.0,,1689924.0,51.23
2016-08-25,133394.0,-42071.0,,1568516.0,51.26
2016-08-26,881364.0,120314.0,,2635343.0,51.38
2016-08-29,712072.0,-402384.0,,2782441.0,51.48
2016-08-30,306778.0,95336.0,,2766460.0,51.52
2016-08-31,570173.0,-262088.0,,2832970.0,51.6
2016-09-01,70758.0,-49790.0,,1713669.0,51.6
2016-09-02,535580.0,150549.0,,1828390.0,51.68
2016-09-05,433530.0,729326.0,,2337575.0,51.74
2016-09-06,719785.0,229835.0,,2123160.0,51.84
2016-09-07,-496313.0,1404601.0,,3786844.0,51.77
2016-09-08,4416.0,569351.0,,3698781.0,51.77
2016-09-09,137980.0,119158.0,,2748415.0,51.79
2016-09-12,-1241100.0,598953.0,,4885896.0,51.63
2016-09-13,252856.0,-210925.0,,3928646.0,51.66
2016-09-19,-28183.0,888955.0,,5283684.0,51.66
2016-09-20,97930.0,-104104.0,,2594490.0,51.67
2016-09-21,-61716.0,39446.0,,1731450.0,51.66
2016-09-22,266277.0,107195.0,,3214630.0,51.7
2016-09-23,-216166.0,485172.0,,2095120.0,51.68
2016-09-26,-111139.0,343888.0,,1669862.0,51.67
2016-09-27,1029181.0,254827.0,,4001505.0,51.81
2016-09-28,272741.0,59248.0,,4189804.0,51.85
2016-09-29,-911609.0,230651.0,,3976705.0,51.72
2016-09-30,-194112.0,258350.0,,3764773.0,51.69
2016-10-04,265306.0,290962.0,,3639803.0,51.74
2016-10-05,791919.0,-166967.0,,4387312.0,51.86
2016-10-06,-169718.0,-68513.0,,2815496.0,51.83
2016-10-07,30748.0,-242105.0,,2637734.0,51.84
2016-10-10,-592645.0,314117.0,,2916252.0,51.76
2016-10-11,-467263.0,474727.0,,2810503.0,51.68
2016-10-12,-237657.0,441430.0,,3521492.0,51.65
2016-10-13,745841.0,-1027385.0,,3638071.0,51.76
2016-10-14,16462.0,107011.0,,2708972.0,51.76
2016-10-17,691416.0,-331555.0,,2314725.0,51.86
2016-10-18,-381601.0,128073.0,,2559222.0,51.78
2016-10-19,-535533.0,-58556.0,,5033246.0,51.7
2016-10-20,-244228.0,138089.0,,5423960.0,51.67
2016-10-21,559610.0,45329.0,,2436212.0,51.75
2016-10-24,-303612.0,38398.0,,2211109.0,51.71
2016-10-25,211211.0,574930.0,,4469224.0,51.74
2016-10-26,1040058.0,1144939.0,,6364037.0,51.88
2016-10-27,266159.0,354974.0,,4814197.0,51.92
2016-10-28,-174560.0,276181.0,,2251179.0,51.87
2016-10-31,-822576.0,517417.0,,3297943.0,51.75
2016-11-01,45644.0,75141.0,,3173446.0,51.76
2016-11-02,-429689.0,103102.0,,2822651.0,51.7
2016-11-03,-67902.0,164025.0,,2580396.0,51.69
2016-11-04,1998.0,206975.0,,2600930.0,51.69
2016-11-07,-259991.0,560765.0,,2033220.0,51.67
2016-11-08,-608984.0,379406.0,,1882987.0,51.59
2016-11-09,-1386201.0,887020.0,,5779291.0,51.4
2016-11-10,51378.0,416019.0,,2520434.0,51.41
2016-11-11,-189070.0,-77055.0,,2962651.0,51.37
2016-11-14,-244239.0,149706.0,,1589911.0,51.34
2016-11-15,158920.0,-16689.0,,2030086.0,51.36
2016-11-16,481717.0,-9312.0,,2101878.0,51.42
2016-11-17,891081.0,-275872.0,,2383464.0,51.55
2016-11-18,-185420.0,727344.0,,3331134.0,51.52
2016-11-21,-414027.0,246054.0,,1883627.0,51.46
2016-11-22,568535.0,632658.0,,3306186.0,51.5
2016-11-23,845666.0,281564.0,,4047443.0,51.62
2016-11-24,-419212.0,433026.0,,1789745.0,51.56
2016-11-25,-330031.0,249013.0,,1328958.0,51.51
2016-11-28,9907.0,-61963.0,,1513215.0,51.51
2016-11-29,-255426.0,194050.0,,1777480.0,51.48
2016-11-30,-251311.0,625453.0,,4325524.0,51.44
2016-12-01,432281.0,464618.0,,3491185.0,51.5
2016-12-02,-29090.0,231728.0,,4244113.0,51.49
2016-12-05,-41779.0,249975.0,,1703219.0,51.48
2016-12-06,323427.0,165763.0,,3099065.0,51.49
2016-12-07,43667.0,204708.0,,1984369.0,51.49
2016-12-08,409604.0,807016.0,,3313157.0,51.53
2016-12-09,-798526.0,347688.0,,3003326.0,51.42
2016-12-12,105489.0,-148006.0,,1440589.0,51.44
2016-12-13,-86623.0,-75889.0,,1822952.0,51.44
2016-12-14,387268.0,-284290.0,,2010708.0,51.49
2016-12-15,-518934.0,118744.0,,1828843.0,51.41
2016-12-16,355594.0,-10642.0,,2100809.0,51.45
2016-12-19,-534562.0,-110091.0,,1997194.0,51.38
2016-12-20,-20334.0,-53327.0,,1110753.0,51.38
2016-12-21,-257358.0,216840.0,,1662010.0,51.35
2016-12-22,104870.0,227261.0,,4045912.0,51.36
2016-12-23,645042.0,220356.0,,2982024.0,51.43
2016-12-26,-235619.0,-31066.0,,1603230.0,51.37
2016-12-27,-8406.0,160458.0,,1175619.0,51.36
2016-12-28,-120307.0,-291108.0,,1296254.0,51.38
2016-12-29,-154761.0,-204470.0,,1808856.0,51.32
2017-01-02,38569.0,216083.0,,1547681.0,51.33
2017-01-03,196026.0,237647.0,,2655477.0,51.39
2017-01-04,-631508.0,-36685.0,,2722599.0,51.3
2017-01-05,375279.0,-229481.0,,2377163.0,51.36
2017-01-06,-252728.0,355374.0,,3166843.0,51.32
2017-01-09,6893.0,15181.0,,3871999.0,51.32
2017-01-10,-342763.0,-50103.0,,2561968.0,51.28
2017-01-11,373173.0,-71398.0,,4360058.0,51.33
2017-01-12,-2132373.0,482830.0,,5060622.0,51.04
2017-01-13,-738824.0,158534.0,,4219771.0,50.94
2017-01-16,-684323.0,-124123.0,,4974924.0,50.84
2017-01-17,-306922.0,94752.0,,2309955.0,50.8
2017-01-18,-407922.0,187656.0,,2974091.0,50.76
2017-01-19,155356.0,-143359.0,,2332268.0,50.78
2017-01-20,-254515.0,141548.0,,1943195.0,50.75
2017-01-23,109567.0,442576.0,,4148659.0,50.76
2017-01-24,-63148.0,516038.0,,3449130.0,50.75
2017-01-25,130012.0,44535.0,,2715809.0,50.77
2017-01-26,968304.0,437052.0,,4517114.0,50.9
2017-01-31,-313657.0,326478.0,,4118790.0,50.86
2017-02-01,-204985.0,-117375.0,,2813046.0,50.83
2017-02-02,-202947.0,-226604.0,,3486140.0,50.81
2017-02-03,-227187.0,173350.0,,3718619.0,50.78
2017-02-06,70444.0,-8619.0,,1897002.0,50.79
2017-02-07,-209883.0,93097.0,,2405891.0,50.76
2017-02-08,67043.0,366175.0,,3552260.0,50.77
2017-02-09,-1980910.0,307682.0,,6547266.0,50.51
2017-02-10,-2031331.0,261479.0,,9120878.0,50.23
2017-02-13,230952.0,272503.0,,4124290.0,50.26
2017-02-14,632436.0,-1206731.0,,8593878.0,50.33
2017-02-15,-2284359.0,414844.0,,8725221.0,50.02
2017-02-16,529359.0,358890.0,,4840918.0,50.1
2017-02-17,250503.0,303031.0,,4927937.0,50.13
2017-02-20,-205715.0,15969.0,,2265276.0,50.14
2017-02-21,100565.0,453792.0,,2227708.0,50.07
2017-02-22,171324.0,-297828.0,,2678429.0,50.09
2017-02-23,-300623.0,-120333.0,,3374139.0,50.05
2017-02-24,-1127004.0,-1485903.0,,7707747.0,49.89
2017-02-27,-3226631.0,1633657.0,,7604699.0,49.38
2017-02-28,306813.0,252218.0,,5588155.0,49.42
2017-03-02,-430272.0,450075.0,,7093071.0,49.36
2017-03-03,-646656.0,490944.0,,3937032.0,49.27
2017-03-06,1025235.0,568394.0,,5045970.0,49.47
2017-03-07,-493832.0,-96014.0,,3439908.0,49.4
2017-03-08,-424562.0,-329405.0,,3728263.0,49.36
2017-03-09,836705.0,-819775.0,,2957372.0,49.47
2017-03-10,708716.0,184421.0,,3849912.0,49.58
2017-03-13,1362936.0,283525.0,,4948062.0,49.77
2017-03-14,210545.0,-562722.0,,4024138.0,49.79
2017-03-15,-217522.0,-1198742.0,,4688787.0,49.76
2017-03-16,-171156.0,-21192.0,,3458839.0,49.75
2017-03-17,-668064.0,-2323102.0,,8098258.0,49.66
2017-03-20,183119.0,-285878.0,,3929405.0,49.7
2017-03-21,201465.0,-151659.0,,3720816.0,49.73
2017-03-22,426148.0,617955.0,,4157526.0,49.79
2017-03-23,-24749.0,11271.0,,2473925.0,49.79
2017-03-24,773840.0,518268.0,,5174622.0,49.9
2017-03-27,2105860.0,-127871.0,,5607032.0,50.19
2017-03-28,524648.0,-245140.0,,2862493.0,50.36
2017-03-29,847640.0,-183286.0,,4154277.0,50.49
2017-03-30,248064.0,-182160.0,,2204243.0,50.67
2017-03-31,250258.0,-69767.0,,2682196.0,50.7
2017-04-03,497636.0,459540.0,,2361892.0,50.76
2017-04-04,320684.0,14840.0,,2192884.0,50.8
2017-04-05,-329047.0,-40308.0,,2758658.0,50.71
2017-04-06,-1010487.0,95378.0,,2991825.0,50.57
2017-04-07,153818.0,-190588.0,,2645476.0,50.51
2017-04-10,-286919.0,187919.0,,1824895.0,50.46
2017-04-11,-591592.0,187008.0,,2384127.0,50.43
2017-04-12,-164128.0,-24398.0,,1694663.0,50.41
2017-04-13,36826.0,69327.0,,2367158.0,50.42
2017-04-14,379500.0,140712.0,,2845128.0,50.47
2017-04-17,-619600.0,-109516.0,,2002100.0,50.39
2017-04-18,251396.0,44353.0,,1899560.0,50.42
2017-04-19,17213.0,8933.0,,1587172.0,50.44
2017-04-20,926545.0,454355.0,,3573280.0,50.58
2017-04-21,1335135.0,35117.0,,3834454.0,50.76
2017-04-24,448182.0,-237775.0,,3158545.0,50.81
2017-04-25,682583.0,-827314.0,,5312931.0,50.91
2017-04-26,1548061.0,253109.0,,5609007.0,51.1
2017-04-27,49746.0,-2490.0,,2743963.0,51.11
2017-04-28,136034.0,107262.0,,3573387.0,51.14
2017-05-02,790863.0,94501.0,,4347745.0,51.25
2017-05-04,527823.0,-283756.0,,2780438.0,51.32
2017-05-08,363614.0,156017.0,,3818771.0,51.36
2017-05-10,-52753.0,187387.0,,4766870.0,51.33
2017-05-11,30522.0,-14957.0,,3509393.0,51.31
2017-05-12,-228805.0,-213313.0,,2303244.0,51.28
2017-05-15,195360.0,-210600.0,,1542366.0,51.29
2017-05-16,-276662.0,97763.0,,2546047.0,51.25
2017-05-17,-18853.0,-183488.0,,2485465.0,51.25
2017-05-18,284119.0,-257176.0,,3494997.0,51.28
2017-05-19,-547424.0,-391024.0,,2860160.0,51.2
2017-05-22,483092.0,-66296.0,,2544180.0,51.27
2017-05-23,-711416.0,80981.0,,2410542.0,51.17
2017-05-24,486289.0,-148771.0,,2324952.0,51.27
2017-05-25,152554.0,-86691.0,,1996135.0,51.28
2017-05-26,673283.0,274672.0,,3145737.0,51.37
2017-05-29,-22445.0,114101.0,,3294700.0,51.36
2017-05-30,-417373.0,-119065.0,,2368225.0,51.3
2017-05-31,-431105.0,343208.0,,3314659.0,51.24
2017-06-01,82656.0,-433137.0,,2006611.0,51.25
2017-06-02,305733.0,-527935.0,,2481215.0,51.29
2017-06-05,-189788.0,-644058.0,,2525078.0,51.26
2017-06-07,214690.0,17722.0,,3040030.0,51.29
2017-06-08,53653.0,-276463.0,,3943311.0,51.3
2017-06-09,497517.0,583568.0,,4799560.0,51.32
2017-06-12,-182263.0,-205632.0,,2650404.0,51.25
2017-06-13,136569.0,67029.0,,3431811.0,51.26
2017-06-14,-280429.0,566215.0,,4441904.0,51.21
2017-06-15,143505.0,748936.0,,4549233.0,51.23
2017-06-16,-936325.0,534001.0,,3932203.0,51.1
2017-06-19,-333375.0,707659.0,,5315543.0,51.05
2017-06-20,-984838.0,-369067.0,,6519471.0,50.93
2017-06-21,-1084707.0,-51950.0,,5650669.0,50.78
2017-06-22,-60739.0,-430382.0,,4977159.0,50.78
2017-06-23,-155758.0,-106902.0,,3189590.0,50.75
2017-06-26,301024.0,-39343.0,,3516630.0,50.77
2017-06-27,-748895.0,-356257.0,,4951341.0,50.67
2017-06-28,-1312870.0,-201713.0,,5520578.0,50.49
2017-06-29,279574.0,-488543.0,,3702501.0,50.61
2017-06-30,-676378.0,-143129.0,,3230282.0,50.52
2017-07-03,-200095.0,-643905.0,,3763473.0,50.49
2017-07-04,-246703.0,-44995.0,,2895782.0,50.39
2017-07-05,230453.0,-8345.0,,4557456.0,50.41
2017-07-06,-225872.0,-110341.0,,4048922.0,50.38
2017-07-07,-950339.0,237995.0,,3242213.0,50.25
2017-07-10,59906.0,101893.0,,2667048.0,50.25
2017-07-11,240135.0,265035.0,,3187332.0,50.29
2017-07-12,-11369.0,-143455.0,,3462150.0,50.23
2017-07-13,326445.0,-73558.0,,5432312.0,50.27
2017-07-14,-615277.0,147593.0,,2931832.0,50.18
2017-07-17,-718361.0,96060.0,,2804598.0,50.08
2017-07-18,-296678.0,205454.0,,2066194.0,50.04
2017-07-19,-74713.0,122984.0,,2009799.0,50.02
2017-07-20,5255.0,-34471.0,,1647153.0,50.02
2017-07-21,-61869.0,-15231.0,,1599111.0,50.01
2017-07-24,108579.0,152883.0,,3598173.0,50.02
2017-07-25,-1811221.0,-376282.0,,6028435.0,49.77
2017-07-26,-2374424.0,-391283.0,,9659618.0,49.44
2017-07-27,204906.0,-46422.0,,6177375.0,49.47
2017-07-28,-1298687.0,-163452.0,,8093780.0,49.29
2017-07-31,269676.0,213383.0,,4769724.0,49.32
2017-08-01,18876.0,-472032.0,,3744523.0,49.33
2017-08-02,607309.0,-88912.0,,4161592.0,49.41
2017-08-03,-410496.0,-940246.0,,4992104.0,49.35
2017-08-04,-1886595.0,-197762.0,,5938549.0,49.09
2017-08-07,-417462.0,-326721.0,,3518575.0,49.03
2017-08-08,907812.0,195292.0,,4372768.0,49.16
2017-08-09,-1001678.0,415915.0,,4037319.0,49.02
2017-08-10,-1203070.0,654867.0,,4474120.0,48.85
2017-08-11,-2204710.0,1087309.0,,6664578.0,48.55
2017-08-14,998325.0,940632.0,,5239246.0,48.68
2017-08-16,156559.0,297367.0,,4714899.0,48.7
2017-08-17,-443366.0,462807.0,,3709768.0,48.64
2017-08-18,242548.0,314423.0,,3130891.0,48.68
2017-08-21,242226.0,104327.0,,2570150.0,48.71
2017-08-22,191548.0,282321.0,,2208365.0,48.73
2017-08-23,-309429.0,37771.0,,3072911.0,48.69
2017-08-24,157073.0,246717.0,,2333347.0,48.71
2017-08-25,55644.0,322643.0,,1862764.0,48.72
2017-08-28,-825.0,61909.0,,1843458.0,48.72
2017-08-29,-373238.0,272780.0,,2967906.0,48.67
2017-08-30,201123.0,198801.0,,2118742.0,48.7
2017-08-31,-78233.0,131609.0,,2054717.0,48.69
2017-09-01,219322.0,41800.0,,2304425.0,48.72
2017-09-04,470815.0,490232.0,,3234465.0,48.78
2017-09-05,202248.0,889690.0,,4026248.0,48.8
2017-09-06,115446.0,940929.0,,4476200.0,48.82
2017-09-07,145483.0,393887.0,,3877849.0,48.84
2017-09-08,277650.0,551098.0,,2868673.0,48.87
2017-09-11,-417627.0,698374.0,,3321612.0,48.81
2017-09-12,385652.0,255720.0,,3676865.0,48.86
2017-09-13,213858.0,305555.0,,5682708.0,48.89
2017-09-14,77109.0,-221102.0,,3366621.0,48.9
2017-09-15,-90984.0,280725.0,,2725277.0,48.88
2017-09-18,-76610.0,-96210.0,,3638325.0,48.89
2017-09-19,-860800.0,108246.0,,3934389.0,48.76
2017-09-20,-129978.0,-3989.0,,5268665.0,48.75
2017-09-21,169650.0,-278784.0,,6961713.0,48.77
2017-09-22,760088.0,-865651.0,,5970218.0,48.87
2017-09-25,-210923.0,-119669.0,,4656285.0,48.88
2017-09-26,-488414.0,-217434.0,,11035272.0,48.74
2017-09-27,-738656.0,118757.0,,5029200.0,48.65
2017-09-28,-624985.0,453121.0,,4817018.0,48.56
2017-09-29,-522355.0,14756.0,,3579139.0,48.55
2017-10-10,942896.0,-71283.0,,7956055.0,48.68
2017-10-11,-350692.0,-834835.0,,5500820.0,48.57
2017-10-12,-66756.0,-754191.0,,4313702.0,48.56
2017-10-13,-115075.0,-749868.0,,6101810.0,48.51
2017-10-16,-641934.0,-829202.0,,6985619.0,48.42
2017-10-17,-1239357.0,-441419.0,,6802500.0,48.25
2017-10-18,-1470457.0,-376095.0,,9070685.0,48.04
2017-10-19,-1069570.0,-237533.0,,7675978.0,47.9
2017-10-20,-387633.0,500584.0,,6911051.0,47.84
2017-10-23,580279.0,-520158.0,,5388391.0,47.92
2017-10-24,-1027531.0,-83808.0,,5236092.0,47.78
2017-10-25,536088.0,-768076.0,,3914170.0,47.85
2017-10-26,-647600.0,-1234284.0,,7528077.0,47.76
2017-10-27,-1980524.0,-833663.0,,8929263.0,47.49
2017-10-30,548272.0,-40236.0,,5883529.0,47.57
2017-10-31,827359.0,405096.0,,6620890.0,47.69
2017-11-01,1081824.0,562545.0,,7067296.0,47.83
2017-11-02,84701.0,-149791.0,,4464960.0,47.83
2017-11-03,394164.0,-202102.0,,4050123.0,47.87
2017-11-06,481454.0,-698731.0,,3131468.0,47.94
2017-11-07,222168.0,-526151.0,,2993945.0,47.93
2017-11-08,548699.0,-252195.0,,3396387.0,48.0
2017-11-09,-64904.0,-647400.0,,3748489.0,47.99
2017-11-10,138838.0,-87444.0,,2357772.0,48.0
2017-11-13,227243.0,81158.0,,2955651.0,48.03
2017-11-14,154307.0,390179.0,,3399976.0,48.05
2017-11-15,19409.0,-63864.0,,3207872.0,48.05
2017-11-16,70355.0,-43221.0,,3053355.0,48.06
2017-11-17,297027.0,-127356.0,,4339090.0,48.11
2017-11-20,154310.0,-360535.0,,2988991.0,48.13
2017-11-21,1687143.0,773119.0,,5540888.0,48.36
2017-11-22,821966.0,177913.0,,4592670.0,48.46
2017-11-23,-438073.0,40186.0,,2840382.0,48.38
2017-11-24,-8520.0,108690.0,,2073899.0,48.38
2017-11-27,533249.0,-1274677.0,,7105679.0,48.46
2017-11-28,318747.0,-633467.0,,4083144.0,48.49
2017-11-29,339238.0,-45805.0,,2418748.0,48.53
2017-11-30,-2327500.0,-943455.0,,11213748.0,48.21
2017-12-01,-677804.0,-117628.0,,4340592.0,48.11
2017-12-04,269284.0,-22220.0,,4115752.0,48.15
2017-12-05,-342762.0,77526.0,,3736568.0,48.1
2017-12-06,-160481.0,125016.0,,3934238.0,48.03
2017-12-07,-1351002.0,549872.0,,5166136.0,47.83
2017-12-08,522579.0,534436.0,,3660716.0,47.89
2017-12-11,-253338.0,327301.0,,2493176.0,47.84
2017-12-12,-576802.0,190059.0,,3746347.0,47.76
2017-12-13,-895590.0,89785.0,,3485920.0,47.62
2017-12-14,481381.0,-1358160.0,,5552560.0,47.68
2017-12-15,-563373.0,113753.0,,3374982.0,47.61
2017-12-18,155475.0,407114.0,,3237589.0,47.6
2017-12-19,915579.0,1109496.0,,6782210.0,47.73
2017-12-20,274690.0,757605.0,,4375810.0,47.75
2017-12-21,-566025.0,-238303.0,,4831110.0,47.67
2017-12-22,-172210.0,230723.0,,3382954.0,47.64
2017-12-26,314209.0,-380338.0,,6253943.0,47.64
2017-12-27,-690758.0,-138555.0,,4291492.0,47.55
2017-12-28,-137737.0,532001.0,,2825939.0,47.53
2018-01-02,178472.0,-331780.0,,2014838.0,47.55
2018-01-03,275179.0,170162.0,,3097644.0,47.61
2018-01-04,375676.0,173510.0,,3729328.0,47.66
2018-01-05,602813.0,644085.0,,3395065.0,47.77
2018-01-08,99511.0,-335917.0,,2960495.0,47.78
2018-01-09,-24092.0,-458795.0,,3343874.0,47.78
2018-01-10,-2205205.0,-2413307.0,,9123901.0,47.48
2018-01-11,-272744.0,-358877.0,,3777867.0,47.43
2018-01-12,656256.0,-161518.0,,5659087.0,47.52
2018-01-15,-467661.0,-267507.0,,3541267.0,47.46
2018-01-16,157472.0,527150.0,,4383229.0,47.48
2018-01-17,198012.0,-269288.0,,3256624.0,47.51
2018-01-18,660463.0,128581.0,,6199800.0,47.6
2018-01-19,-734953.0,-412588.0,,3898397.0,47.5
2018-01-22,-156966.0,-1147790.0,,5610463.0,47.48
2018-01-23,-642409.0,-190157.0,,4671451.0,47.41
2018-01-24,240416.0,438824.0,,3802939.0,47.4
2018-01-25,1869784.0,-25045.0,,8758929.0,47.65
2018-01-26,-39152.0,128448.0,,4296170.0,47.62
2018-01-29,309261.0,77097.0,,3618328.0,47.66
2018-01-30,-462243.0,-1091111.0,,5443314.0,47.6
2018-01-31,432658.0,-177340.0,,5800892.0,47.67
2018-02-01,601713.0,182065.0,,2987816.0,47.75
2018-02-02,-940.0,-775181.0,,4343077.0,47.8
2018-02-05,-436224.0,-468698.0,,4058439.0,47.74
2018-02-06,146143.0,481965.0,,5679965.0,47.75
2018-02-07,1155346.0,-23853.0,,6007913.0,47.91
2018-02-08,1871155.0,-101184.0,,5586858.0,48.18
2018-02-09,363320.0,51713.0,,5118112.0,48.23
2018-02-12,253183.0,459295.0,,3317876.0,48.21
2018-02-13,2561757.0,1167428.0,,7814367.0,48.57
2018-02-14,254153.0,284973.0,,3943628.0,48.6
2018-02-19,83814.0,-230609.0,,3350577.0,48.61
2018-02-20,491302.0,-551564.0,,2507719.0,48.66
2018-02-21,294424.0,378894.0,,2653870.0,48.7
2018-02-22,-70587.0,78016.0,,1879461.0,48.69
2018-02-23,513219.0,389087.0,,2404473.0,48.76
2018-02-26,52201.0,352196.0,,2327486.0,48.76
2018-02-27,624579.0,634388.0,,3395415.0,48.84
2018-02-28,305301.0,-589878.0,,3102987.0,48.88
2018-03-02,541623.0,-296203.0,,2673152.0,48.96
2018-03-05,540084.0,550946.0,,3415061.0,49.03
2018-03-06,1827975.0,1788937.0,,7588369.0,49.29
2018-03-07,1501757.0,-233218.0,,4992841.0,49.49
2018-03-08,612947.0,-299335.0,,4440076.0,49.58
2018-03-09,157155.0,278609.0,,5159197.0,49.6
2018-03-12,601151.0,-134649.0,,2744795.0,49.68
2018-03-13,2494342.0,784323.0,,8775741.0,50.03
2018-03-14,284425.0,-137002.0,,5939290.0,50.07
2018-03-15,-1169.0,-139683.0,,4106667.0,50.08
2018-03-16,416771.0,-102681.0,,5006430.0,50.12
2018-03-19,145313.0,335050.0,,3743718.0,50.12
2018-03-20,-83113.0,-133760.0,,3083666.0,50.11
2018-03-21,-234090.0,107666.0,,2942484.0,50.07
2018-03-22,345973.0,-540805.0,,2698169.0,50.09
2018-03-23,122226.0,-1958585.0,,7310739.0,50.1
2018-03-26,-567494.0,-109443.0,,6121334.0,50.01
2018-03-27,-623374.0,-217500.0,,7184488.0,49.96
2018-03-28,744479.0,-927190.0,,4820673.0,50.07
2018-03-29,-784934.0,164792.0,,3618849.0,49.94
2018-03-30,-487124.0,387064.0,,3681673.0,49.87
2018-04-02,40034.0,-174080.0,,2342407.0,49.88
2018-04-03,68632.0,-346837.0,,3553815.0,49.8
2018-04-04,29557.0,-280586.0,,2964537.0,49.8
2018-04-05,-138422.0,773918.0,,3255356.0,49.77
2018-04-06,-1353251.0,-427635.0,,5693281.0,49.58
2018-04-09,62473.0,-92801.0,,3231256.0,49.56
2018-04-10,140672.0,-24466.0,,2924054.0,49.59
2018-04-11,634913.0,-67805.0,,3053453.0,49.67
2018-04-12,1448715.0,291789.0,,5725102.0,49.84
2018-04-13,-185909.0,506859.0,,3032369.0,49.81
2018-04-16,-177952.0,290736.0,,1489091.0,49.78
2018-04-17,-673700.0,78332.0,,2501282.0,49.68
2018-04-18,247869.0,119001.0,,3375376.0,49.72
2018-04-19,1490839.0,333893.0,,5901782.0,49.92
2018-04-20,-1336907.0,176697.0,,4590640.0,49.77
2018-04-23,-187993.0,-22705.0,,3002461.0,49.67
2018-04-24,-997102.0,-128844.0,,6804182.0,49.6
2018-04-25,-406862.0,142128.0,,3845661.0,49.55
2018-04-26,1157899.0,733178.0,,7551747.0,49.76
2018-04-27,1273207.0,-305021.0,,4961867.0,49.91
2018-04-30,168701.0,-418815.0,,4653153.0,49.99
2018-05-02,-320471.0,-251779.0,,5444240.0,49.94
2018-05-03,11999.0,-229462.0,,2362792.0,49.95
2018-05-04,537726.0,-245992.0,,2696141.0,50.02
2018-05-08,473308.0,85429.0,,2979605.0,50.06
2018-05-09,40795.0,218854.0,,2284106.0,50.09
2018-05-10,462563.0,346896.0,,3274963.0,50.15
2018-05-11,427715.0,138675.0,,2107047.0,50.2
2018-05-14,-89689.0,343579.0,,1959236.0,50.19
2018-05-15,-82676.0,-33377.0,,2239370.0,50.19
2018-05-16,832631.0,688272.0,,3040180.0,50.35
2018-05-17,-109694.0,450679.0,,2864278.0,50.36
2018-05-18,227925.0,379353.0,,2187789.0,50.4
2018-05-21,712474.0,210360.0,,3262983.0,50.49
2018-05-23,3214746.0,810705.0,,10378915.0,50.91
2018-05-24,-215577.0,577009.0,,3220029.0,50.89
2018-05-25,-114427.0,826504.0,,4145819.0,50.84
2018-05-28,-127494.0,-106151.0,,2505786.0,50.83
2018-05-29,-170091.0,11431.0,,2733549.0,50.75
2018-05-30,54620.0,141995.0,,3808299.0,50.81
2018-05-31,-662367.0,71133.0,,5996671.0,50.67
2018-06-01,-600327.0,-253211.0,,4790644.0,50.59
2018-06-04,-343330.0,-267841.0,,3141036.0,50.52
2018-06-05,239310.0,-107673.0,,2758383.0,50.55
2018-06-07,-180217.0,51360.0,,2754947.0,50.54
2018-06-08,-391002.0,-626881.0,,4579508.0,50.45
2018-06-11,429119.0,-212824.0,,2535933.0,50.51
2018-06-12,-324469.0,111520.0,,1876012.0,50.49
2018-06-14,328608.0,-1193735.0,,4646948.0,50.53
2018-06-15,129910.0,103879.0,,2945006.0,50.5
2018-06-18,-754758.0,-136138.0,,4723914.0,50.39
2018-06-19,164706.0,131057.0,,3824878.0,50.41
2018-06-20,619307.0,24293.0,,4183210.0,50.48
2018-06-21,431604.0,-91323.0,,3274612.0,50.54
2018-06-22,410922.0,19162.0,,2569978.0,50.58
2018-06-25,-964972.0,-377652.0,,4420542.0,50.43
2018-06-26,-532289.0,196369.0,,5518522.0,50.33
2018-06-27,730770.0,-185784.0,,3798356.0,50.43
2018-06-28,-266274.0,-486727.0,,3838303.0,50.37
2018-06-29,293025.0,51725.0,,3003603.0,50.47
2018-07-02,248624.0,-388344.0,,2033542.0,50.59
2018-07-03,581776.0,165855.0,,2817592.0,50.75
2018-07-04,-42563.0,-92746.0,,2744382.0,50.74
2018-07-05,267266.0,172466.0,,2059342.0,50.78
2018-07-06,-911361.0,488264.0,,3482186.0,50.65
2018-07-09,53606.0,418948.0,,2127205.0,50.65
2018-07-10,-33356.0,-41617.0,,2002682.0,50.65
2018-07-11,281941.0,-320621.0,,2037358.0,50.67
2018-07-12,-158162.0,-635368.0,,3032951.0,50.64
2018-07-13,1206754.0,412994.0,,4535954.0,50.81
2018-07-16,341689.0,-171161.0,,1896459.0,50.86
2018-07-17,131596.0,-78644.0,,1570129.0,50.86
2018-07-18,291059.0,-63307.0,,1937496.0,50.87
2018-07-19,287968.0,315786.0,,2383489.0,50.89
2018-07-20,-1607955.0,160991.0,,3726334.0,50.67
2018-07-23,-444613.0,-1505085.0,,7076375.0,50.61
2018-07-24,585860.0,-336568.0,,4023740.0,50.7
2018-07-25,88470.0,-683003.0,,4154596.0,50.72
2018-07-26,525748.0,-262758.0,,6218102.0,50.8
2018-07-27,1361806.0,-129875.0,,4943923.0,50.99
2018-07-30,487106.0,-630807.0,,2301941.0,51.1
2018-07-31,140812.0,43168.0,,2804543.0,51.12
2018-08-01,-347535.0,-259684.0,,2265008.0,51.06
2018-08-02,-193483.0,-431959.0,,3373964.0,51.03
2018-08-03,41628.0,-440183.0,,1928574.0,51.01
2018-08-06,-1762746.0,-915793.0,,5910100.0,50.76
2018-08-07,-146529.0,-364043.0,,3288142.0,50.74
2018-08-08,-233177.0,-577077.0,,2804784.0,50.66
2018-08-09,-1402462.0,-313100.0,,5587662.0,50.43
2018-08-10,-909648.0,-1162502.0,,6785694.0,50.3
2018-08-13,-517774.0,400507.0,,3734794.0,50.21
2018-08-14,-204150.0,-291353.0,,3206407.0,50.18
2018-08-16,-964427.0,-252770.0,,5550888.0,50.04
2018-08-17,-366584.0,-481657.0,,2647963.0,50.07
2018-08-20,-469292.0,-42410.0,,2048829.0,49.94
2018-08-21,14182.0,197918.0,,5663191.0,49.99
2018-08-22,209982.0,-134646.0,,5295710.0,49.98
2018-08-23,255868.0,-436004.0,,3272130.0,50.0
2018-08-24,-171188.0,82864.0,,3612709.0,49.97
2018-08-27,202630.0,-33249.0,,3070598.0,49.98
2018-08-28,88970.0,-511504.0,,4466308.0,50.06
2018-08-29,61804.0,-289534.0,,2330703.0,50.1
2018-08-30,96014.0,-311831.0,,2337573.0,50.08
2018-08-31,163246.0,-368057.0,,2303812.0,50.09
2018-09-03,-461418.0,-601047.0,,2618619.0,50.03
2018-09-04,-328859.0,-14490.0,,1903734.0,49.98
2018-09-05,-442569.0,-297561.0,,2627619.0,49.9
2018-09-06,-1585565.0,58445.0,,4516654.0,49.7
2018-09-07,-4219282.0,836380.0,,8388278.0,49.12
2018-09-10,14122.0,-441269.0,,4167711.0,49.13
2018-09-11,121839.0,-353687.0,,3197796.0,49.15
2018-09-12,-910488.0,-563624.0,,4330147.0,49.04
2018-09-13,-778736.0,-337109.0,,5257563.0,48.93
2018-09-14,236041.0,555124.0,,4124842.0,48.96
2018-09-17,14312.0,-198192.0,,2252063.0,48.96
2018-09-18,112449.0,-63940.0,,2450163.0,48.98
2018-09-19,270695.0,-145850.0,,2912259.0,49.03
2018-09-20,39982.0,224443.0,,3392490.0,49.04
2018-09-21,-1617705.0,-689553.0,,5678068.0,48.82
2018-09-27,-1573754.0,-494477.0,,5841083.0,48.7
2018-09-28,-1568542.0,-51499.0,,5824873.0,48.48
2018-10-01,417.0,-74227.0,,2970456.0,48.5
2018-10-02,-803655.0,-286842.0,,4089558.0,48.39
2018-10-04,-1146757.0,131898.0,,5778810.0,48.26
2018-10-05,144612.0,192343.0,,5508014.0,48.31
2018-10-08,423256.0,7210.0,,2856291.0,48.35
2018-10-10,-664769.0,288499.0,,4161114.0,48.25
2018-10-11,502932.0,94012.0,,4936490.0,48.34
2018-10-12,1071459.0,-123179.0,,4882184.0,48.55
2018-10-15,-305548.0,-274373.0,,3727297.0,48.49
2018-10-16,-230712.0,-69891.0,,2211661.0,48.44
2018-10-17,110859.0,-56768.0,,2653053.0,48.47
2018-10-18,-217630.0,-305173.0,,2849229.0,48.45
2018-10-19,227412.0,288874.0,,2688930.0,48.48
2018-10-22,-211818.0,56947.0,,2377240.0,48.45
2018-10-23,549598.0,-36968.0,,3175869.0,48.52
2018-10-24,49346.0,-357177.0,,5703361.0,48.53
2018-10-25,-837560.0,642970.0,,5859332.0,48.42
2018-10-26,-46351.0,630883.0,,6211406.0,48.43
2018-10-29,-432538.0,808443.0,,4252977.0,48.37
2018-10-30,-363811.0,1124542.0,,6101533.0,48.32
2018-10-31,132181.0,-700488.0,,5038931.0,48.33
2018-11-01,335840.0,-262202.0,,3218076.0,48.39
2018-11-02,1002486.0,534791.0,,5334082.0,48.56
2018-11-05,-812983.0,-75746.0,,3389386.0,48.44
2018-11-06,-158068.0,-161735.0,,2624868.0,48.42
2018-11-07,229953.0,580098.0,,3770119.0,48.46
2018-11-08,1399147.0,-299656.0,,3930969.0,48.65
2018-11-09,791467.0,-451472.0,,3414946.0,48.76
2018-11-12,1206827.0,-162759.0,,3328433.0,48.93
2018-11-13,-776690.0,242107.0,,4730929.0,48.82
2018-11-14,-469452.0,29689.0,,2783377.0,48.79
2018-11-15,-19451.0,192390.0,,1564647.0,48.79
2018-11-16,-330018.0,-348243.0,,2894513.0,48.73
2018-11-19,28763.0,-480239.0,,2303677.0,48.75
2018-11-20,-143890.0,-462062.0,,3325563.0,48.66
2018-11-21,-391111.0,547873.0,,3100596.0,48.59
2018-11-22,392924.0,173259.0,,1966126.0,48.64
2018-11-23,304951.0,-180476.0,,1499166.0,48.65
2018-11-26,358936.0,360499.0,,2361766.0,48.7
2018-11-27,-148590.0,-41608.0,,2293763.0,48.58
2018-11-28,1041543.0,-284874.0,,2441991.0,48.79
2018-11-29,167999.0,-65194.0,,3270078.0,48.81
2018-11-30,-514765.0,-604200.0,,4167055.0,48.7
2018-12-03,615655.0,-419698.0,,2760290.0,48.77
2018-12-04,198555.0,-830161.0,,3222060.0,48.79
2018-12-05,53005.0,-226670.0,,3008950.0,48.78
2018-12-06,-289612.0,-382104.0,,3902275.0,48.68
2018-12-07,69121.0,-61191.0,,2590733.0,48.73
2018-12-10,-164529.0,-78587.0,,2206084.0,48.67
2018-12-11,-302039.0,78444.0,,2457332.0,48.65
2018-12-12,4020.0,247523.0,,2901875.0,48.64
2018-12-13,-267430.0,-45430.0,,4062323.0,48.59
2018-12-14,-1224511.0,-766609.0,,5617675.0,48.4
2018-12-17,198717.0,217280.0,,2506287.0,48.42
2018-12-18,5235.0,-52887.0,,3098206.0,48.37
2018-12-19,-343986.0,61589.0,,3561783.0,48.31
2018-12-20,-331158.0,-82535.0,,4889709.0,48.28
2018-12-21,203808.0,499931.0,,3946994.0,48.25
2018-12-24,352436.0,352742.0,,2101703.0,48.31
2018-12-26,329760.0,412689.0,,2455060.0,48.27
2018-12-27,750914.0,-419576.0,,3047798.0,48.38
2018-12-28,-110003.0,-70060.0,,1647462.0,48.37
2019-01-02,313993.0,-5544.0,,1934295.0,48.39
2019-01-03,-330857.0,-134388.0,,3337621.0,48.37
2019-01-04,138713.0,214278.0,,3388087.0,48.45
2019-01-07,-132886.0,124196.0,,2273750.0,48.43
2019-01-08,364414.0,188124.0,,3062192.0,48.48
2019-01-09,1378638.0,329935.0,,4928656.0,48.66
2019-01-10,1499517.0,-153773.0,,6034432.0,48.87
2019-01-11,460771.0,-325105.0,,2890639.0,48.92
2019-01-14,-700925.0,19982.0,,3282892.0,48.83
2019-01-15,8367.0,205539.0,,2413868.0,48.85
2019-01-16,188879.0,92891.0,,2478497.0,48.86
2019-01-17,345531.0,-140429.0,,2830122.0,48.91
2019-01-18,-119854.0,25549.0,,2263599.0,48.91
2019-01-21,950129.0,100566.0,,3977425.0,49.04
2019-01-22,1139735.0,-864928.0,,4047917.0,49.18
2019-01-23,-3945.0,109885.0,,2825017.0,49.17
2019-01-24,2656644.0,-178959.0,,6914092.0,49.57
2019-01-25,2390308.0,-49396.0,,7163871.0,49.9
2019-01-28,-26950.0,-217834.0,,4972189.0,49.89
2019-01-29,-35432.0,216072.0,,3368642.0,49.88
2019-01-30,1533336.0,-161825.0,,5304841.0,50.07
2019-01-31,-119921.0,38505.0,,4447535.0,50.06
2019-02-01,1360683.0,-556865.0,,3349965.0,50.23
2019-02-07,929812.0,-53145.0,,4249110.0,50.36
2019-02-08,-509603.0,-378187.0,,4012485.0,50.26
2019-02-11,146741.0,-248629.0,,3374192.0,50.31
2019-02-12,682872.0,-60658.0,,3526701.0,50.4
2019-02-13,76492.0,131860.0,,2378193.0,50.41
2019-02-14,-106497.0,579462.0,,2313376.0,50.41
2019-02-15,-733574.0,-285009.0,,4154616.0,50.33
2019-02-18,152940.0,-30417.0,,1772434.0,50.35
2019-02-19,-21258.0,-64656.0,,1462071.0,50.34
2019-02-20,544921.0,148289.0,,3134257.0,50.4
2019-02-21,688539.0,32024.0,,2874589.0,50.51
2019-02-22,-90268.0,30694.0,,1882653.0,50.49
2019-02-25,-571165.0,54614.0,,2865712.0,50.42
2019-02-26,260712.0,-378531.0,,2483512.0,50.46
2019-02-27,-659361.0,-46589.0,,2864044.0,50.36
2019-02-28,-1636060.0,-856367.0,,7869451.0,50.14
2019-03-04,217172.0,-255377.0,,4931703.0,50.21
2019-03-05,78336.0,-109449.0,,3465521.0,50.25
2019-03-06,-1397078.0,454829.0,,4958303.0,50.1
2019-03-07,40383.0,-300551.0,,3402570.0,50.1
2019-03-08,-576063.0,-3758.0,,3571792.0,50.03
2019-03-11,104913.0,-225078.0,,2869008.0,50.02
2019-03-12,28700.0,5282.0,,2753535.0,50.06
2019-03-13,170539.0,-644298.0,,2851596.0,50.09
2019-03-14,548862.0,-697091.0,,3107100.0,50.18
2019-03-15,134572.0,262627.0,,3645592.0,50.2
2019-03-18,-34998.0,-231918.0,,2158588.0,50.18
2019-03-19,135000.0,-23196.0,,2285169.0,50.21
2019-03-20,151180.0,624025.0,,3642962.0,50.23
2019-03-21,1589055.0,2569228.0,,10030131.0,50.46
2019-03-22,747720.0,313222.0,,5286455.0,50.59
2019-03-25,-466821.0,146609.0,,3752230.0,50.54
2019-03-26,-70077.0,1173.0,,2987678.0,50.54
2019-03-27,129304.0,244433.0,,2744175.0,50.57
2019-03-28,134787.0,-130500.0,,2774932.0,50.64
2019-03-29,114868.0,289454.0,,3214170.0,50.66
2019-04-01,729561.0,263452.0,,3579070.0,50.73
2019-04-02,322016.0,147318.0,,2719440.0,50.76
2019-04-03,1300798.0,841048.0,,4674142.0,50.97
2019-04-04,412666.0,-77577.0,,5436236.0,51.02
2019-04-05,242703.0,-82786.0,,2191720.0,51.06
2019-04-08,279847.0,-317659.0,,2663493.0,51.11
2019-04-09,-262162.0,193309.0,,2322860.0,51.06
2019-04-10,10611.0,179405.0,,2689591.0,51.06
2019-04-11,-34548.0,79058.0,,2614388.0,51.06
2019-04-12,137879.0,-117928.0,,2317264.0,51.07
2019-04-15,237165.0,146148.0,,2019931.0,51.11
2019-04-16,-2551.0,370173.0,,2206997.0,51.1
2019-04-17,81596.0,197223.0,,2886956.0,51.13
2019-04-18,363544.0,-360298.0,,3295697.0,51.18
2019-04-19,1234056.0,-213173.0,,3040186.0,51.38
2019-04-22,92085.0,-140888.0,,1887109.0,51.39
2019-04-23,239524.0,-96792.0,,1779318.0,51.41
2019-04-24,-74669.0,-535721.0,,5318487.0,51.41
2019-04-25,904933.0,-401394.0,,5586360.0,51.52
2019-04-26,-493788.0,291620.0,,5183181.0,51.46
2019-04-29,-242827.0,404080.0,,2987384.0,51.46
2019-04-30,-264696.0,215618.0,,2960242.0,51.42
2019-05-02,504266.0,-85686.0,,3092434.0,51.49
2019-05-03,346753.0,-214941.0,,2481811.0,51.55
2019-05-07,251860.0,-207597.0,,2700371.0,51.56
2019-05-08,158984.0,-51404.0,,2731620.0,51.57
2019-05-09,-875388.0,-800340.0,,5939278.0,51.49
2019-05-10,-1350206.0,378721.0,,5702537.0,51.3
2019-05-13,-349666.0,151390.0,,3062929.0,51.25
2019-05-14,85865.0,302665.0,,3712697.0,51.31
2019-05-15,-55988.0,-126625.0,,2056131.0,51.3
2019-05-16,-285622.0,-103939.0,,3467027.0,51.26
2019-05-17,-146156.0,67800.0,,2412668.0,51.25
2019-05-20,-135332.0,47045.0,,1970694.0,51.3
2019-05-21,-393833.0,-69859.0,,3893536.0,51.27
2019-05-22,-634787.0,-211939.0,,3128787.0,51.18
2019-05-23,-286488.0,-80085.0,,3108370.0,51.14
2019-05-24,-616525.0,465642.0,,3339145.0,51.07
2019-05-27,-528835.0,209326.0,,2214176.0,51.05
2019-05-28,-3384729.0,1374314.0,,12052399.0,50.6
2019-05-29,-1184102.0,1587072.0,,6056903.0,50.69
2019-05-30,-149424.0,191800.0,,3023108.0,50.36
2019-05-31,25988.0,-78247.0,,3191350.0,50.58
2019-06-03,-149090.0,149958.0,,4020572.0,50.6
2019-06-04,-652180.0,-48693.0,,2892681.0,50.48
2019-06-05,-620431.0,239996.0,,4832796.0,50.39
2019-06-07,-54601.0,-72096.0,,2355869.0,50.28
2019-06-10,140339.0,261468.0,,3091757.0,50.31
2019-06-11,-244837.0,300916.0,,2429182.0,50.29
2019-06-12,-274072.0,-475197.0,,2437640.0,50.23
2019-06-13,-1729214.0,-452393.0,,5947811.0,49.99
2019-06-14,211819.0,-538306.0,,3686472.0,50.0
2019-06-17,388649.0,120336.0,,2435039.0,50.04
2019-06-18,-59462.0,68573.0,,1549497.0,50.02
2019-06-19,1119314.0,629491.0,,6230370.0,50.2
2019-06-20,-261514.0,418802.0,,2773637.0,50.19
2019-06-21,-9033.0,-92900.0,,2403002.0,50.19
2019-06-24,263356.0,90075.0,,2164462.0,50.22
2019-06-25,131394.0,-130755.0,,1873766.0,50.2
2019-06-26,1191510.0,-90261.0,,5024201.0,50.44
2019-06-27,226867.0,512929.0,,5361201.0,50.48
2019-06-28,196423.0,-423249.0,,3117569.0,50.52
2019-07-01,-7830.0,555761.0,,3538183.0,50.55
2019-07-02,801813.0,-61397.0,,2495399.0,50.69
2019-07-03,118566.0,-298137.0,,2790684.0,50.67
2019-07-04,229289.0,36950.0,,1503707.0,50.7
2019-07-05,-313049.0,210741.0,,2043271.0,50.64
2019-07-08,386987.0,-203249.0,,2202260.0,50.69
2019-07-09,55686.0,716254.0,,2912514.0,50.72
2019-07-10,1153050.0,244072.0,,4346179.0,50.87
2019-07-11,1003451.0,140747.0,,5111929.0,51.03
2019-07-12,225794.0,-178631.0,,2638271.0,51.05
2019-07-15,130689.0,394134.0,,2122090.0,51.07
2019-07-16,78203.0,174166.0,,2450278.0,51.07
2019-07-17,-51566.0,31720.0,,2805672.0,51.08
2019-07-18,67327.0,-41256.0,,1902110.0,51.07
2019-07-19,-175792.0,840597.0,,2635348.0,51.02
2019-07-22,699084.0,-199058.0,,3213786.0,51.1
2019-07-23,1834918.0,-899935.0,,4814941.0,51.35
2019-07-24,632042.0,-591487.0,,3562342.0,51.42
2019-07-25,489148.0,194861.0,,3963383.0,51.48
2019-07-26,540142.0,-4615.0,,3095260.0,51.59
2019-07-29,-103235.0,117959.0,,2616782.0,51.65
2019-07-30,522544.0,-133309.0,,2371300.0,51.75
2019-07-31,322318.0,-504133.0,,3712241.0,51.8
2019-08-01,590580.0,-291258.0,,3397831.0,51.82
2019-08-02,-599198.0,440127.0,,4845952.0,51.63
2019-08-05,75158.0,214601.0,,2889902.0,51.66
2019-08-06,-1552229.0,1130221.0,,5008247.0,51.49
2019-08-07,452235.0,-205661.0,,2692841.0,51.5
2019-08-08,-148540.0,-224972.0,,2943206.0,51.51
2019-08-09,354189.0,-221756.0,,2100380.0,51.54
2019-08-12,172104.0,-82391.0,,1254926.0,51.58
2019-08-13,142344.0,-143384.0,,1304708.0,51.63
2019-08-14,121553.0,248383.0,,2561643.0,51.65
2019-08-16,-149779.0,61812.0,,2015785.0,51.63
2019-08-19,-291867.0,124061.0,,1591728.0,51.6
2019-08-20,157725.0,27793.0,,1694275.0,51.59
2019-08-21,63445.0,-240846.0,,1898789.0,51.57
2019-08-22,88244.0,-479345.0,,2309550.0,51.56
2019-08-23,205070.0,-13550.0,,1695532.0,51.56
2019-08-26,-87822.0,-451982.0,,2645491.0,51.54
2019-08-27,103080.0,78839.0,,2512610.0,51.57
2019-08-28,-17763.0,153473.0,,1380522.0,51.58
2019-08-29,162074.0,-214966.0,,2050860.0,51.6
2019-08-30,1073445.0,77207.0,,3839246.0,51.74
2019-09-02,-51432.0,190632.0,,1431352.0,51.75
2019-09-03,-27182.0,-35266.0,,1611563.0,51.74
2019-09-04,547791.0,408258.0,,2723541.0,51.8
2019-09-05,1139723.0,119037.0,,4068631.0,51.93
2019-09-06,78289.0,-93555.0,,2418057.0,51.93
2019-09-09,1032789.0,-364757.0,,2642174.0,52.07
2019-09-10,-177875.0,113324.0,,1761883.0,52.04
2019-09-11,-640061.0,494447.0,,3650902.0,51.94
2019-09-16,-2015583.0,610400.0,,5174391.0,51.63
2019-09-17,-367673.0,183682.0,,2538780.0,51.59
2019-09-18,-329833.0,537912.0,,2706678.0,51.55
2019-09-19,-19691.0,516677.0,,3612220.0,51.56
2019-09-20,35448.0,96134.0,,2447172.0,51.56
2019-09-23,49701.0,137011.0,,1413663.0,51.59
2019-09-24,-105082.0,283674.0,,1662830.0,51.56
2019-09-25,-273415.0,117020.0,,1644881.0,51.54
2019-09-26,344065.0,-22951.0,,1734941.0,51.57
2019-09-27,161347.0,-441373.0,,2625620.0,51.54
2019-09-30,164560.0,-20552.0,,2442478.0,51.63
2019-10-01,-185294.0,152212.0,,2370210.0,51.6
2019-10-02,-449937.0,-444954.0,,2188097.0,51.54
2019-10-04,162971.0,98927.0,,2430603.0,51.56
2019-10-07,-116001.0,26377.0,,1229105.0,51.52
2019-10-08,-367577.0,376652.0,,1816880.0,51.45
2019-10-10,-1211080.0,325900.0,,4389324.0,51.27
2019-10-11,-93947.0,315254.0,,2186536.0,51.24
2019-10-14,-371040.0,408174.0,,1972409.0,51.19
2019-10-15,52454.0,59774.0,,1518810.0,51.22
2019-10-16,286078.0,195648.0,,2436269.0,51.26
2019-10-17,-416945.0,78592.0,,1713942.0,51.17
2019-10-18,-2382650.0,244714.0,,13625664.0,50.81
2019-10-21,-734662.0,215118.0,,2096581.0,50.85
2019-10-22,-374824.0,936355.0,,3453958.0,50.78
2019-10-23,-432006.0,-164422.0,,5373911.0,50.74
2019-10-24,784900.0,245373.0,,3076100.0,50.85
2019-10-25,2049082.0,-78484.0,,4229200.0,51.13
2019-10-28,339980.0,-63829.0,,1977758.0,51.12
2019-10-29,210882.0,89277.0,,1645070.0,51.15
2019-10-30,-72035.0,-135073.0,,1927042.0,51.09
2019-10-31,353381.0,-14768.0,,1978755.0,51.15
2019-11-01,226800.0,-20765.0,,1848046.0,51.18
2019-11-04,171701.0,555706.0,,2182879.0,51.23
2019-11-05,304925.0,64100.0,,1953720.0,51.27
2019-11-06,-294862.0,-44194.0,,2127745.0,51.22
2019-11-07,-9937.0,-43745.0,,1594558.0,51.22
2019-11-08,-452666.0,-101599.0,,2074339.0,51.14
2019-11-11,-433043.0,-10268.0,,2174477.0,51.08
2019-11-12,227780.0,119326.0,,1555211.0,51.09
2019-11-13,309351.0,-112623.0,,1370289.0,51.14
2019-11-14,-244138.0,318771.0,,1517137.0,51.06
2019-11-15,295498.0,643263.0,,2394138.0,51.1
2019-11-18,3278.0,137588.0,,1827506.0,51.08
2019-11-19,214109.0,-38887.0,,2260299.0,51.12
2019-11-20,-721625.0,4799.0,,3315169.0,51.02
2019-11-21,-1054230.0,124450.0,,3346746.0,50.87
2019-11-22,-499586.0,466872.0,,2089767.0,50.82
2019-11-25,-790392.0,560370.0,,2602474.0,50.71
2019-11-26,-983112.0,1203808.0,,4521090.0,50.62
2019-11-27,-115787.0,191505.0,,1326621.0,50.61
2019-11-28,219718.0,21658.0,,1413983.0,50.61
2019-11-29,-547251.0,36641.0,,2139440.0,50.52
2019-12-02,-675467.0,339521.0,,1945991.0,50.44
2019-12-03,-1720447.0,767797.0,,11657151.0,50.19
2019-12-04,-1245667.0,387603.0,,6164549.0,50.01
2019-12-05,172561.0,77499.0,,3667358.0,50.02
2019-12-06,185686.0,328027.0,,3054204.0,50.0
2019-12-09,60662.0,118139.0,,2290088.0,49.98
2019-12-10,-221466.0,217120.0,,1831960.0,49.93
2019-12-11,-196860.0,200590.0,,2009331.0,49.88
2019-12-12,1250597.0,248977.0,,5247299.0,50.04
2019-12-13,2412073.0,343554.0,,5831965.0,50.36
2019-12-16,137246.0,396741.0,,2652685.0,50.35
2019-12-17,1217505.0,145226.0,,5070618.0,50.44
2019-12-18,558507.0,-341326.0,,3434310.0,50.52
2019-12-19,1431551.0,-1128804.0,,4938375.0,50.71
2019-12-20,704276.0,-215330.0,,2791176.0,50.77
2019-12-23,100465.0,87002.0,,1720279.0,50.74
2019-12-24,-17553.0,197957.0,,1464093.0,50.68
2019-12-26,77237.0,504417.0,,1559839.0,50.52
2019-12-27,-135690.0,3107.0,,2229470.0,50.46
2019-12-30,-618992.0,164722.0,,1862634.0,50.34
2020-01-02,558612.0,-690924.0,,2342070.0,50.51
2020-01-03,-165735.0,-98745.0,,3021380.0,50.51
2020-01-06,124303.0,-75273.0,,2577573.0,50.56
2020-01-07,-360195.0,105036.0,,2489429.0,50.53
2020-01-08,174871.0,970897.0,,7014748.0,50.58
2020-01-09,-480276.0,210213.0,,3586413.0,50.54
2020-01-10,57768.0,-388253.0,,2867925.0,50.55
2020-01-13,211230.0,-121331.0,,2242008.0,50.57
2020-01-14,256200.0,-526950.0,,2913343.0,50.6
2020-01-15,-142312.0,-890950.0,,2745625.0,50.61
2020-01-16,-296944.0,-52478.0,,2824804.0,50.57
2020-01-17,49998.0,-263370.0,,2246394.0,50.59
2020-01-20,74864.0,125059.0,,1781639.0,50.62
2020-01-21,36369.0,-160842.0,,1483291.0,50.67
2020-01-22,-158368.0,285513.0,,2257478.0,50.66
2020-01-23,-603918.0,-456554.0,,2780104.0,50.54
2020-01-28,-464145.0,355200.0,,3630362.0,50.49
2020-01-29,235049.0,-129687.0,,2741459.0,50.61
2020-01-30,-275220.0,-684703.0,,3223436.0,50.77
2020-01-31,-229458.0,455181.0,,4597139.0,50.74
2020-02-03,-564992.0,730423.0,,3725535.0,50.68
2020-02-04,237702.0,-261437.0,,3169743.0,50.52
2020-02-05,299842.0,-311793.0,,2911995.0,50.56
2020-02-06,658909.0,194423.0,,2861441.0,50.68
2020-02-07,82991.0,-324306.0,,1827393.0,50.67
2020-02-10,-58051.0,-198137.0,,1825648.0,50.66
2020-02-11,67426.0,264761.0,,1820578.0,50.66
2020-02-12,-314880.0,325011.0,,2616573.0,50.63
2020-02-13,745279.0,249667.0,,3519491.0,50.73
2020-02-14,300502.0,85960.0,,1893163.0,50.73
2020-02-17,-48716.0,38734.0,,1190162.0,50.74
2020-02-18,75114.0,-460778.0,,2789667.0,50.75
2020-02-19,110262.0,-15195.0,,2315634.0,50.76
2020-02-20,723530.0,-489490.0,,3093782.0,50.88
2020-02-21,649198.0,-649895.0,,4064719.0,50.98
2020-02-24,-60268.0,-284992.0,,5550758.0,50.99
2020-02-25,-2013427.0,440742.0,,6594059.0,50.72
2020-02-26,-1437106.0,192923.0,,6405409.0,50.52
2020-02-27,-574584.0,220538.0,,4644449.0,50.48
2020-02-28,-1310374.0,1072448.0,,8171939.0,50.26
2020-03-02,-734763.0,1099614.0,,6382279.0,50.22
2020-03-03,-477576.0,-38406.0,,5573006.0,50.14
2020-03-04,-635721.0,532763.0,,4984561.0,50.04
2020-03-05,-285752.0,274625.0,,4028776.0,50.02
2020-03-06,-616927.0,190231.0,,3281612.0,50.0
2020-03-09,-2227424.0,432608.0,,6196552.0,49.73
2020-03-10,-1064480.0,842726.0,,6579153.0,49.55
2020-03-11,-470665.0,-421956.0,,5226251.0,49.49
2020-03-12,-537634.0,340416.0,,8191818.0,49.43
2020-03-13,-909547.0,976054.0,,8160758.0,49.39
2020-03-16,-623014.0,80557.0,,5097762.0,49.32
2020-03-17,-508912.0,171788.0,,7107436.0,49.34
2020-03-18,-1364663.0,-373210.0,,7949482.0,49.17
2020-03-19,-941344.0,579333.0,,11140367.0,49.21
2020-03-20,-347029.0,1001473.0,,8750101.0,49.25
2020-03-23,-571541.0,-502656.0,,8192363.0,49.18
2020-03-24,439876.0,767622.0,,7247345.0,49.25
2020-03-25,944627.0,106399.0,,8787217.0,49.31
2020-03-26,-519146.0,-261457.0,,7895289.0,49.13
2020-03-27,282137.0,180896.0,,8085695.0,49.45
2020-03-30,-336698.0,327175.0,,5270037.0,49.38
2020-03-31,161026.0,-721108.0,,5333479.0,49.47
2020-04-01,-508823.0,-1871083.0,,6845675.0,49.16
2020-04-02,-254367.0,44124.0,,5394371.0,49.16
2020-04-03,370760.0,-326946.0,,3755301.0,49.22
2020-04-06,-100983.0,1158209.0,,5784159.0,49.21
2020-04-07,618236.0,520640.0,,6188649.0,49.26
2020-04-08,155849.0,-107415.0,,3749575.0,49.27
2020-04-09,-56946.0,-263069.0,,3555538.0,49.25
2020-04-10,-228832.0,-621980.0,,3675338.0,49.23
2020-04-13,-401874.0,-1013102.0,,3615318.0,49.15
2020-04-14,-10161.0,597099.0,,3344109.0,49.14
2020-04-16,-1102615.0,136556.0,,4470072.0,48.98
2020-04-17,-206802.0,958906.0,,6205624.0,48.96
2020-04-20,-1512613.0,-369856.0,,5027876.0,48.79
2020-04-21,-838481.0,-28634.0,,5090721.0,48.4
2020-04-22,444865.0,12874.0,,5335787.0,48.44
2020-04-23,-532256.0,-1295852.0,,6519481.0,48.41
2020-04-24,106084.0,-656289.0,,3193144.0,48.48
2020-04-27,347733.0,523685.0,,3235430.0,48.6
2020-04-28,559182.0,389290.0,,3205535.0,48.74
2020-04-29,179822.0,759207.0,,3750568.0,48.78
2020-05-04,-1206096.0,-836379.0,,5280026.0,48.54
2020-05-06,-271396.0,562613.0,,3351424.0,48.5
2020-05-07,-74651.0,430274.0,,2660512.0,48.49
2020-05-08,1400590.0,833349.0,,5039635.0,48.7
2020-05-11,245254.0,-107299.0,,2800047.0,48.75
2020-05-12,1328.0,951656.0,,3574409.0,48.8
2020-05-13,-1512803.0,-315778.0,,5371416.0,48.56
2020-05-14,-2556790.0,-1038944.0,,6409652.0,48.19
2020-05-15,-327519.0,530597.0,,4168866.0,48.14
2020-05-18,132145.0,-882265.0,,5294177.0,48.16
2020-05-19,349337.0,731821.0,,4620614.0,48.23
2020-05-20,1301295.0,164813.0,,3924403.0,48.44
2020-05-21,135317.0,-229132.0,,2678953.0,48.46
2020-05-22,-812190.0,-596851.0,,3471700.0,48.33
2020-05-25,-810762.0,-225974.0,,2850294.0,48.24
2020-05-26,-80870.0,-165755.0,,3040122.0,48.21
2020-05-27,-226762.0,-50419.0,,2946278.0,48.18
2020-05-28,1087707.0,1942817.0,,9227823.0,48.3
2020-05-29,-1919442.0,-105421.0,,6815185.0,48.03
2020-06-01,210800.0,837017.0,,4205357.0,48.06
2020-06-02,-675173.0,10609.0,,3114162.0,47.97
2020-06-03,901306.0,2510106.0,,11642239.0,48.1
2020-06-04,-641855.0,704974.0,,6678244.0,48.0
2020-06-05,348586.0,631667.0,,4000557.0,48.05
2020-06-08,393030.0,-143492.0,,3789382.0,48.1
2020-06-09,-247315.0,-190891.0,,3410081.0,48.04
2020-06-10,137282.0,138945.0,,3045250.0,48.07
2020-06-11,375619.0,-1765416.0,,5467344.0,48.15
2020-06-12,183896.0,-1003696.0,,4742329.0,48.18
2020-06-15,-267988.0,-317990.0,,4710114.0,48.15
2020-06-16,-403578.0,533388.0,,3518785.0,48.16
2020-06-17,-71170.0,667377.0,,4160612.0,48.17
2020-06-18,-23240.0,61264.0,,2484147.0,48.18
2020-06-19,64447.0,-463944.0,,3216102.0,48.19
2020-06-22,172202.0,-173590.0,,2167216.0,48.22
2020-06-23,93681.0,-363042.0,,2955819.0,48.23
2020-06-24,483238.0,141335.0,,4079834.0,48.54
2020-06-25,617539.0,-1023177.0,,3397112.0,48.62
2020-06-26,84582.0,-231180.0,,2889494.0,48.65
2020-06-29,-487225.0,37890.0,,2932433.0,48.6
2020-06-30,336089.0,899729.0,,4983607.0,48.66
2020-07-01,90275.0,-31577.0,,2382552.0,48.67
2020-07-02,-619413.0,-536222.0,,3295340.0,48.59
2020-07-03,346721.0,-11931.0,,2195897.0,48.63
2020-07-06,-271353.0,393014.0,,2561766.0,48.59
2020-07-07,281212.0,-859279.0,,3196352.0,48.63
2020-07-08,-502419.0,-1063583.0,,3523620.0,48.58
2020-07-09,-711570.0,-991778.0,,4002365.0,48.47
2020-07-10,-69549.0,-484592.0,,2201557.0,48.46
2020-07-13,-436617.0,-48703.0,,2080934.0,48.41
2020-07-14,-249802.0,-264904.0,,2048671.0,48.35
2020-07-15,-459057.0,58534.0,,3024429.0,48.29
2020-07-16,-77187.0,-411342.0,,2312310.0,48.28
2020-07-17,-26860.0,-160235.0,,1579078.0,48.28
2020-07-20,-414553.0,-354589.0,,2008624.0,48.22
2020-07-21,910246.0,185958.0,,4181015.0,48.35
2020-07-22,-797758.0,-260177.0,,2876295.0,48.24
2020-07-23,-694546.0,-600069.0,,3591647.0,48.16
2020-07-24,1038452.0,-318825.0,,3667416.0,48.3
2020-07-27,-455429.0,-290042.0,,2784652.0,48.24
2020-07-28,-112415.0,-646818.0,,4538720.0,48.23
2020-07-29,-9756.0,-236066.0,,3719681.0,48.23
2020-07-30,930311.0,172796.0,,6870841.0,48.35
2020-07-31,-1043977.0,-859430.0,,4848989.0,48.19
2020-08-03,-278160.0,-702360.0,,3483106.0,48.15
2020-08-04,-552130.0,-495332.0,,3005937.0,48.07
2020-08-05,-1252530.0,-800905.0,,4537005.0,47.92
2020-08-06,-30688.0,-284975.0,,3391939.0,47.92
2020-08-07,-859016.0,-1134403.0,,4946631.0,47.8
2020-08-10,135066.0,81004.0,,3277238.0,47.82
2020-08-11,-61707.0,-264791.0,,3234013.0,47.82
2020-08-12,-783617.0,-438838.0,,3595828.0,47.71
2020-08-13,-506282.0,-182919.0,,4049387.0,47.7
2020-08-14,-424624.0,-172101.0,,2589552.0,47.64
2020-08-18,-796102.0,-263679.0,,4946279.0,47.55
2020-08-19,-2635258.0,-1378765.0,,8028305.0,47.2
2020-08-20,-786099.0,-431274.0,,7260223.0,47.08
2020-08-21,1006222.0,69200.0,,7700029.0,47.23
2020-08-24,-59469.0,72992.0,,4298619.0,47.22
2020-08-25,238260.0,-35879.0,,3473488.0,47.25
2020-08-26,731338.0,1018763.0,,4741965.0,47.36
2020-08-27,779003.0,389028.0,,4223450.0,47.47
2020-08-28,-169381.0,-80458.0,,2511956.0,47.45
2020-08-31,-1346022.0,-316929.0,,5113128.0,47.22
2020-09-01,-84065.0,-427649.0,,2538676.0,47.2
2020-09-02,-484947.0,-91793.0,,2369360.0,47.14
2020-09-03,-21528.0,1485244.0,,7002529.0,47.14
2020-09-04,-42578.0,394109.0,,4582566.0,47.13
2020-09-07,-200540.0,-123687.0,,2786930.0,47.09
2020-09-08,353643.0,266772.0,,3380355.0,47.14
2020-09-09,467071.0,-761176.0,,3918435.0,47.22
2020-09-10,-132491.0,-986660.0,,3541520.0,47.2
2020-09-11,1016902.0,-2001.0,,2831262.0,47.34
2020-09-14,995429.0,508780.0,,4099644.0,47.49
2020-09-15,1667981.0,784886.0,,5899410.0,47.71
2020-09-16,298617.0,170968.0,,3119110.0,47.75
2020-09-17,1657553.0,-213635.0,,4055050.0,47.98
2020-09-18,1982949.0,698195.0,,5199334.0,48.26
2020-09-21,1276639.0,470323.0,,4102947.0,48.43
2020-09-22,13287.0,-324177.0,,4139983.0,48.43
2020-09-23,561611.0,460129.0,,4439085.0,48.52
2020-09-24,922048.0,1490695.0,,6401560.0,48.65
2020-09-25,-125674.0,127117.0,,3205596.0,48.67
2020-09-28,69557.0,-366142.0,,3154068.0,48.68
2020-09-29,1059498.0,438286.0,,4707898.0,48.83
2020-10-05,307730.0,-603833.0,,3396894.0,48.87
2020-10-06,188884.0,-539300.0,,2750145.0,48.9
2020-10-07,-195610.0,358226.0,,2254356.0,48.86
2020-10-08,-90115.0,-109735.0,,3330824.0,48.86
2020-10-12,1416315.0,857858.0,,4464264.0,49.06
2020-10-13,599108.0,1611035.0,,6375448.0,49.14
2020-10-14,-179149.0,65618.0,,3223767.0,49.11
2020-10-15,277280.0,101245.0,,2802900.0,49.15
2020-10-16,-90384.0,-93991.0,,2435541.0,49.14
2020-10-19,547418.0,227369.0,,3150011.0,49.21
2020-10-20,-1158605.0,-100021.0,,6622637.0,49.05
2020-10-21,-1094796.0,297500.0,,4925877.0,48.9
2020-10-22,-131641.0,-212356.0,,2593975.0,48.81
2020-10-23,20489.0,279198.0,,2609595.0,48.81
2020-10-26,-132746.0,20543.0,,1662847.0,48.79
2020-10-27,249608.0,-563302.0,,2265817.0,48.82
2020-10-28,145248.0,-222015.0,,1773556.0,48.84
2020-10-29,-206296.0,-529213.0,,2637314.0,48.82
2020-10-30,-263932.0,-345992.0,,2710477.0,48.76
2020-11-02,-474294.0,66577.0,,2000394.0,48.69
2020-11-03,-407185.0,423481.0,,2057723.0,48.64
2020-11-04,232575.0,696626.0,,3782296.0,48.67
2020-11-05,894452.0,850844.0,,4082325.0,48.8
2020-11-06,665944.0,218527.0,,2863808.0,48.89
2020-11-09,218570.0,-207281.0,,2444330.0,48.92
2020-11-10,897037.0,-582854.0,,2849783.0,49.05
2020-11-11,341787.0,158675.0,,2638617.0,49.1
2020-11-12,1417091.0,-274357.0,,4006433.0,49.3
2020-11-13,971888.0,440091.0,,3774278.0,49.43
2020-11-16,3313705.0,427571.0,,9274278.0,49.87
2020-11-17,985569.0,41409.0,,5218295.0,50.0
2020-11-18,317391.0,-83365.0,,3734037.0,50.05
2020-11-19,420987.0,-396416.0,,2766688.0,50.11
2020-11-20,-171604.0,-246482.0,,2424003.0,50.07
2020-11-23,887553.0,199828.0,,4149013.0,50.19
2020-11-24,33779.0,-408091.0,,3766043.0,50.2
2020-11-25,-345263.0,-196658.0,,4081524.0,50.16
2020-11-26,413371.0,-113940.0,,2933290.0,50.2
2020-11-27,-94332.0,-249592.0,,1976047.0,50.21
2020-11-30,-645261.0,202385.0,,3877841.0,50.12
2020-12-01,888724.0,657667.0,,4455519.0,50.2
2020-12-02,1583595.0,409602.0,,7488361.0,50.42
2020-12-03,31007.0,-307816.0,,6617912.0,50.43
2020-12-04,298117.0,-210667.0,,8258814.0,50.48
2020-12-07,216306.0,-454583.0,,5191354.0,50.29
2020-12-08,-190502.0,-392219.0,,4536460.0,50.26
2020-12-09,-107339.0,205046.0,,5490760.0,50.23
2020-12-10,-2657505.0,-3140.0,,8205744.0,49.86
2020-12-11,-635608.0,-64007.0,,3944552.0,49.76
2020-12-14,404996.0,-151398.0,,3066761.0,49.8
2020-12-15,64569.0,59058.0,,2755902.0,49.79
2020-12-16,66927.0,13303.0,,2213552.0,49.78
2020-12-17,669934.0,222984.0,,3649945.0,49.84
2020-12-18,-134287.0,-46541.0,,3010798.0,49.81
2020-12-21,-307462.0,-287953.0,,3585805.0,49.83
2020-12-22,126867.0,-201090.0,,4270842.0,49.82
2020-12-23,295870.0,247327.0,,3173156.0,49.77
2020-12-24,93917.0,571970.0,,3486636.0,49.7
2020-12-28,-101807.0,492442.0,,4825132.0,49.68
2020-12-29,-7220.0,-1362533.0,,4208916.0,49.65
2020-12-30,566279.0,-482927.0,,4195192.0,49.72
2021-01-04,562674.0,694357.0,,7995016.0,49.88
2021-01-05,286478.0,-93706.0,,7180224.0,49.91
2021-01-06,728074.0,-1042075.0,,8525749.0,50.01
2021-01-07,-239458.0,502308.0,,5981299.0,50.02
2021-01-08,547577.0,-1325871.0,,8713010.0,50.1
2021-01-11,-500258.0,-1854559.0,,11154671.0,50.03
2021-01-12,-195849.0,-828802.0,,8700877.0,50.0
2021-01-13,916876.0,-230600.0,,6791044.0,50.23
2021-01-14,-225824.0,-364911.0,,5380278.0,50.2
2021-01-15,-8922.0,-468202.0,,4838114.0,50.2
2021-01-18,56659.0,187563.0,,5927419.0,50.21
2021-01-19,-460541.0,308219.0,,4513315.0,50.17
2021-01-20,-240829.0,-62336.0,,4913282.0,50.13
2021-01-21,233418.0,-253262.0,,3067677.0,50.16
2021-01-22,331386.0,-890441.0,,3927767.0,50.22
2021-01-25,885904.0,315247.0,,5061864.0,50.34
2021-01-26,-1527909.0,-927292.0,,6270106.0,50.13
2021-01-27,-212991.0,311869.0,,5068456.0,50.11
2021-01-28,-1362992.0,-439912.0,,6270829.0,49.92
2021-01-29,137630.0,-122661.0,,7391307.0,49.94
2021-02-01,-426472.0,518860.0,,5620305.0,49.89
2021-02-02,400184.0,539882.0,,4880067.0,49.94
2021-02-03,244017.0,-94961.0,,3693688.0,49.97
2021-02-04,-91181.0,-1425707.0,,4600618.0,49.96
2021-02-05,131623.0,177609.0,,3497303.0,49.98
2021-02-08,-480445.0,173124.0,,2876471.0,49.88
2021-02-09,-409560.0,580679.0,,5177095.0,49.83
2021-02-10,355718.0,-622642.0,,4262526.0,49.87
2021-02-15,1263002.0,334841.0,,5384526.0,50.04
2021-02-16,268980.0,-306119.0,,3218689.0,50.07
2021-02-17,-84402.0,-762612.0,,3621178.0,50.04
2021-02-18,-443840.0,-443653.0,,3792425.0,49.98
2021-02-19,1856844.0,432975.0,,6986526.0,50.24
2021-02-22,496986.0,496634.0,,7961516.0,50.33
2021-02-23,326804.0,598452.0,,6400037.0,50.38
2021-02-24,-167869.0,115073.0,,9074809.0,50.36
2021-02-25,2122903.0,278965.0,,9936495.0,50.66
2021-02-26,-2581430.0,-637625.0,,10843268.0,50.31
2021-03-02,-226711.0,230126.0,,9376523.0,50.28
2021-03-03,30681.0,356316.0,,5827221.0,50.28
2021-03-04,-1939670.0,-116159.0,,6586562.0,50.01
2021-03-05,-728731.0,-502147.0,,6091444.0,49.91
2021-03-08,-440858.0,-422521.0,,5587787.0,49.85
2021-03-09,-948607.0,352506.0,,7822152.0,49.74
2021-03-10,137971.0,-375875.0,,5614476.0,49.76
2021-03-11,1845060.0,-1361119.0,,6707671.0,50.03
2021-03-12,463394.0,454287.0,,4548695.0,50.08
2021-03-15,-668450.0,-398378.0,,4289990.0,49.99
2021-03-16,382113.0,278845.0,,3304561.0,50.04
2021-03-17,-43193.0,-21557.0,,2588319.0,50.04
2021-03-18,734838.0,-115017.0,,4426840.0,50.15
2021-03-19,-475123.0,-563616.0,,4015627.0,50.1
2021-03-22,-124120.0,-234114.0,,2727719.0,50.09
2021-03-23,-376555.0,-585930.0,,3839090.0,50.04
2021-03-24,-136444.0,-751782.0,,3894080.0,50.03
2021-03-25,-260113.0,-256120.0,,4157799.0,50.01
2021-03-26,455050.0,-136017.0,,3835443.0,50.23
2021-03-29,230342.0,-346845.0,,3575226.0,50.26
2021-03-30,394150.0,56630.0,,3304184.0,50.31
2021-03-31,-495878.0,-513155.0,,3309680.0,50.24
2021-04-01,2483168.0,-84215.0,,5833436.0,50.59
2021-04-02,99628.0,50479.0,,3432245.0,50.58
2021-04-05,250210.0,12994.0,,2616440.0,50.62
2021-04-06,629.0,-178679.0,,3753217.0,50.61
2021-04-07,223872.0,-226082.0,,2424687.0,50.64
2021-04-08,284273.0,-189623.0,,3774932.0,50.53
2021-04-09,-228550.0,-212952.0,,3276077.0,50.5
2021-04-12,-516003.0,-386160.0,,3878457.0,50.43
2021-04-13,278192.0,-90750.0,,2876178.0,50.47
2021-04-14,-491755.0,-263305.0,,2777203.0,50.4
2021-04-15,-127303.0,-141892.0,,2291160.0,50.37
2021-04-16,25720.0,-363510.0,,1982877.0,50.37
2021-04-19,131970.0,-260729.0,,1906782.0,50.39
2021-04-20,-11916.0,17911.0,,2167732.0,50.39
2021-04-21,-1794815.0,-852859.0,,5120577.0,50.15
2021-04-22,-202370.0,-352565.0,,3007457.0,50.15
2021-04-23,-380778.0,-422924.0,,4854412.0,50.1
2021-04-26,-535170.0,10439.0,,2904879.0,50.02
2021-04-27,408705.0,333697.0,,3394650.0,50.09
2021-04-28,-1091312.0,-286955.0,,5596760.0,49.94
2021-04-29,-347306.0,-349006.0,,3738266.0,49.89
2021-04-30,-296331.0,-221514.0,,3955947.0,49.85
2021-05-03,862029.0,-321040.0,,4085398.0,49.91
2021-05-04,-40097.0,63662.0,,2547004.0,49.95
2021-05-06,-852456.0,-139669.0,,4211535.0,49.84
2021-05-07,69949.0,137441.0,,3450323.0,49.85
2021-05-10,-344672.0,60102.0,,3067077.0,49.78
2021-05-11,-3319850.0,-1736420.0,,9882491.0,49.32
2021-05-12,-1536356.0,-241629.0,,8272196.0,49.11
2021-05-13,-316597.0,-152122.0,,6042025.0,49.06
2021-05-14,-363324.0,54569.0,,3227201.0,48.99
2021-05-17,-271377.0,68573.0,,3110127.0,48.95
2021-05-18,-54361.0,734916.0,,3470048.0,48.95
2021-05-20,89948.0,210780.0,,4600751.0,48.95
2021-05-21,-121887.0,-58678.0,,4062695.0,48.94
2021-05-24,-58691.0,-424980.0,,3188734.0,48.96
2021-05-25,667495.0,289619.0,,3258364.0,49.04
2021-05-26,319050.0,59308.0,,3015522.0,49.11
2021-05-27,915514.0,110080.0,,4539067.0,49.23
2021-05-28,-342909.0,367992.0,,2332971.0,49.18
2021-05-31,549831.0,-108273.0,,2448074.0,49.25
2021-06-01,130517.0,633621.0,,2819179.0,49.27
2021-06-02,-143369.0,-366035.0,,2885654.0,49.26
2021-06-03,629332.0,438168.0,,3353993.0,49.35
2021-06-04,310200.0,-252943.0,,2555891.0,49.4
2021-06-07,138611.0,108300.0,,2562918.0,49.4
2021-06-08,360536.0,-236615.0,,4194955.0,49.47
2021-06-09,-1302211.0,-924300.0,,6087592.0,49.28
2021-06-10,187540.0,-488846.0,,4533076.0,49.31
2021-06-11,1527975.0,523293.0,,4868608.0,49.51
2021-06-14,34138.0,-57845.0,,2022730.0,49.51
2021-06-15,294816.0,191681.0,,1975082.0,49.56
2021-06-16,308671.0,122857.0,,1893752.0,49.61
2021-06-17,-379396.0,-417179.0,,2123793.0,49.58
2021-06-18,-853260.0,-175607.0,,2506112.0,49.45
2021-06-21,-749678.0,-595651.0,,3275288.0,49.36
2021-06-22,-311364.0,-274550.0,,2179712.0,49.42
2021-06-23,572692.0,24635.0,,2703658.0,49.49
2021-06-24,172311.0,480530.0,,2646407.0,49.53
2021-06-25,484555.0,835511.0,,2531018.0,49.56
2021-06-28,-142450.0,-68762.0,,2402730.0,49.61
2021-06-29,-170255.0,-195380.0,,2211572.0,49.57
2021-06-30,1464575.0,125499.0,,4346027.0,49.8
2021-07-01,-755941.0,-716273.0,,3336174.0,49.69
2021-07-02,-1188632.0,-886934.0,,3983921.0,49.51
2021-07-05,161070.0,106019.0,,1632551.0,49.41
2021-07-06,396580.0,164759.0,,2067135.0,49.35
2021-07-07,-245846.0,-287853.0,,2229140.0,49.32
2021-07-08,-871557.0,-172724.0,,3165552.0,49.19
2021-07-09,-1153724.0,-439187.0,,4823577.0,49.01
2021-07-12,-198302.0,-65203.0,,2477201.0,48.98
2021-07-13,1068500.0,116372.0,,2879072.0,49.09
2021-07-14,522022.0,-106894.0,,2443087.0,49.15
2021-07-15,4363.0,96255.0,,1500981.0,49.11
2021-07-16,-288411.0,-417976.0,,2905546.0,49.09
2021-07-19,-427145.0,-449113.0,,2066638.0,49.03
2021-07-20,-534349.0,132929.0,,2070074.0,48.96
2021-07-21,-604697.0,-223511.0,,2864601.0,48.87
2021-07-22,57144.0,453774.0,,1919233.0,48.87
2021-07-23,-437772.0,122161.0,,1747651.0,48.8
2021-07-26,-194207.0,-185893.0,,1836657.0,48.79
2021-07-27,-682691.0,-16720.0,,2916330.0,48.71
2021-07-28,-1847872.0,-304289.0,,6033084.0,48.45
2021-07-29,-323392.0,-12311.0,,3054699.0,48.38
2021-07-30,-129612.0,-148743.0,,2888566.0,48.36
2021-08-02,159437.0,858360.0,,4276730.0,48.38
2021-08-03,533975.0,535874.0,,4396423.0,48.45
2021-08-04,-69118.0,491955.0,,4162635.0,48.45
2021-08-05,-379356.0,104711.0,,3491584.0,48.4
2021-08-06,-24591.0,-363772.0,,2209875.0,48.4
2021-08-09,-160654.0,-371853.0,,2755724.0,48.35
2021-08-10,-2237785.0,-971705.0,,5420223.0,48.05
2021-08-11,-6301023.0,-543344.0,,13715267.0,47.18
2021-08-12,-8331951.0,399031.0,,19150647.0,46.04
2021-08-13,-2248200.0,143486.0,,11622957.0,45.72
2021-08-17,614209.0,217003.0,,7851717.0,45.83
2021-08-18,1030887.0,104560.0,,8047599.0,45.98
2021-08-19,574910.0,-339907.0,,6161038.0,46.06
2021-08-20,181567.0,20224.0,,4719139.0,46.09
2021-08-23,-264946.0,160612.0,,4515699.0,46.07
2021-08-24,491480.0,87961.0,,4454743.0,46.13
2021-08-25,-127099.0,-283130.0,,3194555.0,46.1
2021-08-26,603653.0,-135577.0,,3694741.0,46.19
2021-08-27,98714.0,-71981.0,,3507782.0,46.2
2021-08-30,108577.0,-26535.0,,1815758.0,46.2
2021-08-31,996590.0,104420.0,,4979276.0,46.32
2021-09-01,797914.0,-82869.0,,4736183.0,46.42
2021-09-02,-14350.0,-203559.0,,2724565.0,46.42
2021-09-03,508065.0,-299133.0,,2513486.0,46.46
2021-09-06,9983.0,-66014.0,,1888595.0,46.46
2021-09-07,93108.0,-242528.0,,2547667.0,46.47
2021-09-08,962435.0,-118875.0,,2891267.0,46.62
2021-09-09,-491540.0,-481725.0,,3233011.0,46.56
2021-09-10,439127.0,91792.0,,1999369.0,46.61
2021-09-13,635322.0,195590.0,,1923344.0,46.69
2021-09-14,491212.0,496881.0,,2463248.0,46.77
2021-09-15,473369.0,-201885.0,,2933797.0,46.84
2021-09-16,-874666.0,-356532.0,,3602821.0,46.71
2021-09-17,1265934.0,-20367.0,,3386517.0,46.89
2021-09-23,-101810.0,30396.0,,2493313.0,46.87
2021-09-24,-322932.0,-75759.0,,2236954.0,46.97
2021-09-27,309532.0,-71281.0,,1839358.0,47.01
2021-09-28,-20610.0,-372847.0,,2951945.0,47.0
2021-09-29,-907475.0,-663383.0,,6353977.0,46.97
2021-09-30,1128243.0,-132033.0,,3910557.0,47.13
2021-10-01,-239975.0,-199593.0,,2681124.0,47.1
2021-10-05,-529479.0,70007.0,,3244145.0,46.93
2021-10-06,251342.0,-147139.0,,2816951.0,46.97
2021-10-07,-551931.0,27499.0,,3834957.0,46.88
2021-10-08,-16052.0,-596048.0,,4098832.0,46.89
2021-10-12,205436.0,-321573.0,,4728215.0,46.97
2021-10-13,-56441.0,125425.0,,3045438.0,46.97
2021-10-14,59582.0,140598.0,,2414639.0,46.95
2021-10-15,858714.0,237236.0,,4229748.0,47.07
2021-10-18,110115.0,-281811.0,,2111399.0,47.08
2021-10-19,59487.0,23312.0,,1400175.0,47.06
2021-10-20,415283.0,-195796.0,,2010529.0,47.12
2021-10-21,-142240.0,-32586.0,,2152221.0,47.1
2021-10-22,360452.0,102363.0,,1962833.0,47.11
2021-10-25,296098.0,263199.0,,2950459.0,47.14
2021-10-26,111311.0,310630.0,,3458645.0,47.12
2021-10-27,53652.0,-80723.0,,2859255.0,47.13
2021-10-28,1037427.0,368950.0,,6329703.0,47.27
2021-10-29,-404836.0,49941.0,,4007223.0,47.2
2021-11-01,79102.0,740197.0,,3118661.0,47.2
2021-11-02,177413.0,315708.0,,2892292.0,47.22
2021-11-03,394452.0,-223726.0,,3116506.0,47.27
2021-11-04,18705.0,297047.0,,2059242.0,47.27
2021-11-05,450974.0,-12540.0,,2523345.0,47.33
2021-11-08,306100.0,23751.0,,2212348.0,47.36
2021-11-09,516742.0,292182.0,,3440686.0,47.49
2021-11-10,409074.0,40001.0,,2361295.0,47.54
2021-11-11,115347.0,35336.0,,2731498.0,47.56
2021-11-12,-230994.0,128448.0,,1786165.0,47.52
2021-11-15,1510491.0,623315.0,,4701568.0,47.76
2021-11-16,414730.0,164242.0,,3767311.0,47.82
2021-11-17,422919.0,-482911.0,,3062491.0,47.87
2021-11-18,397881.0,-182973.0,,1928891.0,47.9
2021-11-19,503012.0,106411.0,,2324668.0,47.97
2021-11-22,2357640.0,1528000.0,,9786492.0,48.3
2021-11-23,514897.0,-212015.0,,4847270.0,48.36
2021-11-24,445316.0,-209297.0,,4001111.0,48.42
2021-11-25,-24661.0,-112657.0,,3339835.0,48.42
2021-11-26,297332.0,41458.0,,4337936.0,48.45
2021-11-29,-54171.0,929657.0,,4412863.0,48.45
2021-11-30,-120568.0,344479.0,,7449608.0,48.44
2021-12-01,-21057.0,299194.0,,4214135.0,48.45
2021-12-02,904747.0,426484.0,,6980518.0,48.56
2021-12-03,-340211.0,10691.0,,4567843.0,48.53
2021-12-06,51645.0,195101.0,,4318893.0,48.57
2021-12-07,829013.0,519010.0,,5112025.0,48.68
2021-12-08,-427309.0,330002.0,,6168137.0,48.65
2021-12-09,824675.0,384865.0,,5631833.0,48.77
2021-12-10,-289145.0,-388148.0,,2512642.0,48.58
2021-12-13,544299.0,237667.0,,3329176.0,48.66
2021-12-14,89258.0,-143587.0,,2201003.0,48.67
2021-12-15,568086.0,122649.0,,2681332.0,48.74
2021-12-16,472657.0,-135694.0,,3869086.0,48.79
2021-12-17,-88743.0,-155622.0,,3850444.0,48.78
2021-12-20,79138.0,-72487.0,,2846815.0,48.8
2021-12-21,778343.0,694865.0,,3678590.0,48.87
2021-12-22,804619.0,356646.0,,3817689.0,48.93
2021-12-23,-50913.0,239565.0,,2398358.0,48.84
2021-12-24,200994.0,611980.0,,2462683.0,48.87
2021-12-27,-209939.0,308477.0,,2684135.0,48.86
2021-12-28,259981.0,779199.0,,4086063.0,48.95
2021-12-29,-56259.0,-743817.0,,3832154.0,48.92
2021-12-30,258422.0,1165597.0,,5172987.0,48.94
2022-01-03,75783.0,-934483.0,,3782213.0,48.99
2022-01-04,330820.0,-325799.0,,3622369.0,49.02
2022-01-05,434200.0,-1129261.0,,7414954.0,49.11
2022-01-06,872224.0,-631135.0,,3725569.0,49.23
2022-01-07,745035.0,-265363.0,,3270119.0,49.35
2022-01-10,138783.0,-645317.0,,3449197.0,49.39
2022-01-11,1087180.0,-31583.0,,3958787.0,49.51
2022-01-12,-134600.0,206812.0,,3552174.0,49.48
2022-01-13,804439.0,-501228.0,,4155984.0,49.59
2022-01-14,-75931.0,-109150.0,,3769648.0,49.57
2022-01-17,-332249.0,8694.0,,3730393.0,49.53
2022-01-18,432400.0,-316404.0,,3607850.0,49.58
2022-01-19,494305.0,-102293.0,,4094609.0,49.66
2022-01-20,-271450.0,-258531.0,,5441986.0,49.62
2022-01-21,6388.0,-1056606.0,,6465040.0,49.62
2022-01-24,6444.0,80615.0,,4883822.0,49.64
2022-01-25,65055.0,156773.0,,5702595.0,49.65
2022-01-26,74172.0,-2280.0,,3416240.0,49.67
2022-01-27,-454324.0,-263653.0,,6679404.0,49.61
2022-01-28,723048.0,267844.0,,4776510.0,49.71
2022-02-03,1281524.0,-308996.0,,5171178.0,49.89
2022-02-04,313480.0,-176910.0,,3037097.0,49.9
2022-02-07,198116.0,-471847.0,,4804261.0,49.93
2022-02-08,718291.0,-65260.0,,4054097.0,50.03
2022-02-09,124753.0,192052.0,,4339337.0,50.05
2022-02-10,1769376.0,1016738.0,,7269729.0,50.29
2022-02-11,1570461.0,108847.0,,6057207.0,50.5
2022-02-14,987563.0,390942.0,,4962205.0,50.65
2022-02-15,-406427.0,10042.0,,5097120.0,50.6
2022-02-16,229239.0,111676.0,,3499809.0,50.64
2022-02-17,1373546.0,36447.0,,5433402.0,50.88
2022-02-18,-112251.0,-27843.0,,3108887.0,50.86
2022-02-21,101080.0,-306773.0,,4048108.0,50.88
2022-02-22,-218052.0,-46864.0,,3179806.0,50.85
2022-02-23,-196927.0,63198.0,,2752112.0,50.84
2022-02-24,-1121219.0,-286420.0,,5748069.0,50.68
2022-02-25,320298.0,-253611.0,,3309625.0,50.72
2022-02-28,276627.0,-266784.0,,3224264.0,50.76
2022-03-02,562413.0,-259820.0,,2903340.0,50.83
2022-03-03,446035.0,146801.0,,3088097.0,50.89
2022-03-04,-761409.0,-495198.0,,3249773.0,50.78
2022-03-07,-909143.0,-618649.0,,5203286.0,50.61
2022-03-08,-225178.0,-270119.0,,3619045.0,50.59
2022-03-10,-611932.0,524158.0,,3912683.0,50.51
2022-03-11,-577289.0,-566928.0,,3087532.0,50.43
2022-03-14,-229708.0,-20692.0,,3172353.0,50.4
2022-03-15,-829855.0,-100777.0,,3578256.0,50.31
2022-03-16,190273.0,129509.0,,3739977.0,50.33
2022-03-17,2039517.0,-290046.0,,7219813.0,50.62
2022-03-18,217403.0,40754.0,,4493159.0,50.64
2022-03-21,-246734.0,-131592.0,,3433809.0,50.62
2022-03-22,300965.0,-35245.0,,2246439.0,50.66
2022-03-23,-171875.0,-54066.0,,4085633.0,50.64
2022-03-24,-53509.0,-643871.0,,4215272.0,50.62
2022-03-25,-1351002.0,-227138.0,,5514940.0,50.45
2022-03-28,-406339.0,97856.0,,3234792.0,50.39
2022-03-29,-273030.0,470525.0,,3375247.0,50.44
2022-03-30,428072.0,-21580.0,,3436282.0,50.48
2022-03-31,-1039164.0,-215197.0,,4558063.0,50.32
2022-04-01,-78717.0,-773762.0,,3851558.0,50.3
2022-04-04,134534.0,-138931.0,,2470792.0,50.33
2022-04-05,59005.0,-229471.0,,2101474.0,50.33
2022-04-06,-1132685.0,-560600.0,,4541938.0,50.17
2022-04-07,-504761.0,-136493.0,,5027865.0,50.11
2022-04-08,-549645.0,-286119.0,,4268316.0,50.04
2022-04-11,-3263.0,-86256.0,,2390786.0,50.04
2022-04-12,-112475.0,-46186.0,,2738163.0,50.01
2022-04-13,-480388.0,334420.0,,2484490.0,49.96
2022-04-14,-685871.0,-641460.0,,4715700.0,49.84
2022-04-15,-323008.0,-654675.0,,3694012.0,49.85
2022-04-18,-146467.0,296923.0,,2670439.0,49.82
2022-04-19,214192.0,453585.0,,3021192.0,49.86
2022-04-20,172793.0,-142622.0,,2905007.0,49.9
2022-04-21,-185569.0,729344.0,,3199858.0,49.89
2022-04-22,-91770.0,-543016.0,,2360834.0,49.87
2022-04-25,-429671.0,-419780.0,,2282343.0,49.81
2022-04-26,138850.0,53911.0,,2969516.0,49.82
2022-04-27,-555392.0,-167982.0,,3261290.0,49.76
2022-04-28,82114.0,-108973.0,,2804966.0,49.76
2022-04-29,-89496.0,999941.0,,3752415.0,49.75
2022-05-02,-367638.0,-121092.0,,2175384.0,49.69
2022-05-03,-286575.0,-48865.0,,2676115.0,49.67
2022-05-04,-23604.0,-43431.0,,2491890.0,49.66
2022-05-06,-58034.0,-412406.0,,2566813.0,49.68
2022-05-09,265071.0,-91925.0,,2203472.0,49.7
2022-05-10,362213.0,-64063.0,,4141923.0,49.75
2022-05-11,-141014.0,508703.0,,3658168.0,49.74
2022-05-12,-403479.0,227216.0,,4132948.0,49.69
2022-05-13,2215.0,1008065.0,,4003349.0,49.7
2022-05-16,-518360.0,202697.0,,3930044.0,49.65
2022-05-17,-1095.0,375284.0,,2056143.0,49.65
2022-05-18,482764.0,-79042.0,,3570113.0,49.72
2022-05-19,115216.0,-338188.0,,3680049.0,49.74
2022-05-20,-172296.0,364203.0,,2398978.0,49.71
2022-05-23,196395.0,-199794.0,,3160028.0,49.74
2022-05-24,-1180009.0,-380521.0,,4491835.0,49.58
2022-05-25,-60760.0,-447539.0,,4151560.0,49.57
2022-05-26,-940473.0,-1025548.0,,8523001.0,49.42
2022-05-27,1241823.0,-429773.0,,3686487.0,49.6
2022-05-30,-210026.0,159186.0,,2054526.0,49.56
2022-05-31,1062280.0,-693354.0,,4024509.0,49.7
2022-06-02,477722.0,-689000.0,,3097583.0,49.78
2022-06-03,10797.0,-2076.0,,1638006.0,49.78
2022-06-07,47923.0,-878864.0,,3174521.0,49.77
2022-06-08,781177.0,-88233.0,,3075530.0,49.89
2022-06-09,-51473.0,-60713.0,,4640744.0,49.88
2022-06-10,-413456.0,-615230.0,,3480289.0,49.79
2022-06-13,-611807.0,-501841.0,,4133447.0,49.69
2022-06-14,-484260.0,350453.0,,3242550.0,49.64
2022-06-15,-141103.0,-27631.0,,2578500.0,49.62
2022-06-16,329603.0,-172073.0,,3810703.0,49.66
2022-06-17,-586160.0,12465.0,,3965464.0,49.59
2022-06-20,-316934.0,199433.0,,2386222.0,49.54
2022-06-21,-273374.0,431130.0,,2707302.0,49.52
2022-06-22,-492369.0,256363.0,,3509830.0,49.45
2022-06-23,-783447.0,637219.0,,3983116.0,49.34
2022-06-24,-192550.0,322708.0,,3045970.0,49.32
2022-06-27,729702.0,-201309.0,,3408749.0,49.34
2022-06-28,81666.0,-169352.0,,2022966.0,49.38
2022-06-29,76219.0,-176522.0,,2529973.0,49.38
2022-06-30,125900.0,-540191.0,,3098854.0,49.41
2022-07-01,-1007080.0,-383805.0,,4959176.0,49.27
2022-07-04,213275.0,302057.0,,4331728.0,49.31
2022-07-05,231880.0,338664.0,,3560085.0,49.33
2022-07-06,261632.0,-169786.0,,3981326.0,49.36
2022-07-07,-374863.0,595574.0,,3330794.0,49.31
2022-07-08,659223.0,-395859.0,,2814478.0,49.4
2022-07-11,-103066.0,10717.0,,1885425.0,49.39
2022-07-12,220509.0,-152542.0,,2385688.0,49.43
2022-07-13,-419008.0,534357.0,,2721816.0,49.37
2022-07-14,466484.0,-473502.0,,2550307.0,49.43
2022-07-15,862104.0,314857.0,,4457208.0,49.55
2022-07-18,1173965.0,-598872.0,,4564780.0,49.71
2022-07-19,23991.0,-275364.0,,2709084.0,49.71
2022-07-20,823550.0,-435342.0,,3981053.0,49.88
2022-07-21,199686.0,338.0,,2143984.0,49.91
2022-07-22,-191409.0,-186912.0,,3126556.0,49.89
2022-07-25,-370.0,-93152.0,,2185108.0,49.9
2022-07-26,-74551.0,136754.0,,1636970.0,49.9
2022-07-27,-377130.0,-101040.0,,3159499.0,49.86
2022-07-28,364252.0,-727689.0,,3359717.0,49.92
2022-07-29,-328906.0,-594611.0,,3899079.0,49.86
2022-08-01,14638.0,-416514.0,,2007646.0,49.87
2022-08-02,118606.0,-382804.0,,1916851.0,49.88
2022-08-03,184337.0,-170669.0,,1703330.0,49.92
2022-08-04,20529.0,-143838.0,,1960526.0,49.92
2022-08-05,379859.0,37711.0,,2052852.0,49.97
2022-08-08,-178892.0,-843793.0,,3206548.0,49.95
2022-08-09,152344.0,-519294.0,,3152955.0,49.96
2022-08-10,-687037.0,-750738.0,,4356568.0,49.83
2022-08-11,129231.0,86152.0,,5206962.0,49.83
2022-08-12,111467.0,-172411.0,,1910127.0,49.84
2022-08-16,698094.0,547097.0,,4267280.0,49.94
2022-08-17,165407.0,35548.0,,1764674.0,49.98
2022-08-18,-217795.0,-154755.0,,1889587.0,49.95
2022-08-19,625688.0,-142493.0,,1890839.0,50.03
2022-08-22,217029.0,-303967.0,,2293601.0,50.1
2022-08-23,42007.0,-218228.0,,1932822.0,50.1
2022-08-24,48633.0,-273372.0,,1447036.0,50.11
2022-08-25,-262308.0,174180.0,,2189458.0,50.06
2022-08-26,128598.0,180464.0,,2301949.0,50.07
2022-08-29,290760.0,-724553.0,,2619260.0,50.11
2022-08-30,46150.0,-132166.0,,1595242.0,50.11
2022-08-31,454203.0,-91831.0,,2421669.0,50.22
2022-09-01,6244.0,-678974.0,,2337521.0,50.22
2022-09-02,31412.0,-164943.0,,2036818.0,50.32
2022-09-05,99069.0,-197009.0,,1706148.0,50.33
2022-09-06,199358.0,-124059.0,,1389821.0,50.35
2022-09-07,-106453.0,-323755.0,,2053413.0,50.34
2022-09-08,-351847.0,299629.0,,2012123.0,50.3
2022-09-13,535860.0,689867.0,,3288428.0,50.38
2022-09-14,277408.0,-392058.0,,2444928.0,50.42
2022-09-15,235867.0,-447643.0,,1755820.0,50.43
2022-09-16,-422765.0,-193089.0,,2243179.0,50.34
2022-09-19,-281225.0,5900.0,,2078633.0,50.31
2022-09-20,-1691911.0,108544.0,,4259789.0,50.07
2022-09-21,-322752.0,65624.0,,2954420.0,50.01
2022-09-22,-290770.0,-276434.0,,2204430.0,49.96
2022-09-23,-963926.0,130942.0,,3932242.0,49.83
2022-09-26,-45858.0,530843.0,,3281145.0,49.82
2022-09-27,-452183.0,298945.0,,2606333.0,49.74
2022-09-28,302281.0,5179.0,,3068181.0,49.7
2022-09-29,230406.0,-24809.0,,2064798.0,49.75
2022-09-30,360785.0,438316.0,,4711130.0,49.78
2022-10-04,289662.0,232619.0,,4277404.0,49.82
2022-10-05,2386340.0,-784419.0,,5927256.0,50.14
2022-10-06,716748.0,-377448.0,,3039698.0,50.24
2022-10-07,508452.0,-36395.0,,3100583.0,50.38
2022-10-11,944162.0,-613160.0,,3840842.0,50.5
2022-10-12,964063.0,-283607.0,,4648231.0,50.62
2022-10-13,703328.0,78368.0,,4390570.0,50.72
2022-10-14,665010.0,-302175.0,,3516437.0,50.84
2022-10-17,505301.0,-299843.0,,2134558.0,50.9
2022-10-18,553895.0,-192119.0,,2618680.0,50.96
2022-10-19,515846.0,-992715.0,,3684934.0,51.03
2022-10-20,-426123.0,-40274.0,,4547678.0,50.98
2022-10-21,164507.0,77831.0,,2206754.0,51.0
2022-10-24,-196352.0,439806.0,,2165991.0,50.97
2022-10-25,317494.0,256852.0,,2656194.0,50.99
2022-10-26,914634.0,-240360.0,,3310322.0,51.12
2022-10-27,-150098.0,-744769.0,,4550273.0,51.07
2022-10-28,-1706581.0,-757459.0,,7748514.0,50.83
2022-10-31,-688336.0,-35157.0,,6271574.0,50.74
2022-11-01,105592.0,56046.0,,3820185.0,50.76
2022-11-02,459651.0,-176814.0,,2536363.0,50.82
2022-11-03,-181439.0,-397330.0,,2901380.0,50.77
2022-11-04,80974.0,-1516.0,,3032985.0,50.77
2022-11-07,270562.0,454197.0,,2765284.0,50.81
2022-11-08,190450.0,289199.0,,2799575.0,50.82
2022-11-09,560274.0,-61981.0,,2619752.0,50.9
2022-11-10,555050.0,-125836.0,,3856811.0,51.02
2022-11-11,363192.0,566072.0,,5002149.0,51.07
2022-11-14,-72800.0,-301489.0,,2483441.0,51.06
2022-11-15,-172180.0,139680.0,,2460465.0,51.0
2022-11-16,-50252.0,100797.0,,2609199.0,50.99
2022-11-17,-855424.0,75595.0,,3703870.0,50.86
2022-11-18,364506.0,-94593.0,,2981192.0,50.92
2022-11-21,-475582.0,2404.0,,2111523.0,50.84
2022-11-22,-337161.0,113109.0,,1617131.0,50.8
2022-11-23,-179280.0,-9515.0,,1480400.0,50.76
2022-11-24,117470.0,179803.0,,2148255.0,50.76
2022-11-25,-379941.0,-216018.0,,1439011.0,50.69
2022-11-28,-463367.0,-285951.0,,2471506.0,50.63
2022-11-29,-477088.0,262523.0,,1501783.0,50.56
2022-11-30,257914.0,-142773.0,,3332708.0,50.6
2022-12-01,-424527.0,224251.0,,2878591.0,50.54
2022-12-02,-1660731.0,-811628.0,,4594058.0,50.32
2022-12-05,-1312889.0,87147.0,,3516456.0,50.14
2022-12-06,-20733.0,-173478.0,,2781352.0,50.08
2022-12-07,-1239831.0,-134555.0,,3589926.0,49.95
2022-12-08,-531431.0,210018.0,,3809847.0,49.84
2022-12-09,354761.0,531514.0,,2985508.0,49.91
2022-12-12,-32866.0,129784.0,,1242007.0,49.91
2022-12-13,131182.0,530703.0,,2761104.0,49.92
2022-12-14,-18872.0,-206680.0,,2357491.0,49.94
2022-12-15,254263.0,-459561.0,,1713617.0,49.97
2022-12-16,-854985.0,81574.0,,3827227.0,49.82
2022-12-19,236875.0,115053.0,,1813544.0,49.87
2022-12-20,-177089.0,-7302.0,,1361926.0,49.85
2022-12-21,-424450.0,309182.0,,1513864.0,49.79
2022-12-22,-197160.0,397775.0,,2061883.0,49.8
2022-12-23,-241612.0,93189.0,,1554446.0,49.75
2022-12-26,-200097.0,162618.0,,1414717.0,49.75
2022-12-27,-335302.0,417562.0,,1694225.0,49.7
2022-12-28,38436.0,-552818.0,,1891221.0,49.72
2022-12-29,-89057.0,-103334.0,,1736661.0,49.71
2023-01-02,104631.0,123274.0,,1376985.0,49.75
2023-01-03,-781280.0,435765.0,,2719437.0,49.64
2023-01-04,734711.0,1047180.0,,5154609.0,49.83
2023-01-05,462202.0,109343.0,,3510964.0,49.86
2023-01-06,16511.0,1067919.0,,3687430.0,49.86
2023-01-09,895113.0,446630.0,,3948670.0,49.99
2023-01-10,723833.0,176296.0,,3105311.0,50.09
2023-01-11,836308.0,-398250.0,,3083961.0,50.2
2023-01-12,1050353.0,-974098.0,,3065582.0,50.34
2023-01-13,257581.0,-248501.0,,2058890.0,50.37
2023-01-16,63062.0,58986.0,,1512876.0,50.39
2023-01-17,138992.0,7861.0,,1586136.0,50.41
2023-01-18,58862.0,-161484.0,,1494262.0,50.42
2023-01-19,200564.0,-144781.0,,1674834.0,50.45
2023-01-20,717368.0,-67358.0,,2386074.0,50.52
2023-01-25,1311775.0,-24377.0,,3611901.0,50.7
2023-01-26,421389.0,-35175.0,,2319962.0,50.76
2023-01-27,-176822.0,197541.0,,2553811.0,50.73
2023-01-30,424094.0,-268340.0,,2603297.0,50.79
2023-01-31,-342507.0,76665.0,,5185088.0,50.76
2023-02-01,778207.0,-130764.0,,3889171.0,50.86
2023-02-02,1232214.0,-252523.0,,4350607.0,51.03
2023-02-03,237295.0,-410755.0,,2925123.0,51.06
2023-02-06,-199096.0,-408050.0,,2819903.0,51.03
2023-02-07,501533.0,-168411.0,,2166265.0,51.1
2023-02-08,1943644.0,-155903.0,,3964981.0,51.37
2023-02-09,-16387.0,-106523.0,,2726568.0,51.35
2023-02-10,446913.0,-437517.0,,1971090.0,51.43
2023-02-13,-1146041.0,66518.0,,3159031.0,51.29
2023-02-14,214935.0,415433.0,,2185525.0,51.32
2023-02-15,-158303.0,-106639.0,,1801577.0,51.3
2023-02-16,-340454.0,617859.0,,1812496.0,51.26
2023-02-17,377528.0,-374988.0,,1691509.0,51.3
2023-02-20,-70438.0,171642.0,,1774617.0,51.3
2023-02-21,-257997.0,-151642.0,,1477419.0,51.26
2023-02-22,43167.0,-703029.0,,2301835.0,51.26
2023-02-23,670024.0,254952.0,,3659678.0,51.35
2023-02-24,-1500.0,-18084.0,,2496352.0,51.36
2023-02-27,-254238.0,-308681.0,,1893345.0,51.31
2023-02-28,-713884.0,291628.0,,2082486.0,51.21
2023-03-02,-224373.0,-246683.0,,2744038.0,51.19
2023-03-03,-276888.0,-245520.0,,2239958.0,51.15
2023-03-06,318947.0,380289.0,,2374415.0,51.19
2023-03-07,220019.0,-162802.0,,1610948.0,51.23
2023-03-08,-350120.0,-535046.0,,2790989.0,51.16
2023-03-09,-966984.0,415491.0,,3315016.0,51.02
2023-03-10,-739522.0,118918.0,,3559824.0,50.93
2023-03-13,-117727.0,90384.0,,2860341.0,50.93
2023-03-14,-701520.0,-92766.0,,3359381.0,50.82
2023-03-15,-1390498.0,-90994.0,,5357314.0,50.6
2023-03-16,-1109635.0,595173.0,,4804196.0,50.46
2023-03-17,-319273.0,1606095.0,,6239588.0,50.41
2023-03-20,-260722.0,343395.0,,2223378.0,50.37
2023-03-21,-253076.0,269094.0,,1880231.0,50.35
2023-03-22,387771.0,345975.0,,2667268.0,50.4
2023-03-23,-207310.0,798609.0,,3091673.0,50.3
2023-03-24,-649827.0,315758.0,,4670908.0,50.2
2023-03-27,-372681.0,-31812.0,,3211190.0,50.15
2023-03-28,-11225.0,642458.0,,3180431.0,50.16
2023-03-29,-683993.0,287028.0,,3070422.0,50.06
2023-03-30,-90920.0,519533.0,,4264354.0,50.05
2023-03-31,48729.0,-389992.0,,2676327.0,50.08
2023-04-03,-223693.0,-370636.0,,2502220.0,50.05
2023-04-04,-2870750.0,1288049.0,,16808036.0,49.67
2023-04-05,-297195.0,433598.0,,4380498.0,49.64
2023-04-06,-1058843.0,173925.0,,5379170.0,49.51
2023-04-07,119027.0,2157690.0,,10867359.0,49.52
2023-04-10,877177.0,519317.0,,5387514.0,49.63
2023-04-11,289614.0,382044.0,,5001836.0,49.64
2023-04-12,-345050.0,43190.0,,4751001.0,49.6
2023-04-13,-698040.0,351434.0,,4907552.0,49.5
2023-04-14,273077.0,81333.0,,2324722.0,49.54
2023-04-17,17585.0,-81627.0,,1877825.0,49.54
2023-04-18,-20479.0,-209040.0,,1763334.0,49.54
2023-04-19,-218722.0,181138.0,,2024519.0,49.52
2023-04-20,-87542.0,124720.0,,1746001.0,49.51
2023-04-21,8185.0,627195.0,,2624982.0,49.52
2023-04-24,-532575.0,261815.0,,2054455.0,49.44
2023-04-25,-287520.0,-98458.0,,4096411.0,49.42
2023-04-26,727486.0,-137808.0,,3240654.0,49.53
2023-04-27,-44114.0,310444.0,,2980163.0,49.53
2023-04-28,496363.0,164936.0,,3737493.0,49.63
2023-05-02,12342.0,191309.0,,2427349.0,49.63
2023-05-03,116366.0,36566.0,,1779615.0,49.65
2023-05-04,-192745.0,-202998.0,,1794303.0,49.61
2023-05-08,-289036.0,-64441.0,,2615242.0,49.57
2023-05-09,-335147.0,-259168.0,,2297473.0,49.52
2023-05-10,111953.0,-324336.0,,2137658.0,49.53
2023-05-11,-431777.0,-20956.0,,2806299.0,49.44
2023-05-12,211213.0,133006.0,,2712372.0,49.48
2023-05-15,-207894.0,-84239.0,,2357794.0,49.46
2023-05-16,2401936.0,36842.0,,5121364.0,49.79
2023-05-17,1127006.0,-192432.0,,3340386.0,49.94
2023-05-18,1131756.0,-131325.0,,3473641.0,50.09
2023-05-19,235538.0,935254.0,,5062669.0,50.1
2023-05-22,477850.0,-46749.0,,4248401.0,50.17
2023-05-23,153658.0,76593.0,,2472514.0,50.2
2023-05-24,6848.0,-47813.0,,2097933.0,50.21
2023-05-25,2578639.0,-606967.0,,7431586.0,50.56
2023-05-26,4056099.0,-1309220.0,,10136706.0,51.12
2023-05-30,1445497.0,-688972.0,,9058509.0,51.31
2023-05-31,1617128.0,-1400103.0,,8166685.0,51.55
2023-06-01,1155756.0,-962399.0,,5553560.0,51.71
2023-06-02,71478.0,-32958.0,,3991904.0,51.7
2023-06-05,123546.0,-226481.0,,3316020.0,51.74
2023-06-07,-99339.0,197234.0,,3313460.0,51.72
2023-06-08,-668516.0,895135.0,,4355468.0,51.63
2023-06-09,1001952.0,517748.0,,7950947.0,51.76
2023-06-12,-23106.0,107314.0,,2637721.0,51.76
2023-06-13,801385.0,660560.0,,6232477.0,51.87
2023-06-14,-140773.0,34710.0,,3240260.0,51.86
2023-06-15,-24272.0,87304.0,,3778592.0,51.84
2023-06-16,175727.0,-132235.0,,4303391.0,51.87
2023-06-19,-336234.0,-320867.0,,4208396.0,51.82
2023-06-20,171371.0,69592.0,,3319570.0,51.84
2023-06-21,-51653.0,51530.0,,2728146.0,51.83
2023-06-22,-379941.0,195721.0,,2612402.0,51.81
2023-06-23,-116020.0,-85795.0,,2987472.0,51.78
2023-06-26,-453262.0,353158.0,,3350758.0,51.72
2023-06-27,-328245.0,94213.0,,3602087.0,51.68
2023-06-28,-159762.0,368060.0,,3178571.0,51.65
2023-06-29,71706.0,443849.0,,4398301.0,51.6
2023-06-30,-147841.0,143229.0,,2674318.0,51.59
2023-07-03,-20859.0,598212.0,,3022009.0,51.65
2023-07-04,75859.0,36594.0,,1988592.0,51.64
2023-07-05,397633.0,-378421.0,,2483034.0,51.72
2023-07-06,111908.0,-499556.0,,3465047.0,51.73
2023-07-07,-35039.0,-185342.0,,2781723.0,51.73
2023-07-10,-203376.0,20409.0,,3163245.0,51.69
2023-07-11,-137454.0,353329.0,,2209391.0,51.69
2023-07-12,223617.0,143509.0,,2228477.0,51.74
2023-07-13,-59206.0,-49908.0,,3421492.0,51.72
2023-07-14,1149355.0,28302.0,,5817889.0,51.91
2023-07-17,-270589.0,89230.0,,2427281.0,51.89
2023-07-18,42088.0,213332.0,,2299880.0,51.92
2023-07-19,-73224.0,175435.0,,2580301.0,51.92
2023-07-20,-32487.0,79658.0,,1949776.0,51.91
2023-07-21,-249692.0,70681.0,,2745384.0,51.88
2023-07-24,-144811.0,-46240.0,,2761991.0,51.87
2023-07-25,-369226.0,271490.0,,2678385.0,51.81
2023-07-26,7040.0,161055.0,,4995935.0,51.81
2023-07-27,2458277.0,271817.0,,9638980.0,52.14
2023-07-28,2294963.0,-516568.0,,8718746.0,52.43
2023-07-31,-348119.0,45169.0,,4623350.0,52.37
2023-08-01,-210790.0,146208.0,,4656047.0,52.35
2023-08-02,198592.0,-637155.0,,3765478.0,52.38
2023-08-03,343632.0,-410820.0,,3498537.0,52.43
2023-08-04,106694.0,-147934.0,,2375384.0,52.44
2023-08-07,655022.0,-99175.0,,3724826.0,52.55
2023-08-08,-152353.0,-193046.0,,2729243.0,52.54
2023-08-09,178827.0,-420920.0,,2551668.0,52.58
2023-08-10,-74187.0,5010.0,,2622604.0,52.57
2023-08-11,-404854.0,68849.0,,2412381.0,52.52
2023-08-14,-56744.0,-33631.0,,2038360.0,52.51
2023-08-16,259146.0,8827.0,,3870479.0,52.55
2023-08-17,-439664.0,120502.0,,3064253.0,52.5
2023-08-18,-145548.0,-24003.0,,3329697.0,52.5
2023-08-21,50478.0,15846.0,,2621973.0,52.51
2023-08-22,-112065.0,169631.0,,3349473.0,52.49
2023-08-23,-248111.0,-65628.0,,2573292.0,52.45
2023-08-24,882239.0,460056.0,,6368401.0,52.6
2023-08-25,-312161.0,-394733.0,,3533647.0,52.55
2023-08-28,-286251.0,57626.0,,1746882.0,52.51
2023-08-29,175421.0,298499.0,,2682352.0,52.54
2023-08-30,107593.0,117257.0,,2629711.0,52.55
2023-08-31,553160.0,-13804.0,,4403695.0,52.58
2023-09-01,-411520.0,188371.0,,2886011.0,52.53
2023-09-04,-578043.0,141368.0,,3491280.0,52.49
2023-09-05,112809.0,43324.0,,1749591.0,52.49
2023-09-06,-193551.0,-15658.0,,1615519.0,52.46
2023-09-07,237404.0,-127737.0,,2995088.0,52.5
2023-09-08,-1604968.0,222409.0,,4943255.0,52.26
2023-09-11,162756.0,194925.0,,2542590.0,52.29
2023-09-12,-220317.0,513352.0,,2749688.0,52.26
2023-09-13,-16691.0,460392.0,,3860589.0,52.26
2023-09-14,204143.0,703101.0,,3948784.0,52.28
2023-09-15,-317184.0,740907.0,,3579662.0,52.25
2023-09-18,-303531.0,25061.0,,2356621.0,52.2
2023-09-19,-88244.0,-206005.0,,1921912.0,52.16
2023-09-20,-498160.0,137161.0,,2228681.0,52.07
2023-09-21,-469525.0,-3354.0,,3151900.0,52.0
2023-09-22,-217879.0,89834.0,,2938386.0,51.85
2023-09-25,-67123.0,-14928.0,,2181722.0,51.83
2023-09-26,-343415.0,-208648.0,,3237819.0,51.74
2023-09-27,-252107.0,-1296.0,,3060751.0,51.71
2023-10-04,454698.0,-162643.0,,4447702.0,51.77
2023-10-05,1621410.0,-248148.0,,6112858.0,52.02
2023-10-06,-356255.0,233411.0,,4158083.0,51.97
2023-10-10,227934.0,291.0,,5580659.0,52.02
2023-10-11,-241238.0,404529.0,,4293299.0,52.0
2023-10-12,456902.0,320710.0,,4016352.0,52.07
2023-10-13,616105.0,-171380.0,,3205273.0,52.11
2023-10-16,-270176.0,308263.0,,3008476.0,52.08
2023-10-17,1139197.0,219198.0,,6411880.0,52.25
2023-10-18,-464241.0,542000.0,,4760148.0,52.18
2023-10-19,-255059.0,-136668.0,,5089745.0,52.13
2023-10-20,318306.0,-310323.0,,3868266.0,52.17
2023-10-23,-373437.0,191093.0,,2432303.0,52.12
2023-10-24,-25855.0,-50202.0,,2802010.0,52.11
2023-10-25,190439.0,-37593.0,,3053002.0,52.15
2023-10-26,-878118.0,100923.0,,5961584.0,52.03
2023-10-27,-1303591.0,846909.0,,5486088.0,51.85
2023-10-30,153392.0,55910.0,,2798497.0,51.97
2023-10-31,-59681.0,-137598.0,,3166739.0,51.96
2023-11-01,149484.0,135942.0,,2707225.0,52.02
2023-11-02,634971.0,30467.0,,3736208.0,52.08
2023-11-03,726744.0,-389919.0,,2796773.0,52.17
2023-11-06,1745269.0,5941.0,,6923192.0,52.43
2023-11-07,25115.0,-235267.0,,4940510.0,52.41
2023-11-08,111517.0,137317.0,,3328279.0,52.44
2023-11-09,206946.0,-136976.0,,2228081.0,52.56
2023-11-10,259738.0,-75657.0,,2656526.0,52.59
2023-11-13,445342.0,-230650.0,,2644761.0,52.66
2023-11-14,-589173.0,215529.0,,2589591.0,52.58
2023-11-15,764565.0,-38793.0,,3616292.0,52.68
2023-11-16,-160781.0,-185211.0,,2456351.0,52.66
2023-11-17,-218751.0,-176393.0,,2438499.0,52.63
2023-11-20,-25544.0,115745.0,,2004403.0,52.63
2023-11-21,112080.0,50932.0,,2439306.0,52.66
2023-11-22,190518.0,-445709.0,,2128566.0,52.68
2023-11-23,145729.0,-351498.0,,1839516.0,52.7
2023-11-24,-230839.0,-82095.0,,1925668.0,52.68
2023-11-27,345833.0,173945.0,,2264243.0,52.73
2023-11-28,-147471.0,224867.0,,2562226.0,52.71
2023-11-29,-80458.0,-89679.0,,2227853.0,52.7
2023-11-30,801961.0,160390.0,,3625365.0,52.81
2023-12-01,308706.0,-547182.0,,3641222.0,52.85
2023-12-04,-106491.0,7097.0,,2680820.0,52.83
2023-12-05,-895448.0,-702178.0,,4375531.0,52.71
2023-12-06,-284791.0,-9641.0,,2667583.0,52.67
2023-12-07,9622.0,33751.0,,2478565.0,52.67
2023-12-08,-11333.0,347301.0,,2762531.0,52.67
2023-12-11,-174087.0,255418.0,,3696790.0,52.69
2023-12-12,239814.0,373834.0,,3126577.0,52.68
2023-12-13,341594.0,86312.0,,2852873.0,52.76
2023-12-14,2285997.0,-230921.0,,8217135.0,53.09
2023-12-15,1125465.0,66036.0,,5011719.0,53.1
2023-12-18,-49524.0,101229.0,,2540812.0,53.0
2023-12-19,16621.0,-348446.0,,2309721.0,52.98
2023-12-20,-131792.0,458324.0,,3108011.0,52.93
2023-12-21,-208393.0,6550.0,,2737124.0,53.11
2023-12-22,-287467.0,119692.0,,3183709.0,53.1
2023-12-26,-47199.0,394303.0,,2239789.0,53.11
2023-12-27,-368867.0,-285140.0,,2336777.0,53.08
2023-12-28,13582.0,331360.0,,2459473.0,53.17
2024-01-02,132543.0,-92502.0,,2147458.0,53.19
2024-01-03,-556914.0,-678833.0,,3257820.0,53.16
2024-01-04,-69551.0,-415806.0,,2661970.0,53.18
2024-01-05,67888.0,-205512.0,,1846781.0,53.23
2024-01-08,9394.0,-271143.0,,2498302.0,53.31
2024-01-09,103154.0,233429.0,,3473806.0,53.29
2024-01-10,-673491.0,-30422.0,,3769252.0,53.2
2024-01-11,86222.0,84657.0,,3594909.0,53.24
2024-01-12,-44518.0,-182377.0,,1878915.0,53.19
2024-01-15,-354891.0,204757.0,,1858867.0,53.13
2024-01-16,-314667.0,46603.0,,3670169.0,53.09
2024-01-17,-625390.0,319935.0,,3822702.0,53.01
2024-01-18,340097.0,70188.0,,3050556.0,53.07
2024-01-19,1196376.0,-211876.0,,4946040.0,53.22
2024-01-22,522018.0,-202658.0,,3784276.0,53.31
2024-01-23,-300183.0,61611.0,,2912611.0,53.26
2024-01-24,-191661.0,-26236.0,,2580665.0,53.24
2024-01-25,-1005634.0,-103530.0,,4708651.0,53.09
2024-01-26,404359.0,-683146.0,,3247410.0,53.13
2024-01-29,-97420.0,-383890.0,,2311854.0,53.12
2024-01-30,-78944.0,121280.0,,2297631.0,53.12
2024-01-31,-34773.0,-135676.0,,2815362.0,53.11
2024-02-01,-648726.0,-264279.0,,3778274.0,53.02
2024-02-02,-313613.0,255927.0,,3708253.0,52.98
2024-02-05,184380.0,-619723.0,,3300954.0,53.0
2024-02-06,672833.0,-19620.0,,4672324.0,53.09
2024-02-07,27252.0,188688.0,,3348045.0,53.09
2024-02-08,1828911.0,143217.0,,5780714.0,53.33
2024-02-13,1522724.0,-115164.0,,6902585.0,53.54
2024-02-14,120812.0,-390547.0,,4396924.0,53.56
2024-02-15,45281.0,50672.0,,3560211.0,53.56
2024-02-16,157926.0,-313335.0,,3265836.0,53.6
2024-02-19,727429.0,-200827.0,,3997323.0,53.67
2024-02-20,-112457.0,-237945.0,,3507601.0,53.66
2024-02-21,-174401.0,258535.0,,4278500.0,53.63
2024-02-22,1488866.0,180360.0,,5966352.0,53.83
2024-02-23,1313620.0,-878150.0,,7012032.0,54.02
2024-02-26,-7913.0,-213925.0,,4329477.0,54.06
2024-02-27,-283206.0,-489686.0,,6107954.0,53.99
2024-02-28,670074.0,-561186.0,,3666960.0,54.09
2024-02-29,252235.0,-337884.0,,3386307.0,54.12
2024-03-04,1247911.0,-223816.0,,5230909.0,54.29
2024-03-05,453390.0,-368421.0,,3612530.0,54.34
2024-03-06,-407000.0,-180726.0,,2672526.0,54.3
2024-03-07,358257.0,-219938.0,,3052700.0,54.35
2024-03-08,1293112.0,23991.0,,5089650.0,54.52
2024-03-11,-158891.0,-222280.0,,3450905.0,54.5
2024-03-12,-1163027.0,226034.0,,3102706.0,54.33
2024-03-13,-212238.0,-973009.0,,5072935.0,54.3
2024-03-14,-413007.0,-134265.0,,3655060.0,54.26
2024-03-15,-111132.0,-48164.0,,4099531.0,54.24
2024-03-18,-566836.0,679279.0,,2696598.0,54.12
2024-03-19,-213487.0,-491780.0,,4159293.0,54.09
2024-03-20,-77228.0,-528840.0,,5692523.0,54.08
2024-03-21,2342509.0,460262.0,,9205769.0,54.39
2024-03-22,614771.0,-323083.0,,5400916.0,54.44
2024-03-25,-374367.0,30292.0,,3434516.0,54.41
2024-03-26,697234.0,551818.0,,6549669.0,54.59
2024-03-27,1166284.0,-389750.0,,5774536.0,54.75
2024-03-28,-313821.0,-440722.0,,3424716.0,54.7
2024-03-29,411954.0,68945.0,,3035080.0,54.76
2024-04-01,-285713.0,10591.0,,2723474.0,54.72
2024-04-02,-220035.0,19518.0,,4207759.0,54.69
2024-04-03,-497397.0,-307168.0,,5416518.0,54.63
2024-04-04,1062078.0,-192116.0,,5344102.0,54.78
2024-04-05,-119562.0,-452624.0,,4043133.0,54.76
2024-04-08,-229613.0,-70895.0,,3278855.0,54.72
2024-04-09,166721.0,151062.0,,2302751.0,54.74
2024-04-11,778698.0,-175030.0,,4098231.0,54.9
2024-04-12,116679.0,38117.0,,3097301.0,54.92
2024-04-15,-282075.0,228044.0,,2672047.0,54.89
2024-04-16,-1447814.0,392604.0,,4956035.0,54.69
2024-04-17,13224.0,-87061.0,,4340591.0,54.69
2024-04-18,-146526.0,87236.0,,4170243.0,54.67
2024-04-19,-1127550.0,-141193.0,,7545976.0,54.51
2024-04-22,-828375.0,534573.0,,5882906.0,54.41
2024-04-23,-224147.0,-60602.0,,3975371.0,54.37
2024-04-24,461299.0,259839.0,,4254632.0,54.4
2024-04-25,-1534030.0,-410907.0,,5332149.0,54.18
2024-04-26,1389023.0,-49056.0,,5471765.0,54.36
2024-04-29,-574339.0,213775.0,,2892809.0,54.29
2024-04-30,-8827.0,-152049.0,,3655060.0,54.28
2024-05-02,-18859.0,-48192.0,,3168250.0,54.28
2024-05-03,-265355.0,76608.0,,2336256.0,54.23
2024-05-07,990354.0,381901.0,,4349589.0,54.37
2024-05-08,-106186.0,-268719.0,,2304744.0,54.36
2024-05-09,-297951.0,-97881.0,,2861600.0,54.32
2024-05-10,295852.0,723255.0,,2813668.0,54.37
2024-05-13,488517.0,263558.0,,3230023.0,54.44
2024-05-14,402747.0,-30443.0,,2763069.0,54.5
2024-05-16,1667874.0,198375.0,,5083178.0,54.72
2024-05-17,76368.0,-170963.0,,2841394.0,54.73
2024-05-20,-110604.0,-29318.0,,3592128.0,54.71
2024-05-21,218143.0,-91840.0,,2468109.0,54.74
2024-05-22,1284026.0,-494320.0,,3949439.0,54.92
2024-05-23,1263155.0,-594324.0,,4681849.0,55.1
2024-05-24,777698.0,-938441.0,,3793872.0,55.21
2024-05-27,1855204.0,-876746.0,,4774882.0,55.53
2024-05-28,95056.0,-300525.0,,2084945.0,55.56
2024-05-29,42324.0,-335081.0,,3073139.0,55.6
2024-05-30,-36982.0,-333629.0,,2402236.0,55.6
2024-05-31,-1036350.0,549609.0,,5958829.0,55.49
2024-06-03,468481.0,-161727.0,,2982443.0,55.54
2024-06-04,119290.0,-183090.0,,1996780.0,55.57
2024-06-05,42929.0,60301.0,,2709631.0,55.57
2024-06-07,1771844.0,-86756.0,,4805326.0,55.82
2024-06-10,460413.0,-407744.0,,2448961.0,55.88
2024-06-11,521637.0,-222323.0,,3070163.0,55.95
2024-06-12,578380.0,-268203.0,,2151331.0,56.03
2024-06-13,1587638.0,-851336.0,,5777279.0,56.25
2024-06-14,657907.0,-709286.0,,3311223.0,56.36
2024-06-17,97674.0,-54381.0,,2198340.0,56.36
2024-06-18,643226.0,-272106.0,,3136231.0,56.41
2024-06-19,-506844.0,-13007.0,,3758652.0,56.35
2024-06-20,-155111.0,-33131.0,,2927358.0,56.33
2024-06-21,-3632.0,-193490.0,,3848394.0,56.3
2024-06-24,-1368003.0,353009.0,,5080726.0,56.11
2024-06-25,-542314.0,637804.0,,5730999.0,56.04
2024-06-26,949891.0,-495736.0,,5166862.0,56.14
2024-06-27,232455.0,-429563.0,,3763005.0,56.17
2024-06-28,-167470.0,118470.0,,2368287.0,56.14
2024-07-01,-37421.0,-11749.0,,1709955.0,56.14
2024-07-02,215161.0,-280319.0,,2343947.0,56.15
2024-07-03,129014.0,62835.0,,3315677.0,56.17
2024-07-04,-966315.0,238195.0,,7599882.0,56.03
2024-07-05,-142993.0,657653.0,,4041293.0,56.02
2024-07-08,11689.0,-295330.0,,2309023.0,56.01
2024-07-09,186014.0,151635.0,,4810781.0,56.04
2024-07-10,123484.0,-154186.0,,2579373.0,56.06
2024-07-11,48998.0,40661.0,,5336097.0,56.07
2024-07-12,-809993.0,100288.0,,4972976.0,55.95
2024-07-15,169336.0,-816632.0,,3301380.0,56.01
2024-07-16,384184.0,-244686.0,,3982189.0,56.06
2024-07-17,-1811711.0,-31788.0,,6051510.0,55.81
2024-07-18,-1612418.0,824130.0,,8847665.0,55.61
2024-07-19,-492761.0,-32639.0,,4519170.0,55.57
2024-07-22,-148660.0,-52244.0,,6662441.0,55.54
2024-07-23,-686803.0,188863.0,,5976519.0,55.47
2024-07-24,104737.0,-113040.0,,4838734.0,55.48
2024-07-25,-3695259.0,340864.0,,12503762.0,54.97
2024-07-26,-1520583.0,893303.0,,8769107.0,54.76
2024-07-29,876303.0,-175047.0,,4017366.0,54.88
2024-07-30,-544092.0,-17832.0,,5165131.0,54.81
2024-07-31,138714.0,374893.0,,6439929.0,54.83
2024-08-01,-7503.0,-125652.0,,6457167.0,54.84
2024-08-02,-2080632.0,-820723.0,,13050139.0,54.55
2024-08-05,-1404985.0,4373.0,,12358821.0,54.36
2024-08-06,-172888.0,297763.0,,10717321.0,54.39
2024-08-07,-4685.0,56325.0,,9732037.0,54.37
2024-08-08,-72943.0,-291411.0,,5370361.0,54.37
2024-08-09,975806.0,140992.0,,5141277.0,54.5
2024-08-12,452230.0,-173213.0,,4413736.0,54.56
2024-08-13,514136.0,-65589.0,,4234287.0,54.63
2024-08-14,204819.0,-84456.0,,4420516.0,54.66
2024-08-16,1981700.0,-272250.0,,6959688.0,54.93
2024-08-19,-114965.0,-196011.0,,3977026.0,54.92
2024-08-20,778428.0,-238785.0,,4258190.0,55.03
2024-08-21,-696720.0,-404518.0,,4508983.0,54.95
2024-08-22,82562.0,-358078.0,,3166217.0,54.98
2024-08-23,-1317853.0,294783.0,,4371332.0,54.79
2024-08-26,-1115862.0,125600.0,,4913204.0,54.64
2024-08-27,-1268929.0,329325.0,,5796566.0,54.46
2024-08-28,-1039749.0,576438.0,,5590086.0,54.32
2024-08-29,-788394.0,-651243.0,,8284585.0,54.22
2024-08-30,-261851.0,258731.0,,4498221.0,54.18
2024-09-02,374359.0,-411879.0,,3507670.0,54.23
2024-09-03,-232993.0,-276190.0,,3286574.0,54.19
2024-09-04,-2198406.0,-206110.0,,10020391.0,53.89
2024-09-05,349556.0,-99348.0,,5349484.0,53.94
2024-09-06,-446497.0,-59467.0,,3459914.0,53.86
2024-09-09,-1050826.0,462208.0,,4484162.0,53.72
2024-09-10,-635109.0,423019.0,,4718523.0,53.64
2024-09-11,-211289.0,241319.0,,3203928.0,53.61
2024-09-12,1474141.0,-190077.0,,8628996.0,53.79
2024-09-13,-1565458.0,383602.0,,5246578.0,53.58
2024-09-19,-2416052.0,472511.0,,15001257.0,53.25
2024-09-20,987489.0,18008.0,,7155655.0,53.39
2024-09-23,43298.0,428768.0,,4497592.0,53.39
2024-09-24,-251846.0,233115.0,,3442530.0,53.34
2024-09-25,307598.0,275251.0,,4665075.0,53.38
2024-09-26,2709357.0,479006.0,,9519633.0,53.67
2024-09-27,2291232.0,-998825.0,,6886272.0,53.98
2024-09-30,43244.0,-333416.0,,4859468.0,54.01
2024-10-02,-332082.0,-215591.0,,4720638.0,53.97
2024-10-04,280781.0,-50845.0,,3633358.0,54.0
2024-10-07,1128214.0,-202043.0,,3904925.0,54.16
2024-10-08,-578858.0,-81707.0,,3988028.0,54.08
2024-10-10,871059.0,433384.0,,6325045.0,54.21
2024-10-11,173062.0,-339932.0,,3475666.0,54.24
2024-10-14,224958.0,-2433.0,,3309274.0,54.27
2024-10-15,1059684.0,8605.0,,4060365.0,54.42
2024-10-16,-369164.0,31891.0,,4787317.0,54.37
2024-10-17,87166.0,265887.0,,3996946.0,54.38
2024-10-18,-847374.0,-29636.0,,5509895.0,54.27
2024-10-21,386431.0,92276.0,,2428544.0,54.35
2024-10-22,35759.0,-437605.0,,3466963.0,54.37
2024-10-23,885463.0,407031.0,,4366079.0,54.53
2024-10-24,873982.0,118474.0,,6344515.0,54.66
2024-10-25,148603.0,163761.0,,5530362.0,54.68
2024-10-28,-462153.0,-34122.0,,4114186.0,54.62
2024-10-29,-337393.0,-137124.0,,4067991.0,54.56
2024-10-30,613845.0,-61793.0,,3580400.0,54.64
2024-10-31,-498559.0,-75949.0,,4573282.0,54.58
2024-11-01,65262.0,-28030.0,,3478519.0,54.59
2024-11-04,429192.0,98473.0,,3569575.0,54.65
2024-11-05,238353.0,-214936.0,,3560310.0,54.68
2024-11-06,553118.0,110450.0,,3460361.0,54.76
2024-11-07,393977.0,46559.0,,2976546.0,54.8
2024-11-08,711638.0,54517.0,,3031573.0,54.9
2024-11-11,-57296.0,-362959.0,,2636191.0,54.89
2024-11-12,144434.0,-243869.0,,3920254.0,54.91
2024-11-13,-264036.0,-96034.0,,3172827.0,54.88
2024-11-14,-1024549.0,88034.0,,6309368.0,54.75
2024-11-15,-19110.0,448185.0,,4330750.0,54.73
2024-11-18,-627369.0,-367737.0,,3885644.0,54.64
2024-11-19,-928294.0,474238.0,,4075013.0,54.51
2024-11-20,-456174.0,-43698.0,,3689296.0,54.45
2024-11-21,-708661.0,405624.0,,3821502.0,54.36
2024-11-22,749935.0,232101.0,,3919973.0,54.46
2024-11-25,-132356.0,136041.0,,4393882.0,54.45
2024-11-26,396397.0,-242777.0,,1996128.0,54.5
2024-11-27,-530609.0,-320795.0,,4756820.0,54.42
2024-11-28,-1101263.0,-179017.0,,5691298.0,54.31
2024-11-29,-162376.0,-15332.0,,4682788.0,54.29
2024-12-02,-45305.0,104545.0,,3558868.0,54.32
2024-12-03,215284.0,155783.0,,4180365.0,54.35
2024-12-04,176295.0,266656.0,,5701792.0,54.36
2024-12-05,974368.0,18867.0,,4671438.0,54.49
2024-12-06,-1061104.0,615393.0,,4434259.0,54.34
2024-12-09,784231.0,270769.0,,5305672.0,54.44
2024-12-10,-155149.0,152798.0,,3159112.0,54.42
2024-12-11,303044.0,-228599.0,,2281189.0,54.46
2024-12-12,284811.0,284820.0,,4550292.0,54.49
2024-12-13,-208712.0,25700.0,,3677980.0,54.46
2024-12-16,504253.0,-70986.0,,3278975.0,54.51
2024-12-17,675096.0,63294.0,,3188910.0,54.6
2024-12-18,115099.0,-267077.0,,2363872.0,54.67
2024-12-19,482278.0,-1350895.0,,4833862.0,54.72
2024-12-20,-1111598.0,-15924.0,,4487308.0,54.51
2024-12-23,-406003.0,427382.0,,3287596.0,54.46
2024-12-24,12075.0,121369.0,,1844961.0,54.6
2024-12-26,704012.0,166829.0,,2022727.0,54.7
2024-12-27,97138.0,25108.0,,2643523.0,54.72
2024-12-30,-35052.0,53618.0,,1434202.0,54.71
2025-01-02,-268540.0,-186401.0,,2102175.0,54.67
2025-01-03,877935.0,521018.0,,4233446.0,54.8
2025-01-06,1474612.0,280519.0,,7320382.0,55.0
2025-01-07,-89178.0,84953.0,,6075445.0,54.98
2025-01-08,-87724.0,-65165.0,,4275792.0,54.97
2025-01-09,2187064.0,-320660.0,,6692254.0,55.27
2025-01-10,698663.0,-426839.0,,6149475.0,55.37
2025-01-13,-858270.0,75277.0,,4767294.0,55.26
2025-01-14,-312171.0,-98365.0,,3019149.0,55.21
2025-01-15,642043.0,-260055.0,,3620460.0,55.32
2025-01-16,2320966.0,-172295.0,,6029645.0,55.63
2025-01-17,1010451.0,-16007.0,,5041329.0,55.77
2025-01-20,-16603.0,16646.0,,3036234.0,55.77
2025-01-21,350669.0,-136234.0,,3323212.0,55.82
2025-01-22,1120727.0,75134.0,,5901740.0,55.97
2025-01-23,-602885.0,-91007.0,,5994781.0,55.88
2025-01-24,73967.0,-193271.0,,3771572.0,55.89
2025-01-31,-1976027.0,-36583.0,,11871995.0,55.62
2025-02-03,168039.0,-220151.0,,7926444.0,55.64
2025-02-04,-761014.0,99208.0,,5851146.0,55.51
2025-02-05,831202.0,-64178.0,,4245118.0,55.63
2025-02-06,1065778.0,-391203.0,,4032622.0,55.76
2025-02-07,361984.0,-259811.0,,2206293.0,55.8
2025-02-10,38056.0,-50344.0,,2779740.0,55.8
2025-02-11,44776.0,-22898.0,,2488710.0,55.81
2025-02-12,279295.0,-60888.0,,2884072.0,55.85
2025-02-13,204922.0,874515.0,,3574410.0,55.88
2025-02-14,643588.0,-86090.0,,2598656.0,55.97
2025-02-17,274834.0,-45112.0,,2497922.0,56.01
2025-02-18,-136958.0,92001.0,,1937894.0,55.98
2025-02-19,790992.0,307676.0,,3537720.0,56.08
2025-02-20,-188577.0,52894.0,,3080242.0,56.02
2025-02-21,-199393.0,111487.0,,2601151.0,55.99
2025-02-24,-207539.0,-133939.0,,3087127.0,55.95
2025-02-25,-472244.0,-16013.0,,3651613.0,55.84
2025-02-26,323581.0,-306619.0,,3849749.0,55.88
2025-02-27,-679595.0,-115213.0,,3993419.0,55.56
2025-02-28,-1249315.0,-101909.0,,5533027.0,55.38
2025-03-04,-948069.0,147666.0,,5424556.0,55.28
2025-03-05,243684.0,70377.0,,4162368.0,55.31
2025-03-06,198976.0,-158635.0,,2540131.0,55.34
2025-03-07,217049.0,-256629.0,,2700590.0,55.4
2025-03-10,-770733.0,52736.0,,2441476.0,55.29
2025-03-11,-209832.0,26690.0,,3521800.0,55.26
2025-03-12,736357.0,548170.0,,4064278.0,55.4
2025-03-13,-714876.0,1046269.0,,3883033.0,55.32
2025-03-14,871561.0,286681.0,,3397462.0,55.47
2025-03-17,-58380.0,421970.0,,2584679.0,55.47
2025-03-18,-89215.0,181450.0,,2696191.0,55.45
2025-03-19,113503.0,60599.0,,3102000.0,55.48
2025-03-20,645001.0,197431.0,,2779557.0,55.59
2025-03-21,1294123.0,-276739.0,,5731880.0,55.78
2025-03-24,-56079.0,-34263.0,,1611040.0,55.74
2025-03-25,-253604.0,186842.0,,2262656.0,55.72
2025-03-26,449600.0,-23882.0,,2058540.0,55.77
2025-03-27,-77517.0,-182361.0,,2287220.0,55.71
2025-03-28,-713734.0,16979.0,,2673553.0,55.53
2025-03-31,-1759080.0,869475.0,,4561715.0,55.35
2025-04-01,88403.0,-25592.0,,2317253.0,55.38
2025-04-02,-625098.0,782594.0,,2764223.0,55.36
2025-04-03,-1735255.0,926137.0,,4177747.0,55.14
2025-04-04,-5064177.0,1508952.0,,9182017.0,54.45
2025-04-07,-2315622.0,-443563.0,,7879050.0,54.18
2025-04-08,-24393.0,-141905.0,,4965171.0,54.17
2025-04-09,-1699546.0,270192.0,,8035679.0,53.94
2025-04-10,174098.0,347150.0,,7836984.0,53.96
2025-04-11,-866060.0,130155.0,,3223735.0,53.8
2025-04-14,-587439.0,-58393.0,,3466194.0,53.71
2025-04-15,103379.0,186227.0,,1915455.0,53.73
2025-04-16,-295748.0,-476004.0,,2933428.0,53.64
2025-04-17,-939948.0,90551.0,,2989493.0,53.51
2025-04-18,-213206.0,47908.0,,1305152.0,53.46
2025-04-21,25557.0,-40235.0,,1877473.0,53.43
2025-04-22,-503926.0,-119407.0,,2008388.0,53.37
2025-04-23,-306470.0,940283.0,,3857373.0,53.32
2025-04-24,-347337.0,-402030.0,,3162156.0,53.23
2025-04-25,923049.0,547751.0,,3507810.0,53.34
2025-04-28,188502.0,-145076.0,,2455710.0,53.32
2025-04-29,-203434.0,141725.0,,1866386.0,53.29
2025-04-30,-431555.0,-243236.0,,2354473.0,53.22
2025-05-02,2023987.0,212250.0,,3886874.0,53.47
2025-05-07,1092569.0,85412.0,,3830097.0,53.61
2025-05-08,13309.0,436000.0,,5125330.0,53.75
2025-05-09,-26733.0,-14076.0,,2539822.0,53.78
2025-05-12,317722.0,173780.0,,1624884.0,53.93
2025-05-13,956052.0,-61458.0,,3385009.0,54.1
2025-05-14,1295660.0,44787.0,,3333511.0,54.29
2025-05-15,365980.0,-347118.0,,3178957.0,54.34
2025-05-16,552294.0,90956.0,,2419507.0,54.45
2025-05-19,64618.0,-197850.0,,2482673.0,54.45
2025-05-20,355052.0,-60597.0,,2820546.0,54.5
2025-05-21,-111674.0,-68456.0,,1721760.0,54.47
2025-05-22,96681.0,-335302.0,,1988587.0,54.48
2025-05-23,358618.0,-96960.0,,1538701.0,54.36
2025-05-26,-22827.0,93265.0,,1459997.0,54.38
2025-05-27,56575.0,90856.0,,1424916.0,54.39
2025-05-28,-10300.0,875535.0,,3161188.0,54.4
2025-05-29,110522.0,567661.0,,3827689.0,54.19
2025-05-30,-7473.0,-328156.0,,4826628.0,54.24
2025-06-02,510641.0,-177220.0,,1775752.0,54.41
2025-06-04,1575416.0,8167.0,,5108674.0,54.81
2025-06-05,1048250.0,39057.0,,5768506.0,54.94
2025-06-09,418399.0,-402231.0,,3666084.0,55.0
2025-06-10,-44943.0,271689.0,,3718655.0,55.01
2025-06-11,824347.0,192992.0,,4230421.0,55.18
2025-06-12,89621.0,-241388.0,,4994238.0,55.19
2025-06-13,758573.0,-492809.0,,4100610.0,55.31
2025-06-16,656648.0,29866.0,,3760740.0,55.42
2025-06-17,-239639.0,128369.0,,5044669.0,55.33
2025-06-18,-203528.0,-122329.0,,4081001.0,55.31
2025-06-19,56851.0,-94724.0,,2317796.0,55.32
2025-06-20,825146.0,-92627.0,,3597877.0,55.42
2025-06-23,54144.0,-300589.0,,3398736.0,55.44
2025-06-24,629145.0,-317387.0,,5436312.0,55.59
2025-06-25,84269.0,-426172.0,,5466598.0,55.61
2025-06-26,173061.0,-227590.0,,5894020.0,55.66
2025-06-27,-641214.0,-87427.0,,5134863.0,55.52
2025-06-30,-202849.0,107172.0,,4375298.0,55.51
2025-07-01,-188824.0,-216441.0,,3687981.0,55.51
2025-07-02,-13536.0,-162408.0,,4702056.0,55.5
2025-07-03,-233077.0,-24678.0,,3642140.0,55.48
2025-07-04,75539.0,-231341.0,,3654933.0,55.46
2025-07-07,-145348.0,-108026.0,,2523564.0,55.42
2025-07-08,160634.0,70499.0,,3119395.0,55.44
2025-07-09,-50323.0,-94746.0,,2626484.0,55.43
2025-07-10,793940.0,81630.0,,4556065.0,55.47
2025-07-11,24318.0,-330246.0,,3732533.0,55.46
2025-07-14,699101.0,-373971.0,,2936976.0,55.55
2025-07-15,15261.0,-456605.0,,4196196.0,55.55
2025-07-16,192113.0,-455990.0,,3123297.0,55.57
2025-07-17,-2041448.0,-1049071.0,,9328322.0,55.28
2025-07-18,-501541.0,4691.0,,5359504.0,55.19
2025-07-21,-9616.0,69317.0,,2424891.0,55.16
2025-07-22,15114.0,-268704.0,,3139858.0,55.13
2025-07-23,-226587.0,-26183.0,,3116279.0,55.16
2025-07-24,387098.0,-75586.0,,3667144.0,55.22
2025-07-25,-129666.0,-294719.0,,2171063.0,55.2
2025-07-28,-215189.0,233322.0,,2877357.0,55.17
2025-07-29,2233.0,130589.0,,2944177.0,55.12
2025-07-30,13699.0,160136.0,,2482807.0,55.11
2025-07-31,533529.0,252601.0,,3472644.0,55.2
2025-08-01,-693827.0,-408706.0,,3227394.0,55.08
2025-08-04,-217329.0,53561.0,,2281558.0,55.06
2025-08-05,441872.0,-215162.0,,2118171.0,55.12
2025-08-06,183812.0,-281403.0,,1374559.0,55.14
2025-08-07,405730.0,-277031.0,,2724438.0,55.17
2025-08-08,-68291.0,-151837.0,,2676174.0,55.15
2025-08-11,598562.0,-37813.0,,2415473.0,55.21
2025-08-12,432213.0,89862.0,,3008648.0,55.31
2025-08-13,1254448.0,-7975.0,,3472694.0,55.48
2025-08-14,-84757.0,15387.0,,2101050.0,55.48
2025-08-18,-367079.0,14296.0,,1993220.0,55.41
2025-08-19,-384942.0,138326.0,,1709646.0,55.37
2025-08-20,-569287.0,307944.0,,3571545.0,55.3
2025-08-21,-1622227.0,-43137.0,,6301130.0,55.05
2025-08-22,-41106.0,225367.0,,3064062.0,55.07
2025-08-25,413193.0,-31176.0,,3183709.0,55.14
2025-08-26,-116080.0,180008.0,,2050625.0,55.15
2025-08-27,-550013.0,342271.0,,2801594.0,55.06
2025-08-28,779359.0,188458.0,,3836024.0,54.81
2025-08-29,105637.0,187324.0,,1892127.0,54.82
2025-09-01,-398855.0,-62514.0,,1837054.0,55.06
2025-09-02,426784.0,-153312.0,,1584710.0,55.13
2025-09-03,402800.0,-144481.0,,2437896.0,55.18
2025-09-04,51771.0,209404.0,,2189959.0,55.16
2025-09-05,1036811.0,114232.0,,3103427.0,55.35
2025-09-08,531363.0,2553.0,,2018299.0,55.44
2025-09-09,1351109.0,-57249.0,,4158342.0,55.63
2025-09-10,2180179.0,207320.0,,5265553.0,55.97
2025-09-11,963288.0,-223152.0,,5148088.0,56.09
2025-09-12,1031871.0,312354.0,,4242516.0,56.21
2025-09-15,230476.0,8924.0,,4221256.0,56.25
2025-09-16,736005.0,-110204.0,,5841135.0,56.32
2025-09-17,-523391.0,16245.0,,4498866.0,56.26
2025-09-18,60118.0,125398.0,,4526286.0,56.21
2025-09-19,-589747.0,-19315.0,,4385543.0,56.08
2025-09-22,-857589.0,387157.0,,4377563.0,55.9
2025-09-23,-12600.0,199611.0,,3315336.0,55.9
2025-09-24,-753381.0,283694.0,,4165199.0,55.81
2025-09-25,227515.0,-54677.0,,2148215.0,55.85
2025-09-26,-1046173.0,-47041.0,,3685324.0,55.57
2025-09-29,247455.0,165103.0,,2275986.0,55.48
2025-09-30,-207704.0,17393.0,,2238614.0,55.45
2025-10-01,203493.0,270253.0,,2802437.0,55.48
2025-10-02,1031530.0,-215434.0,,7430763.0,55.64
2025-10-10,-163368.0,-425711.0,,6835852.0,55.61
2025-10-13,-1278923.0,210510.0,,4356534.0,55.44
2025-10-14,-49708.0,-2718.0,,4101275.0,55.41
2025-10-15,-760648.0,406496.0,,2688019.0,55.3
2025-10-16,350491.0,139672.0,,4247934.0,55.35
2025-10-17,-433516.0,234374.0,,4541583.0,55.3
2025-10-20,-497216.0,254026.0,,3333903.0,55.23
2025-10-21,-792724.0,-66149.0,,4126858.0,55.13
2025-10-22,-1102585.0,309326.0,,3870276.0,54.96
2025-10-23,-564516.0,153080.0,,3583993.0,54.87
2025-10-24,163026.0,506428.0,,4254202.0,54.99
2025-10-27,-545184.0,49938.0,,3381231.0,54.94
2025-10-28,-2481450.0,247022.0,,5659008.0,54.63
2025-10-29,-393083.0,315428.0,,4803031.0,54.6
2025-10-30,-457122.0,-86681.0,,4888461.0,54.53
2025-10-31,-1086281.0,338775.0,,3351809.0,54.37
2025-11-03,-336479.0,516474.0,,5787058.0,54.33
2025-11-04,-2474935.0,88297.0,,5969769.0,54.21
2025-11-05,-2187249.0,651613.0,,8976222.0,53.9
2025-11-06,-778073.0,613706.0,,5321244.0,53.77
2025-11-07,-548231.0,4847.0,,4789397.0,53.7
2025-11-10,-305491.0,737643.0,,4893645.0,53.67
2025-11-11,-699241.0,148916.0,,5508697.0,53.57
2025-11-12,-745277.0,328522.0,,2831484.0,53.95
2025-11-13,486644.0,-754751.0,,3875541.0,54.0
2025-11-14,-2179054.0,-522325.0,,5778374.0,53.67
2025-11-17,581256.0,58456.0,,4470947.0,53.76
2025-11-18,-640841.0,-269404.0,,3544391.0,53.63
2025-11-19,-828120.0,71561.0,,4529736.0,53.46
2025-11-20,-226902.0,144241.0,,4670237.0,53.36
2025-11-21,-2797136.0,441817.0,,6646712.0,53.59
2025-11-24,-729590.0,994629.0,,6399162.0,53.46
2025-11-25,17030.0,125250.0,,3716730.0,53.43
2025-11-26,-421218.0,512353.0,,5127393.0,53.34
2025-11-27,467986.0,374015.0,,3654092.0,53.39
2025-11-28,-1048265.0,291765.0,,2680138.0,53.21
2025-12-01,674065.0,-7810.0,,3134704.0,53.3
2025-12-02,515850.0,182986.0,,2686580.0,53.39
2025-12-03,-420573.0,101001.0,,2586619.0,53.3
2025-12-04,-759269.0,-155081.0,,2858305.0,53.18
2025-12-05,-181794.0,182172.0,,3204933.0,53.14
2025-12-08,498883.0,202215.0,,4288433.0,53.23
2025-12-09,55984.0,-55717.0,,2391174.0,53.24
2025-12-10,1237720.0,18361.0,,3986083.0,53.41
2025-12-11,-278822.0,-185201.0,,4021907.0,53.38
2025-12-12,-25210.0,252823.0,,2646148.0,53.38
2025-12-15,119433.0,-395426.0,,2482125.0,53.41
2025-12-16,-707508.0,-151894.0,,3287998.0,53.32
2025-12-17,40342.0,41873.0,,2692626.0,53.34
2025-12-18,279018.0,192569.0,,2959059.0,53.37
2025-12-19,-438972.0,612047.0,,3440005.0,53.33
2025-12-22,691783.0,884279.0,,2878464.0,53.42
2025-12-23,163282.0,296850.0,,2011188.0,53.44
2025-12-24,718233.0,166819.0,,2160697.0,53.54
2025-12-26,1284236.0,319114.0,,4243548.0,53.74
2025-12-29,264373.0,-168100.0,,4176151.0,53.82
2025-12-30,-127503.0,-132754.0,,4094603.0,53.83
2026-01-02,-128416.0,-47198.0,,4181895.0,53.81
2026-01-05,59550.0,-12065.0,,4337511.0,53.82
2026-01-06,321880.0,-81499.0,,4830275.0,53.88
2026-01-07,724258.0,-95419.0,,5693115.0,53.98
2026-01-08,227086.0,-193392.0,,6496379.0,53.97
2026-01-09,-958615.0,186313.0,,4343703.0,53.8
2026-01-12,92763.0,-14095.0,,3329793.0,53.79
2026-01-13,-814130.0,27927.0,,3771944.0,53.64
2026-01-14,-271435.0,232958.0,,4885051.0,53.58
2026-01-15,-247456.0,405498.0,,3003414.0,53.54
2026-01-16,-145995.0,278399.0,,3712326.0,53.5
2026-01-19,85587.0,262924.0,,3392008.0,53.5
2026-01-20,-8458.0,-246648.0,,2762369.0,53.46
2026-01-21,-53204.0,-3715.0,,5108442.0,53.55
2026-01-22,117136.0,261378.0,,3545309.0,53.56
2026-01-23,98128.0,271183.0,,3508272.0,53.56
2026-01-26,-405535.0,-448974.0,,3133330.0,53.51
2026-01-27,582225.0,438568.0,,5660198.0,53.6
2026-01-28,-87208.0,-127144.0,,6708497.0,53.56
2026-01-29,-862459.0,36691.0,,6837983.0,53.43
2026-01-30,-499472.0,-28240.0,,7875195.0,53.47
2026-02-02,-1674898.0,-546425.0,,7634191.0,53.21
2026-02-03,-486432.0,931481.0,,5272538.0,53.14
2026-02-04,-920115.0,250498.0,,3800763.0,53.01
2026-02-05,-1611758.0,-635664.0,,5473720.0,52.77
2026-02-06,-1176821.0,416711.0,,5581574.0,52.61
2026-02-09,-162083.0,745055.0,,4228584.0,52.86
2026-02-10,75362.0,75856.0,,3441377.0,52.87
2026-02-11,-426872.0,-10656.0,,3125590.0,52.83
2026-02-12,652529.0,347583.0,,4619344.0,53.12
2026-02-13,49172.0,10458.0,,3534047.0,53.13
2026-02-19,-75285.0,284074.0,,3285109.0,53.13
2026-02-20,745826.0,72921.0,,5054333.0,53.47
2026-02-23,32226.0,-260214.0,,3523887.0,54.6
2026-02-24,319989.0,663222.0,,4102382.0,54.64
2026-02-25,-358288.0,36642.0,,3462525.0,54.48
2026-02-26,-815306.0,464747.0,,4461976.0,54.36
2026-02-27,-2348958.0,96220.0,,6453062.0,54.02
2026-03-03,-1202788.0,-347059.0,,6818327.0,53.87
2026-03-04,-580742.0,517751.0,,9253420.0,53.79
2026-03-05,315315.0,-221031.0,,6442459.0,53.84
2026-03-06,-547435.0,-202897.0,,3744322.0,53.76
2026-03-09,-1442096.0,-350981.0,,7253621.0,53.54
2026-03-10,762536.0,582050.0,,5304897.0,53.69
2026-03-11,115049.0,170469.0,,3916098.0,53.7
2026-03-12,-559182.0,-365894.0,,3711742.0,53.59
2026-03-13,-202144.0,-326533.0,,3645102.0,53.51
2026-03-16,322958.0,251272.0,,3829496.0,53.57
2026-03-17,-220048.0,-4283.0,,3326240.0,53.51
2026-03-18,578786.0,866363.0,,4347884.0,53.63
2026-03-19,-456883.0,-149745.0,,3347483.0,53.55
2026-03-20,-718351.0,88036.0,,3426646.0,53.45
2026-03-23,-180478.0,-1282055.0,,3911813.0,53.43
2026-03-24,-294231.0,526567.0,,4352152.0,53.41
2026-03-25,-396644.0,725005.0,,4463869.0,53.35
2026-03-26,-829562.0,-370324.0,,4660620.0,53.21
2026-03-27,-1265949.0,243427.0,,4520942.0,53.05
2026-03-30,-1049785.0,162614.0,,4498502.0,52.88
2026-03-31,-1112011.0,155244.0,,7194351.0,52.69
2026-04-01,-455717.0,1021745.0,,6255058.0,52.62
2026-04-02,-83559.0,-607061.0,,6127534.0,52.57
2026-04-03,412740.0,67109.0,,2927164.0,52.62
2026-04-06,-26152.0,258981.0,,3100989.0,52.61
2026-04-07,582600.0,-139047.0,,3619929.0,52.71
2026-04-08,1206748.0,773525.0,,6709356.0,52.9
2026-04-09,-847729.0,493126.0,,5026817.0,52.79
2026-04-10,811131.0,-287512.0,,3134921.0,52.91
2026-04-13,442600.0,18357.0,,2769753.0,52.98
2026-04-14,773177.0,333618.0,,4754545.0,53.08
2026-04-15,-269551.0,-184890.0,,4093703.0,53.04
2026-04-16,-404139.0,128696.0,,2901319.0,52.97
2026-04-17,-581803.0,-330268.0,,3578235.0,52.87
2026-04-20,525288.0,105359.0,,3748014.0,52.96
2026-04-21,93524.0,134454.0,,3516960.0,53.06
2026-04-22,-273549.0,-164240.0,,2894919.0,53.05
2026-04-23,-123488.0,-129744.0,,5343871.0,53.12
2026-04-24,-675246.0,99414.0,,3127857.0,53.01
2026-04-27,708461.0,388647.0,,4563073.0,53.1
2026-04-28,-310904.0,-13291.0,,3002713.0,53.04
2026-04-29,-419452.0,-14950.0,,3001208.0,52.92
2026-04-30,-19831.0,74538.0,,3342342.0,53.0
2026-05-04,1229124.0,707441.0,,5776641.0,53.22
2026-05-06,117563.0,-127899.0,,6631934.0,53.23
2026-05-07,-1567838.0,292253.0,,5860618.0,53.01
2026-05-08,-1074329.0,181374.0,,4278087.0,52.87
2026-05-11,-454579.0,26698.0,,7433039.0,52.78
2026-05-12,-1634593.0,-495350.0,,9160593.0,52.51
2026-05-13,-917859.0,465314.0,,7126921.0,52.37
2026-05-14,-815209.0,-216196.0,,6040068.0,52.36
2026-05-15,-1391973.0,-497490.0,,7485233.0,52.14
2026-05-18,-559756.0,267189.0,,6481608.0,52.06
2026-05-19,-1128221.0,-122347.0,,4575855.0,51.87
2026-05-20,-704213.0,240569.0,,5535123.0,51.76
2026-05-21,-419491.0,738512.0,,5096690.0,51.66
2026-05-22,-158042.0,152990.0,,3135190.0,51.61
2026-05-26,-108495.0,386967.0,,4903591.0,51.62
2026-05-27,-18203.0,529897.0,,7545783.0,51.65
2026-05-28,-784789.0,22893.0,,6229499.0,51.5
2026-05-29,-437330.0,-42513.0,,8518013.0,51.44
2026-06-01,-729059.0,859988.0,,5602897.0,51.34
2026-06-02,-416517.0,90158.0,,5837216.0,51.3
2026-06-04,-316443.0,114049.0,,3941067.0,51.27
2026-06-05,-606860.0,-411774.0,,5778751.0,51.16
2026-06-08,-154732.0,-86029.0,,6610833.0,51.15
2026-06-09,-626165.0,854714.0,,5878039.0,51.09
2026-06-10,-273910.0,-702023.0,,4928269.0,51.05
2026-06-11,260726.0,-513455.0,,6625775.0,51.1
2026-06-12,573440.0,-270178.0,,5286416.0,51.19
2026-06-15,180233.0,165238.0,,3872910.0,51.23
2026-06-16,351894.0,238957.0,,3644469.0,51.29
2026-06-17,74908.0,341331.0,,3980010.0,51.3
2026-06-18,25375.0,38559.0,,5808765.0,51.31
2026-06-19,-317848.0,259188.0,,7478195.0,51.25
2026-06-22,-502831.0,419974.0,,5179795.0,51.15
2026-06-23,-937255.0,-925092.0,,8050335.0,50.99
2026-06-24,-1407204.0,343532.0,,7487916.0,50.78
2026-06-25,-113276.0,865177.0,,6790853.0,50.77
2026-06-26,-847969.0,-1065176.0,,7467492.0,50.63
2026-06-29,-1268744.0,276941.0,,5217788.0,50.44
2026-06-30,-602006.0,284306.0,,5109213.0,50.36
2026-07-01,-3130.0,-308954.0,,4277276.0,50.4
2026-07-02,-687600.0,-1372901.0,,7685914.0,50.28
2026-07-03,-745377.0,1071876.0,,7984914.0,50.17
2026-07-06,-27696.0,-584423.0,,4235360.0,50.17
2026-07-07,-542009.0,-23811.0,,6351195.0,50.06
2026-07-08,88312.0,-285353.0,,6975631.0,50.05
2026-07-09,-209485.0,404365.0,,6261504.0,50.01
2026-07-10,-768843.0,204193.0,,4827239.0,49.87
2026-07-13,-704671.0,-781727.0,,8040043.0,49.77
2026-07-14,664541.0,697670.0,,10447011.0,49.88
2026-07-15,331145.0,265930.0,,6046951.0,52.44
2026-07-16,-469637.0,-628785.0,,5608812.0,52.37
2026-07-20,331597.0,-527040.0,,5876444.0,52.4
2026-07-21,-237417.0,366154.0,,4639208.0,52.39
2026-07-22,640418.0,-564978.0,,4802637.0,52.5
2026-07-23,689697.0,-148136.0,,4119477.0,52.6
2026-07-24,-976779.0,-483881.0,,4935624.0,52.44
2026-07-27,-615917.0,231139.0,,4030933.0,52.39
2026-07-28,-1826337.0,388673.0,,8120587.0,52.11
2026-07-29,-921877.0,791370.0,,12428883.0,50.77
2026-07-30,444498.0,-80151.0,,9543189.0,50.86
2026-07-31,2205767.0,277183.0,,10499619.0,51.22
2026-08-03,-1107357.0,-288012.0,,5432833.0,51.04
2026-08-04,-418552.0,18945.0,,5391210.0,50.95
2026-08-05,389804.0,-28260.0,,3945674.0,51.03
2026-08-06,-1101883.0,-275040.0,,5498295.0,50.84
2026-08-07,-56357.0,32908.0,,5002539.0,50.81
2026-08-10,-286575.0,68099.0,,3295283.0,50.77
2026-08-11,-210592.0,68354.0,,3817655.0,50.74
2026-08-12,559854.0,193626.0,,4566672.0,50.83
2026-08-13,649842.0,159109.0,,4680347.0,50.96
2026-08-14,747508.0,-334859.0,,4520990.0,51.07
2026-08-18,441470.0,-73791.0,,5139000.0,51.16
2026-08-19,-1199222.0,-311406.0,,4223067.0,50.99
2026-08-20,312973.0,-13214.0,,5452970.0,51.05
2026-08-21,6014.0,66258.0,,4274294.0,51.05
2026-08-24,-913265.0,-173328.0,,3994599.0,50.92
2026-08-25,-1234309.0,197025.0,,4029660.0,50.72
2026-08-26,-227762.0,2290.0,,2923810.0,50.65
2026-08-27,-159385.0,-140329.0,,3264042.0,50.63
2026-08-28,-190235.0,-796000.0,,3531892.0,50.57
2026-08-31,-211935.0,-314294.0,,3980661.0,50.56
2026-09-01,91835.0,-142669.0,,2727724.0,50.57
2026-09-02,-651507.0,-295219.0,,2568478.0,50.47
2026-09-03,-234626.0,-187288.0,,2632758.0,50.45
2026-09-04,308833.0,96776.0,,2827892.0,50.5
2026-09-07,772036.0,365719.0,,3480094.0,50.63
2026-09-08,97545.0,-14560.0,,4164618.0,50.66
2026-09-09,41716.0,74984.0,,3526484.0,50.67
2026-09-10,-956724.0,287228.0,,4375585.0,50.54
