date,value
2000-12-18,0.41000000000000014
2000-12-19,0.4500000000000002
2000-12-20,0.4500000000000002
2000-12-21,0.4900000000000002
2000-12-22,0.4900000000000002
2000-12-26,0.5
2000-12-27,0.4900000000000002
2000-12-28,0.5199999999999996
2000-12-29,0.5099999999999998
2001-01-02,0.5099999999999998
2001-01-03,0.5100000000000007
2001-01-04,0.47999999999999954
2001-01-05,0.4899999999999993
2001-01-08,0.5
2001-01-09,0.54
2001-01-10,0.5500000000000007
2001-01-11,0.6200000000000001
2001-01-12,0.5999999999999996
2001-01-15,0.6200000000000001
2001-01-16,0.7399999999999993
2001-01-17,0.8499999999999996
2001-01-18,0.7300000000000004
2001-01-19,0.7700000000000005
2001-01-22,0.7700000000000005
2001-01-26,0.7800000000000002
2001-01-29,0.7999999999999998
2001-01-30,0.8199999999999994
2001-01-31,0.8600000000000003
2001-02-01,0.9100000000000001
2001-02-02,1.0
2001-02-05,1.08
2001-02-06,1.1399999999999997
2001-02-07,1.0899999999999999
2001-02-08,1.0199999999999996
2001-02-09,0.9500000000000002
2001-02-12,0.9299999999999997
2001-02-13,0.9200000000000008
2001-02-14,0.8399999999999999
2001-02-15,0.8700000000000001
2001-02-16,0.7799999999999994
2001-02-19,0.8499999999999996
2001-02-20,0.8300000000000001
2001-02-21,0.9000000000000004
2001-02-22,1.0899999999999999
2001-02-23,1.08
2001-02-26,1.12
2001-02-27,1.1499999999999995
2001-02-28,1.0600000000000005
2001-03-02,1.0
2001-03-05,1.0
2001-03-06,0.9299999999999997
2001-03-07,0.9699999999999998
2001-03-08,0.9100000000000001
2001-03-09,1.04
2001-03-12,1.0300000000000002
2001-03-13,1.0300000000000002
2001-03-14,1.1399999999999997
2001-03-15,1.1799999999999997
2001-03-16,1.2299999999999995
2001-03-19,1.2600000000000007
2001-03-20,1.2800000000000002
2001-03-21,1.3399999999999999
2001-03-22,1.3000000000000007
2001-03-23,1.33
2001-03-26,1.33
2001-03-27,1.2999999999999998
2001-03-28,1.2700000000000005
2001-03-29,1.2000000000000002
2001-03-30,1.2000000000000002
2001-04-02,1.0999999999999996
2001-04-03,1.1600000000000001
2001-04-04,1.12
2001-04-06,1.1799999999999997
2001-04-09,1.2199999999999998
2001-04-10,1.2299999999999995
2001-04-11,1.2299999999999995
2001-04-12,1.25
2001-04-13,1.2199999999999998
2001-04-16,1.2199999999999998
2001-04-17,1.2299999999999995
2001-04-18,1.1900000000000004
2001-04-19,1.1799999999999997
2001-04-20,1.1000000000000005
2001-04-23,1.1000000000000005
2001-04-24,1.1100000000000003
2001-04-25,1.0999999999999996
2001-04-26,1.0200000000000005
2001-04-27,1.0500000000000007
2001-04-30,1.0499999999999998
2001-05-02,1.0699999999999994
2001-05-03,1.0999999999999996
2001-05-04,1.13
2001-05-07,1.1399999999999997
2001-05-08,1.1600000000000001
2001-05-09,1.1500000000000004
2001-05-10,1.1400000000000006
2001-05-11,1.1499999999999995
2001-05-14,1.1100000000000003
2001-05-15,1.0699999999999994
2001-05-16,1.12
2001-05-17,1.1099999999999994
2001-05-18,1.1100000000000003
2001-05-21,1.0999999999999996
2001-05-22,1.0899999999999999
2001-05-23,1.0699999999999994
2001-05-24,1.1099999999999994
2001-05-25,1.0899999999999999
2001-05-28,1.1400000000000006
2001-05-29,1.08
2001-05-30,1.13
2001-05-31,1.12
2001-06-01,1.13
2001-06-04,1.1499999999999995
2001-06-05,1.1099999999999994
2001-06-07,1.1099999999999994
2001-06-08,1.1500000000000004
2001-06-11,1.1600000000000001
2001-06-12,1.1500000000000004
2001-06-13,1.1600000000000001
2001-06-14,1.17
2001-06-15,1.1800000000000006
2001-06-18,1.25
2001-06-19,1.2400000000000002
2001-06-20,1.1600000000000001
2001-06-21,1.0899999999999999
2001-06-22,1.08
2001-06-25,1.0499999999999998
2001-06-26,1.0200000000000005
2001-06-27,0.9699999999999998
2001-06-28,0.8999999999999995
2001-06-29,0.8500000000000005
2001-07-02,0.8799999999999999
2001-07-03,0.8799999999999999
2001-07-04,0.8999999999999995
2001-07-05,0.8999999999999995
2001-07-06,0.9500000000000002
2001-07-09,0.96
2001-07-10,0.96
2001-07-11,1.0499999999999998
2001-07-12,1.0899999999999999
2001-07-13,1.08
2001-07-16,1.0999999999999996
2001-07-18,1.1799999999999997
2001-07-19,1.1999999999999993
2001-07-20,1.21
2001-07-23,1.1899999999999995
2001-07-24,1.2000000000000002
2001-07-25,1.17
2001-07-26,1.1600000000000001
2001-07-27,1.1600000000000001
2001-07-30,1.1500000000000004
2001-07-31,1.2000000000000002
2001-08-01,1.2299999999999995
2001-08-02,1.2400000000000002
2001-08-03,1.2599999999999998
2001-08-06,1.2800000000000002
2001-08-07,1.3099999999999996
2001-08-08,1.3200000000000003
2001-08-09,1.3100000000000005
2001-08-10,1.3100000000000005
2001-08-13,1.2300000000000004
2001-08-14,1.12
2001-08-16,1.1100000000000003
2001-08-17,1.12
2001-08-20,0.9300000000000006
2001-08-21,0.9399999999999995
2001-08-22,0.9699999999999998
2001-08-23,0.9500000000000002
2001-08-24,0.9799999999999995
2001-08-27,1.0099999999999998
2001-08-28,1.04
2001-08-29,1.0600000000000005
2001-08-30,1.0500000000000007
2001-08-31,1.0899999999999999
2001-09-03,1.1100000000000003
2001-09-04,1.1000000000000005
2001-09-05,1.0899999999999999
2001-09-06,1.0899999999999999
2001-09-07,1.08
2001-09-10,1.1399999999999997
2001-09-11,1.1600000000000001
2001-09-12,1.13
2001-09-13,1.13
2001-09-14,1.1600000000000001
2001-09-17,1.37
2001-09-18,1.3999999999999995
2001-09-19,1.4900000000000002
2001-09-20,1.5
2001-09-21,1.5
2001-09-24,1.54
2001-09-25,1.5300000000000002
2001-09-26,1.5299999999999994
2001-09-27,1.5299999999999994
2001-09-28,1.58
2001-10-04,1.6799999999999997
2001-10-05,1.6900000000000004
2001-10-08,1.75
2001-10-09,1.7700000000000005
2001-10-10,1.7599999999999998
2001-10-11,1.71
2001-10-12,1.7800000000000002
2001-10-15,1.79
2001-10-16,1.83
2001-10-17,1.79
2001-10-18,1.8099999999999996
2001-10-19,1.7999999999999998
2001-10-22,1.8399999999999999
2001-10-23,1.8600000000000003
2001-10-24,1.8399999999999999
2001-10-25,1.8599999999999994
2001-10-26,1.8699999999999992
2001-10-29,1.8699999999999992
2001-10-30,1.8199999999999994
2001-10-31,1.8699999999999992
2001-11-01,1.9100000000000001
2001-11-02,1.9400000000000004
2001-11-05,1.87
2001-11-06,1.8200000000000003
2001-11-07,1.7699999999999996
2001-11-08,1.7599999999999998
2001-11-09,1.7299999999999995
2001-11-12,1.6999999999999993
2001-11-13,1.6899999999999995
2001-11-14,1.58
2001-11-15,1.4799999999999995
2001-11-16,1.42
2001-11-19,1.4900000000000002
2001-11-20,1.46
2001-11-21,1.4100000000000001
2001-11-22,1.29
2001-11-23,1.3099999999999996
2001-11-26,1.21
2001-11-27,1.1600000000000001
2001-11-28,1.2199999999999998
2001-11-29,1.2000000000000002
2001-11-30,1.2000000000000002
2001-12-03,1.1999999999999993
2001-12-04,1.1500000000000004
2001-12-05,1.1000000000000005
2001-12-06,1.0200000000000005
2001-12-07,1.0
2001-12-10,1.0
2001-12-11,0.9900000000000002
2001-12-12,0.9699999999999998
2001-12-13,0.9799999999999995
2001-12-14,1.0499999999999998
2001-12-17,1.0900000000000007
2001-12-18,1.12
2001-12-19,1.1100000000000003
2001-12-20,1.1100000000000003
2001-12-21,1.12
2001-12-24,1.12
2001-12-26,1.1400000000000006
2001-12-27,1.1400000000000006
2001-12-28,1.1099999999999994
2001-12-31,1.1099999999999994
2002-01-02,0.9799999999999995
2002-01-03,0.9500000000000002
2002-01-04,0.9199999999999999
2002-01-07,0.9099999999999993
2002-01-08,0.8700000000000001
2002-01-09,0.9399999999999995
2002-01-10,0.9500000000000002
2002-01-11,1.0300000000000002
2002-01-14,1.0100000000000007
2002-01-15,1.0200000000000005
2002-01-16,1.0499999999999998
2002-01-17,1.08
2002-01-18,1.08
2002-01-21,1.13
2002-01-22,1.1100000000000003
2002-01-23,1.08
2002-01-24,1.04
2002-01-25,1.04
2002-01-28,0.9900000000000002
2002-01-29,1.0099999999999998
2002-01-30,1.0700000000000003
2002-01-31,1.08
2002-02-01,1.13
2002-02-04,1.13
2002-02-05,1.13
2002-02-06,1.0999999999999996
2002-02-07,1.1500000000000004
2002-02-08,1.1199999999999992
2002-02-14,1.0499999999999998
2002-02-15,1.0499999999999998
2002-02-18,1.0700000000000003
2002-02-19,1.0499999999999998
2002-02-20,1.04
2002-02-21,1.0300000000000002
2002-02-22,1.0300000000000002
2002-02-25,1.04
2002-02-26,1.0600000000000005
2002-02-27,1.0600000000000005
2002-02-28,1.0999999999999996
2002-03-04,1.0
2002-03-05,0.9700000000000006
2002-03-06,0.9100000000000001
2002-03-07,0.9100000000000001
2002-03-08,0.8699999999999992
2002-03-11,0.8600000000000003
2002-03-12,0.8499999999999996
2002-03-13,0.8000000000000007
2002-03-14,0.79
2002-03-15,0.8099999999999996
2002-03-18,0.9099999999999993
2002-03-19,0.8200000000000003
2002-03-20,0.8699999999999992
2002-03-21,0.8599999999999994
2002-03-22,0.8600000000000003
2002-03-25,0.8599999999999994
2002-03-26,0.8499999999999996
2002-03-27,0.8499999999999996
2002-03-28,0.8899999999999997
2002-03-29,0.8600000000000003
2002-04-01,0.8399999999999999
2002-04-02,0.8099999999999996
2002-04-03,0.8499999999999996
2002-04-04,0.8300000000000001
2002-04-08,0.8200000000000003
2002-04-09,0.7800000000000002
2002-04-10,0.8100000000000005
2002-04-11,0.8099999999999996
2002-04-12,0.8199999999999994
2002-04-15,0.8300000000000001
2002-04-16,0.7999999999999998
2002-04-17,0.7999999999999998
2002-04-18,0.7999999999999998
2002-04-19,0.8100000000000005
2002-04-22,0.7999999999999998
2002-04-23,0.8100000000000005
2002-04-24,0.8299999999999992
2002-04-25,0.8699999999999992
2002-04-26,0.8799999999999999
2002-04-29,0.8899999999999997
2002-04-30,0.8899999999999997
2002-05-02,0.8900000000000006
2002-05-03,0.8999999999999995
2002-05-06,0.9000000000000004
2002-05-07,0.8799999999999999
2002-05-08,0.8100000000000005
2002-05-09,0.7999999999999998
2002-05-10,0.8399999999999999
2002-05-13,0.8399999999999999
2002-05-14,0.8399999999999999
2002-05-15,0.7699999999999996
2002-05-16,0.7700000000000005
2002-05-17,0.7599999999999998
2002-05-20,0.7599999999999998
2002-05-21,0.7799999999999994
2002-05-22,0.75
2002-05-23,0.7400000000000002
2002-05-24,0.7400000000000002
2002-05-27,0.7400000000000002
2002-05-28,0.7299999999999995
2002-05-29,0.7399999999999993
2002-05-30,0.7799999999999994
2002-05-31,0.7800000000000002
2002-06-03,0.7800000000000002
2002-06-04,0.7999999999999998
2002-06-05,0.79
2002-06-07,0.8100000000000005
2002-06-10,0.8100000000000005
2002-06-11,0.7999999999999998
2002-06-12,0.7999999999999998
2002-06-14,0.8099999999999996
2002-06-17,0.8199999999999994
2002-06-18,0.8300000000000001
2002-06-19,0.8500000000000005
2002-06-20,0.8500000000000005
2002-06-21,0.8599999999999994
2002-06-24,0.8700000000000001
2002-06-25,0.8899999999999997
2002-06-26,0.9400000000000004
2002-06-27,0.8899999999999997
2002-06-28,0.8499999999999996
2002-07-02,0.8499999999999996
2002-07-03,0.8200000000000003
2002-07-04,0.79
2002-07-05,0.7699999999999996
2002-07-08,0.7799999999999994
2002-07-09,0.75
2002-07-10,0.7599999999999998
2002-07-11,0.7999999999999998
2002-07-12,0.7800000000000002
2002-07-15,0.7999999999999998
2002-07-16,0.8200000000000003
2002-07-18,0.8200000000000003
2002-07-19,0.8799999999999999
2002-07-22,0.9299999999999997
2002-07-23,0.8600000000000003
2002-07-24,0.9000000000000004
2002-07-25,0.9100000000000001
2002-07-26,0.9199999999999999
2002-07-29,0.9199999999999999
2002-07-30,0.8999999999999995
2002-07-31,0.9100000000000001
2002-08-01,0.9199999999999999
2002-08-02,0.9300000000000006
2002-08-05,0.9000000000000004
2002-08-06,0.8899999999999997
2002-08-07,0.8900000000000006
2002-08-08,0.8999999999999995
2002-08-09,0.9100000000000001
2002-08-12,0.9100000000000001
2002-08-13,0.9100000000000001
2002-08-14,0.8999999999999995
2002-08-16,0.8900000000000006
2002-08-19,0.8700000000000001
2002-08-20,0.8300000000000001
2002-08-21,0.8200000000000003
2002-08-22,0.8099999999999996
2002-08-23,0.7999999999999998
2002-08-26,0.7799999999999994
2002-08-27,0.8100000000000005
2002-08-28,0.8000000000000007
2002-08-29,0.8099999999999996
2002-08-30,0.8099999999999996
2002-09-02,0.7800000000000002
2002-09-03,0.7699999999999996
2002-09-04,0.7800000000000002
2002-09-05,0.7800000000000002
2002-09-06,0.7999999999999998
2002-09-09,0.79
2002-09-10,0.79
2002-09-11,0.7800000000000002
2002-09-12,0.79
2002-09-13,0.8300000000000001
2002-09-16,0.8200000000000003
2002-09-17,0.7700000000000005
2002-09-18,0.7999999999999998
2002-09-19,0.7999999999999998
2002-09-23,0.8099999999999996
2002-09-24,0.8000000000000007
2002-09-25,0.79
2002-09-26,0.8099999999999996
2002-09-27,0.7999999999999998
2002-09-30,0.7999999999999998
2002-10-01,0.8000000000000007
2002-10-02,0.7700000000000005
2002-10-04,0.7599999999999998
2002-10-07,0.7599999999999998
2002-10-08,0.75
2002-10-09,0.7700000000000005
2002-10-10,0.7699999999999996
2002-10-11,0.7699999999999996
2002-10-14,0.7599999999999998
2002-10-15,0.75
2002-10-16,0.7399999999999993
2002-10-17,0.6900000000000004
2002-10-18,0.6899999999999995
2002-10-21,0.7000000000000002
2002-10-22,0.7000000000000002
2002-10-23,0.6900000000000004
2002-10-24,0.7000000000000002
2002-10-25,0.71
2002-10-28,0.6600000000000001
2002-10-29,0.6600000000000001
2002-10-30,0.6600000000000001
2002-10-31,0.6500000000000004
2002-11-01,0.6500000000000004
2002-11-04,0.6400000000000006
2002-11-05,0.6400000000000006
2002-11-06,0.6400000000000006
2002-11-07,0.6299999999999999
2002-11-08,0.6099999999999994
2002-11-11,0.6099999999999994
2002-11-12,0.5800000000000001
2002-11-13,0.5499999999999998
2002-11-14,0.5100000000000007
2002-11-15,0.47000000000000064
2002-11-18,0.4299999999999997
2002-11-19,0.41000000000000014
2002-11-20,0.41000000000000014
2002-11-21,0.40000000000000036
2002-11-22,0.40000000000000036
2002-11-25,0.41999999999999993
2002-11-26,0.41999999999999993
2002-11-27,0.41999999999999993
2002-11-28,0.4399999999999995
2002-11-29,0.4500000000000002
2002-12-02,0.4800000000000004
2002-12-03,0.47999999999999954
2002-12-04,0.47999999999999954
2002-12-05,0.47000000000000064
2002-12-06,0.47000000000000064
2002-12-09,0.46999999999999975
2002-12-10,0.46999999999999975
2002-12-11,0.47000000000000064
2002-12-12,0.4800000000000004
2002-12-13,0.4900000000000002
2002-12-16,0.4900000000000002
2002-12-17,0.4899999999999993
2002-12-18,0.4900000000000002
2002-12-20,0.47999999999999954
2002-12-23,0.47999999999999954
2002-12-24,0.47999999999999954
2002-12-26,0.5
2002-12-27,0.5
2002-12-30,0.5
2002-12-31,0.5
2003-01-02,0.5
2003-01-03,0.5
2003-01-06,0.4900000000000002
2003-01-07,0.5
2003-01-08,0.45999999999999996
2003-01-09,0.45999999999999996
2003-01-10,0.45999999999999996
2003-01-13,0.4500000000000002
2003-01-14,0.4500000000000002
2003-01-15,0.4499999999999993
2003-01-16,0.45999999999999996
2003-01-17,0.45999999999999996
2003-01-20,0.45999999999999996
2003-01-21,0.47000000000000064
2003-01-22,0.4800000000000004
2003-01-23,0.46999999999999975
2003-01-24,0.47999999999999954
2003-01-27,0.4900000000000002
2003-01-28,0.4400000000000004
2003-01-29,0.41999999999999993
2003-01-30,0.4200000000000008
2003-02-03,0.41000000000000014
2003-02-04,0.41000000000000014
2003-02-05,0.41000000000000014
2003-02-06,0.39999999999999947
2003-02-07,0.41000000000000014
2003-02-10,0.41000000000000014
2003-02-11,0.40000000000000036
2003-02-12,0.39000000000000057
2003-02-13,0.41000000000000014
2003-02-14,0.4200000000000008
2003-02-17,0.40999999999999925
2003-02-18,0.41000000000000014
2003-02-19,0.41000000000000014
2003-02-20,0.41000000000000014
2003-02-21,0.40999999999999925
2003-02-24,0.4299999999999997
2003-02-25,0.4399999999999995
2003-02-26,0.4500000000000002
2003-02-27,0.46999999999999975
2003-02-28,0.47000000000000064
2003-03-03,0.45999999999999996
2003-03-04,0.45999999999999996
2003-03-05,0.45999999999999996
2003-03-06,0.45999999999999996
2003-03-07,0.45999999999999996
2003-03-10,0.4499999999999993
2003-03-11,0.45999999999999996
2003-03-12,0.3899999999999997
2003-03-13,0.3899999999999997
2003-03-14,0.41999999999999993
2003-03-17,0.4400000000000004
2003-03-18,0.4299999999999997
2003-03-19,0.3899999999999997
2003-03-20,0.3899999999999997
2003-03-21,0.3799999999999999
2003-03-24,0.33999999999999986
2003-03-25,0.35000000000000053
2003-03-26,0.3699999999999992
2003-03-27,0.3899999999999997
2003-03-28,0.3799999999999999
2003-03-31,0.41999999999999993
2003-04-01,0.4299999999999997
2003-04-02,0.4299999999999997
2003-04-03,0.4400000000000004
2003-04-04,0.4299999999999997
2003-04-07,0.4299999999999997
2003-04-08,0.4399999999999995
2003-04-09,0.4300000000000006
2003-04-10,0.4299999999999997
2003-04-11,0.4399999999999995
2003-04-14,0.4500000000000002
2003-04-15,0.4500000000000002
2003-04-16,0.4500000000000002
2003-04-17,0.4500000000000002
2003-04-18,0.4299999999999997
2003-04-21,0.41999999999999993
2003-04-22,0.4299999999999997
2003-04-23,0.4399999999999995
2003-04-24,0.4399999999999995
2003-04-25,0.4300000000000006
2003-04-28,0.4300000000000006
2003-04-29,0.4400000000000004
2003-04-30,0.4400000000000004
2003-05-02,0.4399999999999995
2003-05-06,0.4399999999999995
2003-05-07,0.4400000000000004
2003-05-09,0.4500000000000002
2003-05-12,0.4500000000000002
2003-05-13,0.4500000000000002
2003-05-14,0.46999999999999975
2003-05-15,0.47000000000000064
2003-05-16,0.47000000000000064
2003-05-19,0.40999999999999925
2003-05-20,0.3799999999999999
2003-05-21,0.3700000000000001
2003-05-22,0.3600000000000003
2003-05-23,0.3600000000000003
2003-05-26,0.35999999999999943
2003-05-27,0.3700000000000001
2003-05-28,0.34999999999999964
2003-05-29,0.3799999999999999
2003-05-30,0.3700000000000001
2003-06-02,0.3600000000000003
2003-06-03,0.3700000000000001
2003-06-04,0.3700000000000001
2003-06-05,0.3700000000000001
2003-06-09,0.35999999999999943
2003-06-10,0.3600000000000003
2003-06-11,0.34999999999999964
2003-06-12,0.34000000000000075
2003-06-13,0.3600000000000003
2003-06-16,0.3899999999999997
2003-06-17,0.3900000000000001
2003-06-18,0.39999999999999947
2003-06-19,0.41000000000000014
2003-06-20,0.41000000000000014
2003-06-23,0.39999999999999947
2003-06-24,0.4400000000000004
2003-06-25,0.4400000000000004
2003-06-26,0.4399999999999995
2003-06-27,0.4500000000000002
2003-06-30,0.4500000000000002
2003-07-01,0.45999999999999996
2003-07-02,0.45999999999999996
2003-07-03,0.46999999999999975
2003-07-04,0.4500000000000002
2003-07-07,0.45999999999999996
2003-07-08,0.4500000000000002
2003-07-09,0.45999999999999996
2003-07-10,0.5299999999999994
2003-07-11,0.5800000000000001
2003-07-14,0.6700000000000008
2003-07-15,0.6799999999999997
2003-07-16,0.6499999999999995
2003-07-18,0.6600000000000001
2003-07-21,0.6799999999999997
2003-07-22,0.6900000000000004
2003-07-23,0.7000000000000002
2003-07-24,0.6699999999999999
2003-07-25,0.6699999999999999
2003-07-28,0.6200000000000001
2003-07-29,0.5600000000000005
2003-07-30,0.6200000000000001
2003-07-31,0.6600000000000001
2003-08-01,0.6399999999999997
2003-08-04,0.6699999999999999
2003-08-05,0.6600000000000001
2003-08-06,0.6599999999999993
2003-08-07,0.6499999999999995
2003-08-08,0.5899999999999999
2003-08-11,0.5899999999999999
2003-08-12,0.5600000000000005
2003-08-13,0.5800000000000001
2003-08-14,0.5800000000000001
2003-08-18,0.6699999999999999
2003-08-19,0.6799999999999997
2003-08-20,0.6900000000000004
2003-08-21,0.6900000000000004
2003-08-22,0.6800000000000006
2003-08-25,0.6699999999999999
2003-08-26,0.6600000000000001
2003-08-27,0.6499999999999995
2003-08-28,0.6500000000000004
2003-08-29,0.5899999999999999
2003-09-01,0.6100000000000003
2003-09-02,0.6000000000000005
2003-09-03,0.5899999999999999
2003-09-04,0.4899999999999993
2003-09-05,0.4900000000000002
2003-09-08,0.4900000000000002
2003-09-09,0.4900000000000002
2003-09-15,0.5300000000000002
2003-09-16,0.54
2003-09-17,0.5499999999999998
2003-09-18,0.5499999999999998
2003-09-19,0.5199999999999996
2003-09-22,0.5
2003-09-23,0.46999999999999975
2003-09-24,0.47999999999999954
2003-09-25,0.4900000000000002
2003-09-26,0.5100000000000007
2003-09-29,0.5499999999999998
2003-09-30,0.5499999999999998
2003-10-01,0.5499999999999998
2003-10-02,0.56
2003-10-06,0.5600000000000005
2003-10-07,0.54
2003-10-08,0.5499999999999998
2003-10-09,0.5499999999999998
2003-10-10,0.5700000000000003
2003-10-13,0.5800000000000001
2003-10-14,0.5800000000000001
2003-10-15,0.5899999999999999
2003-10-16,0.5900000000000007
2003-10-17,0.5800000000000001
2003-10-20,0.5899999999999999
2003-10-21,0.6099999999999994
2003-10-22,0.6100000000000003
2003-10-23,0.6400000000000006
2003-10-24,0.6299999999999999
2003-10-27,0.6299999999999999
2003-10-28,0.6400000000000006
2003-10-29,0.6299999999999999
2003-10-30,0.6000000000000005
2003-10-31,0.6099999999999994
2003-11-03,0.6200000000000001
2003-11-04,0.5999999999999996
2003-11-05,0.5999999999999996
2003-11-06,0.6100000000000003
2003-11-07,0.5900000000000007
2003-11-10,0.5999999999999996
2003-11-11,0.5899999999999999
2003-11-12,0.5600000000000005
2003-11-13,0.5200000000000005
2003-11-14,0.5
2003-11-17,0.5700000000000003
2003-11-18,0.5600000000000005
2003-11-19,0.5800000000000001
2003-11-20,0.54
2003-11-21,0.5800000000000001
2003-11-24,0.5800000000000001
2003-11-25,0.5899999999999999
2003-11-26,0.5899999999999999
2003-11-27,0.5700000000000003
2003-11-28,0.5499999999999998
2003-12-01,0.5099999999999998
2003-12-02,0.5199999999999996
2003-12-03,0.4900000000000002
2003-12-04,0.4900000000000002
2003-12-05,0.5099999999999998
2003-12-08,0.5499999999999998
2003-12-09,0.5499999999999998
2003-12-10,0.5499999999999998
2003-12-11,0.5700000000000003
2003-12-12,0.5600000000000005
2003-12-15,0.54
2003-12-16,0.5899999999999999
2003-12-17,0.5899999999999999
2003-12-18,0.5899999999999999
2003-12-19,0.6000000000000005
2003-12-22,0.5899999999999999
2003-12-23,0.5899999999999999
2003-12-24,0.5900000000000007
2003-12-26,0.5899999999999999
2003-12-29,0.5899999999999999
2003-12-30,0.5600000000000005
2003-12-31,0.5599999999999996
2004-01-02,0.5600000000000005
2004-01-05,0.5499999999999998
2004-01-06,0.5499999999999998
2004-01-07,0.54
2004-01-08,0.5299999999999994
2004-01-09,0.4800000000000004
2004-01-12,0.5
2004-01-13,0.5
2004-01-14,0.5099999999999998
2004-01-15,0.5099999999999998
2004-01-16,0.5
2004-01-19,0.5600000000000005
2004-01-20,0.5499999999999998
2004-01-26,0.5600000000000005
2004-01-27,0.5699999999999994
2004-01-28,0.5700000000000003
2004-01-29,0.5700000000000003
2004-01-30,0.5599999999999996
2004-02-02,0.5499999999999998
2004-02-03,0.5599999999999996
2004-02-04,0.5700000000000003
2004-02-05,0.5699999999999994
2004-02-06,0.54
2004-02-09,0.5500000000000007
2004-02-10,0.5599999999999996
2004-02-11,0.5800000000000001
2004-02-12,0.5899999999999999
2004-02-13,0.5899999999999999
2004-02-16,0.6399999999999997
2004-02-17,0.6499999999999995
2004-02-18,0.6500000000000004
2004-02-19,0.6500000000000004
2004-02-20,0.6500000000000004
2004-02-23,0.6400000000000006
2004-02-24,0.6500000000000004
2004-02-25,0.6499999999999995
2004-02-26,0.6600000000000001
2004-02-27,0.6499999999999995
2004-03-02,0.6399999999999997
2004-03-03,0.6200000000000001
2004-03-04,0.6200000000000001
2004-03-05,0.6200000000000001
2004-03-08,0.6200000000000001
2004-03-09,0.6299999999999999
2004-03-10,0.6299999999999999
2004-03-11,0.6300000000000008
2004-03-12,0.6399999999999997
2004-03-15,0.6600000000000001
2004-03-16,0.6699999999999999
2004-03-17,0.6900000000000004
2004-03-18,0.7100000000000009
2004-03-19,0.7100000000000009
2004-03-22,0.7299999999999995
2004-03-23,0.71
2004-03-24,0.7000000000000002
2004-03-25,0.6900000000000004
2004-03-26,0.71
2004-03-29,0.71
2004-03-30,0.7199999999999998
2004-03-31,0.71
2004-04-01,0.7199999999999998
2004-04-02,0.7199999999999998
2004-04-06,0.6900000000000004
2004-04-07,0.6899999999999995
2004-04-08,0.6900000000000004
2004-04-09,0.7000000000000002
2004-04-12,0.7000000000000002
2004-04-13,0.7000000000000002
2004-04-14,0.6799999999999997
2004-04-16,0.6900000000000004
2004-04-19,0.71
2004-04-20,0.71
2004-04-21,0.71
2004-04-22,0.71
2004-04-23,0.71
2004-04-26,0.71
2004-04-27,0.7200000000000006
2004-04-28,0.7200000000000006
2004-04-29,0.7299999999999995
2004-04-30,0.75
2004-05-03,0.7400000000000002
2004-05-04,0.7400000000000002
2004-05-06,0.7599999999999998
2004-05-07,0.7599999999999998
2004-05-10,0.7700000000000005
2004-05-11,0.7700000000000005
2004-05-12,0.7800000000000002
2004-05-13,0.7800000000000002
2004-05-14,0.7600000000000007
2004-05-17,0.7699999999999996
2004-05-18,0.7699999999999996
2004-05-19,0.7700000000000005
2004-05-20,0.7700000000000005
2004-05-21,0.7700000000000005
2004-05-24,0.7800000000000002
2004-05-25,0.8100000000000005
2004-05-27,0.7999999999999998
2004-05-28,0.7699999999999996
2004-05-31,0.71
2004-06-01,0.7000000000000002
2004-06-02,0.7000000000000002
2004-06-03,0.7000000000000002
2004-06-04,0.6899999999999995
2004-06-07,0.6800000000000006
2004-06-08,0.6799999999999997
2004-06-09,0.7000000000000002
2004-06-10,0.71
2004-06-11,0.71
2004-06-14,0.71
2004-06-15,0.7199999999999998
2004-06-16,0.7299999999999995
2004-06-17,0.7199999999999998
2004-06-18,0.71
2004-06-21,0.8000000000000007
2004-06-22,0.8099999999999996
2004-06-23,0.8100000000000005
2004-06-24,0.7999999999999998
2004-06-25,0.7800000000000002
2004-06-28,0.7799999999999994
2004-06-29,0.7699999999999996
2004-06-30,0.7299999999999995
2004-07-01,0.71
2004-07-02,0.71
2004-07-05,0.6900000000000004
2004-07-06,0.6900000000000004
2004-07-07,0.6899999999999995
2004-07-08,0.6899999999999995
2004-07-09,0.6899999999999995
2004-07-12,0.71
2004-07-13,0.71
2004-07-14,0.7200000000000006
2004-07-15,0.7199999999999998
2004-07-16,0.7199999999999998
2004-07-19,0.7299999999999995
2004-07-20,0.71
2004-07-21,0.71
2004-07-22,0.71
2004-07-23,0.71
2004-07-26,0.6699999999999999
2004-07-27,0.6499999999999995
2004-07-28,0.6400000000000006
2004-07-29,0.6099999999999994
2004-07-30,0.6100000000000003
2004-08-02,0.5800000000000001
2004-08-03,0.54
2004-08-04,0.4900000000000002
2004-08-05,0.5200000000000005
2004-08-06,0.5099999999999998
2004-08-09,0.4900000000000002
2004-08-10,0.45999999999999996
2004-08-11,0.4400000000000004
2004-08-12,0.4399999999999995
2004-08-13,0.4500000000000002
2004-08-16,0.47999999999999954
2004-08-17,0.4800000000000004
2004-08-18,0.47999999999999954
2004-08-19,0.5099999999999998
2004-08-20,0.5300000000000002
2004-08-23,0.5299999999999998
2004-08-24,0.5400000000000005
2004-08-25,0.5100000000000002
2004-08-26,0.5199999999999996
2004-08-27,0.54
2004-08-30,0.5500000000000003
2004-08-31,0.5500000000000003
2004-09-01,0.5600000000000005
2004-09-02,0.5499999999999998
2004-09-03,0.54
2004-09-06,0.5299999999999998
2004-09-07,0.52
2004-09-08,0.5200000000000005
2004-09-09,0.5299999999999998
2004-09-10,0.5499999999999998
2004-09-13,0.5699999999999998
2004-09-14,0.5899999999999999
2004-09-15,0.6100000000000003
2004-09-16,0.6200000000000006
2004-09-17,0.5900000000000003
2004-09-20,0.5700000000000003
2004-09-21,0.5299999999999998
2004-09-22,0.52
2004-09-23,0.4900000000000002
2004-09-24,0.4900000000000002
2004-09-30,0.48999999999999977
2004-10-01,0.4800000000000004
2004-10-04,0.45999999999999996
2004-10-05,0.4700000000000002
2004-10-06,0.48
2004-10-07,0.5099999999999998
2004-10-08,0.5399999999999996
2004-10-11,0.5399999999999996
2004-10-12,0.54
2004-10-13,0.5400000000000005
2004-10-14,0.5100000000000002
2004-10-15,0.49999999999999956
2004-10-18,0.52
2004-10-19,0.5299999999999998
2004-10-20,0.5299999999999998
2004-10-21,0.5200000000000005
2004-10-22,0.5
2004-10-25,0.49999999999999956
2004-10-26,0.5
2004-10-27,0.5
2004-10-28,0.4900000000000002
2004-10-29,0.5
2004-11-01,0.5
2004-11-02,0.4900000000000002
2004-11-03,0.49999999999999956
2004-11-04,0.5
2004-11-05,0.49999999999999956
2004-11-08,0.4800000000000004
2004-11-09,0.4800000000000004
2004-11-10,0.5000000000000004
2004-11-11,0.5099999999999998
2004-11-12,0.52
2004-11-15,0.52
2004-11-16,0.5300000000000002
2004-11-17,0.54
2004-11-18,0.5700000000000003
2004-11-19,0.5800000000000001
2004-11-22,0.5899999999999999
2004-11-23,0.6000000000000001
2004-11-24,0.6000000000000001
2004-11-25,0.6000000000000001
2004-11-26,0.6000000000000001
2004-11-29,0.6200000000000001
2004-11-30,0.6200000000000001
2004-12-01,0.6300000000000003
2004-12-02,0.6299999999999999
2004-12-03,0.6400000000000001
2004-12-06,0.6200000000000001
2004-12-07,0.6299999999999999
2004-12-08,0.6200000000000001
2004-12-09,0.6000000000000001
2004-12-10,0.6000000000000001
2004-12-13,0.6000000000000001
2004-12-14,0.5800000000000001
2004-12-15,0.56
2004-12-16,0.56
2004-12-17,0.56
2004-12-20,0.56
2004-12-21,0.5500000000000003
2004-12-22,0.54
2004-12-23,0.54
2004-12-24,0.54
2004-12-27,0.54
2004-12-28,0.54
2004-12-29,0.54
2004-12-30,0.54
2004-12-31,0.5300000000000002
2005-01-03,0.5500000000000003
2005-01-04,0.6200000000000001
2005-01-05,0.6600000000000001
2005-01-06,0.7599999999999998
2005-01-07,0.77
2005-01-10,0.81
2005-01-11,0.8699999999999997
2005-01-12,0.8700000000000001
2005-01-13,0.7999999999999998
2005-01-14,0.7999999999999994
2005-01-17,0.8599999999999999
2005-01-18,0.7999999999999998
2005-01-19,0.7600000000000002
2005-01-20,0.73
2005-01-21,0.7399999999999998
2005-01-24,0.7700000000000005
2005-01-25,0.7999999999999998
2005-01-26,0.8200000000000003
2005-01-27,0.7999999999999998
2005-01-28,0.81
2005-01-31,0.79
2005-02-01,0.7699999999999996
2005-02-02,0.7800000000000002
2005-02-03,0.7400000000000002
2005-02-04,0.7300000000000004
2005-02-07,0.7200000000000006
2005-02-11,0.6500000000000004
2005-02-14,0.6600000000000001
2005-02-15,0.6600000000000001
2005-02-16,0.6899999999999995
2005-02-17,0.6699999999999999
2005-02-18,0.6699999999999999
2005-02-21,0.6699999999999999
2005-02-22,0.6600000000000001
2005-02-23,0.6500000000000004
2005-02-24,0.6699999999999999
2005-02-25,0.6900000000000004
2005-02-28,0.7000000000000002
2005-03-02,0.6900000000000004
2005-03-03,0.6899999999999995
2005-03-04,0.6900000000000004
2005-03-07,0.7000000000000002
2005-03-08,0.7000000000000002
2005-03-09,0.6699999999999999
2005-03-10,0.6799999999999997
2005-03-11,0.6799999999999997
2005-03-14,0.6900000000000004
2005-03-15,0.6899999999999995
2005-03-16,0.6900000000000004
2005-03-17,0.7099999999999995
2005-03-18,0.7100000000000004
2005-03-21,0.7200000000000002
2005-03-22,0.7300000000000004
2005-03-23,0.7599999999999998
2005-03-24,0.7800000000000002
2005-03-25,0.8099999999999996
2005-03-28,0.8199999999999994
2005-03-29,0.8399999999999999
2005-03-30,0.8199999999999998
2005-03-31,0.8300000000000001
2005-04-01,0.8199999999999998
2005-04-04,0.7999999999999998
2005-04-06,0.7899999999999996
2005-04-07,0.7999999999999998
2005-04-08,0.79
2005-04-11,0.7899999999999996
2005-04-12,0.8000000000000003
2005-04-13,0.8300000000000001
2005-04-14,0.8400000000000003
2005-04-15,0.8299999999999996
2005-04-18,0.8700000000000001
2005-04-19,0.8799999999999999
2005-04-20,0.8599999999999999
2005-04-21,0.8400000000000003
2005-04-22,0.8500000000000001
2005-04-25,0.8500000000000005
2005-04-26,0.8400000000000003
2005-04-27,0.8400000000000003
2005-04-28,0.8400000000000003
2005-04-29,0.8300000000000001
2005-05-02,0.7900000000000005
2005-05-03,0.7700000000000005
2005-05-04,0.7600000000000002
2005-05-06,0.7600000000000002
2005-05-09,0.7600000000000002
2005-05-10,0.7600000000000002
2005-05-11,0.7600000000000002
2005-05-12,0.75
2005-05-13,0.7200000000000002
2005-05-16,0.7100000000000004
2005-05-17,0.7100000000000004
2005-05-18,0.71
2005-05-19,0.6999999999999997
2005-05-20,0.6899999999999995
2005-05-23,0.69
2005-05-24,0.6800000000000002
2005-05-25,0.6799999999999997
2005-05-26,0.6499999999999995
2005-05-27,0.6299999999999999
2005-05-30,0.6299999999999999
2005-05-31,0.6399999999999997
2005-06-01,0.6399999999999997
2005-06-02,0.6200000000000006
2005-06-03,0.5900000000000003
2005-06-07,0.56
2005-06-08,0.5500000000000003
2005-06-09,0.5500000000000003
2005-06-10,0.5500000000000003
2005-06-13,0.6000000000000005
2005-06-14,0.6399999999999997
2005-06-15,0.69
2005-06-16,0.69
2005-06-17,0.69
2005-06-20,0.71
2005-06-21,0.7099999999999995
2005-06-22,0.7399999999999998
2005-06-23,0.7399999999999998
2005-06-24,0.7399999999999998
2005-06-27,0.7400000000000002
2005-06-28,0.7400000000000002
2005-06-29,0.7499999999999996
2005-06-30,0.7600000000000007
2005-07-01,0.7699999999999996
2005-07-04,0.7400000000000002
2005-07-05,0.75
2005-07-06,0.75
2005-07-07,0.7399999999999993
2005-07-08,0.7299999999999995
2005-07-11,0.7400000000000002
2005-07-12,0.7600000000000007
2005-07-13,0.7599999999999998
2005-07-14,0.7599999999999998
2005-07-15,0.79
2005-07-18,0.7999999999999998
2005-07-19,0.8200000000000003
2005-07-20,0.8199999999999994
2005-07-21,0.8200000000000003
2005-07-22,0.7999999999999998
2005-07-25,0.79
2005-07-26,0.7999999999999998
2005-07-27,0.7999999999999998
2005-07-28,0.7999999999999998
2005-07-29,0.7899999999999991
2005-08-01,0.7599999999999998
2005-08-02,0.75
2005-08-03,0.7599999999999998
2005-08-04,0.7599999999999998
2005-08-05,0.7400000000000002
2005-08-08,0.7599999999999998
2005-08-09,0.7800000000000002
2005-08-10,0.7599999999999998
2005-08-11,0.7599999999999998
2005-08-12,0.7700000000000005
2005-08-16,0.7800000000000002
2005-08-17,0.7699999999999996
2005-08-18,0.7599999999999998
2005-08-19,0.75
2005-08-22,0.75
2005-08-23,0.7400000000000002
2005-08-24,0.7400000000000002
2005-08-25,0.7299999999999995
2005-08-26,0.6999999999999993
2005-08-29,0.6900000000000004
2005-08-30,0.6699999999999999
2005-08-31,0.6699999999999999
2005-09-01,0.6799999999999997
2005-09-02,0.6800000000000006
2005-09-05,0.6699999999999999
2005-09-06,0.6600000000000001
2005-09-07,0.6800000000000006
2005-09-08,0.6399999999999997
2005-09-09,0.6499999999999995
2005-09-12,0.6299999999999999
2005-09-13,0.6299999999999999
2005-09-14,0.6299999999999999
2005-09-15,0.6600000000000001
2005-09-16,0.6500000000000004
2005-09-20,0.6699999999999999
2005-09-21,0.6699999999999999
2005-09-22,0.6600000000000001
2005-09-23,0.6399999999999997
2005-09-26,0.6100000000000003
2005-09-27,0.5700000000000003
2005-09-28,0.5200000000000005
2005-09-29,0.5
2005-09-30,0.5100000000000007
2005-10-04,0.5500000000000007
2005-10-05,0.5500000000000007
2005-10-06,0.5599999999999996
2005-10-07,0.54
2005-10-10,0.54
2005-10-11,0.54
2005-10-12,0.54
2005-10-13,0.5599999999999996
2005-10-14,0.5599999999999996
2005-10-17,0.6100000000000003
2005-10-18,0.6100000000000003
2005-10-19,0.5999999999999996
2005-10-20,0.5899999999999999
2005-10-21,0.5800000000000001
2005-10-24,0.5499999999999998
2005-10-25,0.54
2005-10-26,0.5300000000000002
2005-10-27,0.5300000000000002
2005-10-28,0.5300000000000002
2005-10-31,0.54
2005-11-01,0.54
2005-11-02,0.5399999999999991
2005-11-03,0.5499999999999998
2005-11-04,0.54
2005-11-07,0.5299999999999994
2005-11-08,0.5499999999999998
2005-11-09,0.5600000000000005
2005-11-10,0.5999999999999996
2005-11-11,0.6299999999999999
2005-11-14,0.6299999999999999
2005-11-15,0.6299999999999999
2005-11-16,0.6299999999999999
2005-11-17,0.6100000000000003
2005-11-18,0.5999999999999996
2005-11-21,0.6099999999999994
2005-11-22,0.5999999999999996
2005-11-23,0.6100000000000003
2005-11-24,0.5999999999999996
2005-11-25,0.5999999999999996
2005-11-28,0.5899999999999999
2005-11-29,0.5899999999999999
2005-11-30,0.5900000000000007
2005-12-01,0.5900000000000007
2005-12-02,0.5800000000000001
2005-12-05,0.5700000000000003
2005-12-06,0.5700000000000003
2005-12-07,0.5599999999999996
2005-12-08,0.54
2005-12-09,0.5199999999999996
2005-12-12,0.5300000000000002
2005-12-13,0.5199999999999996
2005-12-14,0.5299999999999994
2005-12-15,0.5200000000000005
2005-12-16,0.5199999999999996
2005-12-19,0.5099999999999998
2005-12-20,0.5
2005-12-21,0.5
2005-12-22,0.5100000000000007
2005-12-23,0.5300000000000002
2005-12-26,0.54
2005-12-27,0.54
2005-12-28,0.5499999999999998
2005-12-29,0.54
2005-12-30,0.54
2006-01-02,0.5599999999999996
2006-01-03,0.5599999999999996
2006-01-04,0.5600000000000005
2006-01-05,0.5899999999999999
2006-01-06,0.6000000000000005
2006-01-09,0.6000000000000005
2006-01-10,0.5900000000000007
2006-01-11,0.5899999999999999
2006-01-12,0.5600000000000005
2006-01-13,0.5599999999999996
2006-01-16,0.5599999999999996
2006-01-17,0.5600000000000005
2006-01-18,0.54
2006-01-19,0.5399999999999991
2006-01-20,0.54
2006-01-23,0.54
2006-01-24,0.54
2006-01-25,0.54
2006-01-26,0.5200000000000005
2006-01-27,0.5200000000000005
2006-01-31,0.5200000000000005
2006-02-01,0.4900000000000002
2006-02-02,0.4899999999999993
2006-02-03,0.47999999999999954
2006-02-06,0.47000000000000064
2006-02-07,0.46999999999999975
2006-02-08,0.46999999999999975
2006-02-09,0.4300000000000006
2006-02-10,0.41999999999999993
2006-02-13,0.41999999999999993
2006-02-14,0.41000000000000014
2006-02-15,0.39000000000000057
2006-02-16,0.3899999999999997
2006-02-17,0.40000000000000036
2006-02-20,0.39000000000000057
2006-02-21,0.3799999999999999
2006-02-22,0.3700000000000001
2006-02-23,0.3600000000000003
2006-02-24,0.34999999999999964
2006-02-27,0.34999999999999964
2006-02-28,0.34999999999999964
2006-03-02,0.3799999999999999
2006-03-03,0.40000000000000036
2006-03-06,0.4299999999999997
2006-03-07,0.4500000000000002
2006-03-08,0.4500000000000002
2006-03-09,0.4500000000000002
2006-03-10,0.4299999999999997
2006-03-13,0.45999999999999996
2006-03-14,0.46999999999999975
2006-03-15,0.4900000000000002
2006-03-16,0.5199999999999996
2006-03-17,0.5300000000000002
2006-03-20,0.5599999999999996
2006-03-21,0.5499999999999998
2006-03-22,0.5499999999999998
2006-03-23,0.5499999999999998
2006-03-24,0.5499999999999998
2006-03-27,0.5499999999999998
2006-03-28,0.54
2006-03-29,0.5300000000000002
2006-03-30,0.5200000000000005
2006-03-31,0.5100000000000007
2006-04-03,0.5099999999999998
2006-04-04,0.5099999999999998
2006-04-05,0.5099999999999998
2006-04-06,0.5
2006-04-07,0.5
2006-04-10,0.5100000000000007
2006-04-11,0.5200000000000005
2006-04-12,0.5300000000000002
2006-04-13,0.5300000000000002
2006-04-14,0.54
2006-04-17,0.5299999999999994
2006-04-18,0.5099999999999998
2006-04-19,0.4900000000000002
2006-04-20,0.4900000000000002
2006-04-21,0.47999999999999954
2006-04-24,0.4800000000000004
2006-04-25,0.47999999999999954
2006-04-26,0.45999999999999996
2006-04-27,0.45999999999999996
2006-04-28,0.4400000000000004
2006-05-02,0.4399999999999995
2006-05-03,0.4299999999999997
2006-05-04,0.41999999999999993
2006-05-08,0.41999999999999993
2006-05-09,0.41000000000000014
2006-05-10,0.41000000000000014
2006-05-11,0.41000000000000014
2006-05-12,0.41000000000000014
2006-05-15,0.4200000000000008
2006-05-16,0.4300000000000006
2006-05-17,0.4400000000000004
2006-05-18,0.4500000000000002
2006-05-19,0.4400000000000004
2006-05-22,0.4299999999999997
2006-05-23,0.4300000000000006
2006-05-24,0.4400000000000004
2006-05-25,0.4299999999999997
2006-05-26,0.4300000000000006
2006-05-29,0.4299999999999997
2006-05-30,0.4300000000000006
2006-06-01,0.4299999999999997
2006-06-02,0.4299999999999997
2006-06-05,0.4299999999999997
2006-06-07,0.4200000000000008
2006-06-08,0.3799999999999999
2006-06-09,0.34999999999999964
2006-06-12,0.35000000000000053
2006-06-13,0.35000000000000053
2006-06-14,0.3600000000000003
2006-06-15,0.3600000000000003
2006-06-16,0.3600000000000003
2006-06-19,0.35999999999999943
2006-06-20,0.3699999999999992
2006-06-21,0.34999999999999964
2006-06-22,0.33999999999999986
2006-06-23,0.3200000000000003
2006-06-26,0.3099999999999996
2006-06-27,0.2999999999999998
2006-06-28,0.2999999999999998
2006-06-29,0.29000000000000004
2006-06-30,0.28000000000000025
2006-07-03,0.27000000000000046
2006-07-04,0.29000000000000004
2006-07-05,0.3200000000000003
2006-07-06,0.33000000000000007
2006-07-07,0.3200000000000003
2006-07-10,0.3099999999999996
2006-07-11,0.2999999999999998
2006-07-12,0.27999999999999936
2006-07-13,0.27000000000000046
2006-07-14,0.28000000000000025
2006-07-18,0.27000000000000046
2006-07-19,0.2600000000000007
2006-07-20,0.2599999999999998
2006-07-21,0.2599999999999998
2006-07-24,0.25
2006-07-25,0.22999999999999954
2006-07-26,0.23000000000000043
2006-07-27,0.22999999999999954
2006-07-28,0.21999999999999975
2006-07-31,0.21999999999999975
2006-08-01,0.17999999999999972
2006-08-02,0.1800000000000006
2006-08-03,0.1900000000000004
2006-08-04,0.1900000000000004
2006-08-07,0.20000000000000018
2006-08-08,0.20000000000000018
2006-08-09,0.20999999999999996
2006-08-10,0.1800000000000006
2006-08-11,0.1299999999999999
2006-08-14,0.13000000000000078
2006-08-16,0.15000000000000036
2006-08-17,0.1200000000000001
2006-08-18,0.11000000000000032
2006-08-21,0.1200000000000001
2006-08-22,0.13000000000000078
2006-08-23,0.13999999999999968
2006-08-24,0.15000000000000036
2006-08-25,0.15000000000000036
2006-08-28,0.16000000000000014
2006-08-29,0.17999999999999972
2006-08-30,0.20000000000000018
2006-08-31,0.20000000000000018
2006-09-01,0.16999999999999993
2006-09-04,0.16999999999999993
2006-09-05,0.16999999999999993
2006-09-06,0.17999999999999972
2006-09-07,0.16999999999999993
2006-09-08,0.16999999999999993
2006-09-11,0.17999999999999972
2006-09-12,0.17999999999999972
2006-09-13,0.1900000000000004
2006-09-14,0.1900000000000004
2006-09-15,0.20000000000000018
2006-09-18,0.22000000000000064
2006-09-19,0.22000000000000064
2006-09-20,0.23000000000000043
2006-09-21,0.22999999999999954
2006-09-22,0.22999999999999954
2006-09-25,0.2400000000000002
2006-09-26,0.2400000000000002
2006-09-27,0.22999999999999954
2006-09-28,0.21999999999999975
2006-09-29,0.16000000000000014
2006-10-02,0.16000000000000014
2006-10-04,0.14999999999999947
2006-10-09,0.14000000000000057
2006-10-10,0.13999999999999968
2006-10-11,0.14999999999999947
2006-10-12,0.15999999999999925
2006-10-13,0.16999999999999993
2006-10-16,0.17999999999999972
2006-10-17,0.1900000000000004
2006-10-18,0.1900000000000004
2006-10-19,0.17999999999999972
2006-10-20,0.17999999999999972
2006-10-23,0.1800000000000006
2006-10-24,0.17999999999999972
2006-10-25,0.17999999999999972
2006-10-26,0.17999999999999972
2006-10-27,0.17999999999999972
2006-10-30,0.20000000000000018
2006-10-31,0.20000000000000018
2006-11-01,0.20999999999999996
2006-11-02,0.1899999999999995
2006-11-03,0.1899999999999995
2006-11-06,0.20000000000000018
2006-11-07,0.1999999999999993
2006-11-08,0.1899999999999995
2006-11-09,0.16999999999999993
2006-11-10,0.16999999999999993
2006-11-13,0.16999999999999993
2006-11-14,0.16999999999999993
2006-11-15,0.16999999999999993
2006-11-16,0.16999999999999993
2006-11-17,0.17999999999999972
2006-11-20,0.17999999999999972
2006-11-21,0.17999999999999972
2006-11-22,0.1900000000000004
2006-11-23,0.1900000000000004
2006-11-24,0.1900000000000004
2006-11-27,0.1800000000000006
2006-11-28,0.16999999999999993
2006-11-29,0.16000000000000014
2006-11-30,0.16000000000000014
2006-12-01,0.16000000000000014
2006-12-04,0.15000000000000036
2006-12-05,0.11000000000000032
2006-12-06,0.10999999999999943
2006-12-07,0.1200000000000001
2006-12-08,0.1200000000000001
2006-12-11,0.14999999999999947
2006-12-12,0.1299999999999999
2006-12-13,0.1299999999999999
2006-12-14,0.13000000000000078
2006-12-15,0.13000000000000078
2006-12-18,0.1299999999999999
2006-12-19,0.1299999999999999
2006-12-20,0.14000000000000057
2006-12-21,0.15000000000000036
2006-12-22,0.15000000000000036
2006-12-26,0.14999999999999947
2006-12-27,0.14000000000000057
2006-12-28,0.13999999999999968
2006-12-29,0.13999999999999968
2007-01-02,0.1299999999999999
2007-01-03,0.11999999999999922
2007-01-04,0.1200000000000001
2007-01-05,0.1200000000000001
2007-01-08,0.11000000000000032
2007-01-09,0.08000000000000007
2007-01-10,0.0699999999999994
2007-01-11,0.05000000000000071
2007-01-12,0.04999999999999982
2007-01-15,0.04999999999999982
2007-01-16,0.05999999999999961
2007-01-17,0.05999999999999961
2007-01-18,0.08000000000000007
2007-01-19,0.08999999999999986
2007-01-22,0.08999999999999986
2007-01-23,0.08999999999999986
2007-01-24,0.08000000000000007
2007-01-25,0.07000000000000028
2007-01-26,0.040000000000000036
2007-01-29,0.040000000000000036
2007-01-30,0.040000000000000036
2007-01-31,0.040000000000000036
2007-02-01,0.07000000000000028
2007-02-02,0.1299999999999999
2007-02-05,0.16000000000000014
2007-02-06,0.1299999999999999
2007-02-07,0.10999999999999943
2007-02-08,0.08999999999999986
2007-02-09,0.08999999999999986
2007-02-12,0.08999999999999986
2007-02-13,0.08999999999999986
2007-02-14,0.08000000000000007
2007-02-15,0.08000000000000007
2007-02-16,0.08999999999999986
2007-02-20,0.10000000000000053
2007-02-21,0.09999999999999964
2007-02-22,0.08999999999999986
2007-02-23,0.08999999999999986
2007-02-26,0.10000000000000053
2007-02-27,0.09999999999999964
2007-02-28,0.09999999999999964
2007-03-02,0.09999999999999964
2007-03-05,0.13000000000000078
2007-03-06,0.1299999999999999
2007-03-07,0.1200000000000001
2007-03-08,0.1200000000000001
2007-03-09,0.1299999999999999
2007-03-12,0.1299999999999999
2007-03-13,0.1299999999999999
2007-03-14,0.13000000000000078
2007-03-15,0.14000000000000057
2007-03-16,0.13999999999999968
2007-03-19,0.14000000000000057
2007-03-20,0.14000000000000057
2007-03-21,0.13999999999999968
2007-03-22,0.16999999999999993
2007-03-23,0.1900000000000004
2007-03-26,0.1800000000000006
2007-03-27,0.1800000000000006
2007-03-28,0.16999999999999993
2007-03-29,0.16999999999999993
2007-03-30,0.16999999999999993
2007-04-02,0.16999999999999993
2007-04-03,0.16000000000000014
2007-04-04,0.15000000000000036
2007-04-05,0.14999999999999947
2007-04-06,0.14000000000000057
2007-04-09,0.13999999999999968
2007-04-10,0.15000000000000036
2007-04-11,0.13999999999999968
2007-04-12,0.13999999999999968
2007-04-13,0.14000000000000057
2007-04-16,0.1299999999999999
2007-04-17,0.1299999999999999
2007-04-18,0.13999999999999968
2007-04-19,0.13999999999999968
2007-04-20,0.13000000000000078
2007-04-23,0.1299999999999999
2007-04-24,0.1200000000000001
2007-04-25,0.11000000000000032
2007-04-26,0.10000000000000053
2007-04-27,0.09999999999999964
2007-04-30,0.10000000000000053
2007-05-02,0.10000000000000053
2007-05-03,0.09999999999999964
2007-05-04,0.10999999999999943
2007-05-07,0.11000000000000032
2007-05-08,0.11000000000000032
2007-05-09,0.1200000000000001
2007-05-10,0.1200000000000001
2007-05-11,0.1200000000000001
2007-05-14,0.1200000000000001
2007-05-15,0.11000000000000032
2007-05-16,0.11000000000000032
2007-05-17,0.11000000000000032
2007-05-18,0.10999999999999943
2007-05-21,0.10999999999999943
2007-05-22,0.09999999999999964
2007-05-23,0.1200000000000001
2007-05-25,0.1299999999999999
2007-05-28,0.13999999999999968
2007-05-29,0.13999999999999968
2007-05-30,0.14000000000000057
2007-05-31,0.15000000000000036
2007-06-01,0.14999999999999947
2007-06-04,0.13999999999999968
2007-06-05,0.13999999999999968
2007-06-07,0.13999999999999968
2007-06-08,0.16000000000000014
2007-06-11,0.20000000000000018
2007-06-12,0.23000000000000043
2007-06-13,0.2400000000000002
2007-06-14,0.2400000000000002
2007-06-15,0.2400000000000002
2007-06-18,0.25
2007-06-19,0.25
2007-06-20,0.27000000000000046
2007-06-21,0.33000000000000007
2007-06-22,0.33000000000000007
2007-06-25,0.33000000000000007
2007-06-26,0.3200000000000003
2007-06-27,0.2999999999999998
2007-06-28,0.2600000000000007
2007-06-29,0.25
2007-07-02,0.25
2007-07-03,0.2400000000000002
2007-07-04,0.22999999999999954
2007-07-05,0.22999999999999954
2007-07-06,0.22000000000000064
2007-07-09,0.20000000000000018
2007-07-10,0.20000000000000018
2007-07-11,0.16000000000000014
2007-07-12,0.17999999999999972
2007-07-13,0.16999999999999993
2007-07-16,0.16999999999999993
2007-07-18,0.15999999999999925
2007-07-19,0.15999999999999925
2007-07-20,0.16000000000000014
2007-07-23,0.16000000000000014
2007-07-24,0.14999999999999947
2007-07-25,0.13999999999999968
2007-07-26,0.1299999999999999
2007-07-27,0.1299999999999999
2007-07-30,0.14000000000000057
2007-07-31,0.15000000000000036
2007-08-01,0.14999999999999947
2007-08-02,0.14999999999999947
2007-08-03,0.14999999999999947
2007-08-06,0.14999999999999947
2007-08-07,0.16000000000000014
2007-08-08,0.16000000000000014
2007-08-09,0.14999999999999947
2007-08-10,0.09000000000000075
2007-08-13,0.09999999999999964
2007-08-14,0.10000000000000053
2007-08-16,0.09999999999999964
2007-08-17,0.10999999999999943
2007-08-20,0.1200000000000001
2007-08-21,0.1200000000000001
2007-08-22,0.13999999999999968
2007-08-23,0.14000000000000057
2007-08-24,0.15000000000000036
2007-08-27,0.15000000000000036
2007-08-28,0.16000000000000014
2007-08-29,0.16000000000000014
2007-08-30,0.15999999999999925
2007-08-31,0.14000000000000057
2007-09-03,0.1299999999999999
2007-09-04,0.11999999999999922
2007-09-05,0.1299999999999999
2007-09-06,0.13999999999999968
2007-09-07,0.13999999999999968
2007-09-10,0.1200000000000001
2007-09-11,0.1200000000000001
2007-09-12,0.1200000000000001
2007-09-13,0.1200000000000001
2007-09-14,0.1200000000000001
2007-09-17,0.1299999999999999
2007-09-18,0.1200000000000001
2007-09-19,0.1299999999999999
2007-09-20,0.1299999999999999
2007-09-21,0.14000000000000057
2007-09-27,0.13999999999999968
2007-09-28,0.13999999999999968
2007-10-01,0.14000000000000057
2007-10-02,0.15000000000000036
2007-10-04,0.15000000000000036
2007-10-05,0.14999999999999947
2007-10-08,0.14000000000000057
2007-10-09,0.13999999999999968
2007-10-10,0.13999999999999968
2007-10-11,0.14000000000000057
2007-10-12,0.1299999999999999
2007-10-15,0.1299999999999999
2007-10-16,0.1299999999999999
2007-10-17,0.1299999999999999
2007-10-18,0.13999999999999968
2007-10-19,0.13999999999999968
2007-10-22,0.14000000000000057
2007-10-23,0.14000000000000057
2007-10-24,0.13999999999999968
2007-10-25,0.13999999999999968
2007-10-26,0.13999999999999968
2007-10-29,0.13999999999999968
2007-10-30,0.1299999999999999
2007-10-31,0.1299999999999999
2007-11-01,0.1299999999999999
2007-11-02,0.1200000000000001
2007-11-05,0.1200000000000001
2007-11-06,0.1200000000000001
2007-11-07,0.11000000000000032
2007-11-08,0.09999999999999964
2007-11-09,0.08999999999999986
2007-11-12,0.09999999999999964
2007-11-13,0.08999999999999986
2007-11-14,0.08000000000000007
2007-11-15,0.07000000000000028
2007-11-16,0.07000000000000028
2007-11-19,0.10000000000000053
2007-11-20,0.10000000000000053
2007-11-21,0.09999999999999964
2007-11-22,0.09999999999999964
2007-11-23,0.09999999999999964
2007-11-26,0.05999999999999961
2007-11-27,0.02999999999999936
2007-11-28,-0.05999999999999961
2007-11-29,-0.1299999999999999
2007-11-30,-0.07999999999999918
2007-12-03,-0.05999999999999961
2007-12-04,-0.05000000000000071
2007-12-05,-0.09999999999999964
2007-12-06,-0.09999999999999964
2007-12-07,-0.11000000000000032
2007-12-10,-0.07000000000000028
2007-12-11,-0.0699999999999994
2007-12-12,-0.07999999999999918
2007-12-13,-0.0699999999999994
2007-12-14,-0.0699999999999994
2007-12-17,-0.08999999999999986
2007-12-18,-0.08000000000000007
2007-12-20,-0.04999999999999982
2007-12-21,-0.04999999999999982
2007-12-24,-0.040000000000000036
2007-12-26,-0.03000000000000025
2007-12-27,-0.040000000000000036
2007-12-28,-0.040000000000000036
2007-12-31,-0.040000000000000036
2008-01-02,-0.05000000000000071
2008-01-03,-0.03000000000000025
2008-01-04,0.0
2008-01-07,0.05999999999999961
2008-01-08,0.08999999999999986
2008-01-09,0.14000000000000057
2008-01-10,0.15999999999999925
2008-01-11,0.17000000000000082
2008-01-14,0.17999999999999972
2008-01-15,0.14000000000000057
2008-01-16,0.10000000000000053
2008-01-17,0.05999999999999961
2008-01-18,0.0699999999999994
2008-01-21,0.0600000000000005
2008-01-22,0.11000000000000032
2008-01-23,0.21999999999999975
2008-01-24,0.20999999999999996
2008-01-25,0.1999999999999993
2008-01-28,0.1800000000000006
2008-01-29,0.17999999999999972
2008-01-30,0.17999999999999972
2008-01-31,0.20000000000000018
2008-02-01,0.20000000000000018
2008-02-04,0.1899999999999995
2008-02-05,0.1900000000000004
2008-02-11,0.1899999999999995
2008-02-12,0.20000000000000018
2008-02-13,0.20000000000000018
2008-02-14,0.20000000000000018
2008-02-15,0.20000000000000018
2008-02-18,0.21999999999999975
2008-02-19,0.21999999999999975
2008-02-20,0.21999999999999975
2008-02-21,0.22999999999999954
2008-02-22,0.25
2008-02-25,0.22999999999999954
2008-02-26,0.23000000000000043
2008-02-27,0.2400000000000002
2008-02-28,0.25
2008-02-29,0.2600000000000007
2008-03-03,0.27000000000000046
2008-03-04,0.2599999999999998
2008-03-05,0.27000000000000046
2008-03-06,0.28000000000000025
2008-03-07,0.2699999999999996
2008-03-10,0.2400000000000002
2008-03-11,0.20000000000000018
2008-03-12,0.1899999999999995
2008-03-13,0.17000000000000082
2008-03-14,0.16000000000000014
2008-03-17,0.15000000000000036
2008-03-18,0.1900000000000004
2008-03-19,0.20999999999999996
2008-03-20,0.20000000000000018
2008-03-21,0.22000000000000064
2008-03-24,0.20999999999999996
2008-03-25,0.20000000000000018
2008-03-26,0.20000000000000018
2008-03-27,0.20000000000000018
2008-03-28,0.1900000000000004
2008-03-31,0.1900000000000004
2008-04-01,0.13999999999999968
2008-04-02,0.14000000000000057
2008-04-03,0.1299999999999999
2008-04-04,0.1299999999999999
2008-04-07,0.13999999999999968
2008-04-08,0.16000000000000014
2008-04-10,0.17999999999999972
2008-04-11,0.17999999999999972
2008-04-14,0.1899999999999995
2008-04-15,0.1899999999999995
2008-04-16,0.1899999999999995
2008-04-17,0.1899999999999995
2008-04-18,0.17999999999999972
2008-04-21,0.1900000000000004
2008-04-22,0.20000000000000018
2008-04-23,0.20999999999999996
2008-04-24,0.21999999999999975
2008-04-25,0.21999999999999975
2008-04-28,0.23000000000000043
2008-04-29,0.2400000000000002
2008-04-30,0.2599999999999998
2008-05-02,0.2599999999999998
2008-05-06,0.2599999999999998
2008-05-07,0.23999999999999932
2008-05-08,0.20999999999999996
2008-05-09,0.20000000000000018
2008-05-13,0.1800000000000006
2008-05-14,0.1800000000000006
2008-05-15,0.16999999999999993
2008-05-16,0.1800000000000006
2008-05-19,0.1900000000000004
2008-05-20,0.21999999999999975
2008-05-21,0.20999999999999996
2008-05-22,0.23000000000000043
2008-05-23,0.23000000000000043
2008-05-26,0.25
2008-05-27,0.2600000000000007
2008-05-28,0.25
2008-05-29,0.25
2008-05-30,0.2400000000000002
2008-06-02,0.22999999999999954
2008-06-03,0.2699999999999996
2008-06-04,0.2599999999999998
2008-06-05,0.2599999999999998
2008-06-09,0.25
2008-06-10,0.22999999999999954
2008-06-11,0.20999999999999996
2008-06-12,0.1899999999999995
2008-06-13,0.16999999999999993
2008-06-16,0.16999999999999993
2008-06-17,0.17999999999999972
2008-06-18,0.1800000000000006
2008-06-19,0.16999999999999993
2008-06-20,0.16000000000000014
2008-06-23,0.14999999999999947
2008-06-24,0.15000000000000036
2008-06-25,0.14999999999999947
2008-06-26,0.16000000000000014
2008-06-27,0.15000000000000036
2008-06-30,0.14999999999999947
2008-07-01,0.14999999999999947
2008-07-02,0.15000000000000036
2008-07-03,0.14000000000000057
2008-07-04,0.14000000000000057
2008-07-07,0.14000000000000057
2008-07-08,0.1200000000000001
2008-07-09,0.08000000000000007
2008-07-10,0.08000000000000007
2008-07-11,-0.03000000000000025
2008-07-14,-0.05999999999999961
2008-07-15,-0.05999999999999961
2008-07-16,-0.09000000000000075
2008-07-17,-0.04999999999999982
2008-07-18,-0.009999999999999787
2008-07-21,0.010000000000000675
2008-07-22,0.02999999999999936
2008-07-23,0.08000000000000007
2008-07-24,0.09000000000000075
2008-07-25,0.11000000000000032
2008-07-28,0.11000000000000032
2008-07-29,0.1200000000000001
2008-07-30,0.1200000000000001
2008-07-31,0.1200000000000001
2008-08-01,0.1299999999999999
2008-08-04,0.11000000000000032
2008-08-05,0.10000000000000053
2008-08-06,0.08999999999999986
2008-08-07,0.08000000000000007
2008-08-08,0.05999999999999961
2008-08-11,0.0600000000000005
2008-08-12,0.0600000000000005
2008-08-13,0.08000000000000007
2008-08-14,0.1200000000000001
2008-08-18,0.16000000000000014
2008-08-19,0.1800000000000006
2008-08-20,0.1900000000000004
2008-08-21,0.20000000000000018
2008-08-22,0.20000000000000018
2008-08-25,0.1900000000000004
2008-08-26,0.1900000000000004
2008-08-27,0.1900000000000004
2008-08-28,0.1900000000000004
2008-08-29,0.1900000000000004
2008-09-01,0.1900000000000004
2008-09-02,0.16999999999999993
2008-09-03,0.17999999999999972
2008-09-04,0.16999999999999993
2008-09-05,0.16000000000000014
2008-09-08,0.15000000000000036
2008-09-09,0.15000000000000036
2008-09-10,0.15999999999999925
2008-09-11,0.16999999999999993
2008-09-12,0.1899999999999995
2008-09-16,0.2400000000000002
2008-09-17,0.23000000000000043
2008-09-18,0.20999999999999996
2008-09-19,0.20000000000000018
2008-09-22,0.1900000000000004
2008-09-23,0.17999999999999972
2008-09-24,0.16999999999999993
2008-09-25,0.16999999999999993
2008-09-26,0.14000000000000057
2008-09-29,0.1299999999999999
2008-09-30,0.1200000000000001
2008-10-01,0.1200000000000001
2008-10-02,0.1200000000000001
2008-10-06,0.1200000000000001
2008-10-07,0.1200000000000001
2008-10-08,0.1200000000000001
2008-10-09,0.13999999999999968
2008-10-10,0.16999999999999993
2008-10-13,0.20000000000000018
2008-10-14,0.21999999999999975
2008-10-15,0.2999999999999998
2008-10-16,0.33000000000000007
2008-10-17,0.4500000000000002
2008-10-20,0.46999999999999975
2008-10-21,0.4900000000000002
2008-10-22,0.5700000000000003
2008-10-23,0.5800000000000001
2008-10-24,0.6299999999999999
2008-10-27,0.7000000000000002
2008-10-28,0.7600000000000007
2008-10-29,0.9900000000000002
2008-10-30,1.1100000000000003
2008-10-31,1.0200000000000005
2008-11-03,0.8700000000000001
2008-11-04,0.8300000000000001
2008-11-05,0.8200000000000003
2008-11-06,0.7800000000000002
2008-11-07,0.71
2008-11-10,0.5899999999999999
2008-11-11,0.6000000000000005
2008-11-12,0.6199999999999992
2008-11-13,0.6099999999999994
2008-11-14,0.6499999999999995
2008-11-17,0.6799999999999997
2008-11-18,0.6999999999999993
2008-11-19,0.75
2008-11-20,0.7599999999999998
2008-11-21,0.8199999999999994
2008-11-24,0.8200000000000003
2008-11-25,0.8300000000000001
2008-11-26,0.8899999999999997
2008-11-27,0.8799999999999999
2008-11-28,0.8799999999999999
2008-12-01,0.9299999999999997
2008-12-02,1.0599999999999996
2008-12-03,1.0899999999999999
2008-12-04,1.08
2008-12-05,1.0600000000000005
2008-12-08,1.04
2008-12-09,1.0499999999999998
2008-12-10,0.9900000000000002
2008-12-11,0.9500000000000002
2008-12-12,0.8999999999999995
2008-12-15,0.8399999999999994
2008-12-16,0.8900000000000001
2008-12-17,0.9000000000000004
2008-12-18,0.8500000000000001
2008-12-19,0.7600000000000002
2008-12-22,0.7199999999999998
2008-12-23,0.7199999999999998
2008-12-24,0.7400000000000002
2008-12-26,0.77
2008-12-29,0.7900000000000005
2008-12-30,0.8099999999999996
2008-12-31,0.8099999999999996
2009-01-02,0.8300000000000001
2009-01-05,0.8699999999999997
2009-01-06,0.9000000000000004
2009-01-07,0.8999999999999995
2009-01-08,0.9000000000000004
2009-01-09,0.8900000000000001
2009-01-12,0.8900000000000001
2009-01-13,0.8899999999999997
2009-01-14,0.9200000000000004
2009-01-15,0.9099999999999997
2009-01-16,0.9200000000000004
2009-01-19,1.0099999999999998
2009-01-20,1.0399999999999996
2009-01-21,1.1
2009-01-22,1.1099999999999999
2009-01-23,1.12
2009-01-28,1.15
2009-01-29,1.1600000000000001
2009-01-30,1.12
2009-02-02,1.27
2009-02-03,1.3600000000000003
2009-02-04,1.5
2009-02-05,1.5199999999999996
2009-02-06,1.5399999999999996
2009-02-09,1.5499999999999998
2009-02-10,1.5799999999999996
2009-02-11,1.6099999999999994
2009-02-12,1.63
2009-02-13,1.6200000000000006
2009-02-16,1.5699999999999998
2009-02-17,1.5399999999999996
2009-02-18,1.71
2009-02-19,1.5899999999999999
2009-02-20,1.3499999999999996
2009-02-23,1.3200000000000003
2009-02-24,1.2500000000000004
2009-02-25,1.17
2009-02-26,1.1799999999999997
2009-02-27,1.2399999999999998
2009-03-02,1.2299999999999995
2009-03-03,1.2999999999999998
2009-03-04,1.33
2009-03-05,1.3600000000000003
2009-03-06,1.4000000000000004
2009-03-09,1.3999999999999995
2009-03-10,1.2599999999999998
2009-03-11,1.2200000000000002
2009-03-12,1.2199999999999998
2009-03-13,1.1599999999999997
2009-03-16,1.21
2009-03-17,1.2299999999999995
2009-03-18,1.21
2009-03-19,1.2400000000000002
2009-03-20,1.2799999999999994
2009-03-23,1.3900000000000006
2009-03-24,1.3699999999999997
2009-03-25,1.3599999999999999
2009-03-26,1.37
2009-03-27,1.3199999999999994
2009-03-30,1.2600000000000002
2009-03-31,1.23
2009-04-01,1.25
2009-04-02,1.1899999999999995
2009-04-03,1.0999999999999996
2009-04-06,1.1399999999999997
2009-04-07,1.19
2009-04-08,1.19
2009-04-09,1.1500000000000004
2009-04-10,1.1600000000000001
2009-04-13,1.1600000000000001
2009-04-14,1.2100000000000004
2009-04-15,1.1399999999999997
2009-04-16,1.1000000000000005
2009-04-17,1.1199999999999997
2009-04-20,1.12
2009-04-21,1.1199999999999997
2009-04-22,1.1199999999999997
2009-04-23,1.13
2009-04-24,1.15
2009-04-27,1.1500000000000004
2009-04-28,1.0599999999999996
2009-04-29,1.0499999999999998
2009-04-30,1.1000000000000005
2009-05-04,1.0800000000000005
2009-05-06,1.08
2009-05-07,1.1499999999999995
2009-05-08,1.1700000000000004
2009-05-11,1.19
2009-05-12,1.1899999999999995
2009-05-13,1.1800000000000002
2009-05-14,1.1999999999999997
2009-05-15,1.2199999999999998
2009-05-18,1.2400000000000002
2009-05-19,1.2399999999999998
2009-05-20,1.2400000000000002
2009-05-21,1.25
2009-05-22,1.23
2009-05-25,1.2399999999999998
2009-05-26,1.2599999999999998
2009-05-27,1.27
2009-05-28,1.2999999999999998
2009-05-29,1.3399999999999999
2009-06-01,1.3400000000000003
2009-06-02,1.2600000000000002
2009-06-03,1.2299999999999995
2009-06-04,1.2300000000000004
2009-06-05,1.25
2009-06-08,1.2600000000000007
2009-06-09,1.2699999999999996
2009-06-10,1.2800000000000002
2009-06-11,1.2600000000000007
2009-06-12,1.1100000000000003
2009-06-15,1.1100000000000003
2009-06-16,1.0999999999999996
2009-06-17,1.08
2009-06-18,1.04
2009-06-19,1.08
2009-06-22,1.0899999999999999
2009-06-23,1.13
2009-06-24,1.1499999999999995
2009-06-25,1.0899999999999999
2009-06-26,1.0899999999999999
2009-06-29,1.0500000000000007
2009-06-30,1.0300000000000002
2009-07-01,1.0
2009-07-02,0.9900000000000002
2009-07-03,1.0
2009-07-06,0.9900000000000002
2009-07-07,1.0099999999999998
2009-07-08,1.0300000000000002
2009-07-09,1.04
2009-07-10,1.0700000000000003
2009-07-13,1.08
2009-07-14,1.1100000000000003
2009-07-15,1.1600000000000001
2009-07-16,1.17
2009-07-17,1.1600000000000001
2009-07-20,1.2000000000000002
2009-07-21,1.1899999999999995
2009-07-22,1.1600000000000001
2009-07-23,1.0999999999999996
2009-07-24,1.0999999999999996
2009-07-27,1.0999999999999996
2009-07-28,1.1099999999999994
2009-07-29,1.13
2009-07-30,1.0999999999999996
2009-07-31,1.0700000000000003
2009-08-03,1.0199999999999996
2009-08-04,1.0200000000000005
2009-08-05,0.9700000000000006
2009-08-06,0.9399999999999995
2009-08-07,0.9400000000000004
2009-08-10,0.9700000000000006
2009-08-11,1.0300000000000002
2009-08-12,1.0099999999999998
2009-08-13,0.9700000000000006
2009-08-14,0.9199999999999999
2009-08-17,1.0
2009-08-18,0.9800000000000004
2009-08-19,1.04
2009-08-20,1.08
2009-08-21,1.08
2009-08-24,1.1199999999999992
2009-08-25,1.12
2009-08-26,1.08
2009-08-27,1.0900000000000007
2009-08-28,1.0900000000000007
2009-08-31,1.08
2009-09-01,1.08
2009-09-02,1.0700000000000003
2009-09-03,1.0599999999999996
2009-09-04,1.0499999999999998
2009-09-07,1.04
2009-09-08,1.04
2009-09-09,1.0499999999999998
2009-09-10,0.9500000000000002
2009-09-11,0.9399999999999995
2009-09-14,0.9500000000000002
2009-09-15,0.9300000000000006
2009-09-16,0.9799999999999995
2009-09-17,0.9499999999999993
2009-09-18,0.9500000000000002
2009-09-21,0.9400000000000004
2009-09-22,0.9100000000000001
2009-09-23,0.9000000000000004
2009-09-24,0.9199999999999999
2009-09-25,0.9199999999999999
2009-09-28,0.9100000000000001
2009-09-29,0.9100000000000001
2009-09-30,0.9500000000000002
2009-10-01,0.96
2009-10-05,0.96
2009-10-06,0.9299999999999997
2009-10-07,0.9100000000000001
2009-10-08,0.8799999999999999
2009-10-09,0.9199999999999999
2009-10-12,0.9800000000000004
2009-10-13,1.0099999999999998
2009-10-14,1.0199999999999996
2009-10-15,1.0
2009-10-16,0.96
2009-10-19,0.9900000000000002
2009-10-20,0.9800000000000004
2009-10-21,1.0
2009-10-22,1.0
2009-10-23,1.0099999999999998
2009-10-26,1.0099999999999998
2009-10-27,1.0
2009-10-28,1.0
2009-10-29,0.9900000000000002
2009-10-30,0.9899999999999993
2009-11-02,0.9700000000000006
2009-11-03,0.9700000000000006
2009-11-04,0.9700000000000006
2009-11-05,0.9699999999999998
2009-11-06,1.0099999999999998
2009-11-09,1.0099999999999998
2009-11-10,1.0300000000000002
2009-11-11,1.0499999999999998
2009-11-12,1.04
2009-11-13,1.1100000000000003
2009-11-16,1.17
2009-11-17,1.1600000000000001
2009-11-18,1.1400000000000006
2009-11-19,1.1099999999999994
2009-11-20,1.08
2009-11-23,1.08
2009-11-24,1.0899999999999999
2009-11-25,1.0899999999999999
2009-11-26,1.1099999999999994
2009-11-27,1.1900000000000004
2009-11-30,1.1500000000000004
2009-12-01,1.17
2009-12-02,1.17
2009-12-03,1.1600000000000001
2009-12-04,1.1099999999999994
2009-12-07,1.08
2009-12-08,1.0499999999999998
2009-12-09,1.0700000000000003
2009-12-10,1.0600000000000005
2009-12-11,1.08
2009-12-14,1.0499999999999998
2009-12-15,1.0700000000000003
2009-12-16,1.0499999999999998
2009-12-17,1.0599999999999996
2009-12-18,1.0499999999999998
2009-12-21,1.0899999999999999
2009-12-22,1.0600000000000005
2009-12-23,1.0599999999999996
2009-12-24,1.04
2009-12-28,1.0299999999999994
2009-12-29,1.0100000000000007
2009-12-30,0.9799999999999995
2009-12-31,0.9799999999999995
2010-01-04,0.9899999999999993
2010-01-05,0.9899999999999993
2010-01-06,0.9500000000000002
2010-01-07,0.9699999999999998
2010-01-08,1.0
2010-01-11,1.1100000000000003
2010-01-12,1.12
2010-01-13,1.1000000000000005
2010-01-14,1.1099999999999994
2010-01-15,1.12
2010-01-18,1.1099999999999994
2010-01-19,1.0999999999999996
2010-01-20,1.0999999999999996
2010-01-21,1.08
2010-01-22,1.0899999999999999
2010-01-25,1.0899999999999999
2010-01-26,1.0999999999999996
2010-01-27,1.0999999999999996
2010-01-28,1.0700000000000003
2010-01-29,1.0700000000000003
2010-02-01,1.0600000000000005
2010-02-02,1.0700000000000003
2010-02-03,1.08
2010-02-04,1.1000000000000005
2010-02-05,1.1000000000000005
2010-02-08,1.0899999999999999
2010-02-09,1.0900000000000007
2010-02-10,1.0900000000000007
2010-02-11,1.13
2010-02-12,1.17
2010-02-16,1.1799999999999997
2010-02-17,1.2000000000000002
2010-02-18,1.1900000000000004
2010-02-19,1.13
2010-02-22,1.0999999999999996
2010-02-23,1.1099999999999994
2010-02-24,1.08
2010-02-25,1.04
2010-02-26,1.04
2010-03-02,1.0299999999999994
2010-03-03,1.0200000000000005
2010-03-04,0.9799999999999995
2010-03-05,0.9400000000000004
2010-03-08,0.9199999999999999
2010-03-09,0.9300000000000006
2010-03-10,0.9299999999999997
2010-03-11,0.9199999999999995
2010-03-12,0.9099999999999997
2010-03-15,0.9199999999999995
2010-03-16,0.9900000000000002
2010-03-17,0.9900000000000002
2010-03-18,0.9800000000000004
2010-03-19,0.9299999999999997
2010-03-22,0.9099999999999997
2010-03-23,0.9099999999999997
2010-03-24,1.0000000000000004
2010-03-25,1.0400000000000005
2010-03-26,1.0700000000000003
2010-03-29,1.0600000000000005
2010-03-30,1.0900000000000003
2010-03-31,1.06
2010-04-01,1.0700000000000003
2010-04-02,1.0899999999999999
2010-04-05,1.1099999999999999
2010-04-06,1.1000000000000005
2010-04-07,1.06
2010-04-08,1.0699999999999994
2010-04-09,1.06
2010-04-12,1.0900000000000003
2010-04-13,1.12
2010-04-14,1.1100000000000003
2010-04-15,1.1199999999999997
2010-04-16,1.13
2010-04-19,1.1600000000000006
2010-04-20,1.1800000000000006
2010-04-21,1.17
2010-04-22,1.1700000000000004
2010-04-23,1.1500000000000004
2010-04-26,1.1500000000000004
2010-04-27,1.1799999999999997
2010-04-28,1.21
2010-04-29,1.2299999999999995
2010-04-30,1.2100000000000004
2010-05-03,1.1600000000000001
2010-05-04,1.1500000000000004
2010-05-06,1.1399999999999997
2010-05-07,1.1999999999999997
2010-05-10,1.25
2010-05-11,1.2600000000000002
2010-05-12,1.1999999999999997
2010-05-13,1.1900000000000004
2010-05-14,1.2100000000000004
2010-05-17,1.2600000000000002
2010-05-18,1.27
2010-05-19,1.2700000000000005
2010-05-20,1.2599999999999998
2010-05-24,1.3000000000000003
2010-05-25,1.33
2010-05-26,1.35
2010-05-27,1.3299999999999996
2010-05-28,1.3300000000000005
2010-05-31,1.3499999999999996
2010-06-01,1.3199999999999998
2010-06-03,1.2700000000000005
2010-06-04,1.23
2010-06-07,1.2799999999999998
2010-06-08,1.2700000000000005
2010-06-09,1.2799999999999998
2010-06-10,1.2799999999999998
2010-06-11,1.2600000000000002
2010-06-14,1.2300000000000004
2010-06-15,1.19
2010-06-16,1.1800000000000002
2010-06-17,1.2000000000000002
2010-06-18,1.19
2010-06-21,1.1000000000000005
2010-06-22,1.0900000000000003
2010-06-23,1.06
2010-06-24,1.0800000000000005
2010-06-25,1.0900000000000003
2010-06-28,1.04
2010-06-29,1.0699999999999998
2010-06-30,1.0900000000000003
2010-07-01,1.12
2010-07-02,1.0900000000000003
2010-07-05,1.0699999999999998
2010-07-06,1.0700000000000003
2010-07-07,1.0299999999999998
2010-07-08,1.02
2010-07-09,1.0000000000000004
2010-07-12,0.9900000000000002
2010-07-13,0.9800000000000004
2010-07-14,0.9600000000000004
2010-07-15,0.9700000000000002
2010-07-16,0.9900000000000002
2010-07-19,0.9900000000000002
2010-07-20,0.9900000000000002
2010-07-21,1.04
2010-07-22,1.0699999999999998
2010-07-23,1.0500000000000003
2010-07-26,1.0099999999999998
2010-07-27,1.0100000000000002
2010-07-28,1.0100000000000002
2010-07-29,1.04
2010-07-30,1.04
2010-08-02,1.0000000000000004
2010-08-03,0.9799999999999995
2010-08-04,0.9800000000000004
2010-08-05,0.9699999999999998
2010-08-06,0.9599999999999995
2010-08-09,0.9299999999999997
2010-08-10,0.9299999999999997
2010-08-11,0.9699999999999998
2010-08-12,1.0
2010-08-13,1.02
2010-08-16,1.0099999999999998
2010-08-17,0.9900000000000002
2010-08-18,1.0
2010-08-19,0.9300000000000002
2010-08-20,0.9099999999999997
2010-08-23,0.9100000000000001
2010-08-24,0.96
2010-08-25,0.9700000000000002
2010-08-26,0.9299999999999997
2010-08-27,0.8699999999999997
2010-08-30,0.8600000000000003
2010-08-31,0.8300000000000001
2010-09-01,0.77
2010-09-02,0.7799999999999998
2010-09-03,0.7799999999999998
2010-09-06,0.8000000000000003
2010-09-07,0.7999999999999998
2010-09-08,0.7600000000000002
2010-09-09,0.8599999999999999
2010-09-10,0.8400000000000003
2010-09-13,0.81
2010-09-14,0.8400000000000003
2010-09-15,0.81
2010-09-16,0.8000000000000003
2010-09-17,0.7999999999999998
2010-09-20,0.7999999999999998
2010-09-24,0.81
2010-09-27,0.8199999999999998
2010-09-28,0.8300000000000001
2010-09-29,0.79
2010-09-30,0.7900000000000005
2010-10-01,0.7400000000000002
2010-10-04,0.71
2010-10-05,0.69
2010-10-06,0.69
2010-10-07,0.69
2010-10-08,0.7200000000000002
2010-10-11,0.7799999999999998
2010-10-12,0.7800000000000002
2010-10-13,0.7900000000000005
2010-10-14,0.8300000000000001
2010-10-15,0.8700000000000001
2010-10-18,0.9100000000000001
2010-10-19,0.8799999999999999
2010-10-20,0.8799999999999999
2010-10-21,0.8899999999999997
2010-10-22,0.9899999999999998
2010-10-25,1.0099999999999998
2010-10-26,1.08
2010-10-27,1.0899999999999999
2010-10-28,1.0299999999999998
2010-10-29,1.1100000000000003
2010-11-01,1.0399999999999996
2010-11-02,1.04
2010-11-03,1.0100000000000002
2010-11-04,1.0
2010-11-05,0.9300000000000002
2010-11-08,1.0200000000000005
2010-11-09,1.0
2010-11-10,0.9900000000000002
2010-11-11,1.0399999999999996
2010-11-12,1.08
2010-11-15,1.1
2010-11-16,1.1400000000000001
2010-11-17,1.0900000000000003
2010-11-18,1.1100000000000003
2010-11-19,1.1600000000000006
2010-11-22,1.1100000000000003
2010-11-23,1.1399999999999997
2010-11-24,1.1400000000000006
2010-11-25,1.1199999999999997
2010-11-26,1.17
2010-11-29,1.1999999999999997
2010-11-30,1.19
2010-12-01,1.1500000000000004
2010-12-02,1.19
2010-12-03,1.2400000000000002
2010-12-06,1.2100000000000004
2010-12-07,1.4199999999999995
2010-12-08,1.29
2010-12-09,1.21
2010-12-10,1.2200000000000002
2010-12-13,1.21
2010-12-14,1.1800000000000006
2010-12-15,1.15
2010-12-16,1.1999999999999997
2010-12-17,1.2100000000000004
2010-12-20,1.1999999999999997
2010-12-21,1.25
2010-12-22,1.2799999999999998
2010-12-23,1.2399999999999998
2010-12-24,1.2100000000000004
2010-12-27,1.1599999999999997
2010-12-28,1.1600000000000001
2010-12-29,1.1500000000000004
2010-12-30,1.1399999999999997
2010-12-31,1.1399999999999997
2011-01-03,1.0700000000000003
2011-01-04,1.0899999999999999
2011-01-05,1.13
2011-01-06,1.12
2011-01-07,1.12
2011-01-10,1.15
2011-01-11,1.1
2011-01-12,1.1100000000000003
2011-01-13,1.0699999999999998
2011-01-14,1.0000000000000004
2011-01-17,0.9800000000000004
2011-01-18,1.0099999999999998
2011-01-19,0.9299999999999997
2011-01-20,0.8999999999999999
2011-01-21,0.9200000000000004
2011-01-24,0.8799999999999999
2011-01-25,0.8599999999999999
2011-01-26,0.8500000000000005
2011-01-27,0.8500000000000001
2011-01-28,0.8300000000000001
2011-01-31,0.7599999999999998
2011-02-01,0.7399999999999998
2011-02-07,0.7000000000000002
2011-02-08,0.75
2011-02-09,0.8200000000000003
2011-02-10,0.8300000000000001
2011-02-11,0.8699999999999997
2011-02-14,0.8599999999999999
2011-02-15,0.8700000000000001
2011-02-16,0.8900000000000001
2011-02-17,0.8600000000000003
2011-02-18,0.8599999999999999
2011-02-21,0.7999999999999998
2011-02-22,0.7899999999999996
2011-02-23,0.8199999999999998
2011-02-24,0.8599999999999999
2011-02-25,0.8200000000000003
2011-02-28,0.8300000000000001
2011-03-02,0.8399999999999999
2011-03-03,0.7799999999999998
2011-03-04,0.77
2011-03-07,0.7800000000000002
2011-03-08,0.7899999999999996
2011-03-09,0.7999999999999998
2011-03-10,0.7800000000000002
2011-03-11,0.7500000000000004
2011-03-14,0.7099999999999995
2011-03-15,0.6999999999999997
2011-03-16,0.73
2011-03-17,0.75
2011-03-18,0.81
2011-03-21,0.79
2011-03-22,0.7999999999999998
2011-03-23,0.8300000000000001
2011-03-24,0.8099999999999996
2011-03-25,0.7700000000000005
2011-03-28,0.7399999999999998
2011-03-29,0.7599999999999998
2011-03-30,0.75
2011-03-31,0.7500000000000004
2011-04-01,0.79
2011-04-04,0.77
2011-04-05,0.7500000000000004
2011-04-06,0.7599999999999998
2011-04-07,0.77
2011-04-08,0.7200000000000006
2011-04-11,0.7100000000000004
2011-04-12,0.77
2011-04-13,0.7599999999999998
2011-04-14,0.77
2011-04-15,0.77
2011-04-18,0.75
2011-04-19,0.7300000000000004
2011-04-20,0.71
2011-04-21,0.7000000000000006
2011-04-22,0.7000000000000002
2011-04-25,0.6799999999999997
2011-04-26,0.7100000000000004
2011-04-27,0.7200000000000002
2011-04-28,0.7299999999999995
2011-04-29,0.7100000000000004
2011-05-02,0.6999999999999997
2011-05-03,0.69
2011-05-04,0.6799999999999997
2011-05-06,0.6799999999999997
2011-05-09,0.6900000000000004
2011-05-11,0.69
2011-05-12,0.6699999999999999
2011-05-13,0.71
2011-05-16,0.7399999999999998
2011-05-17,0.7199999999999998
2011-05-18,0.71
2011-05-19,0.71
2011-05-20,0.71
2011-05-23,0.6899999999999995
2011-05-24,0.6699999999999999
2011-05-25,0.6499999999999999
2011-05-26,0.6499999999999999
2011-05-27,0.6400000000000001
2011-05-30,0.6299999999999999
2011-05-31,0.6400000000000006
2011-06-01,0.6400000000000001
2011-06-02,0.6400000000000001
2011-06-03,0.6400000000000001
2011-06-07,0.6800000000000002
2011-06-08,0.6700000000000004
2011-06-09,0.6499999999999999
2011-06-10,0.6000000000000001
2011-06-13,0.5899999999999999
2011-06-14,0.5699999999999994
2011-06-15,0.5899999999999994
2011-06-16,0.5900000000000003
2011-06-17,0.5700000000000003
2011-06-20,0.5800000000000001
2011-06-21,0.5800000000000001
2011-06-22,0.5700000000000003
2011-06-23,0.5500000000000003
2011-06-24,0.5499999999999998
2011-06-27,0.5299999999999998
2011-06-28,0.5399999999999996
2011-06-29,0.52
2011-06-30,0.5300000000000002
2011-07-01,0.56
2011-07-04,0.5500000000000003
2011-07-05,0.5300000000000002
2011-07-06,0.5199999999999996
2011-07-07,0.5199999999999996
2011-07-08,0.48999999999999977
2011-07-11,0.49999999999999956
2011-07-12,0.4900000000000002
2011-07-13,0.46999999999999975
2011-07-14,0.4900000000000002
2011-07-15,0.48999999999999977
2011-07-18,0.4600000000000004
2011-07-19,0.4400000000000004
2011-07-20,0.41999999999999993
2011-07-21,0.41999999999999993
2011-07-22,0.3899999999999997
2011-07-25,0.37000000000000055
2011-07-26,0.39000000000000057
2011-07-27,0.4100000000000006
2011-07-28,0.38000000000000034
2011-07-29,0.3500000000000001
2011-08-01,0.3400000000000003
2011-08-02,0.33999999999999986
2011-08-03,0.3300000000000005
2011-08-04,0.3500000000000001
2011-08-05,0.3999999999999999
2011-08-08,0.4599999999999995
2011-08-09,0.5100000000000002
2011-08-10,0.48999999999999977
2011-08-11,0.3999999999999999
2011-08-12,0.4099999999999997
2011-08-16,0.41999999999999993
2011-08-17,0.3999999999999999
2011-08-18,0.3700000000000001
2011-08-19,0.34999999999999964
2011-08-22,0.36999999999999966
2011-08-23,0.3700000000000001
2011-08-24,0.3799999999999999
2011-08-25,0.3799999999999999
2011-08-26,0.3900000000000001
2011-08-29,0.3700000000000001
2011-08-30,0.3599999999999999
2011-08-31,0.36999999999999966
2011-09-01,0.3599999999999999
2011-09-02,0.3500000000000001
2011-09-05,0.2799999999999998
2011-09-06,0.2799999999999998
2011-09-07,0.25
2011-09-08,0.2400000000000002
2011-09-09,0.2400000000000002
2011-09-14,0.23999999999999977
2011-09-15,0.25
2011-09-16,0.28000000000000025
2011-09-19,0.28000000000000025
2011-09-20,0.3299999999999996
2011-09-21,0.3599999999999999
2011-09-22,0.3299999999999996
2011-09-23,0.3099999999999996
2011-09-26,0.33000000000000007
2011-09-27,0.3500000000000001
2011-09-28,0.3500000000000001
2011-09-29,0.3500000000000001
2011-09-30,0.40000000000000036
2011-10-04,0.33999999999999986
2011-10-05,0.33999999999999986
2011-10-06,0.3799999999999999
2011-10-07,0.3999999999999999
2011-10-10,0.3700000000000001
2011-10-11,0.3799999999999999
2011-10-12,0.3900000000000001
2011-10-13,0.3799999999999999
2011-10-14,0.3599999999999999
2011-10-17,0.3799999999999999
2011-10-18,0.3899999999999997
2011-10-19,0.3999999999999999
2011-10-20,0.41000000000000014
2011-10-21,0.4099999999999997
2011-10-24,0.41000000000000014
2011-10-25,0.41000000000000014
2011-10-26,0.41999999999999993
2011-10-27,0.40000000000000036
2011-10-28,0.3900000000000001
2011-10-31,0.3600000000000003
2011-11-01,0.3700000000000001
2011-11-02,0.36999999999999966
2011-11-03,0.3799999999999999
2011-11-04,0.3999999999999999
2011-11-07,0.41999999999999993
2011-11-08,0.3999999999999999
2011-11-09,0.3999999999999999
2011-11-10,0.4299999999999997
2011-11-11,0.41999999999999993
2011-11-14,0.44999999999999973
2011-11-15,0.4500000000000002
2011-11-16,0.4500000000000002
2011-11-17,0.44999999999999973
2011-11-18,0.4500000000000002
2011-11-21,0.4299999999999997
2011-11-22,0.3999999999999999
2011-11-23,0.3999999999999999
2011-11-24,0.3799999999999999
2011-11-25,0.3899999999999997
2011-11-28,0.3700000000000001
2011-11-29,0.3899999999999997
2011-11-30,0.3900000000000001
2011-12-01,0.41999999999999993
2011-12-02,0.41000000000000014
2011-12-05,0.41000000000000014
2011-12-06,0.4500000000000002
2011-12-07,0.45999999999999996
2011-12-08,0.43999999999999995
2011-12-09,0.43999999999999995
2011-12-12,0.4500000000000002
2011-12-13,0.44999999999999973
2011-12-14,0.4500000000000002
2011-12-15,0.44999999999999973
2011-12-16,0.45999999999999996
2011-12-19,0.45999999999999996
2011-12-20,0.4500000000000002
2011-12-21,0.4700000000000002
2011-12-22,0.4700000000000002
2011-12-23,0.46999999999999975
2011-12-26,0.4700000000000002
2011-12-27,0.45999999999999996
2011-12-28,0.45999999999999996
2011-12-29,0.4500000000000002
2011-12-30,0.4500000000000002
2012-01-02,0.4500000000000002
2012-01-03,0.44999999999999973
2012-01-04,0.44999999999999973
2012-01-05,0.4500000000000002
2012-01-06,0.43999999999999995
2012-01-09,0.41000000000000014
2012-01-10,0.41000000000000014
2012-01-11,0.41000000000000014
2012-01-12,0.41000000000000014
2012-01-13,0.41999999999999993
2012-01-16,0.43999999999999995
2012-01-17,0.43999999999999995
2012-01-18,0.43999999999999995
2012-01-19,0.41000000000000014
2012-01-20,0.41999999999999993
2012-01-25,0.3999999999999999
2012-01-26,0.41999999999999993
2012-01-27,0.41999999999999993
2012-01-30,0.41000000000000014
2012-01-31,0.3900000000000001
2012-02-01,0.3899999999999997
2012-02-02,0.3900000000000001
2012-02-03,0.3900000000000001
2012-02-06,0.3799999999999999
2012-02-07,0.3799999999999999
2012-02-08,0.3799999999999999
2012-02-09,0.36999999999999966
2012-02-10,0.3700000000000001
2012-02-13,0.3700000000000001
2012-02-14,0.3799999999999999
2012-02-15,0.3700000000000001
2012-02-16,0.3799999999999999
2012-02-17,0.3799999999999999
2012-02-20,0.3799999999999999
2012-02-21,0.3799999999999999
2012-02-22,0.3900000000000001
2012-02-23,0.3900000000000001
2012-02-24,0.3799999999999999
2012-02-27,0.3799999999999999
2012-02-28,0.3799999999999999
2012-02-29,0.36999999999999966
2012-03-02,0.3700000000000001
2012-03-05,0.3700000000000001
2012-03-06,0.3799999999999999
2012-03-07,0.3999999999999999
2012-03-08,0.3900000000000001
2012-03-09,0.3799999999999999
2012-03-12,0.3799999999999999
2012-03-13,0.3700000000000001
2012-03-14,0.3700000000000001
2012-03-15,0.38000000000000034
2012-03-16,0.38000000000000034
2012-03-19,0.3899999999999997
2012-03-20,0.4099999999999997
2012-03-21,0.41999999999999993
2012-03-22,0.4400000000000004
2012-03-23,0.43000000000000016
2012-03-26,0.41999999999999993
2012-03-27,0.41000000000000014
2012-03-28,0.41000000000000014
2012-03-29,0.4200000000000004
2012-03-30,0.41000000000000014
2012-04-02,0.41000000000000014
2012-04-03,0.3999999999999999
2012-04-04,0.41000000000000014
2012-04-05,0.41999999999999993
2012-04-06,0.41000000000000014
2012-04-09,0.41000000000000014
2012-04-10,0.41000000000000014
2012-04-12,0.41000000000000014
2012-04-13,0.4099999999999997
2012-04-16,0.4099999999999997
2012-04-17,0.3999999999999999
2012-04-18,0.3899999999999997
2012-04-19,0.3899999999999997
2012-04-20,0.3900000000000001
2012-04-23,0.3899999999999997
2012-04-24,0.3899999999999997
2012-04-25,0.3899999999999997
2012-04-26,0.3799999999999999
2012-04-27,0.3700000000000001
2012-04-30,0.3599999999999999
2012-05-02,0.3599999999999999
2012-05-03,0.3599999999999999
2012-05-04,0.3700000000000001
2012-05-07,0.3700000000000001
2012-05-08,0.3799999999999999
2012-05-09,0.3899999999999997
2012-05-10,0.3900000000000001
2012-05-11,0.3799999999999999
2012-05-14,0.3700000000000001
2012-05-15,0.3600000000000003
2012-05-16,0.3500000000000001
2012-05-17,0.3500000000000001
2012-05-18,0.3500000000000001
2012-05-21,0.3700000000000001
2012-05-22,0.38000000000000034
2012-05-23,0.3700000000000001
2012-05-24,0.3799999999999999
2012-05-25,0.3799999999999999
2012-05-29,0.38000000000000034
2012-05-30,0.3799999999999999
2012-05-31,0.3700000000000001
2012-06-01,0.3400000000000003
2012-06-04,0.31000000000000005
2012-06-05,0.3400000000000003
2012-06-07,0.3500000000000001
2012-06-08,0.31999999999999984
2012-06-11,0.3400000000000003
2012-06-12,0.33000000000000007
2012-06-13,0.33000000000000007
2012-06-14,0.3500000000000001
2012-06-15,0.3700000000000001
2012-06-18,0.3700000000000001
2012-06-19,0.3599999999999999
2012-06-20,0.3599999999999999
2012-06-21,0.3500000000000001
2012-06-22,0.3500000000000001
2012-06-25,0.33999999999999986
2012-06-26,0.33999999999999986
2012-06-27,0.33999999999999986
2012-06-28,0.3200000000000003
2012-06-29,0.3200000000000003
2012-07-02,0.31000000000000005
2012-07-03,0.29000000000000004
2012-07-04,0.29000000000000004
2012-07-05,0.29000000000000004
2012-07-06,0.31000000000000005
2012-07-09,0.31000000000000005
2012-07-10,0.3099999999999996
2012-07-11,0.31999999999999984
2012-07-12,0.31999999999999984
2012-07-13,0.31999999999999984
2012-07-16,0.29000000000000004
2012-07-17,0.28000000000000025
2012-07-18,0.27
2012-07-19,0.27
2012-07-20,0.27
2012-07-23,0.2400000000000002
2012-07-24,0.23999999999999977
2012-07-25,0.22999999999999998
2012-07-26,0.22999999999999998
2012-07-27,0.27
2012-07-30,0.2799999999999998
2012-07-31,0.29000000000000004
2012-08-01,0.31000000000000005
2012-08-02,0.31000000000000005
2012-08-03,0.2599999999999998
2012-08-06,0.25
2012-08-07,0.25
2012-08-08,0.25
2012-08-09,0.2400000000000002
2012-08-10,0.25
2012-08-13,0.2400000000000002
2012-08-14,0.23999999999999977
2012-08-16,0.2599999999999998
2012-08-17,0.2599999999999998
2012-08-20,0.2599999999999998
2012-08-21,0.26000000000000023
2012-08-22,0.26000000000000023
2012-08-23,0.2400000000000002
2012-08-24,0.25
2012-08-27,0.25
2012-08-28,0.25
2012-08-29,0.23999999999999977
2012-08-30,0.25
2012-08-31,0.26000000000000023
2012-09-03,0.25
2012-09-04,0.25
2012-09-05,0.23999999999999977
2012-09-06,0.2400000000000002
2012-09-07,0.2400000000000002
2012-09-10,0.2400000000000002
2012-09-11,0.22999999999999998
2012-09-12,0.2200000000000002
2012-09-13,0.19999999999999973
2012-09-14,0.2200000000000002
2012-09-17,0.22999999999999998
2012-09-18,0.22999999999999998
2012-09-19,0.2400000000000002
2012-09-20,0.22999999999999998
2012-09-21,0.22999999999999998
2012-09-24,0.23999999999999977
2012-09-25,0.2400000000000002
2012-09-26,0.23999999999999977
2012-09-27,0.23999999999999977
2012-09-28,0.22999999999999998
2012-10-02,0.2100000000000004
2012-10-04,0.20999999999999996
2012-10-05,0.20000000000000018
2012-10-08,0.20000000000000018
2012-10-09,0.20000000000000018
2012-10-10,0.20000000000000018
2012-10-11,0.17999999999999972
2012-10-12,0.18000000000000016
2012-10-15,0.18000000000000016
2012-10-16,0.18000000000000016
2012-10-17,0.16999999999999993
2012-10-18,0.18000000000000016
2012-10-19,0.20999999999999996
2012-10-22,0.20000000000000018
2012-10-23,0.20000000000000018
2012-10-24,0.19999999999999973
2012-10-25,0.19999999999999973
2012-10-26,0.20000000000000018
2012-10-29,0.18999999999999995
2012-10-30,0.20000000000000018
2012-10-31,0.18999999999999995
2012-11-01,0.18999999999999995
2012-11-02,0.1900000000000004
2012-11-05,0.1900000000000004
2012-11-06,0.2100000000000004
2012-11-07,0.2100000000000004
2012-11-08,0.20000000000000018
2012-11-09,0.18999999999999995
2012-11-12,0.18999999999999995
2012-11-13,0.18000000000000016
2012-11-14,0.18000000000000016
2012-11-15,0.1900000000000004
2012-11-16,0.18999999999999995
2012-11-19,0.18999999999999995
2012-11-20,0.1900000000000004
2012-11-21,0.1900000000000004
2012-11-22,0.18999999999999995
2012-11-23,0.18999999999999995
2012-11-26,0.20000000000000018
2012-11-27,0.20000000000000018
2012-11-28,0.18999999999999995
2012-11-29,0.18999999999999995
2012-11-30,0.18999999999999995
2012-12-03,0.18999999999999995
2012-12-04,0.20000000000000018
2012-12-05,0.2200000000000002
2012-12-06,0.23999999999999977
2012-12-07,0.25
2012-12-10,0.2599999999999998
2012-12-11,0.2599999999999998
2012-12-12,0.27
2012-12-13,0.28000000000000025
2012-12-14,0.2799999999999998
2012-12-17,0.28000000000000025
2012-12-18,0.29000000000000004
2012-12-20,0.3200000000000003
2012-12-21,0.33000000000000007
2012-12-24,0.33999999999999986
2012-12-26,0.3600000000000003
2012-12-27,0.3599999999999999
2012-12-28,0.3400000000000003
2012-12-31,0.3400000000000003
2013-01-02,0.3700000000000001
2013-01-03,0.3599999999999999
2013-01-04,0.3899999999999997
2013-01-07,0.3400000000000003
2013-01-08,0.3099999999999996
2013-01-09,0.2999999999999998
2013-01-10,0.31999999999999984
2013-01-11,0.29000000000000004
2013-01-14,0.28000000000000025
2013-01-15,0.2799999999999998
2013-01-16,0.2799999999999998
2013-01-17,0.27
2013-01-18,0.27
2013-01-21,0.2799999999999998
2013-01-22,0.29000000000000004
2013-01-23,0.2899999999999996
2013-01-24,0.29000000000000004
2013-01-25,0.28000000000000025
2013-01-28,0.2899999999999996
2013-01-29,0.29000000000000004
2013-01-30,0.3200000000000003
2013-01-31,0.3400000000000003
2013-02-01,0.3600000000000003
2013-02-04,0.3500000000000001
2013-02-05,0.33000000000000007
2013-02-06,0.34999999999999964
2013-02-07,0.33999999999999986
2013-02-08,0.33999999999999986
2013-02-12,0.33000000000000007
2013-02-13,0.3500000000000001
2013-02-14,0.3599999999999999
2013-02-15,0.3599999999999999
2013-02-18,0.3500000000000001
2013-02-19,0.33999999999999986
2013-02-20,0.33000000000000007
2013-02-21,0.33999999999999986
2013-02-22,0.33000000000000007
2013-02-25,0.33999999999999986
2013-02-26,0.33000000000000007
2013-02-27,0.30000000000000027
2013-02-28,0.31000000000000005
2013-03-04,0.31000000000000005
2013-03-05,0.30000000000000027
2013-03-06,0.31999999999999984
2013-03-07,0.33000000000000007
2013-03-08,0.33000000000000007
2013-03-11,0.33999999999999986
2013-03-12,0.3400000000000003
2013-03-13,0.3500000000000001
2013-03-14,0.33000000000000007
2013-03-15,0.3200000000000003
2013-03-18,0.31000000000000005
2013-03-19,0.2799999999999998
2013-03-20,0.2999999999999998
2013-03-21,0.30000000000000027
2013-03-22,0.29000000000000004
2013-03-25,0.2999999999999998
2013-03-26,0.2999999999999998
2013-03-27,0.2799999999999998
2013-03-28,0.2799999999999998
2013-03-29,0.2799999999999998
2013-04-01,0.31999999999999984
2013-04-02,0.3299999999999996
2013-04-03,0.3099999999999996
2013-04-04,0.31000000000000005
2013-04-05,0.31999999999999984
2013-04-08,0.2999999999999998
2013-04-09,0.2999999999999998
2013-04-10,0.31000000000000005
2013-04-11,0.28000000000000025
2013-04-12,0.29000000000000004
2013-04-15,0.31000000000000005
2013-04-16,0.29000000000000004
2013-04-17,0.27
2013-04-18,0.27
2013-04-19,0.26000000000000023
2013-04-22,0.25
2013-04-23,0.25
2013-04-24,0.2400000000000002
2013-04-25,0.2599999999999998
2013-04-26,0.2799999999999998
2013-04-29,0.29000000000000004
2013-04-30,0.2799999999999998
2013-05-02,0.29000000000000004
2013-05-03,0.27
2013-05-06,0.25
2013-05-07,0.2599999999999998
2013-05-08,0.27
2013-05-09,0.29000000000000004
2013-05-10,0.3200000000000003
2013-05-13,0.3200000000000003
2013-05-14,0.31000000000000005
2013-05-15,0.31999999999999984
2013-05-16,0.33000000000000007
2013-05-20,0.31999999999999984
2013-05-21,0.31999999999999984
2013-05-22,0.3200000000000003
2013-05-23,0.3200000000000003
2013-05-24,0.31999999999999984
2013-05-27,0.31000000000000005
2013-05-28,0.2999999999999998
2013-05-29,0.29000000000000004
2013-05-30,0.2999999999999998
2013-05-31,0.3400000000000003
2013-06-03,0.3400000000000003
2013-06-04,0.3500000000000001
2013-06-05,0.3500000000000001
2013-06-07,0.3599999999999999
2013-06-10,0.3599999999999999
2013-06-11,0.40000000000000036
2013-06-12,0.43000000000000016
2013-06-13,0.43000000000000016
2013-06-14,0.43000000000000016
2013-06-17,0.45999999999999996
2013-06-18,0.43999999999999995
2013-06-19,0.43000000000000016
2013-06-20,0.4700000000000002
2013-06-21,0.54
2013-06-24,0.56
2013-06-25,0.56
2013-06-26,0.5299999999999998
2013-06-27,0.46999999999999975
2013-06-28,0.52
2013-07-01,0.5199999999999996
2013-07-02,0.48
2013-07-03,0.5
2013-07-04,0.5299999999999998
2013-07-05,0.5499999999999998
2013-07-08,0.6099999999999999
2013-07-09,0.6099999999999999
2013-07-10,0.5899999999999999
2013-07-11,0.5300000000000002
2013-07-12,0.52
2013-07-15,0.56
2013-07-16,0.56
2013-07-17,0.5800000000000001
2013-07-18,0.56
2013-07-19,0.5699999999999998
2013-07-22,0.56
2013-07-23,0.5300000000000002
2013-07-24,0.54
2013-07-25,0.5699999999999998
2013-07-26,0.5699999999999998
2013-07-29,0.56
2013-07-30,0.56
2013-07-31,0.5700000000000003
2013-08-01,0.5700000000000003
2013-08-02,0.6200000000000001
2013-08-05,0.5899999999999999
2013-08-06,0.6000000000000001
2013-08-07,0.6499999999999999
2013-08-08,0.6600000000000001
2013-08-09,0.6699999999999999
2013-08-12,0.6400000000000001
2013-08-13,0.6499999999999999
2013-08-14,0.69
2013-08-16,0.71
2013-08-19,0.75
2013-08-20,0.7000000000000002
2013-08-21,0.69
2013-08-22,0.7399999999999998
2013-08-23,0.7600000000000002
2013-08-26,0.73
2013-08-27,0.7200000000000002
2013-08-28,0.6799999999999997
2013-08-29,0.6699999999999999
2013-08-30,0.6499999999999999
2013-09-02,0.6699999999999999
2013-09-03,0.6699999999999999
2013-09-04,0.6999999999999997
2013-09-05,0.71
2013-09-06,0.6999999999999997
2013-09-09,0.6399999999999997
2013-09-10,0.6499999999999999
2013-09-11,0.6099999999999999
2013-09-12,0.6199999999999997
2013-09-13,0.6399999999999997
2013-09-16,0.6299999999999999
2013-09-17,0.6200000000000001
2013-09-23,0.6000000000000001
2013-09-24,0.5700000000000003
2013-09-25,0.56
2013-09-26,0.6099999999999999
2013-09-27,0.6099999999999999
2013-09-30,0.6000000000000001
2013-10-01,0.6100000000000003
2013-10-02,0.5900000000000003
2013-10-04,0.5699999999999998
2013-10-07,0.5800000000000001
2013-10-08,0.6099999999999999
2013-10-10,0.6399999999999997
2013-10-11,0.6400000000000001
2013-10-14,0.6600000000000001
2013-10-15,0.6499999999999999
2013-10-16,0.6399999999999997
2013-10-17,0.6400000000000001
2013-10-18,0.6200000000000001
2013-10-21,0.6100000000000003
2013-10-22,0.6099999999999999
2013-10-23,0.56
2013-10-24,0.5700000000000003
2013-10-25,0.56
2013-10-28,0.5920000000000001
2013-10-29,0.581
2013-10-30,0.5630000000000002
2013-10-31,0.5790000000000002
2013-11-01,0.6060000000000003
2013-11-04,0.6109999999999998
2013-11-05,0.625
2013-11-06,0.613
2013-11-07,0.6120000000000001
2013-11-08,0.6059999999999999
2013-11-11,0.6240000000000001
2013-11-12,0.633
2013-11-13,0.621
2013-11-14,0.6359999999999997
2013-11-15,0.653
2013-11-18,0.653
2013-11-19,0.6819999999999999
2013-11-20,0.6800000000000002
2013-11-21,0.7029999999999998
2013-11-22,0.6930000000000001
2013-11-25,0.6859999999999999
2013-11-26,0.6739999999999999
2013-11-27,0.6649999999999996
2013-11-28,0.6669999999999998
2013-11-29,0.6620000000000004
2013-12-02,0.69
2013-12-03,0.6859999999999999
2013-12-04,0.7010000000000001
2013-12-05,0.7359999999999998
2013-12-06,0.7200000000000002
2013-12-09,0.6999999999999997
2013-12-10,0.6989999999999998
2013-12-11,0.7110000000000003
2013-12-12,0.7070000000000003
2013-12-13,0.7210000000000001
2013-12-16,0.7109999999999999
2013-12-17,0.722
2013-12-18,0.7220000000000004
2013-12-19,0.7400000000000002
2013-12-20,0.7479999999999998
2013-12-23,0.6990000000000003
2013-12-24,0.681
2013-12-26,0.6909999999999998
2013-12-27,0.7159999999999997
2013-12-30,0.7250000000000001
2013-12-31,0.7250000000000001
2014-01-02,0.7650000000000001
2014-01-03,0.7760000000000002
2014-01-06,0.7850000000000001
2014-01-07,0.786
2014-01-08,0.7869999999999999
2014-01-09,0.7789999999999999
2014-01-10,0.7389999999999999
2014-01-13,0.7319999999999998
2014-01-14,0.7400000000000002
2014-01-15,0.7599999999999998
2014-01-16,0.7590000000000003
2014-01-17,0.7549999999999999
2014-01-20,0.746
2014-01-21,0.754
2014-01-22,0.7639999999999998
2014-01-23,0.754
2014-01-24,0.726
2014-01-27,0.7240000000000002
2014-01-28,0.7290000000000001
2014-01-29,0.7320000000000002
2014-02-03,0.7269999999999999
2014-02-04,0.6919999999999997
2014-02-05,0.6909999999999998
2014-02-06,0.6930000000000001
2014-02-07,0.7090000000000001
2014-02-10,0.7009999999999996
2014-02-11,0.6859999999999999
2014-02-12,0.6879999999999997
2014-02-13,0.6579999999999999
2014-02-14,0.6389999999999998
2014-02-17,0.6499999999999999
2014-02-18,0.6619999999999999
2014-02-19,0.6440000000000001
2014-02-20,0.637
2014-02-21,0.6509999999999998
2014-02-24,0.6419999999999999
2014-02-25,0.6380000000000003
2014-02-26,0.6539999999999999
2014-02-27,0.6520000000000001
2014-02-28,0.6480000000000001
2014-03-03,0.6600000000000001
2014-03-04,0.6709999999999998
2014-03-05,0.6669999999999998
2014-03-06,0.6749999999999998
2014-03-07,0.685
2014-03-10,0.685
2014-03-11,0.6819999999999999
2014-03-12,0.6729999999999996
2014-03-13,0.665
2014-03-14,0.6440000000000001
2014-03-17,0.6680000000000001
2014-03-18,0.698
2014-03-19,0.6859999999999999
2014-03-20,0.6749999999999998
2014-03-21,0.6760000000000002
2014-03-24,0.6780000000000004
2014-03-25,0.665
2014-03-26,0.661
2014-03-27,0.6599999999999997
2014-03-28,0.6470000000000002
2014-03-31,0.6479999999999997
2014-04-01,0.6639999999999997
2014-04-02,0.6790000000000003
2014-04-03,0.6799999999999997
2014-04-04,0.6759999999999997
2014-04-07,0.6589999999999998
2014-04-08,0.6659999999999999
2014-04-09,0.6630000000000003
2014-04-10,0.673
2014-04-11,0.6739999999999999
2014-04-14,0.665
2014-04-15,0.661
2014-04-16,0.6589999999999998
2014-04-17,0.649
2014-04-18,0.661
2014-04-21,0.6750000000000003
2014-04-22,0.673
2014-04-23,0.6670000000000003
2014-04-24,0.669
2014-04-25,0.6559999999999997
2014-04-28,0.6509999999999998
2014-04-29,0.6499999999999999
2014-04-30,0.6539999999999999
2014-05-02,0.6459999999999999
2014-05-07,0.6160000000000001
2014-05-08,0.6109999999999998
2014-05-09,0.589
2014-05-12,0.5909999999999997
2014-05-13,0.593
2014-05-14,0.5900000000000003
2014-05-15,0.5489999999999999
2014-05-16,0.5500000000000003
2014-05-19,0.5399999999999996
2014-05-20,0.5379999999999998
2014-05-21,0.536
2014-05-22,0.5569999999999999
2014-05-23,0.552
2014-05-26,0.5419999999999998
2014-05-27,0.5390000000000001
2014-05-28,0.532
2014-05-29,0.5179999999999998
2014-05-30,0.5220000000000002
2014-06-02,0.5369999999999999
2014-06-03,0.5379999999999998
2014-06-05,0.544
2014-06-09,0.54
2014-06-10,0.5209999999999999
2014-06-11,0.532
2014-06-12,0.5289999999999999
2014-06-13,0.5669999999999997
2014-06-16,0.5939999999999999
2014-06-17,0.5739999999999998
2014-06-18,0.5760000000000001
2014-06-19,0.5699999999999998
2014-06-20,0.5510000000000002
2014-06-23,0.5449999999999999
2014-06-24,0.532
2014-06-25,0.5290000000000004
2014-06-26,0.5
2014-06-27,0.4889999999999999
2014-06-30,0.4889999999999999
2014-07-01,0.504
2014-07-02,0.5089999999999999
2014-07-03,0.5099999999999998
2014-07-04,0.5150000000000001
2014-07-07,0.5149999999999997
2014-07-08,0.512
2014-07-09,0.5419999999999998
2014-07-10,0.4950000000000001
2014-07-11,0.4770000000000003
2014-07-14,0.48
2014-07-15,0.472
2014-07-16,0.44700000000000006
2014-07-17,0.4440000000000004
2014-07-18,0.45199999999999996
2014-07-21,0.4790000000000001
2014-07-22,0.4820000000000002
2014-07-23,0.5060000000000002
2014-07-24,0.5180000000000002
2014-07-25,0.5099999999999998
2014-07-28,0.512
2014-07-29,0.516
2014-07-30,0.5230000000000001
2014-07-31,0.5369999999999999
2014-08-01,0.565
2014-08-04,0.56
2014-08-05,0.5470000000000002
2014-08-06,0.56
2014-08-07,0.5590000000000002
2014-08-08,0.5339999999999998
2014-08-11,0.5330000000000004
2014-08-12,0.5419999999999998
2014-08-13,0.5549999999999997
2014-08-14,0.5310000000000001
2014-08-18,0.5390000000000001
2014-08-19,0.5699999999999998
2014-08-20,0.5669999999999997
2014-08-21,0.5670000000000002
2014-08-22,0.5640000000000001
2014-08-25,0.5409999999999999
2014-08-26,0.5230000000000001
2014-08-27,0.5190000000000001
2014-08-28,0.532
2014-08-29,0.5229999999999997
2014-09-01,0.52
2014-09-02,0.5510000000000002
2014-09-03,0.5670000000000002
2014-09-04,0.56
2014-09-05,0.5590000000000002
2014-09-11,0.5859999999999999
2014-09-12,0.6019999999999999
2014-09-15,0.6419999999999999
2014-09-16,0.6799999999999997
2014-09-17,0.6649999999999996
2014-09-18,0.6569999999999996
2014-09-19,0.657
2014-09-22,0.6360000000000001
2014-09-23,0.6309999999999998
2014-09-24,0.6360000000000001
2014-09-25,0.6270000000000002
2014-09-26,0.6119999999999997
2014-09-29,0.5910000000000002
2014-09-30,0.5569999999999999
2014-10-01,0.585
2014-10-02,0.585
2014-10-06,0.5870000000000002
2014-10-07,0.5739999999999998
2014-10-08,0.5570000000000004
2014-10-10,0.5590000000000002
2014-10-13,0.5619999999999998
2014-10-14,0.5569999999999999
2014-10-15,0.5380000000000003
2014-10-16,0.4860000000000002
2014-10-17,0.48599999999999977
2014-10-20,0.5260000000000002
2014-10-21,0.5129999999999999
2014-10-22,0.52
2014-10-23,0.508
2014-10-24,0.48999999999999977
2014-10-27,0.5010000000000003
2014-10-28,0.5019999999999998
2014-10-29,0.4990000000000001
2014-10-30,0.488
2014-10-31,0.5070000000000001
2014-11-03,0.5369999999999999
2014-11-04,0.5329999999999999
2014-11-05,0.5430000000000001
2014-11-06,0.5609999999999999
2014-11-07,0.5800000000000001
2014-11-10,0.5680000000000001
2014-11-11,0.5429999999999997
2014-11-12,0.5539999999999998
2014-11-13,0.5630000000000002
2014-11-14,0.5719999999999996
2014-11-17,0.573
2014-11-18,0.5680000000000001
2014-11-19,0.5619999999999998
2014-11-20,0.5589999999999997
2014-11-21,0.5640000000000001
2014-11-24,0.5609999999999999
2014-11-25,0.5489999999999999
2014-11-26,0.536
2014-11-27,0.5350000000000001
2014-11-28,0.5150000000000001
2014-12-01,0.5169999999999999
2014-12-02,0.5249999999999999
2014-12-03,0.5590000000000002
2014-12-04,0.5570000000000004
2014-12-05,0.5590000000000002
2014-12-08,0.581
2014-12-09,0.5710000000000002
2014-12-10,0.5859999999999999
2014-12-11,0.5740000000000003
2014-12-12,0.5829999999999997
2014-12-15,0.569
2014-12-16,0.5390000000000001
2014-12-17,0.5259999999999998
2014-12-18,0.5420000000000003
2014-12-19,0.5419999999999998
2014-12-22,0.5099999999999998
2014-12-23,0.5149999999999997
2014-12-24,0.5110000000000001
2014-12-26,0.492
2014-12-29,0.4740000000000002
2014-12-30,0.4979999999999998
2014-12-31,0.5
2015-01-02,0.5250000000000004
2015-01-05,0.504
2015-01-06,0.476
2015-01-07,0.484
2015-01-08,0.48
2015-01-09,0.48
2015-01-12,0.44300000000000006
2015-01-13,0.4089999999999998
2015-01-14,0.39500000000000024
2015-01-15,0.40600000000000014
2015-01-16,0.33199999999999985
2015-01-19,0.347
2015-01-20,0.32899999999999974
2015-01-21,0.32699999999999996
2015-01-22,0.34199999999999964
2015-01-23,0.30200000000000005
2015-01-26,0.2759999999999998
2015-01-27,0.2709999999999999
2015-01-28,0.2549999999999999
2015-01-29,0.22899999999999987
2015-01-30,0.27000000000000024
2015-02-02,0.26
2015-02-03,0.2759999999999998
2015-02-04,0.28800000000000003
2015-02-05,0.30299999999999994
2015-02-06,0.31100000000000017
2015-02-09,0.31799999999999984
2015-02-10,0.2999999999999998
2015-02-11,0.3009999999999997
2015-02-12,0.33099999999999996
2015-02-13,0.3500000000000001
2015-02-16,0.3859999999999997
2015-02-17,0.3290000000000002
2015-02-23,0.3650000000000002
2015-02-24,0.371
2015-02-25,0.3380000000000001
2015-02-26,0.32600000000000007
2015-02-27,0.3190000000000004
2015-03-02,0.33000000000000007
2015-03-03,0.3619999999999999
2015-03-04,0.387
2015-03-05,0.377
2015-03-06,0.3860000000000001
2015-03-09,0.44700000000000006
2015-03-10,0.44999999999999996
2015-03-11,0.4089999999999998
2015-03-12,0.45100000000000007
2015-03-13,0.4869999999999999
2015-03-16,0.45899999999999985
2015-03-17,0.44699999999999984
2015-03-18,0.42300000000000004
2015-03-19,0.38700000000000023
2015-03-20,0.4099999999999999
2015-03-23,0.401
2015-03-24,0.39800000000000013
2015-03-25,0.3859999999999999
2015-03-26,0.399
2015-03-27,0.41000000000000014
2015-03-30,0.40400000000000014
2015-03-31,0.43900000000000006
2015-04-01,0.42999999999999994
2015-04-02,0.39800000000000013
2015-04-03,0.3719999999999999
2015-04-06,0.3540000000000001
2015-04-07,0.383
2015-04-08,0.385
2015-04-09,0.379
2015-04-10,0.35599999999999987
2015-04-13,0.3710000000000002
2015-04-14,0.3899999999999999
2015-04-15,0.4009999999999998
2015-04-16,0.43300000000000005
2015-04-17,0.42100000000000004
2015-04-20,0.44999999999999973
2015-04-21,0.46399999999999997
2015-04-22,0.46499999999999986
2015-04-23,0.5209999999999999
2015-04-24,0.5140000000000002
2015-04-27,0.504
2015-04-28,0.538
2015-04-29,0.5379999999999998
2015-04-30,0.5710000000000002
2015-05-04,0.5900000000000003
2015-05-06,0.5999999999999999
2015-05-07,0.5850000000000002
2015-05-08,0.5270000000000001
2015-05-11,0.5840000000000001
2015-05-12,0.655
2015-05-13,0.6739999999999997
2015-05-14,0.6410000000000002
2015-05-15,0.627
2015-05-18,0.6279999999999999
2015-05-19,0.6440000000000001
2015-05-20,0.6170000000000002
2015-05-21,0.6310000000000002
2015-05-22,0.609
2015-05-26,0.6429999999999998
2015-05-27,0.6380000000000001
2015-05-28,0.6120000000000001
2015-05-29,0.5629999999999997
2015-06-01,0.597
2015-06-02,0.6070000000000002
2015-06-03,0.6719999999999999
2015-06-04,0.7150000000000003
2015-06-05,0.7269999999999999
2015-06-08,0.754
2015-06-09,0.7010000000000001
2015-06-10,0.692
2015-06-11,0.7289999999999999
2015-06-12,0.7010000000000001
2015-06-15,0.736
2015-06-16,0.742
2015-06-17,0.7569999999999999
2015-06-18,0.738
2015-06-19,0.6749999999999998
2015-06-22,0.7189999999999999
2015-06-23,0.685
2015-06-24,0.6629999999999998
2015-06-25,0.6800000000000002
2015-06-26,0.677
2015-06-29,0.6570000000000003
2015-06-30,0.6580000000000001
2015-07-01,0.6660000000000001
2015-07-02,0.7019999999999997
2015-07-03,0.6959999999999997
2015-07-06,0.6359999999999999
2015-07-07,0.6719999999999999
2015-07-08,0.6619999999999999
2015-07-09,0.6819999999999999
2015-07-10,0.6959999999999997
2015-07-13,0.704
2015-07-14,0.708
2015-07-15,0.7000000000000002
2015-07-16,0.692
2015-07-17,0.6860000000000002
2015-07-20,0.6920000000000002
2015-07-21,0.6830000000000003
2015-07-22,0.6719999999999997
2015-07-23,0.6540000000000001
2015-07-24,0.6299999999999999
2015-07-27,0.6479999999999999
2015-07-28,0.6519999999999999
2015-07-29,0.6460000000000001
2015-07-30,0.655
2015-07-31,0.6599999999999999
2015-08-03,0.6420000000000001
2015-08-04,0.6349999999999998
2015-08-05,0.631
2015-08-06,0.6219999999999999
2015-08-07,0.6270000000000002
2015-08-10,0.593
2015-08-11,0.5859999999999999
2015-08-12,0.552
2015-08-13,0.565
2015-08-17,0.5559999999999998
2015-08-18,0.5570000000000002
2015-08-19,0.577
2015-08-20,0.5619999999999998
2015-08-21,0.5469999999999997
2015-08-24,0.496
2015-08-25,0.514
2015-08-26,0.53
2015-08-27,0.5469999999999997
2015-08-28,0.5670000000000002
2015-08-31,0.5599999999999998
2015-09-01,0.5779999999999998
2015-09-02,0.5700000000000001
2015-09-03,0.6059999999999999
2015-09-04,0.5960000000000001
2015-09-07,0.5730000000000002
2015-09-08,0.5589999999999999
2015-09-09,0.5730000000000002
2015-09-10,0.5750000000000002
2015-09-11,0.5820000000000001
2015-09-14,0.603
2015-09-15,0.5989999999999998
2015-09-16,0.6040000000000001
2015-09-17,0.5879999999999999
2015-09-18,0.5599999999999998
2015-09-21,0.5409999999999999
2015-09-22,0.524
2015-09-23,0.5170000000000001
2015-09-24,0.5300000000000002
2015-09-25,0.5189999999999999
2015-09-30,0.4929999999999999
2015-10-01,0.5110000000000001
2015-10-02,0.4979999999999998
2015-10-05,0.46499999999999986
2015-10-06,0.45899999999999985
2015-10-07,0.4730000000000001
2015-10-08,0.4760000000000002
2015-10-12,0.5030000000000001
2015-10-13,0.4860000000000002
2015-10-14,0.4670000000000001
2015-10-15,0.43700000000000006
2015-10-16,0.44199999999999995
2015-10-19,0.45399999999999996
2015-10-20,0.4590000000000003
2015-10-21,0.45999999999999996
2015-10-22,0.46799999999999997
2015-10-23,0.45500000000000007
2015-10-26,0.45199999999999996
2015-10-27,0.43400000000000016
2015-10-28,0.41000000000000014
2015-10-29,0.4119999999999999
2015-10-30,0.4540000000000002
2015-11-02,0.45999999999999996
2015-11-03,0.488
2015-11-04,0.488
2015-11-05,0.46599999999999997
2015-11-06,0.4790000000000001
2015-11-09,0.5030000000000001
2015-11-10,0.4930000000000001
2015-11-11,0.5099999999999998
2015-11-12,0.5390000000000001
2015-11-13,0.5539999999999998
2015-11-16,0.5339999999999998
2015-11-17,0.5459999999999998
2015-11-18,0.5399999999999998
2015-11-19,0.5239999999999998
2015-11-20,0.5070000000000001
2015-11-23,0.5269999999999999
2015-11-24,0.512
2015-11-25,0.4810000000000001
2015-11-26,0.46099999999999985
2015-11-27,0.47299999999999986
2015-11-30,0.46199999999999997
2015-12-01,0.5029999999999999
2015-12-02,0.4939999999999998
2015-12-03,0.5089999999999999
2015-12-04,0.5200000000000002
2015-12-07,0.512
2015-12-08,0.4670000000000001
2015-12-09,0.44799999999999995
2015-12-10,0.4710000000000001
2015-12-11,0.4949999999999999
2015-12-14,0.4890000000000001
2015-12-15,0.47699999999999987
2015-12-16,0.47
2015-12-17,0.43599999999999994
2015-12-18,0.4249999999999998
2015-12-21,0.44200000000000017
2015-12-22,0.44199999999999995
2015-12-23,0.44599999999999995
2015-12-24,0.43999999999999995
2015-12-28,0.41999999999999993
2015-12-29,0.4149999999999998
2015-12-30,0.41400000000000015
2015-12-31,0.41400000000000015
2016-01-04,0.40500000000000025
2016-01-05,0.4139999999999999
2016-01-06,0.39600000000000013
2016-01-07,0.3760000000000001
2016-01-08,0.3919999999999999
2016-01-11,0.3899999999999999
2016-01-12,0.39800000000000013
2016-01-13,0.3919999999999999
2016-01-14,0.385
2016-01-15,0.3760000000000001
2016-01-18,0.39300000000000024
2016-01-19,0.42100000000000004
2016-01-20,0.3849999999999998
2016-01-21,0.3840000000000001
2016-01-22,0.4159999999999999
2016-01-25,0.399
2016-01-26,0.391
2016-01-27,0.4089999999999998
2016-01-28,0.3999999999999997
2016-01-29,0.41500000000000004
2016-02-01,0.397
2016-02-02,0.3999999999999999
2016-02-03,0.369
2016-02-04,0.3680000000000001
2016-02-05,0.3759999999999999
2016-02-11,0.31600000000000006
2016-02-12,0.32499999999999996
2016-02-15,0.34099999999999997
2016-02-16,0.34999999999999987
2016-02-17,0.349
2016-02-18,0.35399999999999987
2016-02-19,0.3460000000000001
2016-02-22,0.3500000000000001
2016-02-23,0.34999999999999987
2016-02-24,0.345
2016-02-25,0.3380000000000001
2016-02-26,0.32600000000000007
2016-02-29,0.3320000000000001
2016-03-02,0.3579999999999999
2016-03-03,0.3660000000000001
2016-03-04,0.3599999999999999
2016-03-07,0.365
2016-03-08,0.3639999999999999
2016-03-09,0.3800000000000001
2016-03-10,0.363
2016-03-11,0.3719999999999999
2016-03-14,0.383
2016-03-15,0.3740000000000001
2016-03-16,0.3699999999999999
2016-03-17,0.3470000000000002
2016-03-18,0.33599999999999985
2016-03-21,0.3320000000000001
2016-03-22,0.33499999999999996
2016-03-23,0.355
2016-03-24,0.3480000000000001
2016-03-25,0.33999999999999986
2016-03-28,0.355
2016-03-29,0.349
2016-03-30,0.33099999999999996
2016-03-31,0.349
2016-04-01,0.3480000000000001
2016-04-04,0.32600000000000007
2016-04-05,0.33399999999999985
2016-04-06,0.32899999999999996
2016-04-07,0.33299999999999996
2016-04-08,0.33099999999999996
2016-04-11,0.32800000000000007
2016-04-12,0.32599999999999985
2016-04-14,0.3420000000000001
2016-04-15,0.3460000000000001
2016-04-18,0.3380000000000001
2016-04-19,0.3370000000000002
2016-04-20,0.33000000000000007
2016-04-21,0.34199999999999986
2016-04-22,0.3560000000000001
2016-04-25,0.3759999999999999
2016-04-26,0.3640000000000001
2016-04-27,0.355
2016-04-28,0.351
2016-04-29,0.34099999999999997
2016-05-02,0.34199999999999986
2016-05-03,0.34999999999999987
2016-05-04,0.33899999999999997
2016-05-09,0.35399999999999987
2016-05-10,0.3560000000000001
2016-05-11,0.34799999999999986
2016-05-12,0.3420000000000001
2016-05-13,0.32600000000000007
2016-05-16,0.33099999999999996
2016-05-17,0.33599999999999985
2016-05-18,0.32899999999999996
2016-05-19,0.33699999999999997
2016-05-20,0.33199999999999985
2016-05-23,0.33299999999999996
2016-05-24,0.32299999999999995
2016-05-25,0.32399999999999984
2016-05-26,0.32200000000000006
2016-05-27,0.31000000000000005
2016-05-30,0.31000000000000005
2016-05-31,0.31499999999999995
2016-06-01,0.31899999999999995
2016-06-02,0.31999999999999984
2016-06-03,0.31499999999999995
2016-06-07,0.31000000000000005
2016-06-08,0.3190000000000002
2016-06-09,0.31499999999999995
2016-06-10,0.32999999999999985
2016-06-13,0.30400000000000005
2016-06-14,0.29800000000000004
2016-06-15,0.28300000000000014
2016-06-16,0.2609999999999999
2016-06-17,0.262
2016-06-20,0.28200000000000003
2016-06-21,0.27300000000000013
2016-06-22,0.2829999999999999
2016-06-23,0.29000000000000004
2016-06-24,0.2509999999999999
2016-06-27,0.248
2016-06-28,0.238
2016-06-29,0.22100000000000009
2016-06-30,0.22199999999999998
2016-07-01,0.19900000000000007
2016-07-04,0.19100000000000006
2016-07-05,0.20399999999999996
2016-07-06,0.17999999999999994
2016-07-07,0.17199999999999993
2016-07-08,0.17199999999999993
2016-07-11,0.16699999999999982
2016-07-12,0.17099999999999982
2016-07-13,0.18199999999999994
2016-07-14,0.16900000000000004
2016-07-15,0.17099999999999982
2016-07-18,0.18599999999999994
2016-07-19,0.19899999999999984
2016-07-20,0.19699999999999984
2016-07-21,0.20599999999999996
2016-07-22,0.19099999999999984
2016-07-25,0.19999999999999996
2016-07-26,0.19100000000000006
2016-07-27,0.18100000000000005
2016-07-28,0.15399999999999991
2016-07-29,0.16999999999999993
2016-08-01,0.15100000000000002
2016-08-02,0.16599999999999993
2016-08-03,0.17799999999999994
2016-08-04,0.17500000000000004
2016-08-05,0.1629999999999998
2016-08-08,0.18300000000000005
2016-08-09,0.17999999999999994
2016-08-10,0.17599999999999993
2016-08-11,0.17399999999999993
2016-08-12,0.17999999999999994
2016-08-16,0.17599999999999993
2016-08-17,0.20099999999999985
2016-08-18,0.18700000000000006
2016-08-19,0.19099999999999984
2016-08-22,0.20300000000000007
2016-08-23,0.19399999999999995
2016-08-24,0.18899999999999983
2016-08-25,0.18599999999999994
2016-08-26,0.18199999999999994
2016-08-29,0.17300000000000004
2016-08-30,0.16600000000000015
2016-08-31,0.16999999999999993
2016-09-01,0.19100000000000006
2016-09-02,0.20399999999999996
2016-09-05,0.20399999999999996
2016-09-06,0.20599999999999996
2016-09-07,0.18100000000000005
2016-09-08,0.18100000000000005
2016-09-09,0.18399999999999994
2016-09-12,0.21099999999999985
2016-09-13,0.22199999999999998
2016-09-19,0.2370000000000001
2016-09-20,0.23899999999999988
2016-09-21,0.2650000000000001
2016-09-22,0.22299999999999986
2016-09-23,0.19700000000000006
2016-09-26,0.18700000000000006
2016-09-27,0.18900000000000006
2016-09-28,0.16399999999999992
2016-09-29,0.15900000000000003
2016-09-30,0.1509999999999998
2016-10-04,0.17900000000000005
2016-10-05,0.19399999999999995
2016-10-06,0.21500000000000008
2016-10-07,0.20499999999999985
2016-10-10,0.21100000000000008
2016-10-11,0.2430000000000001
2016-10-12,0.242
2016-10-13,0.21999999999999997
2016-10-14,0.2310000000000001
2016-10-17,0.2649999999999999
2016-10-18,0.2630000000000001
2016-10-19,0.26
2016-10-20,0.2589999999999999
2016-10-21,0.24499999999999988
2016-10-24,0.2270000000000001
2016-10-25,0.242
2016-10-26,0.22799999999999998
2016-10-27,0.2510000000000001
2016-10-28,0.28
2016-10-31,0.25
2016-11-01,0.2789999999999999
2016-11-02,0.258
2016-11-03,0.2510000000000001
2016-11-04,0.2629999999999999
2016-11-07,0.28100000000000014
2016-11-08,0.2769999999999999
2016-11-09,0.26900000000000013
2016-11-10,0.35399999999999987
2016-11-11,0.42999999999999994
2016-11-14,0.45099999999999985
2016-11-15,0.40800000000000014
2016-11-16,0.395
2016-11-17,0.3729999999999998
2016-11-18,0.39600000000000013
2016-11-21,0.395
2016-11-22,0.389
2016-11-23,0.3639999999999999
2016-11-24,0.371
2016-11-25,0.3730000000000002
2016-11-28,0.389
2016-11-29,0.43199999999999994
2016-11-30,0.43400000000000016
2016-12-01,0.476
2016-12-02,0.5129999999999999
2016-12-05,0.46299999999999986
2016-12-06,0.46599999999999975
2016-12-07,0.46299999999999986
2016-12-08,0.44899999999999984
2016-12-09,0.47199999999999975
2016-12-12,0.536
2016-12-13,0.526
2016-12-14,0.4869999999999999
2016-12-15,0.4990000000000001
2016-12-16,0.47899999999999987
2016-12-19,0.4740000000000002
2016-12-20,0.44899999999999984
2016-12-21,0.4229999999999998
2016-12-22,0.44499999999999984
2016-12-23,0.44899999999999984
2016-12-26,0.44499999999999984
2016-12-27,0.4630000000000001
2016-12-28,0.44100000000000006
2016-12-29,0.43599999999999994
2016-12-30,0.43599999999999994
2017-01-02,0.41700000000000026
2017-01-03,0.44399999999999995
2017-01-04,0.4660000000000002
2017-01-05,0.4570000000000001
2017-01-06,0.45100000000000007
2017-01-09,0.4690000000000001
2017-01-10,0.4570000000000001
2017-01-11,0.47299999999999986
2017-01-12,0.4419999999999997
2017-01-13,0.4610000000000001
2017-01-16,0.4860000000000002
2017-01-17,0.474
2017-01-18,0.4740000000000002
2017-01-19,0.492
2017-01-20,0.474
2017-01-23,0.4850000000000001
2017-01-24,0.474
2017-01-25,0.486
2017-01-26,0.506
2017-01-31,0.47999999999999976
2017-02-01,0.488
2017-02-02,0.48099999999999987
2017-02-03,0.4990000000000001
2017-02-06,0.4940000000000002
2017-02-07,0.4929999999999999
2017-02-08,0.478
2017-02-09,0.474
2017-02-10,0.4829999999999999
2017-02-13,0.4869999999999999
2017-02-14,0.48199999999999976
2017-02-15,0.492
2017-02-16,0.4880000000000002
2017-02-17,0.47999999999999976
2017-02-20,0.5140000000000002
2017-02-21,0.5309999999999999
2017-02-22,0.556
2017-02-23,0.53
2017-02-24,0.5089999999999999
2017-02-27,0.5090000000000001
2017-02-28,0.492
2017-03-02,0.5110000000000001
2017-03-03,0.5179999999999998
2017-03-06,0.5179999999999998
2017-03-07,0.526
2017-03-08,0.518
2017-03-09,0.5290000000000001
2017-03-10,0.538
2017-03-13,0.5360000000000003
2017-03-14,0.532
2017-03-15,0.5129999999999999
2017-03-16,0.4810000000000001
2017-03-17,0.5039999999999998
2017-03-20,0.5150000000000001
2017-03-21,0.516
2017-03-22,0.49
2017-03-23,0.4849999999999999
2017-03-24,0.4969999999999999
2017-03-27,0.5
2017-03-28,0.504
2017-03-29,0.5059999999999998
2017-03-30,0.5190000000000001
2017-03-31,0.5150000000000001
2017-04-03,0.5090000000000001
2017-04-04,0.4929999999999999
2017-04-05,0.4870000000000001
2017-04-06,0.5029999999999999
2017-04-07,0.512
2017-04-10,0.5310000000000001
2017-04-11,0.5110000000000001
2017-04-12,0.5190000000000001
2017-04-13,0.4980000000000002
2017-04-14,0.508
2017-04-17,0.5
2017-04-18,0.498
2017-04-19,0.4740000000000002
2017-04-20,0.4700000000000002
2017-04-21,0.4810000000000001
2017-04-24,0.504
2017-04-25,0.5169999999999999
2017-04-26,0.5249999999999999
2017-04-27,0.5230000000000001
2017-04-28,0.5210000000000001
2017-05-02,0.5460000000000003
2017-05-04,0.5299999999999998
2017-05-08,0.5349999999999999
2017-05-10,0.5659999999999998
2017-05-11,0.579
2017-05-12,0.5790000000000002
2017-05-15,0.5910000000000002
2017-05-16,0.5840000000000001
2017-05-17,0.5650000000000002
2017-05-18,0.5650000000000002
2017-05-19,0.567
2017-05-22,0.5869999999999997
2017-05-23,0.5730000000000002
2017-05-24,0.5780000000000001
2017-05-25,0.565
2017-05-26,0.56
2017-05-29,0.5730000000000002
2017-05-30,0.565
2017-05-31,0.569
2017-06-01,0.5670000000000002
2017-06-02,0.5790000000000002
2017-06-05,0.554
2017-06-07,0.5390000000000001
2017-06-08,0.536
2017-06-09,0.5410000000000001
2017-06-12,0.5249999999999999
2017-06-13,0.516
2017-06-14,0.4889999999999999
2017-06-15,0.4410000000000003
2017-06-16,0.45799999999999996
2017-06-19,0.47499999999999987
2017-06-20,0.45699999999999985
2017-06-21,0.44599999999999995
2017-06-22,0.4339999999999997
2017-06-23,0.44100000000000006
2017-06-26,0.43800000000000017
2017-06-27,0.43699999999999983
2017-06-28,0.46699999999999986
2017-06-29,0.4840000000000002
2017-06-30,0.516
2017-07-03,0.5189999999999999
2017-07-04,0.5319999999999998
2017-07-05,0.532
2017-07-06,0.5310000000000001
2017-07-07,0.542
2017-07-10,0.5330000000000001
2017-07-11,0.5179999999999998
2017-07-12,0.5099999999999998
2017-07-13,0.4929999999999999
2017-07-14,0.4990000000000001
2017-07-17,0.5179999999999998
2017-07-18,0.5099999999999998
2017-07-19,0.5109999999999999
2017-07-20,0.4970000000000001
2017-07-21,0.4979999999999998
2017-07-24,0.5000000000000002
2017-07-25,0.4979999999999998
2017-07-26,0.516
2017-07-27,0.5029999999999999
2017-07-28,0.506
2017-07-31,0.502
2017-08-01,0.5249999999999999
2017-08-02,0.5169999999999999
2017-08-03,0.5129999999999999
2017-08-04,0.5089999999999999
2017-08-07,0.5130000000000001
2017-08-08,0.506
2017-08-09,0.5050000000000001
2017-08-10,0.498
2017-08-11,0.498
2017-08-14,0.4990000000000001
2017-08-16,0.5109999999999999
2017-08-17,0.5189999999999999
2017-08-18,0.5370000000000001
2017-08-21,0.5199999999999998
2017-08-22,0.5049999999999999
2017-08-23,0.5000000000000002
2017-08-24,0.4880000000000002
2017-08-25,0.4980000000000002
2017-08-28,0.4929999999999999
2017-08-29,0.4890000000000001
2017-08-30,0.4970000000000001
2017-08-31,0.5149999999999999
2017-09-01,0.5239999999999998
2017-09-04,0.5230000000000001
2017-09-05,0.526
2017-09-06,0.5049999999999999
2017-09-07,0.4929999999999999
2017-09-08,0.4820000000000002
2017-09-11,0.494
2017-09-12,0.498
2017-09-13,0.5
2017-09-14,0.5020000000000002
2017-09-15,0.5090000000000001
2017-09-18,0.5230000000000001
2017-09-19,0.5150000000000001
2017-09-20,0.5049999999999999
2017-09-21,0.4989999999999999
2017-09-22,0.4929999999999999
2017-09-25,0.484
2017-09-26,0.478
2017-09-27,0.47299999999999986
2017-09-28,0.5060000000000002
2017-09-29,0.4910000000000001
2017-10-10,0.4800000000000002
2017-10-11,0.4890000000000001
2017-10-12,0.488
2017-10-13,0.4750000000000001
2017-10-16,0.4710000000000001
2017-10-17,0.45399999999999974
2017-10-18,0.45699999999999985
2017-10-19,0.42300000000000004
2017-10-20,0.383
2017-10-23,0.42200000000000015
2017-10-24,0.399
2017-10-25,0.40600000000000014
2017-10-26,0.3610000000000002
2017-10-27,0.3719999999999999
2017-10-30,0.3839999999999999
2017-10-31,0.40700000000000003
2017-11-01,0.40700000000000003
2017-11-02,0.3999999999999999
2017-11-03,0.3929999999999998
2017-11-06,0.3969999999999998
2017-11-07,0.40600000000000014
2017-11-08,0.387
2017-11-09,0.3900000000000001
2017-11-10,0.40700000000000003
2017-11-13,0.403
2017-11-14,0.399
2017-11-15,0.39400000000000013
2017-11-16,0.39300000000000024
2017-11-17,0.395
2017-11-20,0.3899999999999997
2017-11-21,0.387
2017-11-22,0.371
2017-11-23,0.387
2017-11-24,0.3679999999999999
2017-11-27,0.3780000000000001
2017-11-28,0.36499999999999977
2017-11-29,0.3679999999999999
2017-11-30,0.4019999999999997
2017-12-01,0.4079999999999999
2017-12-04,0.4019999999999997
2017-12-05,0.3899999999999997
2017-12-06,0.383
2017-12-07,0.38800000000000034
2017-12-08,0.39200000000000035
2017-12-11,0.395
2017-12-12,0.379
2017-12-13,0.375
2017-12-14,0.3700000000000001
2017-12-15,0.355
2017-12-18,0.34299999999999997
2017-12-19,0.3540000000000001
2017-12-20,0.3799999999999999
2017-12-21,0.38900000000000023
2017-12-22,0.3650000000000002
2017-12-26,0.3620000000000001
2017-12-27,0.347
2017-12-28,0.33499999999999996
2017-12-29,0.3340000000000001
2018-01-02,0.36999999999999966
2018-01-03,0.3810000000000002
2018-01-04,0.3810000000000002
2018-01-05,0.4189999999999996
2018-01-08,0.40500000000000025
2018-01-09,0.4159999999999999
2018-01-10,0.46499999999999986
2018-01-11,0.43699999999999983
2018-01-12,0.4490000000000003
2018-01-15,0.43500000000000005
2018-01-16,0.4159999999999999
2018-01-17,0.40900000000000025
2018-01-18,0.44799999999999995
2018-01-19,0.46799999999999997
2018-01-22,0.4490000000000003
2018-01-23,0.46199999999999974
2018-01-24,0.44700000000000006
2018-01-25,0.4460000000000002
2018-01-26,0.45699999999999985
2018-01-29,0.4630000000000001
2018-01-30,0.48
2018-01-31,0.4950000000000001
2018-02-01,0.5069999999999997
2018-02-02,0.5059999999999998
2018-02-05,0.516
2018-02-06,0.496
2018-02-07,0.46999999999999975
2018-02-08,0.4720000000000004
2018-02-09,0.4790000000000001
2018-02-12,0.504
2018-02-13,0.5019999999999998
2018-02-14,0.4979999999999998
2018-02-19,0.496
2018-02-20,0.4910000000000001
2018-02-21,0.4950000000000001
2018-02-22,0.5
2018-02-23,0.5069999999999997
2018-02-26,0.5
2018-02-27,0.472
2018-02-28,0.4700000000000002
2018-03-02,0.45100000000000007
2018-03-05,0.42600000000000016
2018-03-06,0.44700000000000006
2018-03-07,0.4299999999999997
2018-03-08,0.44399999999999995
2018-03-09,0.45100000000000007
2018-03-12,0.45399999999999974
2018-03-13,0.44499999999999984
2018-03-14,0.43699999999999983
2018-03-15,0.4360000000000004
2018-03-16,0.4370000000000003
2018-03-19,0.4490000000000003
2018-03-20,0.4460000000000002
2018-03-21,0.43199999999999994
2018-03-22,0.43800000000000017
2018-03-23,0.42500000000000027
2018-03-26,0.4429999999999996
2018-03-27,0.44399999999999995
2018-03-28,0.41800000000000015
2018-03-29,0.41500000000000004
2018-03-30,0.4079999999999999
2018-04-02,0.4179999999999997
2018-04-03,0.44099999999999984
2018-04-04,0.44899999999999984
2018-04-05,0.4580000000000002
2018-04-06,0.45100000000000007
2018-04-09,0.4460000000000002
2018-04-10,0.43699999999999983
2018-04-11,0.43100000000000005
2018-04-12,0.42399999999999993
2018-04-13,0.4480000000000004
2018-04-16,0.45599999999999996
2018-04-17,0.4580000000000002
2018-04-18,0.45599999999999996
2018-04-19,0.45199999999999996
2018-04-20,0.47099999999999964
2018-04-23,0.4900000000000002
2018-04-24,0.4990000000000001
2018-04-25,0.516
2018-04-26,0.5150000000000001
2018-04-27,0.4990000000000001
2018-04-30,0.4969999999999999
2018-05-02,0.5139999999999998
2018-05-03,0.5049999999999999
2018-05-04,0.4810000000000003
2018-05-08,0.476
2018-05-09,0.496
2018-05-10,0.496
2018-05-11,0.4990000000000001
2018-05-14,0.48599999999999977
2018-05-15,0.5020000000000002
2018-05-16,0.5089999999999999
2018-05-17,0.5339999999999998
2018-05-18,0.5340000000000003
2018-05-21,0.5180000000000002
2018-05-23,0.512
2018-05-24,0.5290000000000004
2018-05-25,0.5180000000000002
2018-05-28,0.5179999999999998
2018-05-29,0.504
2018-05-30,0.5049999999999999
2018-05-31,0.5
2018-06-01,0.5099999999999998
2018-06-04,0.52
2018-06-05,0.5150000000000001
2018-06-07,0.5329999999999999
2018-06-08,0.5249999999999999
2018-06-11,0.5090000000000003
2018-06-12,0.4980000000000002
2018-06-14,0.484
2018-06-15,0.4860000000000002
2018-06-18,0.472
2018-06-19,0.45599999999999996
2018-06-20,0.45500000000000007
2018-06-21,0.44499999999999984
2018-06-22,0.4610000000000003
2018-06-25,0.4620000000000002
2018-06-26,0.46999999999999975
2018-06-27,0.4540000000000002
2018-06-28,0.4429999999999996
2018-06-29,0.43400000000000016
2018-07-02,0.4069999999999996
2018-07-03,0.43900000000000006
2018-07-04,0.43100000000000005
2018-07-05,0.45199999999999996
2018-07-06,0.4540000000000002
2018-07-09,0.4509999999999996
2018-07-10,0.45799999999999974
2018-07-11,0.4580000000000002
2018-07-12,0.45199999999999996
2018-07-13,0.45100000000000007
2018-07-16,0.45799999999999974
2018-07-17,0.4580000000000002
2018-07-18,0.4429999999999996
2018-07-19,0.45100000000000007
2018-07-20,0.44499999999999984
2018-07-23,0.4580000000000002
2018-07-24,0.4830000000000001
2018-07-25,0.46699999999999964
2018-07-26,0.47899999999999965
2018-07-27,0.4590000000000001
2018-07-30,0.44499999999999984
2018-07-31,0.44399999999999995
2018-08-01,0.46499999999999986
2018-08-02,0.46099999999999985
2018-08-03,0.472
2018-08-06,0.46399999999999997
2018-08-07,0.4750000000000001
2018-08-08,0.4870000000000001
2018-08-09,0.4710000000000001
2018-08-10,0.4500000000000002
2018-08-13,0.45399999999999974
2018-08-14,0.43999999999999995
2018-08-16,0.42500000000000027
2018-08-17,0.43399999999999994
2018-08-20,0.42199999999999993
2018-08-21,0.46199999999999974
2018-08-22,0.44000000000000017
2018-08-23,0.43199999999999994
2018-08-24,0.4179999999999997
2018-08-27,0.4079999999999999
2018-08-28,0.389
2018-08-29,0.40700000000000003
2018-08-30,0.387
2018-08-31,0.395
2018-09-03,0.3699999999999999
2018-09-04,0.381
2018-09-05,0.3690000000000002
2018-09-06,0.3620000000000001
2018-09-07,0.34899999999999975
2018-09-10,0.3400000000000001
2018-09-11,0.3500000000000001
2018-09-12,0.361
2018-09-13,0.34099999999999997
2018-09-14,0.3490000000000002
2018-09-17,0.34899999999999975
2018-09-18,0.3570000000000002
2018-09-19,0.3780000000000001
2018-09-20,0.3929999999999998
2018-09-21,0.3900000000000001
2018-09-27,0.3690000000000002
2018-09-28,0.3520000000000003
2018-10-01,0.3620000000000001
2018-10-02,0.35599999999999987
2018-10-04,0.379
2018-10-05,0.3689999999999998
2018-10-08,0.36199999999999966
2018-10-10,0.35399999999999965
2018-10-11,0.3490000000000002
2018-10-12,0.3490000000000002
2018-10-15,0.32899999999999974
2018-10-16,0.33199999999999985
2018-10-17,0.31800000000000006
2018-10-18,0.31200000000000006
2018-10-19,0.32899999999999996
2018-10-22,0.33499999999999996
2018-10-23,0.31799999999999984
2018-10-24,0.30200000000000005
2018-10-25,0.28700000000000014
2018-10-26,0.28000000000000025
2018-10-29,0.2769999999999999
2018-10-30,0.29000000000000004
2018-10-31,0.3039999999999998
2018-11-01,0.30899999999999994
2018-11-02,0.30099999999999993
2018-11-05,0.29699999999999993
2018-11-06,0.31099999999999994
2018-11-07,0.29499999999999993
2018-11-08,0.29100000000000015
2018-11-09,0.27300000000000013
2018-11-12,0.2649999999999999
2018-11-13,0.2709999999999999
2018-11-14,0.2729999999999999
2018-11-15,0.2879999999999998
2018-11-16,0.27300000000000013
2018-11-19,0.2590000000000001
2018-11-20,0.266
2018-11-21,0.2630000000000001
2018-11-22,0.264
2018-11-23,0.2550000000000001
2018-11-26,0.2529999999999999
2018-11-27,0.242
2018-11-28,0.23499999999999988
2018-11-29,0.22499999999999987
2018-11-30,0.20899999999999985
2018-12-03,0.20400000000000018
2018-12-04,0.18799999999999994
2018-12-05,0.1569999999999998
2018-12-06,0.14400000000000013
2018-12-07,0.15900000000000003
2018-12-10,0.17500000000000004
2018-12-11,0.18799999999999994
2018-12-12,0.20699999999999985
2018-12-13,0.22299999999999986
2018-12-14,0.22099999999999986
2018-12-17,0.20900000000000007
2018-12-18,0.18600000000000017
2018-12-19,0.14900000000000002
2018-12-20,0.1319999999999999
2018-12-21,0.1319999999999999
2018-12-24,0.1439999999999999
2018-12-26,0.14100000000000001
2018-12-27,0.133
2018-12-28,0.131
2018-12-31,0.131
2019-01-02,0.1459999999999999
2019-01-03,0.15900000000000003
2019-01-04,0.17500000000000004
2019-01-07,0.17000000000000015
2019-01-08,0.18399999999999994
2019-01-09,0.17600000000000016
2019-01-10,0.16799999999999993
2019-01-11,0.18799999999999994
2019-01-14,0.17600000000000016
2019-01-15,0.17100000000000004
2019-01-16,0.17900000000000005
2019-01-17,0.18100000000000005
2019-01-18,0.19399999999999995
2019-01-21,0.20700000000000007
2019-01-22,0.19400000000000017
2019-01-23,0.18100000000000005
2019-01-24,0.18300000000000005
2019-01-25,0.19299999999999984
2019-01-28,0.19900000000000007
2019-01-29,0.2120000000000002
2019-01-30,0.2240000000000002
2019-01-31,0.19199999999999995
2019-02-01,0.18000000000000016
2019-02-07,0.19400000000000017
2019-02-08,0.17900000000000005
2019-02-11,0.16200000000000014
2019-02-12,0.18199999999999994
2019-02-13,0.18600000000000017
2019-02-14,0.19599999999999995
2019-02-15,0.18300000000000005
2019-02-18,0.19300000000000006
2019-02-19,0.19599999999999995
2019-02-20,0.18999999999999995
2019-02-21,0.19899999999999984
2019-02-22,0.19399999999999995
2019-02-25,0.19300000000000006
2019-02-26,0.18700000000000006
2019-02-27,0.17700000000000005
2019-02-28,0.17400000000000015
2019-03-04,0.19300000000000006
2019-03-05,0.19299999999999984
2019-03-06,0.19299999999999984
2019-03-07,0.18799999999999994
2019-03-08,0.17100000000000004
2019-03-11,0.17599999999999993
2019-03-12,0.18100000000000005
2019-03-13,0.17100000000000004
2019-03-14,0.18500000000000005
2019-03-15,0.18600000000000017
2019-03-18,0.18199999999999994
2019-03-19,0.16900000000000004
2019-03-20,0.16800000000000015
2019-03-21,0.139
2019-03-22,0.1339999999999999
2019-03-25,0.11799999999999988
2019-03-26,0.14200000000000013
2019-03-27,0.123
2019-03-28,0.131
2019-03-29,0.14300000000000002
2019-04-01,0.14000000000000012
2019-04-02,0.15000000000000013
2019-04-03,0.16900000000000004
2019-04-04,0.15700000000000003
2019-04-05,0.15799999999999992
2019-04-08,0.14500000000000002
2019-04-09,0.14700000000000002
2019-04-10,0.1399999999999999
2019-04-11,0.135
2019-04-12,0.1479999999999999
2019-04-15,0.16500000000000004
2019-04-16,0.16700000000000004
2019-04-17,0.16900000000000004
2019-04-18,0.1519999999999999
2019-04-19,0.14300000000000002
2019-04-22,0.16000000000000014
2019-04-23,0.15500000000000003
2019-04-24,0.1629999999999998
2019-04-25,0.15500000000000003
2019-04-26,0.15599999999999992
2019-04-29,0.15200000000000014
2019-04-30,0.1459999999999999
2019-05-02,0.15300000000000002
2019-05-03,0.1609999999999998
2019-05-07,0.16199999999999992
2019-05-08,0.1609999999999998
2019-05-09,0.15300000000000002
2019-05-10,0.15399999999999991
2019-05-13,0.15300000000000002
2019-05-14,0.15700000000000003
2019-05-15,0.15500000000000003
2019-05-16,0.14500000000000002
2019-05-17,0.15200000000000014
2019-05-20,0.16599999999999993
2019-05-21,0.16700000000000004
2019-05-22,0.16100000000000003
2019-05-23,0.16000000000000014
2019-05-24,0.14900000000000002
2019-05-27,0.14500000000000002
2019-05-28,0.139
2019-05-29,0.12200000000000011
2019-05-30,0.11500000000000021
2019-05-31,0.09499999999999997
2019-06-03,0.1160000000000001
2019-06-04,0.11399999999999988
2019-06-05,0.11199999999999988
2019-06-07,0.119
2019-06-10,0.1280000000000001
2019-06-11,0.1379999999999999
2019-06-12,0.131
2019-06-13,0.133
2019-06-14,0.121
2019-06-17,0.1299999999999999
2019-06-18,0.121
2019-06-19,0.11699999999999999
2019-06-20,0.125
2019-06-21,0.129
2019-06-24,0.123
2019-06-25,0.1060000000000001
2019-06-26,0.10899999999999999
2019-06-27,0.12200000000000011
2019-06-28,0.12400000000000011
2019-07-01,0.129
2019-07-02,0.123
2019-07-03,0.10499999999999998
2019-07-04,0.10699999999999998
2019-07-05,0.10999999999999988
2019-07-08,0.1080000000000001
2019-07-09,0.1140000000000001
2019-07-10,0.12400000000000011
2019-07-11,0.1279999999999999
2019-07-12,0.14500000000000002
2019-07-15,0.14800000000000013
2019-07-16,0.1419999999999999
2019-07-17,0.14700000000000002
2019-07-18,0.127
2019-07-19,0.129
2019-07-22,0.13200000000000012
2019-07-23,0.133
2019-07-24,0.14400000000000013
2019-07-25,0.129
2019-07-26,0.11799999999999988
2019-07-29,0.10599999999999987
2019-07-30,0.1080000000000001
2019-07-31,0.09799999999999986
2019-08-01,0.10099999999999998
2019-08-02,0.08899999999999997
2019-08-05,0.08099999999999996
2019-08-06,0.09299999999999997
2019-08-07,0.09799999999999986
2019-08-08,0.10499999999999998
2019-08-09,0.10000000000000009
2019-08-12,0.10299999999999998
2019-08-13,0.07900000000000018
2019-08-14,0.08200000000000007
2019-08-16,0.07699999999999996
2019-08-19,0.09099999999999997
2019-08-20,0.09699999999999998
2019-08-21,0.121
2019-08-22,0.0990000000000002
2019-08-23,0.09199999999999986
2019-08-26,0.07000000000000006
2019-08-27,0.06699999999999995
2019-08-28,0.06400000000000006
2019-08-29,0.08099999999999996
2019-08-30,0.1080000000000001
2019-09-02,0.11099999999999999
2019-09-03,0.10299999999999998
2019-09-04,0.10299999999999998
2019-09-05,0.1080000000000001
2019-09-06,0.1160000000000001
2019-09-09,0.11799999999999988
2019-09-10,0.1280000000000001
2019-09-11,0.139
2019-09-16,0.18799999999999994
2019-09-17,0.18500000000000005
2019-09-18,0.15900000000000003
2019-09-19,0.13400000000000012
2019-09-20,0.123
2019-09-23,0.131
2019-09-24,0.129
2019-09-25,0.11999999999999988
2019-09-26,0.13200000000000012
2019-09-27,0.137
2019-09-30,0.15900000000000003
2019-10-01,0.17500000000000004
2019-10-02,0.19400000000000017
2019-10-04,0.16300000000000003
2019-10-07,0.15399999999999991
2019-10-08,0.16500000000000004
2019-10-10,0.18300000000000005
2019-10-11,0.20700000000000007
2019-10-14,0.20700000000000007
2019-10-15,0.2180000000000002
2019-10-16,0.20999999999999996
2019-10-17,0.20300000000000007
2019-10-18,0.21199999999999997
2019-10-21,0.252
2019-10-22,0.276
2019-10-23,0.266
2019-10-24,0.2450000000000001
2019-10-25,0.242
2019-10-28,0.242
2019-10-29,0.2779999999999998
2019-10-30,0.2719999999999998
2019-10-31,0.262
2019-11-01,0.2649999999999999
2019-11-04,0.2769999999999999
2019-11-05,0.29499999999999993
2019-11-06,0.29000000000000004
2019-11-07,0.28100000000000014
2019-11-08,0.2849999999999999
2019-11-11,0.28800000000000003
2019-11-12,0.278
2019-11-13,0.2769999999999999
2019-11-14,0.27
2019-11-15,0.27700000000000014
2019-11-18,0.2629999999999999
2019-11-19,0.2489999999999999
2019-11-20,0.22100000000000009
2019-11-21,0.20999999999999996
2019-11-22,0.2310000000000001
2019-11-25,0.25
2019-11-26,0.23199999999999998
2019-11-27,0.21500000000000008
2019-11-28,0.2370000000000001
2019-11-29,0.24499999999999988
2019-12-02,0.2629999999999999
2019-12-03,0.276
2019-12-04,0.2510000000000001
2019-12-05,0.238
2019-12-06,0.25
2019-12-09,0.252
2019-12-10,0.2260000000000002
2019-12-11,0.24
2019-12-12,0.2370000000000001
2019-12-13,0.2470000000000001
2019-12-16,0.2430000000000001
2019-12-17,0.242
2019-12-18,0.2490000000000001
2019-12-19,0.272
2019-12-20,0.28100000000000014
2019-12-23,0.262
2019-12-24,0.2609999999999999
2019-12-26,0.274
2019-12-27,0.31299999999999994
2019-12-30,0.32299999999999995
2019-12-31,0.32299999999999995
2020-01-02,0.31099999999999994
2020-01-03,0.2849999999999999
2020-01-06,0.264
2020-01-07,0.28200000000000003
2020-01-08,0.2669999999999999
2020-01-09,0.27100000000000013
2020-01-10,0.2809999999999999
2020-01-13,0.31100000000000017
2020-01-14,0.33000000000000007
2020-01-15,0.30400000000000005
2020-01-16,0.27500000000000013
2020-01-17,0.30800000000000005
2020-01-20,0.30699999999999994
2020-01-21,0.29400000000000004
2020-01-22,0.28600000000000003
2020-01-23,0.28
2020-01-28,0.2509999999999999
2020-01-29,0.252
2020-01-30,0.252
2020-01-31,0.2550000000000001
2020-02-03,0.256
2020-02-04,0.29699999999999993
2020-02-05,0.29400000000000004
2020-02-06,0.31899999999999995
2020-02-07,0.32099999999999995
2020-02-10,0.30699999999999994
2020-02-11,0.30300000000000016
2020-02-12,0.31600000000000006
2020-02-13,0.3340000000000001
2020-02-14,0.32299999999999995
2020-02-17,0.30200000000000005
2020-02-18,0.28900000000000015
2020-02-19,0.2749999999999999
2020-02-20,0.2809999999999999
2020-02-21,0.2610000000000001
2020-02-24,0.2769999999999999
2020-02-25,0.258
2020-02-26,0.26
2020-02-27,0.2490000000000001
2020-02-28,0.22899999999999987
2020-03-02,0.24400000000000022
2020-03-03,0.2609999999999999
2020-03-04,0.27
2020-03-05,0.28600000000000003
2020-03-06,0.29200000000000004
2020-03-09,0.248
2020-03-10,0.2729999999999999
2020-03-11,0.2829999999999999
2020-03-12,0.32499999999999996
2020-03-13,0.42100000000000004
2020-03-16,0.42500000000000004
2020-03-17,0.41100000000000003
2020-03-18,0.45199999999999996
2020-03-19,0.46399999999999997
2020-03-20,0.504
2020-03-23,0.565
2020-03-24,0.581
2020-03-25,0.516
2020-03-26,0.43500000000000005
2020-03-27,0.472
2020-03-30,0.46399999999999997
2020-03-31,0.48099999999999987
2020-04-01,0.45299999999999985
2020-04-02,0.4590000000000001
2020-04-03,0.482
2020-04-06,0.4909999999999999
2020-04-07,0.5330000000000001
2020-04-08,0.4869999999999999
2020-04-09,0.45199999999999996
2020-04-10,0.474
2020-04-13,0.4730000000000001
2020-04-14,0.46799999999999997
2020-04-16,0.42900000000000005
2020-04-17,0.43199999999999994
2020-04-20,0.43100000000000005
2020-04-21,0.42300000000000004
2020-04-22,0.486
2020-04-23,0.5089999999999999
2020-04-24,0.528
2020-04-27,0.55
2020-04-28,0.5270000000000001
2020-04-29,0.512
2020-05-04,0.5240000000000001
2020-05-06,0.548
2020-05-07,0.534
2020-05-08,0.5119999999999999
2020-05-11,0.5359999999999999
2020-05-12,0.5379999999999999
2020-05-13,0.5359999999999999
2020-05-14,0.512
2020-05-15,0.509
2020-05-18,0.5069999999999999
2020-05-19,0.515
2020-05-20,0.4900000000000001
2020-05-21,0.4860000000000001
2020-05-22,0.51
2020-05-25,0.5010000000000001
2020-05-26,0.4890000000000001
2020-05-27,0.4770000000000001
2020-05-28,0.525
2020-05-29,0.5480000000000002
2020-06-01,0.5640000000000001
2020-06-02,0.5269999999999999
2020-06-03,0.5599999999999999
2020-06-04,0.5459999999999999
2020-06-05,0.5579999999999999
2020-06-08,0.551
2020-06-09,0.536
2020-06-10,0.5579999999999999
2020-06-11,0.546
2020-06-12,0.5469999999999999
2020-06-15,0.563
2020-06-16,0.5419999999999999
2020-06-17,0.535
2020-06-18,0.5280000000000001
2020-06-19,0.5359999999999999
2020-06-22,0.5439999999999999
2020-06-23,0.558
2020-06-24,0.544
2020-06-25,0.5270000000000001
2020-06-26,0.5159999999999999
2020-06-29,0.523
2020-06-30,0.531
2020-07-01,0.5549999999999999
2020-07-02,0.546
2020-07-03,0.549
2020-07-06,0.5559999999999999
2020-07-07,0.5449999999999999
2020-07-08,0.538
2020-07-09,0.551
2020-07-10,0.548
2020-07-13,0.5599999999999999
2020-07-14,0.564
2020-07-15,0.567
2020-07-16,0.5489999999999999
2020-07-17,0.536
2020-07-20,0.533
2020-07-21,0.5380000000000001
2020-07-22,0.536
2020-07-23,0.52
2020-07-24,0.5059999999999999
2020-07-27,0.501
2020-07-28,0.516
2020-07-29,0.4979999999999999
2020-07-30,0.4819999999999999
2020-07-31,0.5
2020-08-03,0.507
2020-08-04,0.504
2020-08-05,0.4979999999999999
2020-08-06,0.499
2020-08-07,0.5089999999999999
2020-08-10,0.533
2020-08-11,0.527
2020-08-12,0.546
2020-08-13,0.5470000000000002
2020-08-14,0.568
2020-08-18,0.5469999999999999
2020-08-19,0.5419999999999999
2020-08-20,0.5660000000000001
2020-08-21,0.5559999999999999
2020-08-24,0.5539999999999999
2020-08-25,0.562
2020-08-26,0.569
2020-08-27,0.5690000000000001
2020-08-28,0.593
2020-08-31,0.5760000000000001
2020-09-01,0.6050000000000001
2020-09-02,0.6159999999999999
2020-09-03,0.605
2020-09-04,0.5979999999999999
2020-09-07,0.5990000000000001
2020-09-08,0.606
2020-09-09,0.603
2020-09-10,0.6019999999999999
2020-09-11,0.604
2020-09-14,0.5979999999999999
2020-09-15,0.5959999999999999
2020-09-16,0.5750000000000001
2020-09-17,0.594
2020-09-18,0.5959999999999999
2020-09-21,0.5890000000000001
2020-09-22,0.575
2020-09-23,0.5640000000000001
2020-09-24,0.5800000000000001
2020-09-25,0.569
2020-09-28,0.583
2020-09-29,0.584
2020-10-05,0.5980000000000001
2020-10-06,0.6259999999999999
2020-10-07,0.6229999999999999
2020-10-08,0.6359999999999999
2020-10-12,0.6279999999999999
2020-10-13,0.6039999999999999
2020-10-14,0.6119999999999999
2020-10-15,0.601
2020-10-16,0.6050000000000001
2020-10-19,0.55
2020-10-20,0.5509999999999999
2020-10-21,0.588
2020-10-22,0.5819999999999999
2020-10-23,0.5850000000000001
2020-10-26,0.574
2020-10-27,0.5859999999999999
2020-10-28,0.5830000000000001
2020-10-29,0.5999999999999999
2020-10-30,0.611
2020-11-02,0.6310000000000001
2020-11-03,0.627
2020-11-04,0.614
2020-11-05,0.5999999999999999
2020-11-06,0.616
2020-11-09,0.6090000000000001
2020-11-10,0.6480000000000001
2020-11-11,0.6729999999999999
2020-11-12,0.6809999999999999
2020-11-13,0.662
2020-11-16,0.653
2020-11-17,0.6600000000000001
2020-11-18,0.6530000000000001
2020-11-19,0.6530000000000001
2020-11-20,0.644
2020-11-23,0.626
2020-11-24,0.6350000000000001
2020-11-25,0.658
2020-11-26,0.674
2020-11-27,0.662
2020-11-30,0.676
2020-12-01,0.667
2020-12-02,0.6930000000000001
2020-12-03,0.6940000000000001
2020-12-04,0.6890000000000001
2020-12-07,0.6849999999999999
2020-12-08,0.6829999999999999
2020-12-09,0.69
2020-12-10,0.682
2020-12-11,0.681
2020-12-14,0.6839999999999999
2020-12-15,0.687
2020-12-16,0.703
2020-12-17,0.733
2020-12-18,0.745
2020-12-21,0.7200000000000001
2020-12-22,0.7120000000000001
2020-12-23,0.7079999999999999
2020-12-24,0.732
2020-12-28,0.7230000000000001
2020-12-29,0.725
2020-12-30,0.7350000000000001
2020-12-31,0.7370000000000001
2021-01-04,0.7690000000000001
2021-01-05,0.755
2021-01-06,0.7780000000000001
2021-01-07,0.76
2021-01-08,0.7510000000000001
2021-01-11,0.723
2021-01-12,0.742
2021-01-13,0.7400000000000001
2021-01-14,0.746
2021-01-15,0.7580000000000001
2021-01-18,0.746
2021-01-19,0.7370000000000001
2021-01-20,0.7270000000000001
2021-01-21,0.735
2021-01-22,0.765
2021-01-25,0.774
2021-01-26,0.7630000000000001
2021-01-27,0.7749999999999999
2021-01-28,0.787
2021-01-29,0.797
2021-02-01,0.8089999999999999
2021-02-02,0.778
2021-02-03,0.79
2021-02-04,0.8089999999999999
2021-02-05,0.8089999999999999
2021-02-08,0.8210000000000002
2021-02-09,0.823
2021-02-10,0.836
2021-02-15,0.873
2021-02-16,0.8660000000000001
2021-02-17,0.8760000000000001
2021-02-18,0.8690000000000001
2021-02-19,0.879
2021-02-22,0.9019999999999999
2021-02-23,0.8859999999999999
2021-02-24,0.845
2021-02-25,0.8889999999999999
2021-02-26,0.94
2021-03-02,0.9450000000000001
2021-03-03,0.9320000000000002
2021-03-04,0.942
2021-03-05,0.9259999999999999
2021-03-08,0.889
2021-03-09,0.8279999999999998
2021-03-10,0.8540000000000001
2021-03-11,0.8480000000000001
2021-03-12,0.869
2021-03-15,0.9140000000000001
2021-03-16,0.9209999999999998
2021-03-17,0.9569999999999999
2021-03-18,1.017
2021-03-19,0.9530000000000003
2021-03-22,0.927
2021-03-23,0.9000000000000001
2021-03-24,0.877
2021-03-25,0.8780000000000001
2021-03-26,0.8879999999999999
2021-03-29,0.861
2021-03-30,0.9080000000000001
2021-03-31,0.9239999999999999
2021-04-01,0.8850000000000002
2021-04-02,0.8979999999999999
2021-04-05,0.8919999999999999
2021-04-06,0.8879999999999999
2021-04-07,0.883
2021-04-08,0.8600000000000001
2021-04-09,0.861
2021-04-12,0.8630000000000002
2021-04-13,0.8890000000000002
2021-04-14,0.8879999999999999
2021-04-15,0.873
2021-04-16,0.8690000000000002
2021-04-19,0.8520000000000001
2021-04-20,0.8690000000000002
2021-04-21,0.8949999999999998
2021-04-22,0.8840000000000001
2021-04-23,0.923
2021-04-26,0.97
2021-04-27,0.9740000000000002
2021-04-28,0.9769999999999999
2021-04-29,0.9769999999999999
2021-04-30,0.9870000000000001
2021-05-03,0.9750000000000001
2021-05-04,0.972
2021-05-06,0.962
2021-05-07,0.9860000000000002
2021-05-10,0.998
2021-05-11,1.011
2021-05-12,1.004
2021-05-13,1.0330000000000001
2021-05-14,1.0419999999999998
2021-05-17,1.01
2021-05-18,1.019
2021-05-20,1.0319999999999998
2021-05-21,1.0280000000000002
2021-05-24,1.004
2021-05-25,0.9870000000000001
2021-05-26,0.9670000000000001
2021-05-27,0.9870000000000001
2021-05-28,0.9700000000000002
2021-05-31,0.9519999999999997
2021-06-01,0.9729999999999999
2021-06-02,0.996
2021-06-03,1.0039999999999998
2021-06-04,0.9530000000000001
2021-06-07,0.9550000000000001
2021-06-08,0.9420000000000002
2021-06-09,0.9660000000000002
2021-06-10,0.8029999999999999
2021-06-11,0.825
2021-06-14,0.8090000000000002
2021-06-15,0.7640000000000002
2021-06-16,0.7839999999999998
2021-06-17,0.7520000000000002
2021-06-18,0.728
2021-06-21,0.6549999999999998
2021-06-22,0.7189999999999999
2021-06-23,0.7029999999999998
2021-06-24,0.6760000000000002
2021-06-25,0.659
2021-06-28,0.667
2021-06-29,0.6499999999999999
2021-06-30,0.6440000000000001
2021-07-01,0.6209999999999998
2021-07-02,0.617
2021-07-05,0.627
2021-07-06,0.6540000000000001
2021-07-07,0.6290000000000002
2021-07-08,0.6439999999999997
2021-07-09,0.6579999999999999
2021-07-12,0.6379999999999999
2021-07-13,0.6110000000000002
2021-07-14,0.6180000000000001
2021-07-15,0.5269999999999999
2021-07-16,0.5569999999999999
2021-07-19,0.5129999999999999
2021-07-20,0.4830000000000001
2021-07-21,0.4949999999999999
2021-07-22,0.524
2021-07-23,0.4949999999999999
2021-07-26,0.494
2021-07-27,0.4880000000000002
2021-07-28,0.44300000000000006
2021-07-29,0.45799999999999996
2021-07-30,0.4570000000000001
2021-08-02,0.472
2021-08-03,0.44799999999999995
2021-08-04,0.4480000000000002
2021-08-05,0.46399999999999997
2021-08-06,0.46699999999999986
2021-08-09,0.478
2021-08-10,0.484
2021-08-11,0.5149999999999999
2021-08-12,0.5089999999999999
2021-08-13,0.5169999999999999
2021-08-17,0.484
2021-08-18,0.492
2021-08-19,0.508
2021-08-20,0.4889999999999999
2021-08-23,0.5
2021-08-24,0.5010000000000001
2021-08-25,0.5009999999999999
2021-08-26,0.53
2021-08-27,0.5310000000000001
2021-08-30,0.5150000000000001
2021-08-31,0.5169999999999999
2021-09-01,0.5249999999999999
2021-09-02,0.5190000000000001
2021-09-03,0.506
2021-09-06,0.5109999999999999
2021-09-07,0.5110000000000001
2021-09-08,0.5269999999999999
2021-09-09,0.5009999999999999
2021-09-10,0.5049999999999999
2021-09-13,0.512
2021-09-14,0.5250000000000001
2021-09-15,0.5329999999999999
2021-09-16,0.5330000000000001
2021-09-17,0.5330000000000001
2021-09-23,0.5410000000000001
2021-09-24,0.5770000000000002
2021-09-27,0.6020000000000001
2021-09-28,0.6469999999999998
2021-09-29,0.6199999999999999
2021-09-30,0.6440000000000001
2021-10-01,0.625
2021-10-05,0.641
2021-10-06,0.6799999999999999
2021-10-07,0.683
2021-10-08,0.673
2021-10-12,0.6320000000000001
2021-10-13,0.5769999999999997
2021-10-14,0.538
2021-10-15,0.5609999999999999
2021-10-18,0.5249999999999999
2021-10-19,0.5129999999999999
2021-10-20,0.5449999999999999
2021-10-21,0.5519999999999998
2021-10-22,0.522
2021-10-25,0.5070000000000001
2021-10-26,0.5099999999999998
2021-10-27,0.44300000000000006
2021-10-28,0.3799999999999999
2021-10-29,0.472
2021-11-01,0.3979999999999997
2021-11-02,0.44200000000000017
2021-11-03,0.43400000000000016
2021-11-04,0.3879999999999999
2021-11-05,0.40600000000000014
2021-11-08,0.42300000000000026
2021-11-09,0.42800000000000016
2021-11-10,0.43200000000000016
2021-11-11,0.42800000000000016
2021-11-12,0.3759999999999999
2021-11-15,0.3860000000000001
2021-11-16,0.3700000000000001
2021-11-17,0.385
2021-11-18,0.385
2021-11-19,0.4059999999999999
2021-11-22,0.3680000000000003
2021-11-23,0.3689999999999998
2021-11-24,0.3810000000000002
2021-11-25,0.4149999999999998
2021-11-26,0.3919999999999999
2021-11-29,0.42199999999999993
2021-11-30,0.41400000000000015
2021-12-01,0.369
2021-12-02,0.353
2021-12-03,0.3340000000000001
2021-12-06,0.3480000000000001
2021-12-07,0.3680000000000001
2021-12-08,0.3540000000000001
2021-12-09,0.39400000000000013
2021-12-10,0.39600000000000013
2021-12-13,0.379
2021-12-14,0.385
2021-12-15,0.3579999999999999
2021-12-16,0.3809999999999998
2021-12-17,0.3860000000000001
2021-12-20,0.3670000000000002
2021-12-21,0.3790000000000002
2021-12-22,0.3899999999999999
2021-12-23,0.40700000000000025
2021-12-24,0.4079999999999999
2021-12-27,0.43499999999999983
2021-12-28,0.4119999999999999
2021-12-29,0.39700000000000024
2021-12-30,0.4490000000000003
2021-12-31,0.45199999999999996
2022-01-03,0.4700000000000002
2022-01-04,0.45199999999999974
2022-01-05,0.46199999999999997
2022-01-06,0.46799999999999997
2022-01-07,0.44300000000000006
2022-01-10,0.42600000000000016
2022-01-11,0.44700000000000006
2022-01-12,0.42999999999999994
2022-01-13,0.44399999999999973
2022-01-14,0.4089999999999998
2022-01-17,0.41999999999999993
2022-01-18,0.42600000000000016
2022-01-19,0.46399999999999997
2022-01-20,0.4389999999999996
2022-01-21,0.4079999999999999
2022-01-24,0.42799999999999994
2022-01-25,0.40200000000000014
2022-01-26,0.4169999999999998
2022-01-27,0.395
2022-01-28,0.3969999999999998
2022-02-03,0.4079999999999999
2022-02-04,0.42500000000000027
2022-02-07,0.4009999999999998
2022-02-08,0.43000000000000016
2022-02-09,0.4119999999999999
2022-02-10,0.42200000000000015
2022-02-11,0.4039999999999999
2022-02-14,0.367
2022-02-15,0.36499999999999977
2022-02-16,0.3769999999999998
2022-02-17,0.41300000000000026
2022-02-18,0.40600000000000014
2022-02-21,0.40700000000000003
2022-02-22,0.3900000000000001
2022-02-23,0.4049999999999998
2022-02-24,0.39800000000000013
2022-02-25,0.4269999999999996
2022-02-28,0.43299999999999983
2022-03-02,0.42600000000000016
2022-03-03,0.4530000000000003
2022-03-04,0.44399999999999995
2022-03-07,0.41900000000000004
2022-03-08,0.43500000000000005
2022-03-10,0.4590000000000001
2022-03-11,0.4450000000000003
2022-03-14,0.45599999999999996
2022-03-15,0.46799999999999997
2022-03-16,0.5
2022-03-17,0.4870000000000001
2022-03-18,0.5060000000000002
2022-03-21,0.4730000000000003
2022-03-22,0.43299999999999983
2022-03-23,0.4019999999999997
2022-03-24,0.4009999999999998
2022-03-25,0.3660000000000001
2022-03-28,0.28400000000000025
2022-03-29,0.2719999999999998
2022-03-30,0.2699999999999996
2022-03-31,0.30600000000000005
2022-04-01,0.2230000000000003
2022-04-04,0.22799999999999976
2022-04-05,0.20100000000000007
2022-04-06,0.18800000000000017
2022-04-07,0.2230000000000003
2022-04-08,0.18199999999999994
2022-04-11,0.11900000000000022
2022-04-12,0.20800000000000018
2022-04-13,0.28600000000000003
2022-04-14,0.3320000000000003
2022-04-15,0.3570000000000002
2022-04-18,0.36499999999999977
2022-04-19,0.3690000000000002
2022-04-20,0.3560000000000003
2022-04-21,0.3689999999999998
2022-04-22,0.34299999999999997
2022-04-25,0.33099999999999996
2022-04-26,0.3599999999999999
2022-04-27,0.28600000000000003
2022-04-28,0.2410000000000001
2022-04-29,0.2839999999999998
2022-05-02,0.29400000000000004
2022-05-03,0.26700000000000035
2022-05-04,0.2560000000000002
2022-05-06,0.28500000000000014
2022-05-09,0.3520000000000003
2022-05-10,0.3570000000000002
2022-05-11,0.3410000000000002
2022-05-12,0.26900000000000013
2022-05-13,0.31000000000000005
2022-05-16,0.23100000000000032
2022-05-17,0.2559999999999998
2022-05-18,0.2509999999999999
2022-05-19,0.2610000000000001
2022-05-20,0.23399999999999999
2022-05-23,0.2400000000000002
2022-05-24,0.2469999999999999
2022-05-25,0.23099999999999987
2022-05-26,0.2829999999999999
2022-05-27,0.2650000000000001
2022-05-30,0.2689999999999997
2022-05-31,0.29899999999999993
2022-06-02,0.2959999999999998
2022-06-03,0.2839999999999998
2022-06-07,0.3059999999999996
2022-06-08,0.2629999999999999
2022-06-09,0.30000000000000027
2022-06-10,0.2200000000000002
2022-06-13,0.14000000000000012
2022-06-14,0.1429999999999998
2022-06-15,0.129
2022-06-16,0.0389999999999997
2022-06-17,0.04999999999999982
2022-06-20,0.10899999999999999
2022-06-21,0.1120000000000001
2022-06-22,0.16000000000000014
2022-06-23,0.11799999999999988
2022-06-24,0.11199999999999966
2022-06-27,0.15200000000000014
2022-06-28,0.1280000000000001
2022-06-29,0.11499999999999977
2022-06-30,0.0860000000000003
2022-07-01,0.051000000000000156
2022-07-04,0.05899999999999972
2022-07-05,0.07799999999999985
2022-07-06,0.05600000000000005
2022-07-07,0.04499999999999993
2022-07-08,0.04499999999999993
2022-07-11,0.06099999999999994
2022-07-12,0.058000000000000274
2022-07-13,0.0900000000000003
2022-07-14,0.03500000000000014
2022-07-15,0.03699999999999992
2022-07-18,0.05799999999999983
2022-07-19,0.06099999999999994
2022-07-20,0.06400000000000006
2022-07-21,0.08000000000000007
2022-07-22,0.08400000000000007
2022-07-25,0.05799999999999983
2022-07-26,0.06199999999999983
2022-07-27,0.03100000000000014
2022-07-28,0.07100000000000017
2022-07-29,0.11799999999999988
2022-08-01,0.1030000000000002
2022-08-02,0.07600000000000007
2022-08-03,0.06599999999999984
2022-08-04,0.038000000000000256
2022-08-05,0.04499999999999993
2022-08-08,0.04300000000000015
2022-08-09,0.03200000000000003
2022-08-10,0.052999999999999936
2022-08-11,0.09499999999999975
2022-08-12,0.10099999999999998
2022-08-16,0.07800000000000029
2022-08-17,0.10099999999999998
2022-08-18,0.09600000000000009
2022-08-19,0.11299999999999999
2022-08-22,0.09699999999999998
2022-08-23,0.08000000000000007
2022-08-24,0.12199999999999989
2022-08-25,0.06199999999999983
2022-08-26,0.09100000000000019
2022-08-29,0.06199999999999983
2022-08-30,0.052999999999999936
2022-08-31,0.03600000000000003
2022-09-01,0.027000000000000135
2022-09-02,0.06000000000000005
2022-09-05,0.053999999999999826
2022-09-06,0.03000000000000025
2022-09-07,0.051000000000000156
2022-09-08,0.07899999999999974
2022-09-13,0.08400000000000007
2022-09-14,0.06599999999999984
2022-09-15,0.020999999999999908
2022-09-16,0.004999999999999893
2022-09-19,0.03500000000000014
2022-09-20,0.0129999999999999
2022-09-21,0.04400000000000004
2022-09-22,-0.1070000000000002
2022-09-23,-0.08699999999999974
2022-09-26,-0.21300000000000008
2022-09-27,-0.09600000000000009
2022-09-28,-0.006000000000000227
2022-09-29,-0.07399999999999984
2022-09-30,-0.08999999999999986
2022-10-04,-0.07500000000000018
2022-10-05,-0.054999999999999716
2022-10-06,-0.04299999999999926
2022-10-07,-0.06199999999999939
2022-10-11,-0.03599999999999959
2022-10-12,0.0030000000000001137
2022-10-13,0.03599999999999959
2022-10-14,-0.0259999999999998
2022-10-17,-0.02400000000000002
2022-10-18,0.03500000000000014
2022-10-19,0.0649999999999995
2022-10-20,0.08900000000000041
2022-10-21,0.13699999999999957
2022-10-24,0.1980000000000004
2022-10-25,0.125
2022-10-26,0.07099999999999973
2022-10-27,0.05900000000000016
2022-10-28,0.054999999999999716
2022-10-31,0.057000000000000384
2022-11-01,0.06700000000000017
2022-11-02,0.04800000000000004
2022-11-03,0.0389999999999997
2022-11-04,0.06400000000000006
2022-11-07,0.07200000000000006
2022-11-08,0.08000000000000007
2022-11-09,0.0909999999999993
2022-11-10,0.03699999999999992
2022-11-11,0.06000000000000005
2022-11-14,0.07799999999999985
2022-11-15,0.1080000000000001
2022-11-16,0.08800000000000008
2022-11-17,0.04900000000000038
2022-11-18,0.014000000000000234
2022-11-21,-0.0730000000000004
2022-11-22,-0.07099999999999973
2022-11-23,-0.07500000000000018
2022-11-24,-0.06700000000000017
2022-11-25,-0.020999999999999908
2022-11-28,-0.06300000000000017
2022-11-29,-0.04999999999999982
2022-11-30,-0.02200000000000024
2022-12-01,0.0129999999999999
2022-12-02,-0.03299999999999992
2022-12-05,-0.06000000000000005
2022-12-06,-0.129
2022-12-07,-0.14900000000000002
2022-12-08,-0.14600000000000035
2022-12-09,-0.16599999999999993
2022-12-12,-0.17500000000000027
2022-12-13,-0.15400000000000036
2022-12-14,-0.12399999999999967
2022-12-15,-0.15600000000000014
2022-12-16,-0.17900000000000027
2022-12-19,-0.1499999999999999
2022-12-20,-0.08199999999999985
2022-12-21,-0.07200000000000006
2022-12-22,-0.07200000000000006
2022-12-23,-0.07100000000000017
2022-12-26,-0.02400000000000002
2022-12-27,-0.05099999999999971
2022-12-28,0.004999999999999893
2022-12-29,0.007000000000000117
2022-12-30,0.008000000000000007
2023-01-02,0.028999999999999915
2023-01-03,0.0
2023-01-04,-0.03500000000000014
2023-01-05,-0.07299999999999995
2023-01-06,-0.1080000000000001
2023-01-09,-0.10000000000000009
2023-01-10,-0.09399999999999986
2023-01-11,-0.05500000000000016
2023-01-12,-0.05400000000000027
2023-01-13,-0.0690000000000004
2023-01-16,-0.07100000000000017
2023-01-17,-0.040000000000000036
2023-01-18,-0.052999999999999936
2023-01-19,-0.026000000000000245
2023-01-20,-0.051000000000000156
2023-01-25,-0.05600000000000005
2023-01-26,-0.04200000000000026
2023-01-27,-0.020999999999999908
2023-01-30,-0.03299999999999992
2023-01-31,-0.028000000000000025
2023-02-01,-0.02400000000000002
2023-02-02,0.02400000000000002
2023-02-03,0.038000000000000256
2023-02-06,0.0
2023-02-07,-0.017999999999999794
2023-02-08,-0.019000000000000128
2023-02-09,-0.0389999999999997
2023-02-10,-0.03299999999999992
2023-02-13,-0.021999999999999797
2023-02-14,-0.030999999999999694
2023-02-15,-0.030999999999999694
2023-02-16,-0.028000000000000025
2023-02-17,-0.0129999999999999
2023-02-20,-0.03600000000000003
2023-02-21,-0.02300000000000013
2023-02-22,-0.006000000000000227
2023-02-23,-0.0040000000000000036
2023-02-24,-0.03000000000000025
2023-02-27,-0.06399999999999961
2023-02-28,-0.04400000000000004
2023-03-02,-0.038000000000000256
2023-03-03,-0.015000000000000124
2023-03-06,-0.04300000000000015
2023-03-07,-0.06499999999999995
2023-03-08,-0.1349999999999998
2023-03-09,-0.11900000000000022
2023-03-10,-0.11899999999999977
2023-03-13,-0.03000000000000025
2023-03-14,-0.043999999999999595
2023-03-15,-0.054999999999999716
2023-03-16,-0.005999999999999783
2023-03-17,-0.008999999999999897
2023-03-20,0.040000000000000036
2023-03-21,0.009999999999999787
2023-03-22,0.0030000000000001137
2023-03-23,0.06000000000000005
2023-03-24,0.04999999999999982
2023-03-27,0.03799999999999981
2023-03-28,0.02300000000000013
2023-03-29,0.030999999999999694
2023-03-30,0.06499999999999995
2023-03-31,0.06999999999999984
2023-04-03,0.04699999999999971
2023-04-04,0.03699999999999992
2023-04-05,0.06200000000000028
2023-04-06,0.06700000000000017
2023-04-07,0.04899999999999993
2023-04-10,0.04400000000000004
2023-04-11,0.02400000000000002
2023-04-12,0.028999999999999915
2023-04-13,0.07400000000000029
2023-04-14,0.07100000000000017
2023-04-17,0.06200000000000028
2023-04-18,0.05799999999999983
2023-04-19,0.03299999999999992
2023-04-20,0.07499999999999973
2023-04-21,0.07600000000000007
2023-04-24,0.07600000000000007
2023-04-25,0.05799999999999983
2023-04-26,0.050000000000000266
2023-04-27,0.05400000000000027
2023-04-28,0.06699999999999973
2023-05-02,0.03699999999999992
2023-05-03,0.042999999999999705
2023-05-04,0.06800000000000006
2023-05-08,0.04899999999999993
2023-05-09,0.06200000000000028
2023-05-10,0.06800000000000006
2023-05-11,0.07199999999999962
2023-05-12,0.04899999999999993
2023-05-15,0.052999999999999936
2023-05-16,0.06099999999999994
2023-05-17,0.04499999999999993
2023-05-18,0.051000000000000156
2023-05-19,0.07900000000000018
2023-05-22,0.07699999999999996
2023-05-23,0.09999999999999964
2023-05-24,0.12399999999999967
2023-05-25,0.11699999999999999
2023-05-26,0.11499999999999977
2023-05-30,0.09099999999999975
2023-05-31,0.07299999999999995
2023-06-01,0.07099999999999973
2023-06-02,0.05900000000000016
2023-06-05,0.05900000000000016
2023-06-07,0.05099999999999971
2023-06-08,0.08899999999999997
2023-06-09,0.1070000000000002
2023-06-12,0.08300000000000018
2023-06-13,0.09399999999999986
2023-06-14,0.08999999999999986
2023-06-15,0.05900000000000016
2023-06-16,0.07200000000000006
2023-06-19,0.04999999999999982
2023-06-20,0.07499999999999973
2023-06-21,0.04999999999999982
2023-06-22,0.054999999999999716
2023-06-23,0.053999999999999826
2023-06-26,0.04300000000000015
2023-06-27,0.06500000000000039
2023-06-28,0.05400000000000027
2023-06-29,0.041999999999999815
2023-06-30,0.0129999999999999
2023-07-03,-0.005999999999999783
2023-07-04,0.0040000000000000036
2023-07-05,0.026000000000000245
2023-07-06,0.03699999999999992
2023-07-07,0.026000000000000245
2023-07-10,0.06800000000000006
2023-07-11,0.05500000000000016
2023-07-12,0.0519999999999996
2023-07-13,0.05500000000000016
2023-07-14,0.07100000000000017
2023-07-17,0.04899999999999993
2023-07-18,0.054999999999999716
2023-07-19,0.03200000000000003
2023-07-20,0.02499999999999991
2023-07-21,0.03400000000000025
2023-07-24,0.02300000000000013
2023-07-25,0.039000000000000146
2023-07-26,0.03100000000000014
2023-07-27,0.04999999999999982
2023-07-28,0.09300000000000042
2023-07-31,0.08000000000000007
2023-08-01,0.08000000000000007
2023-08-02,0.1160000000000001
2023-08-03,0.14700000000000024
2023-08-04,0.1379999999999999
2023-08-07,0.125
2023-08-08,0.09300000000000042
2023-08-09,0.10199999999999987
2023-08-10,0.0990000000000002
2023-08-11,0.1259999999999999
2023-08-14,0.1419999999999999
2023-08-16,0.1549999999999998
2023-08-17,0.18800000000000017
2023-08-18,0.18500000000000005
2023-08-21,0.17799999999999994
2023-08-22,0.18400000000000016
2023-08-23,0.14900000000000002
2023-08-24,0.11900000000000022
2023-08-25,0.1459999999999999
2023-08-28,0.11299999999999999
2023-08-29,0.10399999999999965
2023-08-30,0.11799999999999988
2023-08-31,0.11000000000000032
2023-09-01,0.08899999999999997
2023-09-04,0.11799999999999988
2023-09-05,0.121
2023-09-06,0.12799999999999967
2023-09-07,0.12199999999999989
2023-09-08,0.10000000000000009
2023-09-11,0.09599999999999964
2023-09-12,0.10199999999999987
2023-09-13,0.09599999999999964
2023-09-14,0.08099999999999996
2023-09-15,0.07799999999999985
2023-09-18,0.09100000000000019
2023-09-19,0.06499999999999995
2023-09-20,0.07299999999999995
2023-09-21,0.10099999999999953
2023-09-22,0.12500000000000044
2023-09-25,0.13599999999999968
2023-09-26,0.16300000000000026
2023-09-27,0.14600000000000035
2023-10-04,0.24300000000000033
2023-10-05,0.24099999999999966
2023-10-06,0.22500000000000053
2023-10-10,0.22200000000000042
2023-10-11,0.1890000000000005
2023-10-12,0.16900000000000004
2023-10-13,0.21199999999999974
2023-10-16,0.21799999999999997
2023-10-17,0.2330000000000001
2023-10-18,0.2560000000000002
2023-10-19,0.2919999999999998
2023-10-20,0.2939999999999996
2023-10-23,0.31899999999999995
2023-10-24,0.26500000000000057
2023-10-25,0.24299999999999944
2023-10-26,0.28800000000000026
2023-10-27,0.20699999999999985
2023-10-30,0.22299999999999986
2023-10-31,0.2400000000000002
2023-11-01,0.21700000000000053
2023-11-02,0.18900000000000006
2023-11-03,0.15600000000000058
2023-11-06,0.17900000000000027
2023-11-07,0.1679999999999997
2023-11-08,0.15400000000000036
2023-11-09,0.09799999999999986
2023-11-10,0.10699999999999976
2023-11-13,0.1280000000000001
2023-11-14,0.12299999999999978
2023-11-15,0.07099999999999973
2023-11-16,0.09799999999999986
2023-11-17,0.11499999999999977
2023-11-20,0.08800000000000008
2023-11-21,0.08199999999999985
2023-11-22,0.09600000000000009
2023-11-23,0.06800000000000006
2023-11-24,0.10199999999999987
2023-11-27,0.07799999999999985
2023-11-28,0.07799999999999985
2023-11-29,0.08700000000000019
2023-11-30,0.11599999999999966
2023-12-01,0.11199999999999966
2023-12-04,0.09499999999999975
2023-12-05,0.0950000000000002
2023-12-06,0.06999999999999984
2023-12-07,0.06499999999999995
2023-12-08,0.07299999999999995
2023-12-11,0.08599999999999985
2023-12-12,0.08099999999999996
2023-12-13,0.06000000000000005
2023-12-14,0.07399999999999984
2023-12-15,0.07699999999999996
2023-12-18,0.05899999999999972
2023-12-19,0.03200000000000003
2023-12-20,0.0479999999999996
2023-12-21,0.06099999999999994
2023-12-22,0.06700000000000017
2023-12-26,0.04999999999999982
2023-12-27,0.03999999999999959
2023-12-28,0.028999999999999915
2023-12-29,0.028999999999999915
2024-01-02,0.06599999999999984
2024-01-03,0.06000000000000005
2024-01-04,0.06099999999999994
2024-01-05,0.06099999999999994
2024-01-08,0.04699999999999971
2024-01-09,0.06800000000000006
2024-01-10,0.07699999999999996
2024-01-11,0.08000000000000007
2024-01-12,0.10199999999999987
2024-01-15,0.10200000000000031
2024-01-16,0.08700000000000019
2024-01-17,0.09200000000000008
2024-01-18,0.09499999999999975
2024-01-19,0.11500000000000021
2024-01-22,0.09399999999999986
2024-01-23,0.08599999999999985
2024-01-24,0.10000000000000009
2024-01-25,0.10599999999999987
2024-01-26,0.12300000000000022
2024-01-29,0.13200000000000012
2024-01-30,0.0820000000000003
2024-01-31,0.08400000000000007
2024-02-01,0.07200000000000006
2024-02-02,0.0389999999999997
2024-02-05,0.06200000000000028
2024-02-06,0.0900000000000003
2024-02-07,0.09200000000000008
2024-02-08,0.09499999999999975
2024-02-13,0.09999999999999964
2024-02-14,0.07699999999999996
2024-02-15,0.07200000000000006
2024-02-16,0.0770000000000004
2024-02-19,0.07000000000000028
2024-02-20,0.08400000000000007
2024-02-21,0.07200000000000006
2024-02-22,0.08199999999999985
2024-02-23,0.09399999999999986
2024-02-26,0.06200000000000028
2024-02-27,0.06600000000000028
2024-02-28,0.08300000000000018
2024-02-29,0.0900000000000003
2024-03-04,0.07400000000000029
2024-03-05,0.05999999999999961
2024-03-06,0.055999999999999606
2024-03-07,0.07799999999999985
2024-03-08,0.06300000000000017
2024-03-11,0.06700000000000017
2024-03-12,0.06199999999999983
2024-03-13,0.08000000000000007
2024-03-14,0.08099999999999996
2024-03-15,0.10200000000000031
2024-03-18,0.08700000000000019
2024-03-19,0.08899999999999997
2024-03-20,0.08000000000000007
2024-03-21,0.10499999999999998
2024-03-22,0.07800000000000029
2024-03-25,0.08000000000000007
2024-03-26,0.09599999999999964
2024-03-27,0.08500000000000041
2024-03-28,0.08399999999999963
2024-03-29,0.09099999999999975
2024-04-01,0.08999999999999986
2024-04-02,0.09199999999999964
2024-04-03,0.11099999999999977
2024-04-04,0.11899999999999977
2024-04-05,0.10399999999999965
2024-04-08,0.10499999999999998
2024-04-09,0.1120000000000001
2024-04-11,0.11899999999999977
2024-04-12,0.1349999999999998
2024-04-15,0.121
2024-04-16,0.14900000000000002
2024-04-17,0.15700000000000003
2024-04-18,0.1349999999999998
2024-04-19,0.11500000000000021
2024-04-22,0.1379999999999999
2024-04-23,0.13600000000000012
2024-04-24,0.13600000000000012
2024-04-25,0.1639999999999997
2024-04-26,0.1629999999999998
2024-04-29,0.15200000000000014
2024-04-30,0.12700000000000022
2024-05-02,0.129
2024-05-03,0.11399999999999988
2024-05-07,0.08800000000000008
2024-05-08,0.09099999999999975
2024-05-09,0.1030000000000002
2024-05-10,0.09799999999999986
2024-05-13,0.10199999999999987
2024-05-14,0.09199999999999964
2024-05-16,0.08300000000000018
2024-05-17,0.07500000000000018
2024-05-20,0.08499999999999996
2024-05-21,0.08000000000000007
2024-05-22,0.0690000000000004
2024-05-23,0.06999999999999984
2024-05-24,0.09200000000000008
2024-05-27,0.08500000000000041
2024-05-28,0.08699999999999974
2024-05-29,0.11100000000000021
2024-05-30,0.12400000000000011
2024-05-31,0.1259999999999999
2024-06-03,0.09799999999999986
2024-06-04,0.08000000000000007
2024-06-05,0.08499999999999996
2024-06-07,0.07699999999999996
2024-06-10,0.07999999999999963
2024-06-11,0.08399999999999963
2024-06-12,0.07500000000000018
2024-06-13,0.06800000000000006
2024-06-14,0.050000000000000266
2024-06-17,0.07099999999999973
2024-06-18,0.06499999999999995
2024-06-19,0.06899999999999995
2024-06-20,0.07299999999999995
2024-06-21,0.07899999999999974
2024-06-24,0.06999999999999984
2024-06-25,0.06999999999999984
2024-06-26,0.06300000000000017
2024-06-27,0.07999999999999963
2024-06-28,0.08400000000000007
2024-07-01,0.10199999999999987
2024-07-02,0.1200000000000001
2024-07-03,0.11399999999999988
2024-07-04,0.10599999999999987
2024-07-05,0.11199999999999966
2024-07-08,0.09299999999999997
2024-07-09,0.07699999999999996
2024-07-10,0.07799999999999985
2024-07-11,0.07100000000000017
2024-07-12,0.07600000000000007
2024-07-15,0.10099999999999998
2024-07-16,0.10199999999999987
2024-07-17,0.08899999999999997
2024-07-18,0.08000000000000007
2024-07-19,0.0820000000000003
2024-07-22,0.07399999999999984
2024-07-23,0.08699999999999974
2024-07-24,0.08499999999999996
2024-07-25,0.10400000000000009
2024-07-26,0.08400000000000007
2024-07-29,0.06799999999999962
2024-07-30,0.05799999999999983
2024-07-31,0.06000000000000005
2024-08-01,0.03399999999999981
2024-08-02,0.03699999999999992
2024-08-05,0.07200000000000006
2024-08-06,0.05799999999999983
2024-08-07,0.07200000000000006
2024-08-08,0.08599999999999985
2024-08-09,0.07100000000000017
2024-08-12,0.053999999999999826
2024-08-13,0.05600000000000005
2024-08-14,0.05699999999999994
2024-08-16,0.04499999999999993
2024-08-19,0.05799999999999983
2024-08-20,0.05500000000000016
2024-08-21,0.05699999999999994
2024-08-22,0.07299999999999995
2024-08-23,0.08499999999999996
2024-08-26,0.08400000000000007
2024-08-27,0.133
2024-08-28,0.1349999999999998
2024-08-29,0.13600000000000012
2024-08-30,0.13500000000000023
2024-09-02,0.13200000000000012
2024-09-03,0.13900000000000023
2024-09-04,0.121
2024-09-05,0.125
2024-09-06,0.10900000000000043
2024-09-09,0.13500000000000023
2024-09-10,0.133
2024-09-11,0.12300000000000022
2024-09-12,0.10400000000000009
2024-09-13,0.10599999999999987
2024-09-19,0.13600000000000012
2024-09-20,0.1509999999999998
2024-09-23,0.15799999999999992
2024-09-24,0.1719999999999997
2024-09-25,0.18500000000000005
2024-09-26,0.19399999999999995
2024-09-27,0.17399999999999993
2024-09-30,0.18100000000000005
2024-10-02,0.15200000000000014
2024-10-04,0.17200000000000015
2024-10-07,0.14100000000000001
2024-10-08,0.14500000000000002
2024-10-10,0.1259999999999999
2024-10-11,0.1379999999999999
2024-10-14,0.14900000000000002
2024-10-15,0.14399999999999968
2024-10-16,0.1280000000000001
2024-10-17,0.13100000000000023
2024-10-18,0.16400000000000015
2024-10-21,0.1519999999999997
2024-10-22,0.18699999999999983
2024-10-23,0.19200000000000017
2024-10-24,0.18299999999999983
2024-10-25,0.1719999999999997
2024-10-28,0.18500000000000005
2024-10-29,0.18199999999999994
2024-10-30,0.16800000000000015
2024-10-31,0.16400000000000015
2024-11-01,0.1509999999999998
2024-11-04,0.16100000000000003
2024-11-05,0.1549999999999998
2024-11-06,0.17399999999999993
2024-11-07,0.1759999999999997
2024-11-08,0.16000000000000014
2024-11-11,0.137
2024-11-12,0.11399999999999988
2024-11-13,0.1280000000000001
2024-11-14,0.14500000000000002
2024-11-15,0.14300000000000024
2024-11-18,0.14800000000000013
2024-11-19,0.14700000000000024
2024-11-20,0.14399999999999968
2024-11-21,0.14900000000000002
2024-11-22,0.16000000000000014
2024-11-25,0.1469999999999998
2024-11-26,0.1299999999999999
2024-11-27,0.1389999999999998
2024-11-28,0.1499999999999999
2024-11-29,0.14399999999999968
2024-12-02,0.1299999999999999
2024-12-03,0.1280000000000001
2024-12-04,0.13900000000000023
2024-12-05,0.1349999999999998
2024-12-06,0.12400000000000011
2024-12-09,0.09799999999999986
2024-12-10,0.121
2024-12-11,0.15600000000000014
2024-12-12,0.15100000000000025
2024-12-13,0.13500000000000023
2024-12-16,0.16800000000000015
2024-12-17,0.16900000000000004
2024-12-18,0.20199999999999996
2024-12-19,0.21099999999999985
2024-12-20,0.24400000000000022
2024-12-23,0.22799999999999976
2024-12-24,0.25
2024-12-26,0.2559999999999998
2024-12-27,0.242
2024-12-30,0.258
2024-12-31,0.2589999999999999
2025-01-02,0.242
2025-01-03,0.2719999999999998
2025-01-06,0.29300000000000015
2025-01-07,0.28600000000000003
2025-01-08,0.2909999999999999
2025-01-09,0.278
2025-01-10,0.27600000000000025
2025-01-13,0.20699999999999985
2025-01-14,0.19500000000000028
2025-01-15,0.18500000000000005
2025-01-16,0.17600000000000016
2025-01-17,0.2250000000000001
2025-01-20,0.24499999999999966
2025-01-21,0.23899999999999988
2025-01-22,0.25
2025-01-23,0.25900000000000034
2025-01-24,0.28900000000000015
2025-01-31,0.28600000000000003
2025-02-03,0.2629999999999999
2025-02-04,0.2599999999999998
2025-02-05,0.2400000000000002
2025-02-06,0.21399999999999997
2025-02-07,0.20100000000000007
2025-02-10,0.19200000000000017
2025-02-11,0.2160000000000002
2025-02-12,0.2280000000000002
2025-02-13,0.2410000000000001
2025-02-14,0.23499999999999988
2025-02-17,0.246
2025-02-18,0.2370000000000001
2025-02-19,0.24300000000000033
2025-02-20,0.2599999999999998
2025-02-21,0.238
2025-02-24,0.2150000000000003
2025-02-25,0.20100000000000007
2025-02-26,0.1609999999999996
2025-02-27,0.16199999999999992
2025-02-28,0.14000000000000012
2025-03-04,0.16199999999999992
2025-03-05,0.20800000000000018
2025-03-06,0.2120000000000002
2025-03-07,0.20800000000000018
2025-03-10,0.20500000000000007
2025-03-11,0.19999999999999973
2025-03-12,0.21300000000000008
2025-03-13,0.20000000000000018
2025-03-14,0.21700000000000008
2025-03-17,0.20400000000000018
2025-03-18,0.18999999999999995
2025-03-19,0.18999999999999995
2025-03-20,0.19399999999999995
2025-03-21,0.20800000000000018
2025-03-24,0.21199999999999974
2025-03-25,0.20900000000000007
2025-03-26,0.22100000000000009
2025-03-27,0.2160000000000002
2025-03-28,0.21300000000000008
2025-03-31,0.20199999999999996
2025-04-01,0.20599999999999996
2025-04-02,0.18299999999999983
2025-04-03,0.20900000000000007
2025-04-04,0.23100000000000032
2025-04-07,0.24300000000000033
2025-04-08,0.27300000000000013
2025-04-09,0.29800000000000004
2025-04-10,0.2650000000000001
2025-04-11,0.28500000000000014
2025-04-14,0.2829999999999999
2025-04-15,0.2650000000000001
2025-04-16,0.278
2025-04-17,0.26000000000000023
2025-04-18,0.258
2025-04-21,0.2709999999999999
2025-04-22,0.2909999999999999
2025-04-23,0.2609999999999997
2025-04-24,0.28200000000000003
2025-04-25,0.2709999999999999
2025-04-28,0.27200000000000024
2025-04-29,0.29300000000000015
2025-04-30,0.29600000000000026
2025-05-02,0.31099999999999994
2025-05-07,0.3500000000000001
2025-05-08,0.34099999999999975
2025-05-09,0.33899999999999997
2025-05-12,0.355
2025-05-13,0.35199999999999987
2025-05-14,0.367
2025-05-15,0.36499999999999977
2025-05-16,0.3570000000000002
2025-05-19,0.3809999999999998
2025-05-20,0.383
2025-05-21,0.4149999999999996
2025-05-22,0.41900000000000004
2025-05-23,0.42799999999999994
2025-05-26,0.41800000000000015
2025-05-27,0.3690000000000002
2025-05-28,0.3919999999999999
2025-05-29,0.4189999999999996
2025-05-30,0.43900000000000006
2025-06-02,0.4530000000000003
2025-06-04,0.48
2025-06-05,0.4790000000000001
2025-06-09,0.4620000000000002
2025-06-10,0.4460000000000002
2025-06-11,0.41800000000000015
2025-06-12,0.39800000000000013
2025-06-13,0.35699999999999976
2025-06-16,0.3809999999999998
2025-06-17,0.41999999999999993
2025-06-18,0.4039999999999999
2025-06-19,0.399
2025-06-20,0.4039999999999999
2025-06-23,0.375
2025-06-24,0.3620000000000001
2025-06-25,0.3599999999999999
2025-06-26,0.33399999999999963
2025-06-27,0.3320000000000003
2025-06-30,0.3530000000000002
2025-07-01,0.3299999999999996
2025-07-02,0.34899999999999975
2025-07-03,0.3650000000000002
2025-07-04,0.36099999999999977
2025-07-07,0.35799999999999965
2025-07-08,0.3700000000000001
2025-07-09,0.3759999999999999
2025-07-10,0.3810000000000002
2025-07-11,0.375
2025-07-14,0.4119999999999999
2025-07-15,0.4139999999999997
2025-07-16,0.4179999999999997
2025-07-17,0.4259999999999997
2025-07-18,0.399
2025-07-21,0.399
2025-07-22,0.3759999999999999
2025-07-23,0.3719999999999999
2025-07-24,0.3820000000000001
2025-07-25,0.3700000000000001
2025-07-28,0.3650000000000002
2025-07-29,0.363
2025-07-30,0.34299999999999997
2025-07-31,0.3250000000000002
2025-08-01,0.35399999999999965
2025-08-04,0.3570000000000002
2025-08-05,0.3410000000000002
2025-08-06,0.34899999999999975
2025-08-07,0.3639999999999999
2025-08-08,0.367
2025-08-11,0.3610000000000002
2025-08-12,0.3700000000000001
2025-08-13,0.39200000000000035
2025-08-14,0.383
2025-08-18,0.41100000000000003
2025-08-19,0.41400000000000015
2025-08-20,0.41200000000000037
2025-08-21,0.40700000000000003
2025-08-22,0.4039999999999999
2025-08-25,0.4179999999999997
2025-08-26,0.4379999999999997
2025-08-27,0.42300000000000004
2025-08-28,0.399
2025-08-29,0.3889999999999998
2025-09-01,0.4119999999999999
2025-09-02,0.41999999999999993
2025-09-03,0.4379999999999997
2025-09-04,0.41100000000000003
2025-09-05,0.395
2025-09-08,0.3999999999999999
2025-09-09,0.39300000000000024
2025-09-10,0.403
2025-09-11,0.39300000000000024
2025-09-12,0.3820000000000001
2025-09-15,0.3780000000000001
2025-09-16,0.387
2025-09-17,0.3689999999999998
2025-09-18,0.35299999999999976
2025-09-19,0.3740000000000001
2025-09-22,0.3740000000000001
2025-09-23,0.3530000000000002
2025-09-24,0.359
2025-09-25,0.35699999999999976
2025-09-26,0.3810000000000002
2025-09-29,0.3759999999999999
2025-09-30,0.3690000000000002
2025-10-01,0.3639999999999999
2025-10-02,0.3780000000000001
2025-10-10,0.3729999999999998
2025-10-13,0.3500000000000001
2025-10-14,0.3380000000000001
2025-10-15,0.33599999999999985
2025-10-16,0.33899999999999997
2025-10-17,0.3299999999999996
2025-10-20,0.32299999999999995
2025-10-21,0.3039999999999998
2025-10-22,0.29700000000000015
2025-10-23,0.30699999999999994
2025-10-24,0.3219999999999996
2025-10-27,0.33899999999999997
2025-10-28,0.30200000000000005
2025-10-29,0.30699999999999994
2025-10-30,0.3179999999999996
2025-10-31,0.34499999999999975
2025-11-03,0.34499999999999975
2025-11-04,0.35299999999999976
2025-11-05,0.3580000000000001
2025-11-06,0.3689999999999998
2025-11-07,0.33199999999999985
2025-11-10,0.36499999999999977
2025-11-11,0.3700000000000001
2025-11-12,0.359
2025-11-13,0.33499999999999996
2025-11-14,0.3730000000000002
2025-11-17,0.387
2025-11-18,0.3959999999999999
2025-11-19,0.4119999999999999
2025-11-20,0.41700000000000026
2025-11-21,0.399
2025-11-24,0.38500000000000023
2025-11-25,0.36199999999999966
2025-11-26,0.35599999999999987
2025-11-27,0.3380000000000001
2025-11-28,0.35299999999999976
2025-12-01,0.3420000000000001
2025-12-02,0.3240000000000003
2025-12-03,0.32699999999999996
2025-12-04,0.351
2025-12-05,0.3639999999999999
2025-12-08,0.367
2025-12-09,0.3689999999999998
2025-12-10,0.2759999999999998
2025-12-11,0.27700000000000014
2025-12-12,0.31599999999999984
2025-12-15,0.3250000000000002
2025-12-16,0.31400000000000006
2025-12-17,0.32799999999999985
2025-12-18,0.34499999999999975
2025-12-19,0.3320000000000003
2025-12-22,0.3599999999999999
2025-12-23,0.4159999999999999
2025-12-24,0.40600000000000014
2025-12-26,0.4159999999999999
2025-12-29,0.41500000000000004
2025-12-30,0.43299999999999983
2025-12-31,0.43199999999999994
2026-01-02,0.45100000000000007
2026-01-05,0.4630000000000001
2026-01-06,0.4500000000000002
2026-01-07,0.44399999999999995
2026-01-08,0.43900000000000006
2026-01-09,0.44399999999999995
2026-01-12,0.4119999999999999
2026-01-13,0.4089999999999998
2026-01-14,0.42200000000000015
2026-01-15,0.403
2026-01-16,0.4079999999999999
2026-01-19,0.43500000000000005
2026-01-20,0.4620000000000002
2026-01-21,0.46399999999999997
2026-01-22,0.44899999999999984
2026-01-23,0.45299999999999985
2026-01-26,0.44799999999999995
2026-01-27,0.43599999999999994
2026-01-28,0.4509999999999996
2026-01-29,0.45100000000000007
2026-01-30,0.4690000000000003
2026-02-02,0.45100000000000007
2026-02-03,0.472
2026-02-04,0.5
2026-02-05,0.48299999999999965
2026-02-06,0.47699999999999987
2026-02-09,0.4870000000000001
2026-02-10,0.45699999999999985
2026-02-11,0.4389999999999996
2026-02-12,0.46399999999999997
2026-02-13,0.42900000000000027
2026-02-19,0.41000000000000014
2026-02-20,0.39700000000000024
2026-02-23,0.42399999999999993
2026-02-24,0.43500000000000005
2026-02-25,0.43199999999999994
2026-02-26,0.40800000000000036
2026-02-27,0.40500000000000025
2026-03-03,0.4139999999999997
2026-03-04,0.40900000000000025
2026-03-05,0.3999999999999999
2026-03-06,0.38900000000000023
2026-03-09,0.31899999999999995
2026-03-10,0.3460000000000001
2026-03-11,0.355
2026-03-12,0.3780000000000001
2026-03-13,0.363
2026-03-16,0.38000000000000034
2026-03-17,0.3680000000000003
2026-03-18,0.34499999999999975
2026-03-19,0.3639999999999999
2026-03-20,0.32600000000000007
2026-03-23,0.262
2026-03-24,0.31199999999999983
2026-03-25,0.30100000000000016
2026-03-26,0.31300000000000017
2026-03-27,0.3330000000000002
2026-03-30,0.3490000000000002
2026-03-31,0.32699999999999996
2026-04-01,0.31899999999999995
2026-04-02,0.32699999999999996
2026-04-03,0.29899999999999993
2026-04-06,0.29300000000000015
2026-04-07,0.30299999999999994
2026-04-08,0.31300000000000017
2026-04-09,0.32200000000000006
2026-04-10,0.32600000000000007
2026-04-13,0.33299999999999974
2026-04-14,0.31899999999999995
2026-04-15,0.32699999999999996
2026-04-16,0.33499999999999996
2026-04-17,0.3460000000000001
2026-04-20,0.3400000000000003
2026-04-21,0.32499999999999973
2026-04-22,0.33199999999999985
2026-04-23,0.33299999999999974
2026-04-24,0.3210000000000002
2026-04-27,0.32799999999999985
2026-04-28,0.3320000000000003
2026-04-29,0.31800000000000006
2026-04-30,0.32799999999999985
2026-05-04,0.3169999999999997
2026-05-06,0.33699999999999974
2026-05-07,0.3420000000000001
2026-05-08,0.33999999999999986
2026-05-11,0.3520000000000003
2026-05-12,0.3820000000000001
2026-05-13,0.4089999999999998
2026-05-14,0.43100000000000005
2026-05-15,0.4509999999999996
2026-05-18,0.48199999999999976
2026-05-19,0.4590000000000001
2026-05-20,0.4380000000000006
2026-05-21,0.42100000000000026
2026-05-22,0.3919999999999999
2026-05-26,0.40900000000000025
2026-05-27,0.39100000000000046
2026-05-28,0.3810000000000002
2026-05-29,0.33699999999999974
2026-06-01,0.38400000000000034
2026-06-02,0.36199999999999966
2026-06-04,0.371
2026-06-05,0.37199999999999944
2026-06-08,0.4079999999999999
2026-06-09,0.4169999999999998
2026-06-10,0.3919999999999999
2026-06-11,0.3959999999999999
2026-06-12,0.38700000000000045
2026-06-15,0.3740000000000001
2026-06-16,0.39300000000000024
2026-06-17,0.36099999999999977
2026-06-18,0.3680000000000003
2026-06-19,0.38700000000000045
2026-06-22,0.38500000000000023
2026-06-23,0.40100000000000025
2026-06-24,0.39900000000000047
2026-06-25,0.387
2026-06-26,0.395
2026-06-29,0.41100000000000003
2026-06-30,0.38800000000000034
2026-07-01,0.41400000000000015
2026-07-02,0.43599999999999994
2026-07-03,0.44899999999999984
2026-07-06,0.4270000000000005
2026-07-07,0.4330000000000003
2026-07-08,0.4700000000000002
2026-07-09,0.472
2026-07-10,0.46200000000000063
2026-07-13,0.45399999999999974
2026-07-14,0.4460000000000002
2026-07-15,0.46099999999999985
2026-07-16,0.44899999999999984
2026-07-20,0.4410000000000003
2026-07-21,0.4610000000000003
2026-07-22,0.4810000000000003
2026-07-23,0.47500000000000053
2026-07-24,0.488
2026-07-27,0.46799999999999997
2026-07-28,0.4599999999999995
2026-07-29,0.45699999999999985
2026-07-30,0.48
2026-07-31,0.5030000000000001
2026-08-03,0.5220000000000002
2026-08-04,0.5199999999999996
2026-08-05,0.4810000000000003
2026-08-06,0.4530000000000003
2026-08-07,0.4620000000000002
2026-08-10,0.46099999999999985
2026-08-11,0.4930000000000003
2026-08-12,0.5029999999999997
2026-08-13,0.5169999999999999
2026-08-14,0.5169999999999999
2026-08-18,0.5349999999999997
2026-08-19,0.5389999999999997
2026-08-20,0.5120000000000005
2026-08-21,0.5220000000000002
2026-08-24,0.4990000000000001
2026-08-25,0.4900000000000002
2026-08-26,0.4720000000000004
2026-08-27,0.48300000000000054
2026-08-28,0.496
2026-08-31,0.47499999999999964
2026-09-01,0.4930000000000003
2026-09-02,0.488
2026-09-03,0.4790000000000001
2026-09-04,0.4760000000000004
2026-09-07,0.4849999999999999
2026-09-08,0.5
