schema_version,run_id,created_at_utc,runtime,versions_hash,prediction_date,as_of_date,data_snapshot_hash,config_hash,target_mode,band,imputed_features,macro_snapshot_hash,macro_history_mode,prediction,p_down,p_flat,p_up,model,record_id,kind,horizon_days,target_date,horizon,trading_days,current_close,signal,predicted_return,predicted_close,center_close,low_close,high_close,band_coverage,vol_model,model_mae,zero_baseline_mae,mae_diff_lo,mae_diff_hi,oof_slope,actual_open,actual_close,actual_return,actual_class,direction_correct,price_error,absolute_price_error,price_ape,return_error,interval_hit,center_price_error,log_loss,brier,status,is_prospective,actual_updated_at_utc
3,20260906T235225_c30b9404115e,2026-09-06T23:52:47.631703+00:00,github-actions,823ac12bac50,2026-09-07,2026-09-06,53a24fdf82a7b0bfd51b,9b0b1adcafba0fea37db,close_to_close,0.0062564635981491,{},,disabled,상승,0.364651999635648,0.2606484286386732,0.3746995717256788,Logistic,20260906T235225_c30b9404115e:direction:Logistic,direction,1,2026-09-07,,,,,,,,,,,,,,,,,,,,,,,,,,,,,,missing_actual,True,2026-09-24T03:10:19.134740+00:00
3,20260906T235225_c30b9404115e,2026-09-06T23:52:47.631703+00:00,github-actions,823ac12bac50,2026-09-07,2026-09-06,53a24fdf82a7b0bfd51b,9b0b1adcafba0fea37db,close_to_close,0.0062564635981491,{},,disabled,,,,,Ridge,20260906T235225_c30b9404115e:price:1,price,1,2026-09-07,1거래일,1.0,66.74800109863281,없음,,,66.74800109863281,65.03386446351166,68.46213773375395,0.7883597883597884,simple,0.0169871620600082,0.0170271426187227,0.0,0.0,0.0,,,,,,,,,,,,,,missing_actual,True,2026-09-24T03:10:19.134740+00:00
3,20260906T235225_c30b9404115e,2026-09-06T23:52:47.631703+00:00,github-actions,823ac12bac50,2026-09-07,2026-09-06,53a24fdf82a7b0bfd51b,9b0b1adcafba0fea37db,close_to_close,0.0062564635981491,{},,disabled,,,,,Ridge,20260906T235225_c30b9404115e:price:5,price,5,2026-09-11,1주일,5.0,66.74800109863281,없음,,,66.74800109863281,62.62865189489957,70.86735030236606,0.7689594356261023,simple,0.0400793727786814,0.0401576881453128,0.0,0.0,0.0,63.290000915527344,64.55400085449219,-0.03286990184018501,,,,,,,1.0,2.194000244140625,,,scored,True,2026-09-24T03:10:19.134740+00:00
3,20260906T235225_c30b9404115e,2026-09-06T23:52:47.631703+00:00,github-actions,823ac12bac50,2026-09-07,2026-09-06,53a24fdf82a7b0bfd51b,9b0b1adcafba0fea37db,close_to_close,0.0062564635981491,{},,disabled,,,,,Ridge,20260906T235225_c30b9404115e:price:20,price,20,2026-10-02,1개월,20.0,66.74800109863281,없음,,,66.74800109863281,57.873680699056735,75.62232149820889,0.8061946902654867,simple,0.0771432388906079,0.0777909663828967,0.0,0.0,0.0,61.55500030517578,59.97700119018555,-0.10144123864386334,,,,,,,1.0,6.770999908447266,,,scored,True,2026-10-05T00:00:38.288778+00:00
3,20260907T051030_e5b3aeb07ed2,2026-09-07T05:10:53.313284+00:00,github-actions,823ac12bac50,2026-09-07,2026-09-04,5fd4ea4a301d5af0e0d6,9b0b1adcafba0fea37db,close_to_close,0.0064819188915649,{},,disabled,상승,0.3406844395516685,0.2632631241993292,0.3960524362490022,Logistic,20260907T051030_e5b3aeb07ed2:direction:Logistic,direction,1,2026-09-07,,,,,,,,,,,,,,,,,,,,,,,,,,,,,,missing_actual,False,2026-09-24T03:10:19.134740+00:00
3,20260907T051030_e5b3aeb07ed2,2026-09-07T05:10:53.313284+00:00,github-actions,823ac12bac50,2026-09-07,2026-09-04,5fd4ea4a301d5af0e0d6,9b0b1adcafba0fea37db,close_to_close,0.0064819188915649,{},,disabled,,,,,Ridge,20260907T051030_e5b3aeb07ed2:price:1,price,1,2026-09-07,1거래일,1.0,66.0469970703125,없음,,,66.0469970703125,64.28974153771014,67.80425260291486,0.7883597883597884,simple,0.0169789220269378,0.0170185534338604,0.0,0.0,0.0,,,,,,,,,,,,,,missing_actual,False,2026-09-24T03:10:19.134740+00:00
3,20260907T051030_e5b3aeb07ed2,2026-09-07T05:10:53.313284+00:00,github-actions,823ac12bac50,2026-09-07,2026-09-04,5fd4ea4a301d5af0e0d6,9b0b1adcafba0fea37db,close_to_close,0.0064819188915649,{},,disabled,,,,,Ridge,20260907T051030_e5b3aeb07ed2:price:5,price,5,2026-09-11,1주일,5.0,66.0469970703125,없음,,,66.0469970703125,61.82402614100277,70.26996799962222,0.7689594356261023,simple,0.0400882667406854,0.0401692100307705,0.0,0.0,0.0,63.290000915527344,64.55400085449219,-0.022605058247097798,,,,,,,1.0,1.4929962158203125,,,scored,False,2026-09-24T03:10:19.134740+00:00
3,20260907T051030_e5b3aeb07ed2,2026-09-07T05:10:53.313284+00:00,github-actions,823ac12bac50,2026-09-07,2026-09-04,5fd4ea4a301d5af0e0d6,9b0b1adcafba0fea37db,close_to_close,0.0064819188915649,{},,disabled,,,,,Ridge,20260907T051030_e5b3aeb07ed2:price:20,price,20,2026-10-02,1개월,20.0,66.0469970703125,없음,,,66.0469970703125,56.917557316720654,75.17643682390435,0.8097345132743363,simple,0.0772096071747123,0.0778663951176251,0.0,0.0,0.0,61.55500030517578,59.97700119018555,-0.09190419170253783,,,,,,,1.0,6.069995880126953,,,scored,False,2026-10-05T00:00:38.288778+00:00
3,20260907T051544_df3e74473b82,2026-09-07T05:16:07.822717+00:00,github-actions,823ac12bac50,2026-09-07,2026-09-04,5fd4ea4a301d5af0e0d6,9b0b1adcafba0fea37db,close_to_close,0.0064819188915649,{},,disabled,상승,0.3406844395516685,0.2632631241993292,0.3960524362490022,Logistic,20260907T051544_df3e74473b82:direction:Logistic,direction,1,2026-09-07,,,,,,,,,,,,,,,,,,,,,,,,,,,,,,missing_actual,False,2026-09-24T03:10:19.134740+00:00
3,20260907T051544_df3e74473b82,2026-09-07T05:16:07.822717+00:00,github-actions,823ac12bac50,2026-09-07,2026-09-04,5fd4ea4a301d5af0e0d6,9b0b1adcafba0fea37db,close_to_close,0.0064819188915649,{},,disabled,,,,,Ridge,20260907T051544_df3e74473b82:price:1,price,1,2026-09-07,1거래일,1.0,66.0469970703125,없음,,,66.0469970703125,64.28974153771014,67.80425260291486,0.7883597883597884,simple,0.0169789220269378,0.0170185534338604,0.0,0.0,0.0,,,,,,,,,,,,,,missing_actual,False,2026-09-24T03:10:19.134740+00:00
3,20260907T051544_df3e74473b82,2026-09-07T05:16:07.822717+00:00,github-actions,823ac12bac50,2026-09-07,2026-09-04,5fd4ea4a301d5af0e0d6,9b0b1adcafba0fea37db,close_to_close,0.0064819188915649,{},,disabled,,,,,Ridge,20260907T051544_df3e74473b82:price:5,price,5,2026-09-11,1주일,5.0,66.0469970703125,없음,,,66.0469970703125,61.82402614100277,70.26996799962222,0.7689594356261023,simple,0.0400882667406854,0.0401692100307705,0.0,0.0,0.0,63.290000915527344,64.55400085449219,-0.022605058247097798,,,,,,,1.0,1.4929962158203125,,,scored,False,2026-09-24T03:10:19.134740+00:00
3,20260907T051544_df3e74473b82,2026-09-07T05:16:07.822717+00:00,github-actions,823ac12bac50,2026-09-07,2026-09-04,5fd4ea4a301d5af0e0d6,9b0b1adcafba0fea37db,close_to_close,0.0064819188915649,{},,disabled,,,,,Ridge,20260907T051544_df3e74473b82:price:20,price,20,2026-10-02,1개월,20.0,66.0469970703125,없음,,,66.0469970703125,56.917557316720654,75.17643682390435,0.8097345132743363,simple,0.0772096071747123,0.0778663951176251,0.0,0.0,0.0,61.55500030517578,59.97700119018555,-0.09190419170253783,,,,,,,1.0,6.069995880126953,,,scored,False,2026-10-05T00:00:38.288778+00:00
3,20260907T073541_e334156002b3,2026-09-07T07:36:00.763710+00:00,github-actions,823ac12bac50,2026-09-07,2026-09-04,5fd4ea4a301d5af0e0d6,9b0b1adcafba0fea37db,close_to_close,0.0064819188915649,{},,disabled,상승,0.3406844395516685,0.2632631241993292,0.3960524362490022,Logistic,20260907T073541_e334156002b3:direction:Logistic,direction,1,2026-09-07,,,,,,,,,,,,,,,,,,,,,,,,,,,,,,missing_actual,False,2026-09-24T03:10:19.134740+00:00
3,20260907T073541_e334156002b3,2026-09-07T07:36:00.763710+00:00,github-actions,823ac12bac50,2026-09-07,2026-09-04,5fd4ea4a301d5af0e0d6,9b0b1adcafba0fea37db,close_to_close,0.0064819188915649,{},,disabled,,,,,Ridge,20260907T073541_e334156002b3:price:1,price,1,2026-09-07,1거래일,1.0,66.0469970703125,없음,,,66.0469970703125,64.28974153771014,67.80425260291486,0.7883597883597884,simple,0.0169789220269378,0.0170185534338604,0.0,0.0,0.0,,,,,,,,,,,,,,missing_actual,False,2026-09-24T03:10:19.134740+00:00
3,20260907T073541_e334156002b3,2026-09-07T07:36:00.763710+00:00,github-actions,823ac12bac50,2026-09-07,2026-09-04,5fd4ea4a301d5af0e0d6,9b0b1adcafba0fea37db,close_to_close,0.0064819188915649,{},,disabled,,,,,Ridge,20260907T073541_e334156002b3:price:5,price,5,2026-09-11,1주일,5.0,66.0469970703125,없음,,,66.0469970703125,61.82402614100277,70.26996799962222,0.7689594356261023,simple,0.0400882667406854,0.0401692100307705,0.0,0.0,0.0,63.290000915527344,64.55400085449219,-0.022605058247097798,,,,,,,1.0,1.4929962158203125,,,scored,False,2026-09-24T03:10:19.134740+00:00
3,20260907T073541_e334156002b3,2026-09-07T07:36:00.763710+00:00,github-actions,823ac12bac50,2026-09-07,2026-09-04,5fd4ea4a301d5af0e0d6,9b0b1adcafba0fea37db,close_to_close,0.0064819188915649,{},,disabled,,,,,Ridge,20260907T073541_e334156002b3:price:20,price,20,2026-10-02,1개월,20.0,66.0469970703125,없음,,,66.0469970703125,56.917557316720654,75.17643682390435,0.8097345132743363,simple,0.0772096071747123,0.0778663951176251,0.0,0.0,0.0,61.55500030517578,59.97700119018555,-0.09190419170253783,,,,,,,1.0,6.069995880126953,,,scored,False,2026-10-05T00:00:38.288778+00:00
3,20260907T074106_09b9c5113293,2026-09-07T07:41:26.608834+00:00,github-actions,823ac12bac50,2026-09-07,2026-09-04,5fd4ea4a301d5af0e0d6,9b0b1adcafba0fea37db,close_to_close,0.0064819188915649,{},,disabled,상승,0.3406738706702482,0.2632672339839594,0.3960588953457923,Logistic,20260907T074106_09b9c5113293:direction:Logistic,direction,1,2026-09-07,,,,,,,,,,,,,,,,,,,,,,,,,,,,,,missing_actual,False,2026-09-24T03:10:19.134740+00:00
3,20260907T074106_09b9c5113293,2026-09-07T07:41:26.608834+00:00,github-actions,823ac12bac50,2026-09-07,2026-09-04,5fd4ea4a301d5af0e0d6,9b0b1adcafba0fea37db,close_to_close,0.0064819188915649,{},,disabled,,,,,Ridge,20260907T074106_09b9c5113293:price:1,price,1,2026-09-07,1거래일,1.0,66.0469970703125,없음,,,66.0469970703125,64.28974153771014,67.80425260291486,0.7883597883597884,simple,0.0169789220393866,0.0170185534338604,0.0,0.0,0.0,,,,,,,,,,,,,,missing_actual,False,2026-09-24T03:10:19.134740+00:00
3,20260907T074106_09b9c5113293,2026-09-07T07:41:26.608834+00:00,github-actions,823ac12bac50,2026-09-07,2026-09-04,5fd4ea4a301d5af0e0d6,9b0b1adcafba0fea37db,close_to_close,0.0064819188915649,{},,disabled,,,,,Ridge,20260907T074106_09b9c5113293:price:5,price,5,2026-09-11,1주일,5.0,66.0469970703125,없음,,,66.0469970703125,61.82402614100277,70.26996799962222,0.7689594356261023,simple,0.0400882667273755,0.0401692100307705,0.0,0.0,0.0,63.290000915527344,64.55400085449219,-0.022605058247097798,,,,,,,1.0,1.4929962158203125,,,scored,False,2026-09-24T03:10:19.134740+00:00
3,20260907T074106_09b9c5113293,2026-09-07T07:41:26.608834+00:00,github-actions,823ac12bac50,2026-09-07,2026-09-04,5fd4ea4a301d5af0e0d6,9b0b1adcafba0fea37db,close_to_close,0.0064819188915649,{},,disabled,,,,,Ridge,20260907T074106_09b9c5113293:price:20,price,20,2026-10-02,1개월,20.0,66.0469970703125,없음,,,66.0469970703125,56.917557316720654,75.17643682390435,0.8097345132743363,simple,0.077209607160983,0.0778663951176251,0.0,0.0,0.0,61.55500030517578,59.97700119018555,-0.09190419170253783,,,,,,,1.0,6.069995880126953,,,scored,False,2026-10-05T00:00:38.288778+00:00
3,20260907T081003_cd67d0a4d9e3,2026-09-07T08:10:25.031663+00:00,github-actions,823ac12bac50,2026-09-07,2026-09-04,5fd4ea4a301d5af0e0d6,9b0b1adcafba0fea37db,close_to_close,0.0064819188915649,{},,disabled,상승,0.3406844395516685,0.2632631241993292,0.3960524362490022,Logistic,20260907T081003_cd67d0a4d9e3:direction:Logistic,direction,1,2026-09-07,,,,,,,,,,,,,,,,,,,,,,,,,,,,,,missing_actual,False,2026-09-24T03:10:19.134740+00:00
3,20260907T081003_cd67d0a4d9e3,2026-09-07T08:10:25.031663+00:00,github-actions,823ac12bac50,2026-09-07,2026-09-04,5fd4ea4a301d5af0e0d6,9b0b1adcafba0fea37db,close_to_close,0.0064819188915649,{},,disabled,,,,,Ridge,20260907T081003_cd67d0a4d9e3:price:1,price,1,2026-09-07,1거래일,1.0,66.0469970703125,없음,,,66.0469970703125,64.28974153771014,67.80425260291486,0.7883597883597884,simple,0.0169789220269378,0.0170185534338604,0.0,0.0,0.0,,,,,,,,,,,,,,missing_actual,False,2026-09-24T03:10:19.134740+00:00
3,20260907T081003_cd67d0a4d9e3,2026-09-07T08:10:25.031663+00:00,github-actions,823ac12bac50,2026-09-07,2026-09-04,5fd4ea4a301d5af0e0d6,9b0b1adcafba0fea37db,close_to_close,0.0064819188915649,{},,disabled,,,,,Ridge,20260907T081003_cd67d0a4d9e3:price:5,price,5,2026-09-11,1주일,5.0,66.0469970703125,없음,,,66.0469970703125,61.82402614100277,70.26996799962222,0.7689594356261023,simple,0.0400882667406854,0.0401692100307705,0.0,0.0,0.0,63.290000915527344,64.55400085449219,-0.022605058247097798,,,,,,,1.0,1.4929962158203125,,,scored,False,2026-09-24T03:10:19.134740+00:00
3,20260907T081003_cd67d0a4d9e3,2026-09-07T08:10:25.031663+00:00,github-actions,823ac12bac50,2026-09-07,2026-09-04,5fd4ea4a301d5af0e0d6,9b0b1adcafba0fea37db,close_to_close,0.0064819188915649,{},,disabled,,,,,Ridge,20260907T081003_cd67d0a4d9e3:price:20,price,20,2026-10-02,1개월,20.0,66.0469970703125,없음,,,66.0469970703125,56.917557316720654,75.17643682390435,0.8097345132743363,simple,0.0772096071747123,0.0778663951176251,0.0,0.0,0.0,61.55500030517578,59.97700119018555,-0.09190419170253783,,,,,,,1.0,6.069995880126953,,,scored,False,2026-10-05T00:00:38.288778+00:00
3,20260907T110015_91da4c5b9254,2026-09-07T11:00:39.994036+00:00,github-actions,823ac12bac50,2026-09-07,2026-09-04,5fd4ea4a301d5af0e0d6,9b0b1adcafba0fea37db,close_to_close,0.0064819188915649,{},,disabled,상승,0.3406844395516685,0.2632631241993292,0.3960524362490022,Logistic,20260907T110015_91da4c5b9254:direction:Logistic,direction,1,2026-09-07,,,,,,,,,,,,,,,,,,,,,,,,,,,,,,missing_actual,False,2026-09-24T03:10:19.134740+00:00
3,20260907T110015_91da4c5b9254,2026-09-07T11:00:39.994036+00:00,github-actions,823ac12bac50,2026-09-07,2026-09-04,5fd4ea4a301d5af0e0d6,9b0b1adcafba0fea37db,close_to_close,0.0064819188915649,{},,disabled,,,,,Ridge,20260907T110015_91da4c5b9254:price:1,price,1,2026-09-07,1거래일,1.0,66.0469970703125,없음,,,66.0469970703125,64.28974153771014,67.80425260291486,0.7883597883597884,simple,0.0169789220269378,0.0170185534338604,0.0,0.0,0.0,,,,,,,,,,,,,,missing_actual,False,2026-09-24T03:10:19.134740+00:00
3,20260907T110015_91da4c5b9254,2026-09-07T11:00:39.994036+00:00,github-actions,823ac12bac50,2026-09-07,2026-09-04,5fd4ea4a301d5af0e0d6,9b0b1adcafba0fea37db,close_to_close,0.0064819188915649,{},,disabled,,,,,Ridge,20260907T110015_91da4c5b9254:price:5,price,5,2026-09-11,1주일,5.0,66.0469970703125,없음,,,66.0469970703125,61.82402614100277,70.26996799962222,0.7689594356261023,simple,0.0400882667406854,0.0401692100307705,0.0,0.0,0.0,63.290000915527344,64.55400085449219,-0.022605058247097798,,,,,,,1.0,1.4929962158203125,,,scored,False,2026-09-24T03:10:19.134740+00:00
3,20260907T110015_91da4c5b9254,2026-09-07T11:00:39.994036+00:00,github-actions,823ac12bac50,2026-09-07,2026-09-04,5fd4ea4a301d5af0e0d6,9b0b1adcafba0fea37db,close_to_close,0.0064819188915649,{},,disabled,,,,,Ridge,20260907T110015_91da4c5b9254:price:20,price,20,2026-10-02,1개월,20.0,66.0469970703125,없음,,,66.0469970703125,56.917557316720654,75.17643682390435,0.8097345132743363,simple,0.0772096071747123,0.0778663951176251,0.0,0.0,0.0,61.55500030517578,59.97700119018555,-0.09190419170253783,,,,,,,1.0,6.069995880126953,,,scored,False,2026-10-05T00:00:38.288778+00:00
3,20260907T110447_63ebb2b8ecfb,2026-09-07T11:05:08.842521+00:00,github-actions,823ac12bac50,2026-09-07,2026-09-04,5fd4ea4a301d5af0e0d6,9b0b1adcafba0fea37db,close_to_close,0.0064819188915649,{},,disabled,상승,0.3406844395516685,0.2632631241993292,0.3960524362490022,Logistic,20260907T110447_63ebb2b8ecfb:direction:Logistic,direction,1,2026-09-07,,,,,,,,,,,,,,,,,,,,,,,,,,,,,,missing_actual,False,2026-09-24T03:10:19.134740+00:00
3,20260907T110447_63ebb2b8ecfb,2026-09-07T11:05:08.842521+00:00,github-actions,823ac12bac50,2026-09-07,2026-09-04,5fd4ea4a301d5af0e0d6,9b0b1adcafba0fea37db,close_to_close,0.0064819188915649,{},,disabled,,,,,Ridge,20260907T110447_63ebb2b8ecfb:price:1,price,1,2026-09-07,1거래일,1.0,66.0469970703125,없음,,,66.0469970703125,64.28974153771014,67.80425260291486,0.7883597883597884,simple,0.0169789220269378,0.0170185534338604,0.0,0.0,0.0,,,,,,,,,,,,,,missing_actual,False,2026-09-24T03:10:19.134740+00:00
3,20260907T110447_63ebb2b8ecfb,2026-09-07T11:05:08.842521+00:00,github-actions,823ac12bac50,2026-09-07,2026-09-04,5fd4ea4a301d5af0e0d6,9b0b1adcafba0fea37db,close_to_close,0.0064819188915649,{},,disabled,,,,,Ridge,20260907T110447_63ebb2b8ecfb:price:5,price,5,2026-09-11,1주일,5.0,66.0469970703125,없음,,,66.0469970703125,61.82402614100277,70.26996799962222,0.7689594356261023,simple,0.0400882667406854,0.0401692100307705,0.0,0.0,0.0,63.290000915527344,64.55400085449219,-0.022605058247097798,,,,,,,1.0,1.4929962158203125,,,scored,False,2026-09-24T03:10:19.134740+00:00
3,20260907T110447_63ebb2b8ecfb,2026-09-07T11:05:08.842521+00:00,github-actions,823ac12bac50,2026-09-07,2026-09-04,5fd4ea4a301d5af0e0d6,9b0b1adcafba0fea37db,close_to_close,0.0064819188915649,{},,disabled,,,,,Ridge,20260907T110447_63ebb2b8ecfb:price:20,price,20,2026-10-02,1개월,20.0,66.0469970703125,없음,,,66.0469970703125,56.917557316720654,75.17643682390435,0.8097345132743363,simple,0.0772096071747123,0.0778663951176251,0.0,0.0,0.0,61.55500030517578,59.97700119018555,-0.09190419170253783,,,,,,,1.0,6.069995880126953,,,scored,False,2026-10-05T00:00:38.288778+00:00
3,20260907T190713_c03a8d122079,2026-09-07T19:07:34.772019+00:00,github-actions,823ac12bac50,2026-09-07,2026-09-04,5fd4ea4a301d5af0e0d6,9b0b1adcafba0fea37db,close_to_close,0.0064819188915649,{},,disabled,상승,0.3406844395516685,0.2632631241993292,0.3960524362490022,Logistic,20260907T190713_c03a8d122079:direction:Logistic,direction,1,2026-09-07,,,,,,,,,,,,,,,,,,,,,,,,,,,,,,missing_actual,False,2026-09-24T03:10:19.134740+00:00
3,20260907T190713_c03a8d122079,2026-09-07T19:07:34.772019+00:00,github-actions,823ac12bac50,2026-09-07,2026-09-04,5fd4ea4a301d5af0e0d6,9b0b1adcafba0fea37db,close_to_close,0.0064819188915649,{},,disabled,,,,,Ridge,20260907T190713_c03a8d122079:price:1,price,1,2026-09-07,1거래일,1.0,66.0469970703125,없음,,,66.0469970703125,64.28974153771014,67.80425260291486,0.7883597883597884,simple,0.0169789220269378,0.0170185534338604,0.0,0.0,0.0,,,,,,,,,,,,,,missing_actual,False,2026-09-24T03:10:19.134740+00:00
3,20260907T190713_c03a8d122079,2026-09-07T19:07:34.772019+00:00,github-actions,823ac12bac50,2026-09-07,2026-09-04,5fd4ea4a301d5af0e0d6,9b0b1adcafba0fea37db,close_to_close,0.0064819188915649,{},,disabled,,,,,Ridge,20260907T190713_c03a8d122079:price:5,price,5,2026-09-11,1주일,5.0,66.0469970703125,없음,,,66.0469970703125,61.82402614100277,70.26996799962222,0.7689594356261023,simple,0.0400882667406854,0.0401692100307705,0.0,0.0,0.0,63.290000915527344,64.55400085449219,-0.022605058247097798,,,,,,,1.0,1.4929962158203125,,,scored,False,2026-09-24T03:10:19.134740+00:00
3,20260907T190713_c03a8d122079,2026-09-07T19:07:34.772019+00:00,github-actions,823ac12bac50,2026-09-07,2026-09-04,5fd4ea4a301d5af0e0d6,9b0b1adcafba0fea37db,close_to_close,0.0064819188915649,{},,disabled,,,,,Ridge,20260907T190713_c03a8d122079:price:20,price,20,2026-10-02,1개월,20.0,66.0469970703125,없음,,,66.0469970703125,56.917557316720654,75.17643682390435,0.8097345132743363,simple,0.0772096071747123,0.0778663951176251,0.0,0.0,0.0,61.55500030517578,59.97700119018555,-0.09190419170253783,,,,,,,1.0,6.069995880126953,,,scored,False,2026-10-05T00:00:38.288778+00:00
3,20260907T231529_550f9215463e,2026-09-07T23:15:46.605839+00:00,github-actions,823ac12bac50,2026-09-08,2026-09-07,0ab1b56ebeed61f2e3d2,9b0b1adcafba0fea37db,close_to_close,0.0062803056426907,{},,disabled,상승,0.3607689107849596,0.271387602050729,0.3678434871643114,Logistic,20260907T231529_550f9215463e:direction:Logistic,direction,1,2026-09-08,,,,,,,,,,,,,,,,,65.9749984741211,66.2969970703125,,,,,,,,,,,,missing_reference,True,2026-09-24T03:10:19.134740+00:00
3,20260907T231529_550f9215463e,2026-09-07T23:15:46.605839+00:00,github-actions,823ac12bac50,2026-09-08,2026-09-07,0ab1b56ebeed61f2e3d2,9b0b1adcafba0fea37db,close_to_close,0.0062803056426907,{},,disabled,,,,,Ridge,20260907T231529_550f9215463e:price:1,price,1,2026-09-08,1거래일,1.0,66.94499969482422,없음,,,66.94499969482422,65.21925250709792,68.67074688255053,0.7883597883597884,simple,0.0169897923065331,0.0170297728685473,0.0,0.0,0.0,65.9749984741211,66.2969970703125,-0.0096796269693884,,,,,,,1.0,0.6480026245117188,,,scored,True,2026-09-24T03:10:19.134740+00:00
3,20260907T231529_550f9215463e,2026-09-07T23:15:46.605839+00:00,github-actions,823ac12bac50,2026-09-08,2026-09-07,0ab1b56ebeed61f2e3d2,9b0b1adcafba0fea37db,close_to_close,0.0062803056426907,{},,disabled,,,,,Ridge,20260907T231529_550f9215463e:price:5,price,5,2026-09-14,1주일,5.0,66.94499969482422,없음,,,66.94499969482422,62.79774844428268,71.09225094536576,0.7689594356261023,simple,0.0400819961147374,0.0401603114838414,0.0,0.0,0.0,63.51300048828125,63.51300048828125,-0.05126595297913361,,,,,,,1.0,3.4319992065429688,,,scored,True,2026-09-24T03:10:19.134740+00:00
3,20260907T231529_550f9215463e,2026-09-07T23:15:46.605839+00:00,github-actions,823ac12bac50,2026-09-08,2026-09-07,0ab1b56ebeed61f2e3d2,9b0b1adcafba0fea37db,close_to_close,0.0062803056426907,{},,disabled,,,,,Ridge,20260907T231529_550f9215463e:price:20,price,20,2026-10-05,1개월,20.0,66.94499969482422,없음,,,66.94499969482422,58.01056987239164,75.8794295172568,0.8061946902654867,simple,0.0771459166988737,0.0777936440936047,0.0,0.0,0.0,61.52000045776367,60.86899948120117,-0.0907610761269868,,,,,,,1.0,6.076000213623047,,,scored,True,2026-10-06T06:31:33.777911+00:00
3,20260907T235332_31b204013eec,2026-09-07T23:53:50.542949+00:00,github-actions,823ac12bac50,2026-09-08,2026-09-07,2c8b6647ad034900980d,9b0b1adcafba0fea37db,close_to_close,0.0063249389981122,{},,disabled,상승,0.3660258366339958,0.2668791346585912,0.3670950287074129,Logistic,20260907T235332_31b204013eec:direction:Logistic,direction,1,2026-09-08,,,,,,,,,,,,,,,,,65.9749984741211,66.2969970703125,,,,,,,,,,,,missing_reference,True,2026-09-24T03:10:19.134740+00:00
3,20260907T235332_31b204013eec,2026-09-07T23:53:50.542949+00:00,github-actions,823ac12bac50,2026-09-08,2026-09-07,2c8b6647ad034900980d,9b0b1adcafba0fea37db,close_to_close,0.0063249389981122,{},,disabled,,,,,Ridge,20260907T235332_31b204013eec:price:1,price,1,2026-09-08,1거래일,1.0,67.2249984741211,없음,,,67.2249984741211,65.47971734575901,68.97027960248317,0.7883597883597884,simple,0.0169935307430213,0.0170335113050356,0.0,0.0,0.0,65.9749984741211,66.2969970703125,-0.013804409443993304,,,,,,,1.0,0.9280014038085938,,,scored,True,2026-09-24T03:10:19.134740+00:00
3,20260907T235332_31b204013eec,2026-09-07T23:53:50.542949+00:00,github-actions,823ac12bac50,2026-09-08,2026-09-07,2c8b6647ad034900980d,9b0b1adcafba0fea37db,close_to_close,0.0063249389981122,{},,disabled,,,,,Ridge,20260907T235332_31b204013eec:price:5,price,5,2026-09-14,1주일,5.0,67.2249984741211,없음,,,67.2249984741211,63.030803986293165,71.41919296194904,0.7689594356261023,simple,0.0400857247280366,0.0401640400971405,0.0,0.0,0.0,63.51300048828125,63.51300048828125,-0.05521752428553517,,,,,,,1.0,3.7119979858398438,,,scored,True,2026-09-24T03:10:19.134740+00:00
3,20260907T235332_31b204013eec,2026-09-07T23:53:50.542949+00:00,github-actions,823ac12bac50,2026-09-08,2026-09-07,2c8b6647ad034900980d,9b0b1adcafba0fea37db,close_to_close,0.0063249389981122,{},,disabled,,,,,Ridge,20260907T235332_31b204013eec:price:20,price,20,2026-10-05,1개월,20.0,67.2249984741211,없음,,,67.2249984741211,58.18943876255573,76.26055818568646,0.8061946902654867,simple,0.0771497225926418,0.0777974499873728,0.0,0.0,0.0,61.52000045776367,60.86899948120117,-0.09454814633230113,,,,,,,1.0,6.355998992919922,,,scored,True,2026-10-06T06:31:33.777911+00:00
3,20260908T001433_e9dbc054433e,2026-09-08T00:14:53.242217+00:00,github-actions,823ac12bac50,2026-09-08,2026-09-07,3cd6a8081573b0028c1b,9b0b1adcafba0fea37db,close_to_close,0.0063100683368147,{},,disabled,상승,0.3647952197013829,0.2675070245788635,0.3676977557197536,Logistic,20260908T001433_e9dbc054433e:direction:Logistic,direction,1,2026-09-08,,,,,,,,,,,,,,,,,65.9749984741211,66.2969970703125,,,,,,,,,,,,missing_reference,False,2026-09-24T03:10:19.134740+00:00
3,20260908T001433_e9dbc054433e,2026-09-08T00:14:53.242217+00:00,github-actions,823ac12bac50,2026-09-08,2026-09-07,3cd6a8081573b0028c1b,9b0b1adcafba0fea37db,close_to_close,0.0063100683368147,{},,disabled,,,,,Ridge,20260908T001433_e9dbc054433e:price:1,price,1,2026-09-08,1거래일,1.0,67.13999938964844,없음,,,67.13999938964844,65.4010231584739,68.87897562082297,0.7883597883597884,simple,0.0169923958710918,0.0170323764298063,0.0,0.0,0.0,65.9749984741211,66.2969970703125,-0.012555888099485268,,,,,,,1.0,0.8430023193359375,,,scored,False,2026-09-24T03:10:19.134740+00:00
3,20260908T001433_e9dbc054433e,2026-09-08T00:14:53.242217+00:00,github-actions,823ac12bac50,2026-09-08,2026-09-07,3cd6a8081573b0028c1b,9b0b1adcafba0fea37db,close_to_close,0.0063100683368147,{},,disabled,,,,,Ridge,20260908T001433_e9dbc054433e:price:5,price,5,2026-09-14,1주일,5.0,67.13999938964844,없음,,,67.13999938964844,62.96095659549359,71.31904218380329,0.7689594356261023,simple,0.0400845928373003,0.0401629082039317,0.0,0.0,0.0,63.51300048828125,63.51300048828125,-0.05402143184896113,,,,,,,1.0,3.6269989013671875,,,scored,False,2026-09-24T03:10:19.134740+00:00
3,20260908T001433_e9dbc054433e,2026-09-08T00:14:53.242217+00:00,github-actions,823ac12bac50,2026-09-08,2026-09-07,3cd6a8081573b0028c1b,9b0b1adcafba0fea37db,close_to_close,0.0063100683368147,{},,disabled,,,,,Ridge,20260908T001433_e9dbc054433e:price:20,price,20,2026-10-05,1개월,20.0,67.13999938964844,없음,,,67.13999938964844,58.137080995340014,76.14291778395686,0.8061946902654867,simple,0.0771485671418833,0.077796294634172,0.0,0.0,0.0,61.52000045776367,60.86899948120117,-0.09340184637258309,,,,,,,1.0,6.270999908447266,,,scored,False,2026-10-06T06:31:33.777911+00:00
3,20260908T003400_e8d4e0705ddb,2026-09-08T00:34:13.892816+00:00,github-actions,823ac12bac50,2026-09-08,2026-09-07,9a42eb236cf479a2b597,9b0b1adcafba0fea37db,close_to_close,0.0062986840152345,{},,disabled,상승,0.366531459557714,0.2657827550440045,0.3676857853982815,Logistic,20260908T003400_e8d4e0705ddb:direction:Logistic,direction,1,2026-09-08,,,,,,,,,,,,,,,,,65.9749984741211,66.2969970703125,,,,,,,,,,,,missing_reference,False,2026-09-24T03:10:19.134740+00:00
3,20260908T003400_e8d4e0705ddb,2026-09-08T00:34:13.892816+00:00,github-actions,823ac12bac50,2026-09-08,2026-09-07,9a42eb236cf479a2b597,9b0b1adcafba0fea37db,close_to_close,0.0062986840152345,{},,disabled,,,,,Ridge,20260908T003400_e8d4e0705ddb:price:1,price,1,2026-09-08,1거래일,1.0,67.06999969482422,없음,,,67.06999969482422,65.33597061434197,68.80402877530648,0.7883597883597884,simple,0.01699146125867,0.0170314418206842,0.0,0.0,0.0,65.9749984741211,66.2969970703125,-0.011525311287147177,,,,,,,1.0,0.7730026245117188,,,scored,False,2026-09-24T03:10:19.134740+00:00
3,20260908T003400_e8d4e0705ddb,2026-09-08T00:34:13.892816+00:00,github-actions,823ac12bac50,2026-09-08,2026-09-07,9a42eb236cf479a2b597,9b0b1adcafba0fea37db,close_to_close,0.0062986840152345,{},,disabled,,,,,Ridge,20260908T003400_e8d4e0705ddb:price:5,price,5,2026-09-14,1주일,5.0,67.06999969482422,없음,,,67.06999969482422,62.90284570862519,71.23715368102324,0.7689594356261023,simple,0.0400836606815029,0.0401619760506068,0.0,0.0,0.0,63.51300048828125,63.51300048828125,-0.053034131843263776,,,,,,,1.0,3.5569992065429688,,,scored,False,2026-09-24T03:10:19.134740+00:00
3,20260908T003400_e8d4e0705ddb,2026-09-08T00:34:13.892816+00:00,github-actions,823ac12bac50,2026-09-08,2026-09-07,9a42eb236cf479a2b597,9b0b1adcafba0fea37db,close_to_close,0.0062986840152345,{},,disabled,,,,,Ridge,20260908T003400_e8d4e0705ddb:price:20,price,20,2026-10-05,1개월,20.0,67.06999969482422,없음,,,67.06999969482422,58.09269337799477,76.04730601165366,0.8061946902654867,simple,0.0771476157659989,0.07779534316073,0.0,0.0,0.0,61.52000045776367,60.86899948120117,-0.09245564696344521,,,,,,,1.0,6.201000213623047,,,scored,False,2026-10-06T06:31:33.777911+00:00
3,20260908T005820_b059ecb4b01a,2026-09-08T00:58:44.862126+00:00,github-actions,823ac12bac50,2026-09-08,2026-09-07,6016b0fc61eb872cc1d0,9b0b1adcafba0fea37db,close_to_close,0.0062851990269387,{},,disabled,상승,0.365260102649553,0.2678518993464162,0.3668879980040307,Logistic,20260908T005820_b059ecb4b01a:direction:Logistic,direction,1,2026-09-08,,,,,,,,,,,,,,,,,65.9749984741211,66.2969970703125,,,,,,,,,,,,missing_reference,False,2026-09-24T03:10:19.134740+00:00
3,20260908T005820_b059ecb4b01a,2026-09-08T00:58:44.862126+00:00,github-actions,823ac12bac50,2026-09-08,2026-09-07,6016b0fc61eb872cc1d0,9b0b1adcafba0fea37db,close_to_close,0.0062851990269387,{},,disabled,,,,,Ridge,20260908T005820_b059ecb4b01a:price:1,price,1,2026-09-08,1거래일,1.0,66.9800033569336,없음,,,66.9800033569336,65.25200848231424,68.70799823155295,0.7883597883597884,simple,0.0169902596653262,0.0170302402240407,0.0,0.0,0.0,65.9749984741211,66.2969970703125,-0.010197167100476023,,,,,,,1.0,0.6830062866210938,,,scored,False,2026-09-24T03:10:19.134740+00:00
3,20260908T005820_b059ecb4b01a,2026-09-08T00:58:44.862126+00:00,github-actions,823ac12bac50,2026-09-08,2026-09-07,6016b0fc61eb872cc1d0,9b0b1adcafba0fea37db,close_to_close,0.0062851990269387,{},,disabled,,,,,Ridge,20260908T005820_b059ecb4b01a:price:5,price,5,2026-09-14,1주일,5.0,66.9800033569336,없음,,,66.9800033569336,62.82735054911627,71.13265616475093,0.7689594356261023,simple,0.0400824622446709,0.0401607776113023,0.0,0.0,0.0,63.51300048828125,63.51300048828125,-0.05176176015066514,,,,,,,1.0,3.4670028686523438,,,scored,False,2026-09-24T03:10:19.134740+00:00
3,20260908T005820_b059ecb4b01a,2026-09-08T00:58:44.862126+00:00,github-actions,823ac12bac50,2026-09-08,2026-09-07,6016b0fc61eb872cc1d0,9b0b1adcafba0fea37db,close_to_close,0.0062851990269387,{},,disabled,,,,,Ridge,20260908T005820_b059ecb4b01a:price:20,price,20,2026-10-05,1개월,20.0,66.9800033569336,없음,,,66.9800033569336,58.03393695125661,75.92606976261058,0.8061946902654867,simple,0.0771463923898884,0.0777941198821771,0.0,0.0,0.0,61.52000045776367,60.86899948120117,-0.0912362431988416,,,,,,,1.0,6.111003875732422,,,scored,False,2026-10-06T06:31:33.777911+00:00
3,20260908T020029_f90cddbaead8,2026-09-08T02:00:50.866978+00:00,github-actions,823ac12bac50,2026-09-08,2026-09-07,277099856bc835b5814e,9b0b1adcafba0fea37db,close_to_close,0.0064199517040194,{},,disabled,하락,0.3740146198990114,0.2678838205752704,0.3581015595257182,Logistic,20260908T020029_f90cddbaead8:direction:Logistic,direction,1,2026-09-08,,,,,,,,,,,,,,,,,65.9749984741211,66.2969970703125,,,,,,,,,,,,missing_reference,False,2026-09-24T03:10:19.134740+00:00
3,20260908T020029_f90cddbaead8,2026-09-08T02:00:50.866978+00:00,github-actions,823ac12bac50,2026-09-08,2026-09-07,277099856bc835b5814e,9b0b1adcafba0fea37db,close_to_close,0.0064199517040194,{},,disabled,,,,,Ridge,20260908T020029_f90cddbaead8:price:1,price,1,2026-09-08,1거래일,1.0,67.66500091552734,없음,,,67.66500091552734,65.8819074706611,69.4480943603936,0.7883597883597884,simple,0.0169994054904397,0.0170393860491542,0.0,0.0,0.0,65.9749984741211,66.2969970703125,-0.02021730328390381,,,,,,,1.0,1.3680038452148438,,,scored,False,2026-09-24T03:10:19.134740+00:00
3,20260908T020029_f90cddbaead8,2026-09-08T02:00:50.866978+00:00,github-actions,823ac12bac50,2026-09-08,2026-09-07,277099856bc835b5814e,9b0b1adcafba0fea37db,close_to_close,0.0064199517040194,{},,disabled,,,,,Ridge,20260908T020029_f90cddbaead8:price:5,price,5,2026-09-14,1주일,5.0,67.66500091552734,없음,,,67.66500091552734,63.37993727952808,71.95006455152662,0.7689594356261023,simple,0.0400915840380348,0.0401698994046662,0.0,0.0,0.0,63.51300048828125,63.51300048828125,-0.06136112275280137,,,,,,,1.0,4.152000427246094,,,scored,False,2026-09-24T03:10:19.134740+00:00
3,20260908T020029_f90cddbaead8,2026-09-08T02:00:50.866978+00:00,github-actions,823ac12bac50,2026-09-08,2026-09-07,277099856bc835b5814e,9b0b1adcafba0fea37db,close_to_close,0.0064199517040194,{},,disabled,,,,,Ridge,20260908T020029_f90cddbaead8:price:20,price,20,2026-10-05,1개월,20.0,67.66500091552734,없음,,,67.66500091552734,58.4336816566582,76.8963201743965,0.8061946902654867,simple,0.0771557032445499,0.0778034307368386,0.0,0.0,0.0,61.52000045776367,60.86899948120117,-0.10043599116787516,,,,,,,1.0,6.796001434326172,,,scored,False,2026-10-06T06:31:33.777911+00:00
3,20260908T040632_ea3b5752675a,2026-09-08T04:06:54.351312+00:00,github-actions,823ac12bac50,2026-09-07,2026-09-04,5fd4ea4a301d5af0e0d6,9b0b1adcafba0fea37db,close_to_close,0.0064819188915649,{},,disabled,상승,0.3406738706702482,0.2632672339839594,0.3960588953457923,Logistic,20260908T040632_ea3b5752675a:direction:Logistic,direction,1,2026-09-07,,,,,,,,,,,,,,,,,,,,,,,,,,,,,,missing_actual,False,2026-09-24T03:10:19.134740+00:00
3,20260908T040632_ea3b5752675a,2026-09-08T04:06:54.351312+00:00,github-actions,823ac12bac50,2026-09-07,2026-09-04,5fd4ea4a301d5af0e0d6,9b0b1adcafba0fea37db,close_to_close,0.0064819188915649,{},,disabled,,,,,Ridge,20260908T040632_ea3b5752675a:price:1,price,1,2026-09-07,1거래일,1.0,66.0469970703125,없음,,,66.0469970703125,64.28974153771014,67.80425260291486,0.7883597883597884,simple,0.0169789220292959,0.0170185534338604,0.0,0.0,0.0,,,,,,,,,,,,,,missing_actual,False,2026-09-24T03:10:19.134740+00:00
3,20260908T040632_ea3b5752675a,2026-09-08T04:06:54.351312+00:00,github-actions,823ac12bac50,2026-09-07,2026-09-04,5fd4ea4a301d5af0e0d6,9b0b1adcafba0fea37db,close_to_close,0.0064819188915649,{},,disabled,,,,,Ridge,20260908T040632_ea3b5752675a:price:5,price,5,2026-09-11,1주일,5.0,66.0469970703125,없음,,,66.0469970703125,61.82402614100277,70.26996799962222,0.7689594356261023,simple,0.0400882667373413,0.0401692100307705,0.0,0.0,0.0,63.290000915527344,64.55400085449219,-0.022605058247097798,,,,,,,1.0,1.4929962158203125,,,scored,False,2026-09-24T03:10:19.134740+00:00
3,20260908T040632_ea3b5752675a,2026-09-08T04:06:54.351312+00:00,github-actions,823ac12bac50,2026-09-07,2026-09-04,5fd4ea4a301d5af0e0d6,9b0b1adcafba0fea37db,close_to_close,0.0064819188915649,{},,disabled,,,,,Ridge,20260908T040632_ea3b5752675a:price:20,price,20,2026-10-02,1개월,20.0,66.0469970703125,없음,,,66.0469970703125,56.917557316720654,75.17643682390435,0.8097345132743363,simple,0.077209607239406,0.0778663951176251,0.0,0.0,0.0,61.55500030517578,59.97700119018555,-0.09190419170253783,,,,,,,1.0,6.069995880126953,,,scored,False,2026-10-05T00:00:38.288778+00:00
3,20260908T050219_3ee435f900a0,2026-09-08T05:02:44.938033+00:00,github-actions,823ac12bac50,2026-09-07,2026-09-04,5fd4ea4a301d5af0e0d6,9b0b1adcafba0fea37db,close_to_close,0.0064819188915649,{},,disabled,상승,0.3406844395516685,0.2632631241993292,0.3960524362490022,Logistic,20260908T050219_3ee435f900a0:direction:Logistic,direction,1,2026-09-07,,,,,,,,,,,,,,,,,,,,,,,,,,,,,,missing_actual,False,2026-09-24T03:10:19.134740+00:00
3,20260908T050219_3ee435f900a0,2026-09-08T05:02:44.938033+00:00,github-actions,823ac12bac50,2026-09-07,2026-09-04,5fd4ea4a301d5af0e0d6,9b0b1adcafba0fea37db,close_to_close,0.0064819188915649,{},,disabled,,,,,Ridge,20260908T050219_3ee435f900a0:price:1,price,1,2026-09-07,1거래일,1.0,66.0469970703125,없음,,,66.0469970703125,64.28974153771014,67.80425260291486,0.7883597883597884,simple,0.0169789220269378,0.0170185534338604,0.0,0.0,0.0,,,,,,,,,,,,,,missing_actual,False,2026-09-24T03:10:19.134740+00:00
3,20260908T050219_3ee435f900a0,2026-09-08T05:02:44.938033+00:00,github-actions,823ac12bac50,2026-09-07,2026-09-04,5fd4ea4a301d5af0e0d6,9b0b1adcafba0fea37db,close_to_close,0.0064819188915649,{},,disabled,,,,,Ridge,20260908T050219_3ee435f900a0:price:5,price,5,2026-09-11,1주일,5.0,66.0469970703125,없음,,,66.0469970703125,61.82402614100277,70.26996799962222,0.7689594356261023,simple,0.0400882667406854,0.0401692100307705,0.0,0.0,0.0,63.290000915527344,64.55400085449219,-0.022605058247097798,,,,,,,1.0,1.4929962158203125,,,scored,False,2026-09-24T03:10:19.134740+00:00
3,20260908T050219_3ee435f900a0,2026-09-08T05:02:44.938033+00:00,github-actions,823ac12bac50,2026-09-07,2026-09-04,5fd4ea4a301d5af0e0d6,9b0b1adcafba0fea37db,close_to_close,0.0064819188915649,{},,disabled,,,,,Ridge,20260908T050219_3ee435f900a0:price:20,price,20,2026-10-02,1개월,20.0,66.0469970703125,없음,,,66.0469970703125,56.917557316720654,75.17643682390435,0.8097345132743363,simple,0.0772096071747123,0.0778663951176251,0.0,0.0,0.0,61.55500030517578,59.97700119018555,-0.09190419170253783,,,,,,,1.0,6.069995880126953,,,scored,False,2026-10-05T00:00:38.288778+00:00
3,20260908T050704_6176a47c1a61,2026-09-08T05:07:20.905957+00:00,github-actions,823ac12bac50,2026-09-07,2026-09-04,5fd4ea4a301d5af0e0d6,9b0b1adcafba0fea37db,close_to_close,0.0064819188915649,{},,disabled,상승,0.3406738706702482,0.2632672339839594,0.3960588953457923,Logistic,20260908T050704_6176a47c1a61:direction:Logistic,direction,1,2026-09-07,,,,,,,,,,,,,,,,,,,,,,,,,,,,,,missing_actual,False,2026-09-24T03:10:19.134740+00:00
3,20260908T050704_6176a47c1a61,2026-09-08T05:07:20.905957+00:00,github-actions,823ac12bac50,2026-09-07,2026-09-04,5fd4ea4a301d5af0e0d6,9b0b1adcafba0fea37db,close_to_close,0.0064819188915649,{},,disabled,,,,,Ridge,20260908T050704_6176a47c1a61:price:1,price,1,2026-09-07,1거래일,1.0,66.0469970703125,없음,,,66.0469970703125,64.28974153771014,67.80425260291486,0.7883597883597884,simple,0.0169789220292959,0.0170185534338604,0.0,0.0,0.0,,,,,,,,,,,,,,missing_actual,False,2026-09-24T03:10:19.134740+00:00
3,20260908T050704_6176a47c1a61,2026-09-08T05:07:20.905957+00:00,github-actions,823ac12bac50,2026-09-07,2026-09-04,5fd4ea4a301d5af0e0d6,9b0b1adcafba0fea37db,close_to_close,0.0064819188915649,{},,disabled,,,,,Ridge,20260908T050704_6176a47c1a61:price:5,price,5,2026-09-11,1주일,5.0,66.0469970703125,없음,,,66.0469970703125,61.82402614100277,70.26996799962222,0.7689594356261023,simple,0.0400882667373413,0.0401692100307705,0.0,0.0,0.0,63.290000915527344,64.55400085449219,-0.022605058247097798,,,,,,,1.0,1.4929962158203125,,,scored,False,2026-09-24T03:10:19.134740+00:00
3,20260908T050704_6176a47c1a61,2026-09-08T05:07:20.905957+00:00,github-actions,823ac12bac50,2026-09-07,2026-09-04,5fd4ea4a301d5af0e0d6,9b0b1adcafba0fea37db,close_to_close,0.0064819188915649,{},,disabled,,,,,Ridge,20260908T050704_6176a47c1a61:price:20,price,20,2026-10-02,1개월,20.0,66.0469970703125,없음,,,66.0469970703125,56.917557316720654,75.17643682390435,0.8097345132743363,simple,0.077209607239406,0.0778663951176251,0.0,0.0,0.0,61.55500030517578,59.97700119018555,-0.09190419170253783,,,,,,,1.0,6.069995880126953,,,scored,False,2026-10-05T00:00:38.288778+00:00
3,20260908T052551_0aa27f0027f0,2026-09-08T05:26:11.474956+00:00,github-actions,823ac12bac50,2026-09-07,2026-09-04,5fd4ea4a301d5af0e0d6,9b0b1adcafba0fea37db,close_to_close,0.0064819188915649,{},,disabled,상승,0.3406844395516685,0.2632631241993292,0.3960524362490022,Logistic,20260908T052551_0aa27f0027f0:direction:Logistic,direction,1,2026-09-07,,,,,,,,,,,,,,,,,,,,,,,,,,,,,,missing_actual,False,2026-09-24T03:10:19.134740+00:00
3,20260908T052551_0aa27f0027f0,2026-09-08T05:26:11.474956+00:00,github-actions,823ac12bac50,2026-09-07,2026-09-04,5fd4ea4a301d5af0e0d6,9b0b1adcafba0fea37db,close_to_close,0.0064819188915649,{},,disabled,,,,,Ridge,20260908T052551_0aa27f0027f0:price:1,price,1,2026-09-07,1거래일,1.0,66.0469970703125,없음,,,66.0469970703125,64.28974153771014,67.80425260291486,0.7883597883597884,simple,0.0169789220269378,0.0170185534338604,0.0,0.0,0.0,,,,,,,,,,,,,,missing_actual,False,2026-09-24T03:10:19.134740+00:00
3,20260908T052551_0aa27f0027f0,2026-09-08T05:26:11.474956+00:00,github-actions,823ac12bac50,2026-09-07,2026-09-04,5fd4ea4a301d5af0e0d6,9b0b1adcafba0fea37db,close_to_close,0.0064819188915649,{},,disabled,,,,,Ridge,20260908T052551_0aa27f0027f0:price:5,price,5,2026-09-11,1주일,5.0,66.0469970703125,없음,,,66.0469970703125,61.82402614100277,70.26996799962222,0.7689594356261023,simple,0.0400882667406854,0.0401692100307705,0.0,0.0,0.0,63.290000915527344,64.55400085449219,-0.022605058247097798,,,,,,,1.0,1.4929962158203125,,,scored,False,2026-09-24T03:10:19.134740+00:00
3,20260908T052551_0aa27f0027f0,2026-09-08T05:26:11.474956+00:00,github-actions,823ac12bac50,2026-09-07,2026-09-04,5fd4ea4a301d5af0e0d6,9b0b1adcafba0fea37db,close_to_close,0.0064819188915649,{},,disabled,,,,,Ridge,20260908T052551_0aa27f0027f0:price:20,price,20,2026-10-02,1개월,20.0,66.0469970703125,없음,,,66.0469970703125,56.917557316720654,75.17643682390435,0.8097345132743363,simple,0.0772096071747123,0.0778663951176251,0.0,0.0,0.0,61.55500030517578,59.97700119018555,-0.09190419170253783,,,,,,,1.0,6.069995880126953,,,scored,False,2026-10-05T00:00:38.288778+00:00
3,20260908T054636_68501c9e3d36,2026-09-08T05:46:58.818530+00:00,github-actions,823ac12bac50,2026-09-07,2026-09-04,5fd4ea4a301d5af0e0d6,9b0b1adcafba0fea37db,close_to_close,0.0064819188915649,{},,disabled,상승,0.3406844395516685,0.2632631241993292,0.3960524362490022,Logistic,20260908T054636_68501c9e3d36:direction:Logistic,direction,1,2026-09-07,,,,,,,,,,,,,,,,,,,,,,,,,,,,,,missing_actual,False,2026-09-24T03:10:19.134740+00:00
3,20260908T054636_68501c9e3d36,2026-09-08T05:46:58.818530+00:00,github-actions,823ac12bac50,2026-09-07,2026-09-04,5fd4ea4a301d5af0e0d6,9b0b1adcafba0fea37db,close_to_close,0.0064819188915649,{},,disabled,,,,,Ridge,20260908T054636_68501c9e3d36:price:1,price,1,2026-09-07,1거래일,1.0,66.0469970703125,없음,,,66.0469970703125,64.28974153771014,67.80425260291486,0.7883597883597884,simple,0.0169789220269378,0.0170185534338604,0.0,0.0,0.0,,,,,,,,,,,,,,missing_actual,False,2026-09-24T03:10:19.134740+00:00
3,20260908T054636_68501c9e3d36,2026-09-08T05:46:58.818530+00:00,github-actions,823ac12bac50,2026-09-07,2026-09-04,5fd4ea4a301d5af0e0d6,9b0b1adcafba0fea37db,close_to_close,0.0064819188915649,{},,disabled,,,,,Ridge,20260908T054636_68501c9e3d36:price:5,price,5,2026-09-11,1주일,5.0,66.0469970703125,없음,,,66.0469970703125,61.82402614100277,70.26996799962222,0.7689594356261023,simple,0.0400882667406854,0.0401692100307705,0.0,0.0,0.0,63.290000915527344,64.55400085449219,-0.022605058247097798,,,,,,,1.0,1.4929962158203125,,,scored,False,2026-09-24T03:10:19.134740+00:00
3,20260908T054636_68501c9e3d36,2026-09-08T05:46:58.818530+00:00,github-actions,823ac12bac50,2026-09-07,2026-09-04,5fd4ea4a301d5af0e0d6,9b0b1adcafba0fea37db,close_to_close,0.0064819188915649,{},,disabled,,,,,Ridge,20260908T054636_68501c9e3d36:price:20,price,20,2026-10-02,1개월,20.0,66.0469970703125,없음,,,66.0469970703125,56.917557316720654,75.17643682390435,0.8097345132743363,simple,0.0772096071747123,0.0778663951176251,0.0,0.0,0.0,61.55500030517578,59.97700119018555,-0.09190419170253783,,,,,,,1.0,6.069995880126953,,,scored,False,2026-10-05T00:00:38.288778+00:00
3,20260908T060030_17dd11b213a8,2026-09-08T06:00:50.987775+00:00,github-actions,823ac12bac50,2026-09-07,2026-09-04,5fd4ea4a301d5af0e0d6,9b0b1adcafba0fea37db,close_to_close,0.0064819188915649,{},,disabled,상승,0.3406844395516685,0.2632631241993292,0.3960524362490022,Logistic,20260908T060030_17dd11b213a8:direction:Logistic,direction,1,2026-09-07,,,,,,,,,,,,,,,,,,,,,,,,,,,,,,missing_actual,False,2026-09-24T03:10:19.134740+00:00
3,20260908T060030_17dd11b213a8,2026-09-08T06:00:50.987775+00:00,github-actions,823ac12bac50,2026-09-07,2026-09-04,5fd4ea4a301d5af0e0d6,9b0b1adcafba0fea37db,close_to_close,0.0064819188915649,{},,disabled,,,,,Ridge,20260908T060030_17dd11b213a8:price:1,price,1,2026-09-07,1거래일,1.0,66.0469970703125,없음,,,66.0469970703125,64.28974153771014,67.80425260291486,0.7883597883597884,simple,0.0169789220269378,0.0170185534338604,0.0,0.0,0.0,,,,,,,,,,,,,,missing_actual,False,2026-09-24T03:10:19.134740+00:00
3,20260908T060030_17dd11b213a8,2026-09-08T06:00:50.987775+00:00,github-actions,823ac12bac50,2026-09-07,2026-09-04,5fd4ea4a301d5af0e0d6,9b0b1adcafba0fea37db,close_to_close,0.0064819188915649,{},,disabled,,,,,Ridge,20260908T060030_17dd11b213a8:price:5,price,5,2026-09-11,1주일,5.0,66.0469970703125,없음,,,66.0469970703125,61.82402614100277,70.26996799962222,0.7689594356261023,simple,0.0400882667406854,0.0401692100307705,0.0,0.0,0.0,63.290000915527344,64.55400085449219,-0.022605058247097798,,,,,,,1.0,1.4929962158203125,,,scored,False,2026-09-24T03:10:19.134740+00:00
3,20260908T060030_17dd11b213a8,2026-09-08T06:00:50.987775+00:00,github-actions,823ac12bac50,2026-09-07,2026-09-04,5fd4ea4a301d5af0e0d6,9b0b1adcafba0fea37db,close_to_close,0.0064819188915649,{},,disabled,,,,,Ridge,20260908T060030_17dd11b213a8:price:20,price,20,2026-10-02,1개월,20.0,66.0469970703125,없음,,,66.0469970703125,56.917557316720654,75.17643682390435,0.8097345132743363,simple,0.0772096071747123,0.0778663951176251,0.0,0.0,0.0,61.55500030517578,59.97700119018555,-0.09190419170253783,,,,,,,1.0,6.069995880126953,,,scored,False,2026-10-05T00:00:38.288778+00:00
3,20260908T070818_c5cc87c589ee,2026-09-08T07:08:36.346490+00:00,github-actions,823ac12bac50,2026-09-07,2026-09-04,5fd4ea4a301d5af0e0d6,9b0b1adcafba0fea37db,close_to_close,0.0064819188915649,{},,disabled,상승,0.3406738706702482,0.2632672339839594,0.3960588953457923,Logistic,20260908T070818_c5cc87c589ee:direction:Logistic,direction,1,2026-09-07,,,,,,,,,,,,,,,,,,,,,,,,,,,,,,missing_actual,False,2026-09-24T03:10:19.134740+00:00
3,20260908T070818_c5cc87c589ee,2026-09-08T07:08:36.346490+00:00,github-actions,823ac12bac50,2026-09-07,2026-09-04,5fd4ea4a301d5af0e0d6,9b0b1adcafba0fea37db,close_to_close,0.0064819188915649,{},,disabled,,,,,Ridge,20260908T070818_c5cc87c589ee:price:1,price,1,2026-09-07,1거래일,1.0,66.0469970703125,없음,,,66.0469970703125,64.28974153771014,67.80425260291486,0.7883597883597884,simple,0.0169789220292959,0.0170185534338604,0.0,0.0,0.0,,,,,,,,,,,,,,missing_actual,False,2026-09-24T03:10:19.134740+00:00
3,20260908T070818_c5cc87c589ee,2026-09-08T07:08:36.346490+00:00,github-actions,823ac12bac50,2026-09-07,2026-09-04,5fd4ea4a301d5af0e0d6,9b0b1adcafba0fea37db,close_to_close,0.0064819188915649,{},,disabled,,,,,Ridge,20260908T070818_c5cc87c589ee:price:5,price,5,2026-09-11,1주일,5.0,66.0469970703125,없음,,,66.0469970703125,61.82402614100277,70.26996799962222,0.7689594356261023,simple,0.0400882667373413,0.0401692100307705,0.0,0.0,0.0,63.290000915527344,64.55400085449219,-0.022605058247097798,,,,,,,1.0,1.4929962158203125,,,scored,False,2026-09-24T03:10:19.134740+00:00
3,20260908T070818_c5cc87c589ee,2026-09-08T07:08:36.346490+00:00,github-actions,823ac12bac50,2026-09-07,2026-09-04,5fd4ea4a301d5af0e0d6,9b0b1adcafba0fea37db,close_to_close,0.0064819188915649,{},,disabled,,,,,Ridge,20260908T070818_c5cc87c589ee:price:20,price,20,2026-10-02,1개월,20.0,66.0469970703125,없음,,,66.0469970703125,56.917557316720654,75.17643682390435,0.8097345132743363,simple,0.077209607239406,0.0778663951176251,0.0,0.0,0.0,61.55500030517578,59.97700119018555,-0.09190419170253783,,,,,,,1.0,6.069995880126953,,,scored,False,2026-10-05T00:00:38.288778+00:00
3,20260908T072215_d59d38c97f9c,2026-09-08T07:22:36.518611+00:00,github-actions,823ac12bac50,2026-09-07,2026-09-04,5fd4ea4a301d5af0e0d6,9b0b1adcafba0fea37db,close_to_close,0.0064819188915649,{},,disabled,상승,0.3406844395516685,0.2632631241993292,0.3960524362490022,Logistic,20260908T072215_d59d38c97f9c:direction:Logistic,direction,1,2026-09-07,,,,,,,,,,,,,,,,,,,,,,,,,,,,,,missing_actual,False,2026-09-24T03:10:19.134740+00:00
3,20260908T072215_d59d38c97f9c,2026-09-08T07:22:36.518611+00:00,github-actions,823ac12bac50,2026-09-07,2026-09-04,5fd4ea4a301d5af0e0d6,9b0b1adcafba0fea37db,close_to_close,0.0064819188915649,{},,disabled,,,,,Ridge,20260908T072215_d59d38c97f9c:price:1,price,1,2026-09-07,1거래일,1.0,66.0469970703125,없음,,,66.0469970703125,64.28974153771014,67.80425260291486,0.7883597883597884,simple,0.0169789220269378,0.0170185534338604,0.0,0.0,0.0,,,,,,,,,,,,,,missing_actual,False,2026-09-24T03:10:19.134740+00:00
3,20260908T072215_d59d38c97f9c,2026-09-08T07:22:36.518611+00:00,github-actions,823ac12bac50,2026-09-07,2026-09-04,5fd4ea4a301d5af0e0d6,9b0b1adcafba0fea37db,close_to_close,0.0064819188915649,{},,disabled,,,,,Ridge,20260908T072215_d59d38c97f9c:price:5,price,5,2026-09-11,1주일,5.0,66.0469970703125,없음,,,66.0469970703125,61.82402614100277,70.26996799962222,0.7689594356261023,simple,0.0400882667406854,0.0401692100307705,0.0,0.0,0.0,63.290000915527344,64.55400085449219,-0.022605058247097798,,,,,,,1.0,1.4929962158203125,,,scored,False,2026-09-24T03:10:19.134740+00:00
3,20260908T072215_d59d38c97f9c,2026-09-08T07:22:36.518611+00:00,github-actions,823ac12bac50,2026-09-07,2026-09-04,5fd4ea4a301d5af0e0d6,9b0b1adcafba0fea37db,close_to_close,0.0064819188915649,{},,disabled,,,,,Ridge,20260908T072215_d59d38c97f9c:price:20,price,20,2026-10-02,1개월,20.0,66.0469970703125,없음,,,66.0469970703125,56.917557316720654,75.17643682390435,0.8097345132743363,simple,0.0772096071747123,0.0778663951176251,0.0,0.0,0.0,61.55500030517578,59.97700119018555,-0.09190419170253783,,,,,,,1.0,6.069995880126953,,,scored,False,2026-10-05T00:00:38.288778+00:00
3,20260908T073600_3a316b35dd1f,2026-09-08T07:36:22.597426+00:00,github-actions,823ac12bac50,2026-09-07,2026-09-04,5fd4ea4a301d5af0e0d6,9b0b1adcafba0fea37db,close_to_close,0.0064819188915649,{},,disabled,상승,0.3406844395516685,0.2632631241993292,0.3960524362490022,Logistic,20260908T073600_3a316b35dd1f:direction:Logistic,direction,1,2026-09-07,,,,,,,,,,,,,,,,,,,,,,,,,,,,,,missing_actual,False,2026-09-24T03:10:19.134740+00:00
3,20260908T073600_3a316b35dd1f,2026-09-08T07:36:22.597426+00:00,github-actions,823ac12bac50,2026-09-07,2026-09-04,5fd4ea4a301d5af0e0d6,9b0b1adcafba0fea37db,close_to_close,0.0064819188915649,{},,disabled,,,,,Ridge,20260908T073600_3a316b35dd1f:price:1,price,1,2026-09-07,1거래일,1.0,66.0469970703125,없음,,,66.0469970703125,64.28974153771014,67.80425260291486,0.7883597883597884,simple,0.0169789220269378,0.0170185534338604,0.0,0.0,0.0,,,,,,,,,,,,,,missing_actual,False,2026-09-24T03:10:19.134740+00:00
3,20260908T073600_3a316b35dd1f,2026-09-08T07:36:22.597426+00:00,github-actions,823ac12bac50,2026-09-07,2026-09-04,5fd4ea4a301d5af0e0d6,9b0b1adcafba0fea37db,close_to_close,0.0064819188915649,{},,disabled,,,,,Ridge,20260908T073600_3a316b35dd1f:price:5,price,5,2026-09-11,1주일,5.0,66.0469970703125,없음,,,66.0469970703125,61.82402614100277,70.26996799962222,0.7689594356261023,simple,0.0400882667406854,0.0401692100307705,0.0,0.0,0.0,63.290000915527344,64.55400085449219,-0.022605058247097798,,,,,,,1.0,1.4929962158203125,,,scored,False,2026-09-24T03:10:19.134740+00:00
3,20260908T073600_3a316b35dd1f,2026-09-08T07:36:22.597426+00:00,github-actions,823ac12bac50,2026-09-07,2026-09-04,5fd4ea4a301d5af0e0d6,9b0b1adcafba0fea37db,close_to_close,0.0064819188915649,{},,disabled,,,,,Ridge,20260908T073600_3a316b35dd1f:price:20,price,20,2026-10-02,1개월,20.0,66.0469970703125,없음,,,66.0469970703125,56.917557316720654,75.17643682390435,0.8097345132743363,simple,0.0772096071747123,0.0778663951176251,0.0,0.0,0.0,61.55500030517578,59.97700119018555,-0.09190419170253783,,,,,,,1.0,6.069995880126953,,,scored,False,2026-10-05T00:00:38.288778+00:00
3,20260908T080025_143aedb7f573,2026-09-08T08:00:47.462851+00:00,github-actions,823ac12bac50,2026-09-07,2026-09-04,5fd4ea4a301d5af0e0d6,9b0b1adcafba0fea37db,close_to_close,0.0064819188915649,{},,disabled,상승,0.3406844395516685,0.2632631241993292,0.3960524362490022,Logistic,20260908T080025_143aedb7f573:direction:Logistic,direction,1,2026-09-07,,,,,,,,,,,,,,,,,,,,,,,,,,,,,,missing_actual,False,2026-09-24T03:10:19.134740+00:00
3,20260908T080025_143aedb7f573,2026-09-08T08:00:47.462851+00:00,github-actions,823ac12bac50,2026-09-07,2026-09-04,5fd4ea4a301d5af0e0d6,9b0b1adcafba0fea37db,close_to_close,0.0064819188915649,{},,disabled,,,,,Ridge,20260908T080025_143aedb7f573:price:1,price,1,2026-09-07,1거래일,1.0,66.0469970703125,없음,,,66.0469970703125,64.28974153771014,67.80425260291486,0.7883597883597884,simple,0.0169789220269378,0.0170185534338604,0.0,0.0,0.0,,,,,,,,,,,,,,missing_actual,False,2026-09-24T03:10:19.134740+00:00
3,20260908T080025_143aedb7f573,2026-09-08T08:00:47.462851+00:00,github-actions,823ac12bac50,2026-09-07,2026-09-04,5fd4ea4a301d5af0e0d6,9b0b1adcafba0fea37db,close_to_close,0.0064819188915649,{},,disabled,,,,,Ridge,20260908T080025_143aedb7f573:price:5,price,5,2026-09-11,1주일,5.0,66.0469970703125,없음,,,66.0469970703125,61.82402614100277,70.26996799962222,0.7689594356261023,simple,0.0400882667406854,0.0401692100307705,0.0,0.0,0.0,63.290000915527344,64.55400085449219,-0.022605058247097798,,,,,,,1.0,1.4929962158203125,,,scored,False,2026-09-24T03:10:19.134740+00:00
3,20260908T080025_143aedb7f573,2026-09-08T08:00:47.462851+00:00,github-actions,823ac12bac50,2026-09-07,2026-09-04,5fd4ea4a301d5af0e0d6,9b0b1adcafba0fea37db,close_to_close,0.0064819188915649,{},,disabled,,,,,Ridge,20260908T080025_143aedb7f573:price:20,price,20,2026-10-02,1개월,20.0,66.0469970703125,없음,,,66.0469970703125,56.917557316720654,75.17643682390435,0.8097345132743363,simple,0.0772096071747123,0.0778663951176251,0.0,0.0,0.0,61.55500030517578,59.97700119018555,-0.09190419170253783,,,,,,,1.0,6.069995880126953,,,scored,False,2026-10-05T00:00:38.288778+00:00
3,20260908T082120_5508b0b70db0,2026-09-08T08:21:42.616314+00:00,github-actions,823ac12bac50,2026-09-07,2026-09-04,5fd4ea4a301d5af0e0d6,9b0b1adcafba0fea37db,close_to_close,0.0064819188915649,{},,disabled,상승,0.3406844395516685,0.2632631241993292,0.3960524362490022,Logistic,20260908T082120_5508b0b70db0:direction:Logistic,direction,1,2026-09-07,,,,,,,,,,,,,,,,,,,,,,,,,,,,,,missing_actual,False,2026-09-24T03:10:19.134740+00:00
3,20260908T082120_5508b0b70db0,2026-09-08T08:21:42.616314+00:00,github-actions,823ac12bac50,2026-09-07,2026-09-04,5fd4ea4a301d5af0e0d6,9b0b1adcafba0fea37db,close_to_close,0.0064819188915649,{},,disabled,,,,,Ridge,20260908T082120_5508b0b70db0:price:1,price,1,2026-09-07,1거래일,1.0,66.0469970703125,없음,,,66.0469970703125,64.28974153771014,67.80425260291486,0.7883597883597884,simple,0.0169789220269378,0.0170185534338604,0.0,0.0,0.0,,,,,,,,,,,,,,missing_actual,False,2026-09-24T03:10:19.134740+00:00
3,20260908T082120_5508b0b70db0,2026-09-08T08:21:42.616314+00:00,github-actions,823ac12bac50,2026-09-07,2026-09-04,5fd4ea4a301d5af0e0d6,9b0b1adcafba0fea37db,close_to_close,0.0064819188915649,{},,disabled,,,,,Ridge,20260908T082120_5508b0b70db0:price:5,price,5,2026-09-11,1주일,5.0,66.0469970703125,없음,,,66.0469970703125,61.82402614100277,70.26996799962222,0.7689594356261023,simple,0.0400882667406854,0.0401692100307705,0.0,0.0,0.0,63.290000915527344,64.55400085449219,-0.022605058247097798,,,,,,,1.0,1.4929962158203125,,,scored,False,2026-09-24T03:10:19.134740+00:00
3,20260908T082120_5508b0b70db0,2026-09-08T08:21:42.616314+00:00,github-actions,823ac12bac50,2026-09-07,2026-09-04,5fd4ea4a301d5af0e0d6,9b0b1adcafba0fea37db,close_to_close,0.0064819188915649,{},,disabled,,,,,Ridge,20260908T082120_5508b0b70db0:price:20,price,20,2026-10-02,1개월,20.0,66.0469970703125,없음,,,66.0469970703125,56.917557316720654,75.17643682390435,0.8097345132743363,simple,0.0772096071747123,0.0778663951176251,0.0,0.0,0.0,61.55500030517578,59.97700119018555,-0.09190419170253783,,,,,,,1.0,6.069995880126953,,,scored,False,2026-10-05T00:00:38.288778+00:00
3,20260908T104944_e77a22058de3,2026-09-08T10:50:04.426282+00:00,github-actions,823ac12bac50,2026-09-07,2026-09-04,5fd4ea4a301d5af0e0d6,9b0b1adcafba0fea37db,close_to_close,0.0064819188915649,{},,disabled,상승,0.3319946442464573,0.2985482475450888,0.3694571082084539,Logistic,20260908T104944_e77a22058de3:direction:Logistic,direction,1,2026-09-07,,,,,,,,,,,,,,,,,,,,,,,,,,,,,,missing_actual,False,2026-09-24T03:10:19.134740+00:00
3,20260908T104944_e77a22058de3,2026-09-08T10:50:04.426282+00:00,github-actions,823ac12bac50,2026-09-07,2026-09-04,5fd4ea4a301d5af0e0d6,9b0b1adcafba0fea37db,close_to_close,0.0064819188915649,{},,disabled,,,,,Ridge,20260908T104944_e77a22058de3:price:1,price,1,2026-09-07,1거래일,1.0,66.0469970703125,없음,,,66.0469970703125,64.28974153771014,67.80425260291486,0.7883597883597884,simple,0.0169789220269378,0.0170185534338604,0.0,0.0,0.0,,,,,,,,,,,,,,missing_actual,False,2026-09-24T03:10:19.134740+00:00
3,20260908T104944_e77a22058de3,2026-09-08T10:50:04.426282+00:00,github-actions,823ac12bac50,2026-09-07,2026-09-04,5fd4ea4a301d5af0e0d6,9b0b1adcafba0fea37db,close_to_close,0.0064819188915649,{},,disabled,,,,,Ridge,20260908T104944_e77a22058de3:price:5,price,5,2026-09-11,1주일,5.0,66.0469970703125,없음,,,66.0469970703125,61.82402614100277,70.26996799962222,0.7689594356261023,simple,0.0400882667406854,0.0401692100307705,0.0,0.0,0.0,63.290000915527344,64.55400085449219,-0.022605058247097798,,,,,,,1.0,1.4929962158203125,,,scored,False,2026-09-24T03:10:19.134740+00:00
3,20260908T104944_e77a22058de3,2026-09-08T10:50:04.426282+00:00,github-actions,823ac12bac50,2026-09-07,2026-09-04,5fd4ea4a301d5af0e0d6,9b0b1adcafba0fea37db,close_to_close,0.0064819188915649,{},,disabled,,,,,Ridge,20260908T104944_e77a22058de3:price:20,price,20,2026-10-02,1개월,20.0,66.0469970703125,없음,,,66.0469970703125,56.917557316720654,75.17643682390435,0.8097345132743363,simple,0.0772096071747123,0.0778663951176251,0.0,0.0,0.0,61.55500030517578,59.97700119018555,-0.09190419170253783,,,,,,,1.0,6.069995880126953,,,scored,False,2026-10-05T00:00:38.288778+00:00
3,20260908T111421_45fad4ac8758,2026-09-08T11:14:42.781778+00:00,github-actions,823ac12bac50,2026-09-07,2026-09-04,5fd4ea4a301d5af0e0d6,9b0b1adcafba0fea37db,close_to_close,0.0064819188915649,{},,disabled,상승,0.3319946442464573,0.2985482475450888,0.3694571082084539,Logistic,20260908T111421_45fad4ac8758:direction:Logistic,direction,1,2026-09-07,,,,,,,,,,,,,,,,,,,,,,,,,,,,,,missing_actual,False,2026-09-24T03:10:19.134740+00:00
3,20260908T111421_45fad4ac8758,2026-09-08T11:14:42.781778+00:00,github-actions,823ac12bac50,2026-09-07,2026-09-04,5fd4ea4a301d5af0e0d6,9b0b1adcafba0fea37db,close_to_close,0.0064819188915649,{},,disabled,,,,,Ridge,20260908T111421_45fad4ac8758:price:1,price,1,2026-09-07,1거래일,1.0,66.0469970703125,없음,,,66.0469970703125,64.28974153771014,67.80425260291486,0.7883597883597884,simple,0.0169789220269378,0.0170185534338604,0.0,0.0,0.0,,,,,,,,,,,,,,missing_actual,False,2026-09-24T03:10:19.134740+00:00
3,20260908T111421_45fad4ac8758,2026-09-08T11:14:42.781778+00:00,github-actions,823ac12bac50,2026-09-07,2026-09-04,5fd4ea4a301d5af0e0d6,9b0b1adcafba0fea37db,close_to_close,0.0064819188915649,{},,disabled,,,,,Ridge,20260908T111421_45fad4ac8758:price:5,price,5,2026-09-11,1주일,5.0,66.0469970703125,없음,,,66.0469970703125,61.82402614100277,70.26996799962222,0.7689594356261023,simple,0.0400882667406854,0.0401692100307705,0.0,0.0,0.0,63.290000915527344,64.55400085449219,-0.022605058247097798,,,,,,,1.0,1.4929962158203125,,,scored,False,2026-09-24T03:10:19.134740+00:00
3,20260908T111421_45fad4ac8758,2026-09-08T11:14:42.781778+00:00,github-actions,823ac12bac50,2026-09-07,2026-09-04,5fd4ea4a301d5af0e0d6,9b0b1adcafba0fea37db,close_to_close,0.0064819188915649,{},,disabled,,,,,Ridge,20260908T111421_45fad4ac8758:price:20,price,20,2026-10-02,1개월,20.0,66.0469970703125,없음,,,66.0469970703125,56.917557316720654,75.17643682390435,0.8097345132743363,simple,0.0772096071747123,0.0778663951176251,0.0,0.0,0.0,61.55500030517578,59.97700119018555,-0.09190419170253783,,,,,,,1.0,6.069995880126953,,,scored,False,2026-10-05T00:00:38.288778+00:00
3,20260908T232703_7eead13c528b,2026-09-08T23:27:32.528895+00:00,github-actions,823ac12bac50,2026-09-09,2026-09-08,e448bd2341384db6b229,9b0b1adcafba0fea37db,close_to_close,0.0062241026952615,{},,disabled,상승,0.3359143895467203,0.3114996917896467,0.352585918663633,Logistic,20260908T232703_7eead13c528b:direction:Logistic,direction,1,2026-09-09,,,,,,,,,,,,,,,,,66.30000305175781,67.94200134277344,0.024812651328932622,2.0,1.0,,,,,,,1.0424609455400595,0.6290155278022027,scored,True,2026-09-24T03:10:19.134740+00:00
3,20260908T232703_7eead13c528b,2026-09-08T23:27:32.528895+00:00,github-actions,823ac12bac50,2026-09-09,2026-09-08,e448bd2341384db6b229,9b0b1adcafba0fea37db,close_to_close,0.0062241026952615,{},,disabled,,,,,Ridge,20260908T232703_7eead13c528b:price:1,price,1,2026-09-09,1거래일,1.0,66.2300033569336,없음,,,66.2300033569336,64.53796666226636,67.92204005160083,0.7883597883597884,simple,0.0169802459525049,0.0170202265112193,0.0,0.0,0.0,66.30000305175781,67.94200134277344,0.025849281278356173,,,,,,,0.0,-1.7119979858398438,,,scored,True,2026-09-24T03:10:19.134740+00:00
3,20260908T232703_7eead13c528b,2026-09-08T23:27:32.528895+00:00,github-actions,823ac12bac50,2026-09-09,2026-09-08,e448bd2341384db6b229,9b0b1adcafba0fea37db,close_to_close,0.0062241026952615,{},,disabled,,,,,Ridge,20260908T232703_7eead13c528b:price:5,price,5,2026-09-15,1주일,5.0,66.2300033569336,없음,,,66.2300033569336,62.16376390550717,70.29624280836,0.7689594356261023,simple,0.0400771061497034,0.0401507902107093,0.0,0.0,0.0,63.029998779296875,63.236000061035156,-0.045206147427818255,,,,,,,1.0,2.9940032958984375,,,scored,True,2026-09-24T03:10:19.134740+00:00
3,20260908T232703_7eead13c528b,2026-09-08T23:27:32.528895+00:00,github-actions,823ac12bac50,2026-09-09,2026-09-08,e448bd2341384db6b229,9b0b1adcafba0fea37db,close_to_close,0.0062241026952615,{},,disabled,,,,,Ridge,20260908T232703_7eead13c528b:price:20,price,20,2026-10-06,1개월,20.0,66.2300033569336,없음,,,66.2300033569336,57.47009737939432,74.98990933447287,0.8061946902654867,simple,0.0771361979871369,0.0777839254794257,0.0,0.0,0.0,60.91999816894531,61.167999267578125,-0.07643067843549378,,,,,,,1.0,5.062004089355469,,,scored,True,2026-10-07T05:38:17.158369+00:00
3,20260908T234431_656ddacf9a0b,2026-09-08T23:44:52.774946+00:00,github-actions,823ac12bac50,2026-09-09,2026-09-08,bde3983f8f791e9479c0,9b0b1adcafba0fea37db,close_to_close,0.006228700972056,{},,disabled,상승,0.3372580988481122,0.3100262216073679,0.3527156795445198,Logistic,20260908T234431_656ddacf9a0b:direction:Logistic,direction,1,2026-09-09,,,,,,,,,,,,,,,,,66.30000305175781,67.94200134277344,0.024812651328932622,2.0,1.0,,,,,,,1.0420929869740203,0.6288362748302965,scored,True,2026-09-24T03:10:19.134740+00:00
3,20260908T234431_656ddacf9a0b,2026-09-08T23:44:52.774946+00:00,github-actions,823ac12bac50,2026-09-09,2026-09-08,bde3983f8f791e9479c0,9b0b1adcafba0fea37db,close_to_close,0.006228700972056,{},,disabled,,,,,Ridge,20260908T234431_656ddacf9a0b:price:1,price,1,2026-09-09,1거래일,1.0,66.375,없음,,,66.375,64.67800615847051,68.07199384152949,0.7883597883597884,simple,0.0169821818921632,0.0170221624508777,0.0,0.0,0.0,66.30000305175781,67.94200134277344,0.02360830648246237,,,,,,,1.0,-1.5670013427734375,,,scored,True,2026-09-24T03:10:19.134740+00:00
3,20260908T234431_656ddacf9a0b,2026-09-08T23:44:52.774946+00:00,github-actions,823ac12bac50,2026-09-09,2026-09-08,bde3983f8f791e9479c0,9b0b1adcafba0fea37db,close_to_close,0.006228700972056,{},,disabled,,,,,Ridge,20260908T234431_656ddacf9a0b:price:5,price,5,2026-09-15,1주일,5.0,66.375,없음,,,66.375,62.29684771819505,70.45315228180495,0.7689594356261023,simple,0.0400751752969581,0.0401527210634545,0.0,0.0,0.0,63.029998779296875,63.236000061035156,-0.04729190115201276,,,,,,,1.0,3.1389999389648438,,,scored,True,2026-09-24T03:10:19.134740+00:00
3,20260908T234431_656ddacf9a0b,2026-09-08T23:44:52.774946+00:00,github-actions,823ac12bac50,2026-09-09,2026-09-08,bde3983f8f791e9479c0,9b0b1adcafba0fea37db,close_to_close,0.006228700972056,{},,disabled,,,,,Ridge,20260908T234431_656ddacf9a0b:price:20,price,20,2026-10-06,1개월,20.0,66.375,없음,,,66.375,57.58943019343913,75.16056980656087,0.8061946902654867,simple,0.077138168859373,0.0777858963516617,0.0,0.0,0.0,60.91999816894531,61.167999267578125,-0.07844822195739176,,,,,,,1.0,5.207000732421875,,,scored,True,2026-10-07T05:38:17.158369+00:00
3,20260908T235743_40f5f4c9d459,2026-09-08T23:58:04.987274+00:00,github-actions,823ac12bac50,2026-09-09,2026-09-08,4c5eb34f89fb9f4ec121,9b0b1adcafba0fea37db,close_to_close,0.0062254372262751,{},,disabled,상승,0.3357403924726667,0.3110931900774535,0.3531664174498796,Logistic,20260908T235743_40f5f4c9d459:direction:Logistic,direction,1,2026-09-09,,,,,,,,,,,,,,,,,66.30000305175781,67.94200134277344,0.024812651328932622,2.0,1.0,,,,,,,1.0408158956055313,0.6278942675648903,scored,True,2026-09-24T03:10:19.134740+00:00
3,20260908T235743_40f5f4c9d459,2026-09-08T23:58:04.987274+00:00,github-actions,823ac12bac50,2026-09-09,2026-09-08,4c5eb34f89fb9f4ec121,9b0b1adcafba0fea37db,close_to_close,0.0062254372262751,{},,disabled,,,,,Ridge,20260908T235743_40f5f4c9d459:price:1,price,1,2026-09-09,1거래일,1.0,66.28500366210938,없음,,,66.28500366210938,64.59119872919678,67.97880859502197,0.7883597883597884,simple,0.0169809802955197,0.0170209608542342,0.0,0.0,0.0,66.30000305175781,67.94200134277344,0.02499807783236574,,,,,,,1.0,-1.6569976806640625,,,scored,True,2026-09-24T03:10:19.134740+00:00
3,20260908T235743_40f5f4c9d459,2026-09-08T23:58:04.987274+00:00,github-actions,823ac12bac50,2026-09-09,2026-09-08,4c5eb34f89fb9f4ec121,9b0b1adcafba0fea37db,close_to_close,0.0062254372262751,{},,disabled,,,,,Ridge,20260908T235743_40f5f4c9d459:price:5,price,5,2026-09-15,1주일,5.0,66.28500366210938,없음,,,66.28500366210938,62.21451484650812,70.35549247771063,0.7689594356261023,simple,0.0400763737362627,0.04015152262415,0.0,0.0,0.0,63.029998779296875,63.236000061035156,-0.04599839228517877,,,,,,,1.0,3.0490036010742188,,,scored,True,2026-09-24T03:10:19.134740+00:00
3,20260908T235743_40f5f4c9d459,2026-09-08T23:58:04.987274+00:00,github-actions,823ac12bac50,2026-09-09,2026-09-08,4c5eb34f89fb9f4ec121,9b0b1adcafba0fea37db,close_to_close,0.0062254372262751,{},,disabled,,,,,Ridge,20260908T235743_40f5f4c9d459:price:20,price,20,2026-10-06,1개월,20.0,66.28500366210938,없음,,,66.28500366210938,57.515943272715965,75.05406405150278,0.8061946902654867,simple,0.0771369455808202,0.0777846730731089,0.0,0.0,0.0,60.91999816894531,61.167999267578125,-0.07719701458591444,,,,,,,1.0,5.11700439453125,,,scored,True,2026-10-07T05:38:17.158369+00:00
3,20260909T004309_9d048d52cefc,2026-09-09T00:43:29.865427+00:00,github-actions,823ac12bac50,2026-09-09,2026-09-08,bde3983f8f791e9479c0,9b0b1adcafba0fea37db,close_to_close,0.006228700972056,{},,disabled,상승,0.3351679585554997,0.3134146753736083,0.351417366070892,Logistic,20260909T004309_9d048d52cefc:direction:Logistic,direction,1,2026-09-09,,,,,,,,,,,,,,,,,66.30000305175781,67.94200134277344,0.024812651328932622,2.0,1.0,,,,,,,1.045780684783513,0.6312257522162247,scored,False,2026-09-24T03:10:19.134740+00:00
3,20260909T004309_9d048d52cefc,2026-09-09T00:43:29.865427+00:00,github-actions,823ac12bac50,2026-09-09,2026-09-08,bde3983f8f791e9479c0,9b0b1adcafba0fea37db,close_to_close,0.006228700972056,{},,disabled,,,,,Ridge,20260909T004309_9d048d52cefc:price:1,price,1,2026-09-09,1거래일,1.0,66.375,없음,,,66.375,64.67800615847051,68.07199384152949,0.7883597883597884,simple,0.0169821818921632,0.0170221624508777,0.0,0.0,0.0,66.30000305175781,67.94200134277344,0.02360830648246237,,,,,,,1.0,-1.5670013427734375,,,scored,False,2026-09-24T03:10:19.134740+00:00
3,20260909T004309_9d048d52cefc,2026-09-09T00:43:29.865427+00:00,github-actions,823ac12bac50,2026-09-09,2026-09-08,bde3983f8f791e9479c0,9b0b1adcafba0fea37db,close_to_close,0.006228700972056,{},,disabled,,,,,Ridge,20260909T004309_9d048d52cefc:price:5,price,5,2026-09-15,1주일,5.0,66.375,없음,,,66.375,62.29684771819505,70.45315228180495,0.7689594356261023,simple,0.0400751752969581,0.0401527210634545,0.0,0.0,0.0,63.029998779296875,63.236000061035156,-0.04729190115201276,,,,,,,1.0,3.1389999389648438,,,scored,False,2026-09-24T03:10:19.134740+00:00
3,20260909T004309_9d048d52cefc,2026-09-09T00:43:29.865427+00:00,github-actions,823ac12bac50,2026-09-09,2026-09-08,bde3983f8f791e9479c0,9b0b1adcafba0fea37db,close_to_close,0.006228700972056,{},,disabled,,,,,Ridge,20260909T004309_9d048d52cefc:price:20,price,20,2026-10-06,1개월,20.0,66.375,없음,,,66.375,57.58943019343913,75.16056980656087,0.8061946902654867,simple,0.077138168859373,0.0777858963516617,0.0,0.0,0.0,60.91999816894531,61.167999267578125,-0.07844822195739176,,,,,,,1.0,5.207000732421875,,,scored,False,2026-10-07T05:38:17.158369+00:00
3,20260909T013106_a5102abd3caa,2026-09-09T01:31:25.857833+00:00,github-actions,823ac12bac50,2026-09-09,2026-09-08,29b69b6d02e3656f95b7,9b0b1adcafba0fea37db,close_to_close,0.0062364383553695,{},,disabled,상승,0.3389954858591056,0.3042108638398069,0.3567936503010874,Logistic,20260909T013106_a5102abd3caa:direction:Logistic,direction,1,2026-09-09,,,,,,,,,,,,,,,,,66.30000305175781,67.94200134277344,0.024812651328932622,2.0,1.0,,,,,,,1.0305976746759846,0.6211765974040124,scored,False,2026-09-24T03:10:19.134740+00:00
3,20260909T013106_a5102abd3caa,2026-09-09T01:31:25.857833+00:00,github-actions,823ac12bac50,2026-09-09,2026-09-08,29b69b6d02e3656f95b7,9b0b1adcafba0fea37db,close_to_close,0.0062364383553695,{},,disabled,,,,,Ridge,20260909T013106_a5102abd3caa:price:1,price,1,2026-09-09,1거래일,1.0,66.51499938964844,없음,,,66.51499938964844,64.81231374018381,68.21768503911306,0.7883597883597884,simple,0.0169840511071076,0.0170240316691218,0.0,0.0,0.0,66.30000305175781,67.94200134277344,0.021453836972402884,,,,,,,1.0,-1.427001953125,,,scored,False,2026-09-24T03:10:19.134740+00:00
3,20260909T013106_a5102abd3caa,2026-09-09T01:31:25.857833+00:00,github-actions,823ac12bac50,2026-09-09,2026-09-08,29b69b6d02e3656f95b7,9b0b1adcafba0fea37db,close_to_close,0.0062364383553695,{},,disabled,,,,,Ridge,20260909T013106_a5102abd3caa:price:5,price,5,2026-09-15,1주일,5.0,66.51499938964844,없음,,,66.51499938964844,62.423168767386265,70.6068300119106,0.7689594356261023,simple,0.0400762700010002,0.0401545853701041,0.0,0.0,0.0,63.029998779296875,63.236000061035156,-0.049297141377161124,,,,,,,1.0,3.2789993286132812,,,scored,False,2026-09-24T03:10:19.134740+00:00
3,20260909T013106_a5102abd3caa,2026-09-09T01:31:25.857833+00:00,github-actions,823ac12bac50,2026-09-09,2026-09-08,29b69b6d02e3656f95b7,9b0b1adcafba0fea37db,close_to_close,0.0062364383553695,{},,disabled,,,,,Ridge,20260909T013106_a5102abd3caa:price:20,price,20,2026-10-06,1개월,20.0,66.51499938964844,없음,,,66.51499938964844,57.69996231295619,75.33003646634069,0.8061946902654867,simple,0.0771400719038147,0.0777877992985458,0.0,0.0,0.0,60.91999816894531,61.167999267578125,-0.08038788500541505,,,,,,,1.0,5.3470001220703125,,,scored,False,2026-10-07T05:38:17.158369+00:00
3,20260909T015831_e9f4da5da4bf,2026-09-09T01:58:55.196540+00:00,github-actions,823ac12bac50,2026-09-09,2026-09-08,58461425dc8e8f1c2cb9,9b0b1adcafba0fea37db,close_to_close,0.006254091122824,{},,disabled,상승,0.3402085585715724,0.3026442628157983,0.3571471786126292,Logistic,20260909T015831_e9f4da5da4bf:direction:Logistic,direction,1,2026-09-09,,,,,,,,,,,,,,,,,66.30000305175781,67.94200134277344,0.024812651328932622,2.0,1.0,,,,,,,1.0296073171390023,0.6205951631063678,scored,False,2026-09-24T03:10:19.134740+00:00
3,20260909T015831_e9f4da5da4bf,2026-09-09T01:58:55.196540+00:00,github-actions,823ac12bac50,2026-09-09,2026-09-08,58461425dc8e8f1c2cb9,9b0b1adcafba0fea37db,close_to_close,0.006254091122824,{},,disabled,,,,,Ridge,20260909T015831_e9f4da5da4bf:price:1,price,1,2026-09-09,1거래일,1.0,66.7249984741211,없음,,,66.7249984741211,65.01210234620049,68.43789460204168,0.7883597883597884,simple,0.0169868549377735,0.017026835496488,0.0,0.0,0.0,66.30000305175781,67.94200134277344,0.01823908424852716,,,,,,,1.0,-1.2170028686523438,,,scored,False,2026-09-24T03:10:19.134740+00:00
3,20260909T015831_e9f4da5da4bf,2026-09-09T01:58:55.196540+00:00,github-actions,823ac12bac50,2026-09-09,2026-09-08,58461425dc8e8f1c2cb9,9b0b1adcafba0fea37db,close_to_close,0.006254091122824,{},,disabled,,,,,Ridge,20260909T015831_e9f4da5da4bf:price:5,price,5,2026-09-15,1주일,5.0,66.7249984741211,없음,,,66.7249984741211,62.60863041100645,70.84136653723573,0.7689594356261023,simple,0.0400790664634471,0.0401573818300785,0.0,0.0,0.0,63.029998779296875,63.236000061035156,-0.05228922432181282,,,,,,,1.0,3.4889984130859375,,,scored,False,2026-09-24T03:10:19.134740+00:00
3,20260909T015831_e9f4da5da4bf,2026-09-09T01:58:55.196540+00:00,github-actions,823ac12bac50,2026-09-09,2026-09-08,58461425dc8e8f1c2cb9,9b0b1adcafba0fea37db,close_to_close,0.006254091122824,{},,disabled,,,,,Ridge,20260909T015831_e9f4da5da4bf:price:20,price,20,2026-10-06,1개월,20.0,66.7249984741211,없음,,,66.7249984741211,57.85710035041852,75.59289659782368,0.8061946902654867,simple,0.0771429262265831,0.0777906537188718,0.0,0.0,0.0,60.91999816894531,61.167999267578125,-0.08328211815093889,,,,,,,1.0,5.556999206542969,,,scored,False,2026-10-07T05:38:17.158369+00:00
3,20260909T022329_3940c1c00935,2026-09-09T02:23:50.244315+00:00,github-actions,823ac12bac50,2026-09-09,2026-09-08,4f8f84cc3dec53beb91e,9b0b1adcafba0fea37db,close_to_close,0.0062492327543363,{},,disabled,상승,0.3401233458926602,0.3026594543202041,0.3572171997871357,Logistic,20260909T022329_3940c1c00935:direction:Logistic,direction,1,2026-09-09,,,,,,,,,,,,,,,,,66.30000305175781,67.94200134277344,0.024812651328932622,2.0,1.0,,,,,,,1.029411279439341,0.6204563639601129,scored,False,2026-09-24T03:10:19.134740+00:00
3,20260909T022329_3940c1c00935,2026-09-09T02:23:50.244315+00:00,github-actions,823ac12bac50,2026-09-09,2026-09-08,4f8f84cc3dec53beb91e,9b0b1adcafba0fea37db,close_to_close,0.0062492327543363,{},,disabled,,,,,Ridge,20260909T022329_3940c1c00935:price:1,price,1,2026-09-09,1거래일,1.0,66.67500305175781,없음,,,66.67500305175781,64.96471998822406,68.38528611529156,0.7883597883597884,simple,0.0169861874179599,0.0170261679767521,0.0,0.0,0.0,66.30000305175781,67.94200134277344,0.019002598170593243,,,,,,,1.0,-1.266998291015625,,,scored,False,2026-09-24T03:10:19.134740+00:00
3,20260909T022329_3940c1c00935,2026-09-09T02:23:50.244315+00:00,github-actions,823ac12bac50,2026-09-09,2026-09-08,4f8f84cc3dec53beb91e,9b0b1adcafba0fea37db,close_to_close,0.0062492327543363,{},,disabled,,,,,Ridge,20260909T022329_3940c1c00935:price:5,price,5,2026-09-15,1주일,5.0,66.67500305175781,없음,,,66.67500305175781,62.564914607479096,70.78509149603653,0.7689594356261023,simple,0.040078400712044,0.0401567160643306,0.0,0.0,0.0,63.029998779296875,63.236000061035156,-0.05157859517536223,,,,,,,1.0,3.4390029907226562,,,scored,False,2026-09-24T03:10:19.134740+00:00
3,20260909T022329_3940c1c00935,2026-09-09T02:23:50.244315+00:00,github-actions,823ac12bac50,2026-09-09,2026-09-08,4f8f84cc3dec53beb91e,9b0b1adcafba0fea37db,close_to_close,0.0062492327543363,{},,disabled,,,,,Ridge,20260909T022329_3940c1c00935:price:20,price,20,2026-10-06,1개월,20.0,66.67500305175781,없음,,,66.67500305175781,57.82063312068496,75.52937298283067,0.8061946902654867,simple,0.0771422467705898,0.0777899741542434,0.0,0.0,0.0,60.91999816894531,61.167999267578125,-0.08259472864072859,,,,,,,1.0,5.5070037841796875,,,scored,False,2026-10-07T05:38:17.158369+00:00
3,20260909T024804_39f186c69b62,2026-09-09T02:48:29.012245+00:00,github-actions,823ac12bac50,2026-09-09,2026-09-08,215794e6215766f09b28,9b0b1adcafba0fea37db,close_to_close,0.0062407431363015,{},,disabled,상승,0.3388544301822407,0.3038351427331607,0.3573104270845983,Logistic,20260909T024804_39f186c69b62:direction:Logistic,direction,1,2026-09-09,,,,,,,,,,,,,,,,,66.30000305175781,67.94200134277344,0.024812651328932622,2.0,1.0,,,,,,,1.0291503313822312,0.6201880059479926,scored,False,2026-09-24T03:10:19.134740+00:00
3,20260909T024804_39f186c69b62,2026-09-09T02:48:29.012245+00:00,github-actions,823ac12bac50,2026-09-09,2026-09-08,215794e6215766f09b28,9b0b1adcafba0fea37db,close_to_close,0.0062407431363015,{},,disabled,,,,,Ridge,20260909T024804_39f186c69b62:price:1,price,1,2026-09-09,1거래일,1.0,66.57499694824219,없음,,,66.57499694824219,64.86959908940219,68.28039480708219,0.7883597883597884,simple,0.0169848521748363,0.0170248327335508,0.0,0.0,0.0,66.30000305175781,67.94200134277344,0.020533300145608946,,,,,,,1.0,-1.36700439453125,,,scored,False,2026-09-24T03:10:19.134740+00:00
3,20260909T024804_39f186c69b62,2026-09-09T02:48:29.012245+00:00,github-actions,823ac12bac50,2026-09-09,2026-09-08,215794e6215766f09b28,9b0b1adcafba0fea37db,close_to_close,0.0062407431363015,{},,disabled,,,,,Ridge,20260909T024804_39f186c69b62:price:5,price,5,2026-09-15,1주일,5.0,66.57499694824219,없음,,,66.57499694824219,62.47664844560694,70.67334545087743,0.7689594356261023,simple,0.0400770689630091,0.0401553843296405,0.0,0.0,0.0,63.029998779296875,63.236000061035156,-0.05015391724017482,,,,,,,1.0,3.3389968872070312,,,scored,False,2026-09-24T03:10:19.134740+00:00
3,20260909T024804_39f186c69b62,2026-09-09T02:48:29.012245+00:00,github-actions,823ac12bac50,2026-09-09,2026-09-08,215794e6215766f09b28,9b0b1adcafba0fea37db,close_to_close,0.0062407431363015,{},,disabled,,,,,Ridge,20260909T024804_39f186c69b62:price:20,price,20,2026-10-06,1개월,20.0,66.57499694824219,없음,,,66.57499694824219,57.74591839171996,75.40407550476442,0.8061946902654867,simple,0.0771408873252922,0.077788614817581,0.0,0.0,0.0,60.91999816894531,61.167999267578125,-0.0812166418102529,,,,,,,1.0,5.4069976806640625,,,scored,False,2026-10-07T05:38:17.158369+00:00
3,20260909T035937_6af4159c6b4e,2026-09-09T04:00:01.229161+00:00,github-actions,823ac12bac50,2026-09-09,2026-09-08,0b59a96891de957fcb45,9b0b1adcafba0fea37db,close_to_close,0.0062717430512149,{},,disabled,상승,0.3406729778651806,0.3014641001162257,0.3578629220185936,Logistic,20260909T035937_6af4159c6b4e:direction:Logistic,direction,1,2026-09-09,,,,,,,,,,,,,,,,,66.30000305175781,67.94200134277344,0.024812651328932622,2.0,1.0,,,,,,,1.027605265295529,0.6192787084249145,scored,False,2026-09-24T03:10:19.134740+00:00
3,20260909T035937_6af4159c6b4e,2026-09-09T04:00:01.229161+00:00,github-actions,823ac12bac50,2026-09-09,2026-09-08,0b59a96891de957fcb45,9b0b1adcafba0fea37db,close_to_close,0.0062717430512149,{},,disabled,,,,,Ridge,20260909T035937_6af4159c6b4e:price:1,price,1,2026-09-09,1거래일,1.0,66.87999725341797,없음,,,66.87999725341797,65.15827634183555,68.60171816500039,0.7883597883597884,simple,0.0169889244221249,0.0170289049808394,0.0,0.0,0.0,66.30000305175781,67.94200134277344,0.01587924839965793,,,,,,,1.0,-1.0620040893554688,,,scored,False,2026-09-24T03:10:19.134740+00:00
3,20260909T035937_6af4159c6b4e,2026-09-09T04:00:01.229161+00:00,github-actions,823ac12bac50,2026-09-09,2026-09-08,0b59a96891de957fcb45,9b0b1adcafba0fea37db,close_to_close,0.0062717430512149,{},,disabled,,,,,Ridge,20260909T035937_6af4159c6b4e:price:5,price,5,2026-09-15,1주일,5.0,66.87999725341797,없음,,,66.87999725341797,62.74242179947715,71.0175727073588,0.7689594356261023,simple,0.0400811305099808,0.0401594458766122,0.0,0.0,0.0,63.029998779296875,63.236000061035156,-0.05448560619066989,,,,,,,1.0,3.6439971923828125,,,scored,False,2026-09-24T03:10:19.134740+00:00
3,20260909T035937_6af4159c6b4e,2026-09-09T04:00:01.229161+00:00,github-actions,823ac12bac50,2026-09-09,2026-09-08,0b59a96891de957fcb45,9b0b1adcafba0fea37db,close_to_close,0.0062717430512149,{},,disabled,,,,,Ridge,20260909T035937_6af4159c6b4e:price:20,price,20,2026-10-06,1개월,20.0,66.87999725341797,없음,,,66.87999725341797,57.96641201465849,75.79358249217745,0.8061946902654867,simple,0.077145033053226,0.0777927605455147,0.0,0.0,0.0,60.91999816894531,61.167999267578125,-0.08540667195598495,,,,,,,1.0,5.711997985839844,,,scored,False,2026-10-07T05:38:17.158369+00:00
3,20260909T041806_a9b4bffff437,2026-09-09T04:18:26.503912+00:00,github-actions,823ac12bac50,2026-09-09,2026-09-08,93b2f33a689f393991ea,9b0b1adcafba0fea37db,close_to_close,0.0062257947643678,{},,disabled,상승,0.3387841430718349,0.3044928312903374,0.3567230256378276,Logistic,20260909T041806_a9b4bffff437:direction:Logistic,direction,1,2026-09-09,,,,,,,,,,,,,,,,,66.30000305175781,67.94200134277344,0.024812651328932622,2.0,1.0,,,,,,,1.030795636870484,0.6212958456486743,scored,False,2026-09-24T03:10:19.134740+00:00
3,20260909T041806_a9b4bffff437,2026-09-09T04:18:26.503912+00:00,github-actions,823ac12bac50,2026-09-09,2026-09-08,93b2f33a689f393991ea,9b0b1adcafba0fea37db,close_to_close,0.0062257947643678,{},,disabled,,,,,Ridge,20260909T041806_a9b4bffff437:price:1,price,1,2026-09-09,1거래일,1.0,66.2969970703125,없음,,,66.2969970703125,64.60278836958047,67.99120577104453,0.7883597883597884,simple,0.0169811404269137,0.0170211209856282,0.0,0.0,0.0,66.30000305175781,67.94200134277344,0.024812651328932622,,,,,,,1.0,-1.6450042724609375,,,scored,False,2026-09-24T03:10:19.134740+00:00
3,20260909T041806_a9b4bffff437,2026-09-09T04:18:26.503912+00:00,github-actions,823ac12bac50,2026-09-09,2026-09-08,93b2f33a689f393991ea,9b0b1adcafba0fea37db,close_to_close,0.0062257947643678,{},,disabled,,,,,Ridge,20260909T041806_a9b4bffff437:price:5,price,5,2026-09-15,1주일,5.0,66.2969970703125,없음,,,66.2969970703125,62.22553793495295,70.36845620567206,0.7689594356261023,simple,0.0400762140256331,0.0401516823347796,0.0,0.0,0.0,63.029998779296875,63.236000061035156,-0.04617097522578506,,,,,,,1.0,3.0609970092773438,,,scored,False,2026-09-24T03:10:19.134740+00:00
3,20260909T041806_a9b4bffff437,2026-09-09T04:18:26.503912+00:00,github-actions,823ac12bac50,2026-09-09,2026-09-08,93b2f33a689f393991ea,9b0b1adcafba0fea37db,close_to_close,0.0062257947643678,{},,disabled,,,,,Ridge,20260909T041806_a9b4bffff437:price:20,price,20,2026-10-06,1개월,20.0,66.2969970703125,없음,,,66.2969970703125,57.52584631955391,75.0681478210711,0.8061946902654867,simple,0.0771371086016649,0.0777848360939537,0.0,0.0,0.0,60.91999816894531,61.167999267578125,-0.07736395356330728,,,,,,,1.0,5.128997802734375,,,scored,False,2026-10-07T05:38:17.158369+00:00
3,20260909T044220_5123c289956b,2026-09-09T04:42:42.639509+00:00,github-actions,823ac12bac50,2026-09-09,2026-09-08,93b2f33a689f393991ea,9b0b1adcafba0fea37db,close_to_close,0.0062257947643678,{},,disabled,상승,0.3387841430718349,0.3044928312903374,0.3567230256378276,Logistic,20260909T044220_5123c289956b:direction:Logistic,direction,1,2026-09-09,,,,,,,,,,,,,,,,,66.30000305175781,67.94200134277344,0.024812651328932622,2.0,1.0,,,,,,,1.030795636870484,0.6212958456486743,scored,False,2026-09-24T03:10:19.134740+00:00
3,20260909T044220_5123c289956b,2026-09-09T04:42:42.639509+00:00,github-actions,823ac12bac50,2026-09-09,2026-09-08,93b2f33a689f393991ea,9b0b1adcafba0fea37db,close_to_close,0.0062257947643678,{},,disabled,,,,,Ridge,20260909T044220_5123c289956b:price:1,price,1,2026-09-09,1거래일,1.0,66.2969970703125,없음,,,66.2969970703125,64.60278836958047,67.99120577104453,0.7883597883597884,simple,0.0169811404269137,0.0170211209856282,0.0,0.0,0.0,66.30000305175781,67.94200134277344,0.024812651328932622,,,,,,,1.0,-1.6450042724609375,,,scored,False,2026-09-24T03:10:19.134740+00:00
3,20260909T044220_5123c289956b,2026-09-09T04:42:42.639509+00:00,github-actions,823ac12bac50,2026-09-09,2026-09-08,93b2f33a689f393991ea,9b0b1adcafba0fea37db,close_to_close,0.0062257947643678,{},,disabled,,,,,Ridge,20260909T044220_5123c289956b:price:5,price,5,2026-09-15,1주일,5.0,66.2969970703125,없음,,,66.2969970703125,62.22553793495295,70.36845620567206,0.7689594356261023,simple,0.0400762140256331,0.0401516823347796,0.0,0.0,0.0,63.029998779296875,63.236000061035156,-0.04617097522578506,,,,,,,1.0,3.0609970092773438,,,scored,False,2026-09-24T03:10:19.134740+00:00
3,20260909T044220_5123c289956b,2026-09-09T04:42:42.639509+00:00,github-actions,823ac12bac50,2026-09-09,2026-09-08,93b2f33a689f393991ea,9b0b1adcafba0fea37db,close_to_close,0.0062257947643678,{},,disabled,,,,,Ridge,20260909T044220_5123c289956b:price:20,price,20,2026-10-06,1개월,20.0,66.2969970703125,없음,,,66.2969970703125,57.52584631955391,75.0681478210711,0.8061946902654867,simple,0.0771371086016649,0.0777848360939537,0.0,0.0,0.0,60.91999816894531,61.167999267578125,-0.07736395356330728,,,,,,,1.0,5.128997802734375,,,scored,False,2026-10-07T05:38:17.158369+00:00
3,20260909T050316_2b4fc2160c60,2026-09-09T05:03:34.825710+00:00,github-actions,823ac12bac50,2026-09-09,2026-09-08,93b2f33a689f393991ea,9b0b1adcafba0fea37db,close_to_close,0.0062257947643678,{},,disabled,상승,0.3387841430718349,0.3044928312903374,0.3567230256378276,Logistic,20260909T050316_2b4fc2160c60:direction:Logistic,direction,1,2026-09-09,,,,,,,,,,,,,,,,,66.30000305175781,67.94200134277344,0.024812651328932622,2.0,1.0,,,,,,,1.030795636870484,0.6212958456486743,scored,False,2026-09-24T03:10:19.134740+00:00
3,20260909T050316_2b4fc2160c60,2026-09-09T05:03:34.825710+00:00,github-actions,823ac12bac50,2026-09-09,2026-09-08,93b2f33a689f393991ea,9b0b1adcafba0fea37db,close_to_close,0.0062257947643678,{},,disabled,,,,,Ridge,20260909T050316_2b4fc2160c60:price:1,price,1,2026-09-09,1거래일,1.0,66.2969970703125,없음,,,66.2969970703125,64.60278836958047,67.99120577104453,0.7883597883597884,simple,0.0169811404268359,0.0170211209856282,0.0,0.0,0.0,66.30000305175781,67.94200134277344,0.024812651328932622,,,,,,,1.0,-1.6450042724609375,,,scored,False,2026-09-24T03:10:19.134740+00:00
3,20260909T050316_2b4fc2160c60,2026-09-09T05:03:34.825710+00:00,github-actions,823ac12bac50,2026-09-09,2026-09-08,93b2f33a689f393991ea,9b0b1adcafba0fea37db,close_to_close,0.0062257947643678,{},,disabled,,,,,Ridge,20260909T050316_2b4fc2160c60:price:5,price,5,2026-09-15,1주일,5.0,66.2969970703125,없음,,,66.2969970703125,62.22553793495295,70.36845620567206,0.7689594356261023,simple,0.0400762140406483,0.0401516823347796,0.0,0.0,0.0,63.029998779296875,63.236000061035156,-0.04617097522578506,,,,,,,1.0,3.0609970092773438,,,scored,False,2026-09-24T03:10:19.134740+00:00
3,20260909T050316_2b4fc2160c60,2026-09-09T05:03:34.825710+00:00,github-actions,823ac12bac50,2026-09-09,2026-09-08,93b2f33a689f393991ea,9b0b1adcafba0fea37db,close_to_close,0.0062257947643678,{},,disabled,,,,,Ridge,20260909T050316_2b4fc2160c60:price:20,price,20,2026-10-06,1개월,20.0,66.2969970703125,없음,,,66.2969970703125,57.52584631955391,75.0681478210711,0.8061946902654867,simple,0.0771371087103001,0.0777848360939537,0.0,0.0,0.0,60.91999816894531,61.167999267578125,-0.07736395356330728,,,,,,,1.0,5.128997802734375,,,scored,False,2026-10-07T05:38:17.158369+00:00
3,20260909T052820_8b73fb814eb9,2026-09-09T05:28:40.220314+00:00,github-actions,823ac12bac50,2026-09-09,2026-09-08,93b2f33a689f393991ea,9b0b1adcafba0fea37db,close_to_close,0.0062257947643678,{},,disabled,상승,0.3387841430718349,0.3044928312903374,0.3567230256378276,Logistic,20260909T052820_8b73fb814eb9:direction:Logistic,direction,1,2026-09-09,,,,,,,,,,,,,,,,,66.30000305175781,67.94200134277344,0.024812651328932622,2.0,1.0,,,,,,,1.030795636870484,0.6212958456486743,scored,False,2026-09-24T03:10:19.134740+00:00
3,20260909T052820_8b73fb814eb9,2026-09-09T05:28:40.220314+00:00,github-actions,823ac12bac50,2026-09-09,2026-09-08,93b2f33a689f393991ea,9b0b1adcafba0fea37db,close_to_close,0.0062257947643678,{},,disabled,,,,,Ridge,20260909T052820_8b73fb814eb9:price:1,price,1,2026-09-09,1거래일,1.0,66.2969970703125,없음,,,66.2969970703125,64.60278836958047,67.99120577104453,0.7883597883597884,simple,0.0169811404268359,0.0170211209856282,0.0,0.0,0.0,66.30000305175781,67.94200134277344,0.024812651328932622,,,,,,,1.0,-1.6450042724609375,,,scored,False,2026-09-24T03:10:19.134740+00:00
3,20260909T052820_8b73fb814eb9,2026-09-09T05:28:40.220314+00:00,github-actions,823ac12bac50,2026-09-09,2026-09-08,93b2f33a689f393991ea,9b0b1adcafba0fea37db,close_to_close,0.0062257947643678,{},,disabled,,,,,Ridge,20260909T052820_8b73fb814eb9:price:5,price,5,2026-09-15,1주일,5.0,66.2969970703125,없음,,,66.2969970703125,62.22553793495295,70.36845620567206,0.7689594356261023,simple,0.0400762140406483,0.0401516823347796,0.0,0.0,0.0,63.029998779296875,63.236000061035156,-0.04617097522578506,,,,,,,1.0,3.0609970092773438,,,scored,False,2026-09-24T03:10:19.134740+00:00
3,20260909T052820_8b73fb814eb9,2026-09-09T05:28:40.220314+00:00,github-actions,823ac12bac50,2026-09-09,2026-09-08,93b2f33a689f393991ea,9b0b1adcafba0fea37db,close_to_close,0.0062257947643678,{},,disabled,,,,,Ridge,20260909T052820_8b73fb814eb9:price:20,price,20,2026-10-06,1개월,20.0,66.2969970703125,없음,,,66.2969970703125,57.52584631955391,75.0681478210711,0.8061946902654867,simple,0.0771371087103001,0.0777848360939537,0.0,0.0,0.0,60.91999816894531,61.167999267578125,-0.07736395356330728,,,,,,,1.0,5.128997802734375,,,scored,False,2026-10-07T05:38:17.158369+00:00
3,20260909T061249_9dcf1172d3f3,2026-09-09T06:13:10.277804+00:00,github-actions,823ac12bac50,2026-09-09,2026-09-08,93b2f33a689f393991ea,9b0b1adcafba0fea37db,close_to_close,0.0062257947643678,{},,disabled,상승,0.3387841430718349,0.3044928312903374,0.3567230256378276,Logistic,20260909T061249_9dcf1172d3f3:direction:Logistic,direction,1,2026-09-09,,,,,,,,,,,,,,,,,66.30000305175781,67.94200134277344,0.024812651328932622,2.0,1.0,,,,,,,1.030795636870484,0.6212958456486743,scored,False,2026-09-24T03:10:19.134740+00:00
3,20260909T061249_9dcf1172d3f3,2026-09-09T06:13:10.277804+00:00,github-actions,823ac12bac50,2026-09-09,2026-09-08,93b2f33a689f393991ea,9b0b1adcafba0fea37db,close_to_close,0.0062257947643678,{},,disabled,,,,,Ridge,20260909T061249_9dcf1172d3f3:price:1,price,1,2026-09-09,1거래일,1.0,66.2969970703125,없음,,,66.2969970703125,64.60278836958047,67.99120577104453,0.7883597883597884,simple,0.0169811404269137,0.0170211209856282,0.0,0.0,0.0,66.30000305175781,67.94200134277344,0.024812651328932622,,,,,,,1.0,-1.6450042724609375,,,scored,False,2026-09-24T03:10:19.134740+00:00
3,20260909T061249_9dcf1172d3f3,2026-09-09T06:13:10.277804+00:00,github-actions,823ac12bac50,2026-09-09,2026-09-08,93b2f33a689f393991ea,9b0b1adcafba0fea37db,close_to_close,0.0062257947643678,{},,disabled,,,,,Ridge,20260909T061249_9dcf1172d3f3:price:5,price,5,2026-09-15,1주일,5.0,66.2969970703125,없음,,,66.2969970703125,62.22553793495295,70.36845620567206,0.7689594356261023,simple,0.0400762140256331,0.0401516823347796,0.0,0.0,0.0,63.029998779296875,63.236000061035156,-0.04617097522578506,,,,,,,1.0,3.0609970092773438,,,scored,False,2026-09-24T03:10:19.134740+00:00
3,20260909T061249_9dcf1172d3f3,2026-09-09T06:13:10.277804+00:00,github-actions,823ac12bac50,2026-09-09,2026-09-08,93b2f33a689f393991ea,9b0b1adcafba0fea37db,close_to_close,0.0062257947643678,{},,disabled,,,,,Ridge,20260909T061249_9dcf1172d3f3:price:20,price,20,2026-10-06,1개월,20.0,66.2969970703125,없음,,,66.2969970703125,57.52584631955391,75.0681478210711,0.8061946902654867,simple,0.0771371086016649,0.0777848360939537,0.0,0.0,0.0,60.91999816894531,61.167999267578125,-0.07736395356330728,,,,,,,1.0,5.128997802734375,,,scored,False,2026-10-07T05:38:17.158369+00:00
3,20260909T072555_67413c0228cd,2026-09-09T07:26:19.012765+00:00,github-actions,823ac12bac50,2026-09-09,2026-09-08,93b2f33a689f393991ea,9b0b1adcafba0fea37db,close_to_close,0.0062257947643678,{},,disabled,상승,0.3387841430718349,0.3044928312903374,0.3567230256378276,Logistic,20260909T072555_67413c0228cd:direction:Logistic,direction,1,2026-09-09,,,,,,,,,,,,,,,,,66.30000305175781,67.94200134277344,0.024812651328932622,2.0,1.0,,,,,,,1.030795636870484,0.6212958456486743,scored,False,2026-09-24T03:10:19.134740+00:00
3,20260909T072555_67413c0228cd,2026-09-09T07:26:19.012765+00:00,github-actions,823ac12bac50,2026-09-09,2026-09-08,93b2f33a689f393991ea,9b0b1adcafba0fea37db,close_to_close,0.0062257947643678,{},,disabled,,,,,Ridge,20260909T072555_67413c0228cd:price:1,price,1,2026-09-09,1거래일,1.0,66.2969970703125,없음,,,66.2969970703125,64.60278836958047,67.99120577104453,0.7883597883597884,simple,0.0169811404269137,0.0170211209856282,0.0,0.0,0.0,66.30000305175781,67.94200134277344,0.024812651328932622,,,,,,,1.0,-1.6450042724609375,,,scored,False,2026-09-24T03:10:19.134740+00:00
3,20260909T072555_67413c0228cd,2026-09-09T07:26:19.012765+00:00,github-actions,823ac12bac50,2026-09-09,2026-09-08,93b2f33a689f393991ea,9b0b1adcafba0fea37db,close_to_close,0.0062257947643678,{},,disabled,,,,,Ridge,20260909T072555_67413c0228cd:price:5,price,5,2026-09-15,1주일,5.0,66.2969970703125,없음,,,66.2969970703125,62.22553793495295,70.36845620567206,0.7689594356261023,simple,0.0400762140256331,0.0401516823347796,0.0,0.0,0.0,63.029998779296875,63.236000061035156,-0.04617097522578506,,,,,,,1.0,3.0609970092773438,,,scored,False,2026-09-24T03:10:19.134740+00:00
3,20260909T072555_67413c0228cd,2026-09-09T07:26:19.012765+00:00,github-actions,823ac12bac50,2026-09-09,2026-09-08,93b2f33a689f393991ea,9b0b1adcafba0fea37db,close_to_close,0.0062257947643678,{},,disabled,,,,,Ridge,20260909T072555_67413c0228cd:price:20,price,20,2026-10-06,1개월,20.0,66.2969970703125,없음,,,66.2969970703125,57.52584631955391,75.0681478210711,0.8061946902654867,simple,0.0771371086016649,0.0777848360939537,0.0,0.0,0.0,60.91999816894531,61.167999267578125,-0.07736395356330728,,,,,,,1.0,5.128997802734375,,,scored,False,2026-10-07T05:38:17.158369+00:00
3,20260909T150549_cc8dc6838372,2026-09-09T15:06:15.024461+00:00,github-actions,823ac12bac50,2026-09-09,2026-09-08,93b2f33a689f393991ea,9b0b1adcafba0fea37db,close_to_close,0.0062257947643678,{},,disabled,상승,0.3387841430718349,0.3044928312903374,0.3567230256378276,Logistic,20260909T150549_cc8dc6838372:direction:Logistic,direction,1,2026-09-09,,,,,,,,,,,,,,,,,66.30000305175781,67.94200134277344,0.024812651328932622,2.0,1.0,,,,,,,1.030795636870484,0.6212958456486743,scored,False,2026-09-24T03:10:19.134740+00:00
3,20260909T150549_cc8dc6838372,2026-09-09T15:06:15.024461+00:00,github-actions,823ac12bac50,2026-09-09,2026-09-08,93b2f33a689f393991ea,9b0b1adcafba0fea37db,close_to_close,0.0062257947643678,{},,disabled,,,,,Ridge,20260909T150549_cc8dc6838372:price:1,price,1,2026-09-09,1거래일,1.0,66.2969970703125,없음,,,66.2969970703125,64.60278836958047,67.99120577104453,0.7883597883597884,simple,0.0169811404269137,0.0170211209856282,0.0,0.0,0.0,66.30000305175781,67.94200134277344,0.024812651328932622,,,,,,,1.0,-1.6450042724609375,,,scored,False,2026-09-24T03:10:19.134740+00:00
3,20260909T150549_cc8dc6838372,2026-09-09T15:06:15.024461+00:00,github-actions,823ac12bac50,2026-09-09,2026-09-08,93b2f33a689f393991ea,9b0b1adcafba0fea37db,close_to_close,0.0062257947643678,{},,disabled,,,,,Ridge,20260909T150549_cc8dc6838372:price:5,price,5,2026-09-15,1주일,5.0,66.2969970703125,없음,,,66.2969970703125,62.22553793495295,70.36845620567206,0.7689594356261023,simple,0.0400762140256331,0.0401516823347796,0.0,0.0,0.0,63.029998779296875,63.236000061035156,-0.04617097522578506,,,,,,,1.0,3.0609970092773438,,,scored,False,2026-09-24T03:10:19.134740+00:00
3,20260909T150549_cc8dc6838372,2026-09-09T15:06:15.024461+00:00,github-actions,823ac12bac50,2026-09-09,2026-09-08,93b2f33a689f393991ea,9b0b1adcafba0fea37db,close_to_close,0.0062257947643678,{},,disabled,,,,,Ridge,20260909T150549_cc8dc6838372:price:20,price,20,2026-10-06,1개월,20.0,66.2969970703125,없음,,,66.2969970703125,57.52584631955391,75.0681478210711,0.8061946902654867,simple,0.0771371086016649,0.0777848360939537,0.0,0.0,0.0,60.91999816894531,61.167999267578125,-0.07736395356330728,,,,,,,1.0,5.128997802734375,,,scored,False,2026-10-07T05:38:17.158369+00:00
3,20260909T174744_fd18a9792e55,2026-09-09T17:48:06.860508+00:00,github-actions,823ac12bac50,2026-09-09,2026-09-08,93b2f33a689f393991ea,9b0b1adcafba0fea37db,close_to_close,0.0062257947643678,{},,disabled,상승,0.3387841430718349,0.3044928312903374,0.3567230256378276,Logistic,20260909T174744_fd18a9792e55:direction:Logistic,direction,1,2026-09-09,,,,,,,,,,,,,,,,,66.30000305175781,67.94200134277344,0.024812651328932622,2.0,1.0,,,,,,,1.030795636870484,0.6212958456486743,scored,False,2026-09-24T03:10:19.134740+00:00
3,20260909T174744_fd18a9792e55,2026-09-09T17:48:06.860508+00:00,github-actions,823ac12bac50,2026-09-09,2026-09-08,93b2f33a689f393991ea,9b0b1adcafba0fea37db,close_to_close,0.0062257947643678,{},,disabled,,,,,Ridge,20260909T174744_fd18a9792e55:price:1,price,1,2026-09-09,1거래일,1.0,66.2969970703125,없음,,,66.2969970703125,64.60278836958047,67.99120577104453,0.7883597883597884,simple,0.0169811404269137,0.0170211209856282,0.0,0.0,0.0,66.30000305175781,67.94200134277344,0.024812651328932622,,,,,,,1.0,-1.6450042724609375,,,scored,False,2026-09-24T03:10:19.134740+00:00
3,20260909T174744_fd18a9792e55,2026-09-09T17:48:06.860508+00:00,github-actions,823ac12bac50,2026-09-09,2026-09-08,93b2f33a689f393991ea,9b0b1adcafba0fea37db,close_to_close,0.0062257947643678,{},,disabled,,,,,Ridge,20260909T174744_fd18a9792e55:price:5,price,5,2026-09-15,1주일,5.0,66.2969970703125,없음,,,66.2969970703125,62.22553793495295,70.36845620567206,0.7689594356261023,simple,0.0400762140256331,0.0401516823347796,0.0,0.0,0.0,63.029998779296875,63.236000061035156,-0.04617097522578506,,,,,,,1.0,3.0609970092773438,,,scored,False,2026-09-24T03:10:19.134740+00:00
3,20260909T174744_fd18a9792e55,2026-09-09T17:48:06.860508+00:00,github-actions,823ac12bac50,2026-09-09,2026-09-08,93b2f33a689f393991ea,9b0b1adcafba0fea37db,close_to_close,0.0062257947643678,{},,disabled,,,,,Ridge,20260909T174744_fd18a9792e55:price:20,price,20,2026-10-06,1개월,20.0,66.2969970703125,없음,,,66.2969970703125,57.52584631955391,75.0681478210711,0.8061946902654867,simple,0.0771371086016649,0.0777848360939537,0.0,0.0,0.0,60.91999816894531,61.167999267578125,-0.07736395356330728,,,,,,,1.0,5.128997802734375,,,scored,False,2026-10-07T05:38:17.158369+00:00
3,20260909T232142_5cefe52cd94f,2026-09-09T23:22:05.127023+00:00,github-actions,823ac12bac50,2026-09-10,2026-09-09,9b0d1383a25d2b861e1f,9b0b1adcafba0fea37db,close_to_close,0.0063945128342681,{},,disabled,상승,0.3506745345484495,0.289845368563108,0.3594800968884425,Logistic,20260909T232142_5cefe52cd94f:direction:Logistic,direction,1,2026-09-10,,,,,,,,,,,,,,,,,64.19499969482422,64.28399658203125,-0.05384010904075709,0.0,0.0,,,,,,,1.0478967376790593,0.6348598378202808,scored,True,2026-09-24T03:10:19.134740+00:00
3,20260909T232142_5cefe52cd94f,2026-09-09T23:22:05.127023+00:00,github-actions,823ac12bac50,2026-09-10,2026-09-09,9b0d1383a25d2b861e1f,9b0b1adcafba0fea37db,close_to_close,0.0063945128342681,{},,disabled,,,,,Ridge,20260909T232142_5cefe52cd94f:price:1,price,1,2026-09-10,1거래일,1.0,67.9000015258789,없음,,,67.9000015258789,66.11698827495076,69.68301477680706,0.788546255506608,simple,0.016987469585391,0.0170274276113978,0.0,0.0,0.0,64.19499969482422,64.28399658203125,-0.0532548580646125,,,,,,,0.0,3.6160049438476562,,,scored,True,2026-09-24T03:10:19.134740+00:00
3,20260909T232142_5cefe52cd94f,2026-09-09T23:22:05.127023+00:00,github-actions,823ac12bac50,2026-09-10,2026-09-09,9b0d1383a25d2b861e1f,9b0b1adcafba0fea37db,close_to_close,0.0063945128342681,{},,disabled,,,,,Ridge,20260909T232142_5cefe52cd94f:price:5,price,5,2026-09-16,1주일,5.0,67.9000015258789,없음,,,67.9000015258789,63.61709426813088,72.18290878362693,0.7698412698412699,simple,0.0400556503471757,0.0401308768621099,0.0,0.0,0.0,64.41999816894531,64.28800201416016,-0.053195867902036786,,,,,,,1.0,3.61199951171875,,,scored,True,2026-09-24T03:10:19.134740+00:00
3,20260909T232142_5cefe52cd94f,2026-09-09T23:22:05.127023+00:00,github-actions,823ac12bac50,2026-09-10,2026-09-09,9b0d1383a25d2b861e1f,9b0b1adcafba0fea37db,close_to_close,0.0063945128342681,{},,disabled,,,,,Ridge,20260909T232142_5cefe52cd94f:price:20,price,20,2026-10-07,1개월,20.0,67.9000015258789,없음,,,67.9000015258789,58.673327756031874,77.12667529572595,0.8070796460176991,simple,0.0770776166471753,0.0777189304271754,0.0,0.0,0.0,,,,,,,,,,,,,,missing_actual,True,2026-10-07T13:37:04.439590+00:00
3,20260910T004718_0dc3340909c8,2026-09-10T00:47:42.986662+00:00,github-actions,823ac12bac50,2026-09-10,2026-09-09,9b0d1383a25d2b861e1f,9b0b1adcafba0fea37db,close_to_close,0.0063945128342681,{},,disabled,상승,0.3500697822170315,0.2886937206464121,0.3612364971365565,Logistic,20260910T004718_0dc3340909c8:direction:Logistic,direction,1,2026-09-10,,,,,,,,,,,,,,,,,64.19499969482422,64.28399658203125,-0.05384010904075709,0.0,0.0,,,,,,,1.0496227666088354,0.6362451591915748,scored,False,2026-09-24T03:10:19.134740+00:00
3,20260910T004718_0dc3340909c8,2026-09-10T00:47:42.986662+00:00,github-actions,823ac12bac50,2026-09-10,2026-09-09,9b0d1383a25d2b861e1f,9b0b1adcafba0fea37db,close_to_close,0.0063945128342681,{},,disabled,,,,,Ridge,20260910T004718_0dc3340909c8:price:1,price,1,2026-09-10,1거래일,1.0,67.9000015258789,없음,,,67.9000015258789,66.11698827495076,69.68301477680706,0.788546255506608,simple,0.016987469585391,0.0170274276113978,0.0,0.0,0.0,64.19499969482422,64.28399658203125,-0.0532548580646125,,,,,,,0.0,3.6160049438476562,,,scored,False,2026-09-24T03:10:19.134740+00:00
3,20260910T004718_0dc3340909c8,2026-09-10T00:47:42.986662+00:00,github-actions,823ac12bac50,2026-09-10,2026-09-09,9b0d1383a25d2b861e1f,9b0b1adcafba0fea37db,close_to_close,0.0063945128342681,{},,disabled,,,,,Ridge,20260910T004718_0dc3340909c8:price:5,price,5,2026-09-16,1주일,5.0,67.9000015258789,없음,,,67.9000015258789,63.61709426813088,72.18290878362693,0.7698412698412699,simple,0.0400556503471757,0.0401308768621099,0.0,0.0,0.0,64.41999816894531,64.28800201416016,-0.053195867902036786,,,,,,,1.0,3.61199951171875,,,scored,False,2026-09-24T03:10:19.134740+00:00
3,20260910T004718_0dc3340909c8,2026-09-10T00:47:42.986662+00:00,github-actions,823ac12bac50,2026-09-10,2026-09-09,9b0d1383a25d2b861e1f,9b0b1adcafba0fea37db,close_to_close,0.0063945128342681,{},,disabled,,,,,Ridge,20260910T004718_0dc3340909c8:price:20,price,20,2026-10-07,1개월,20.0,67.9000015258789,없음,,,67.9000015258789,58.673327756031874,77.12667529572595,0.8070796460176991,simple,0.0770776166471753,0.0777189304271754,0.0,0.0,0.0,,,,,,,,,,,,,,missing_actual,False,2026-10-07T13:37:04.439590+00:00
3,20260910T010655_c6fe95c41f31,2026-09-10T01:07:18.439427+00:00,github-actions,823ac12bac50,2026-09-10,2026-09-09,43c0e5597d4b8ca076c8,9b0b1adcafba0fea37db,close_to_close,0.006404287641551,{},,disabled,상승,0.3510945381655143,0.2878011169450291,0.3611043448894566,Logistic,20260910T010655_c6fe95c41f31:direction:Logistic,direction,1,2026-09-10,,,,,,,,,,,,,,,,,64.19499969482422,64.28399658203125,-0.05384010904075709,0.0,0.0,,,,,,,1.0466997522787538,0.634304129211477,scored,False,2026-09-24T03:10:19.134740+00:00
3,20260910T010655_c6fe95c41f31,2026-09-10T01:07:18.439427+00:00,github-actions,823ac12bac50,2026-09-10,2026-09-09,43c0e5597d4b8ca076c8,9b0b1adcafba0fea37db,close_to_close,0.006404287641551,{},,disabled,,,,,Ridge,20260910T010655_c6fe95c41f31:price:1,price,1,2026-09-10,1거래일,1.0,67.94000244140625,없음,,,67.94000244140625,66.15321162753409,69.72679325527842,0.788546255506608,simple,0.0169880011795648,0.0170279592055716,0.0,0.0,0.0,64.19499969482422,64.28399658203125,-0.053812271533667744,,,,,,,0.0,3.656005859375,,,scored,False,2026-09-24T03:10:19.134740+00:00
3,20260910T010655_c6fe95c41f31,2026-09-10T01:07:18.439427+00:00,github-actions,823ac12bac50,2026-09-10,2026-09-09,43c0e5597d4b8ca076c8,9b0b1adcafba0fea37db,close_to_close,0.006404287641551,{},,disabled,,,,,Ridge,20260910T010655_c6fe95c41f31:price:5,price,5,2026-09-16,1주일,5.0,67.94000244140625,없음,,,67.94000244140625,63.64802124562603,72.23198363718646,0.7698412698412699,simple,0.0400561962349781,0.0401314227499123,0.0,0.0,0.0,64.41999816894531,64.28800201416016,-0.053753316102626014,,,,,,,1.0,3.6520004272460938,,,scored,False,2026-09-24T03:10:19.134740+00:00
3,20260910T010655_c6fe95c41f31,2026-09-10T01:07:18.439427+00:00,github-actions,823ac12bac50,2026-09-10,2026-09-09,43c0e5597d4b8ca076c8,9b0b1adcafba0fea37db,close_to_close,0.006404287641551,{},,disabled,,,,,Ridge,20260910T010655_c6fe95c41f31:price:20,price,20,2026-10-07,1개월,20.0,67.94000244140625,없음,,,67.94000244140625,58.69378067273684,77.18622421007566,0.8070796460176991,simple,0.0770781631901484,0.0777194769701485,0.0,0.0,0.0,,,,,,,,,,,,,,missing_actual,False,2026-10-07T13:37:04.439590+00:00
3,20260910T014256_f2872c2118ec,2026-09-10T01:43:16.469232+00:00,github-actions,823ac12bac50,2026-09-10,2026-09-09,ee7ec5d97f80ae9e9eeb,9b0b1adcafba0fea37db,close_to_close,0.0064055257159657,{},,disabled,상승,0.3513847207927296,0.2910089946187388,0.3576062845885315,Logistic,20260910T014256_f2872c2118ec:direction:Logistic,direction,1,2026-09-10,,,,,,,,,,,,,,,,,64.19499969482422,64.28399658203125,-0.05384010904075709,0.0,0.0,,,,,,,1.0458735851285632,0.6332702701473483,scored,False,2026-09-24T03:10:19.134740+00:00
3,20260910T014256_f2872c2118ec,2026-09-10T01:43:16.469232+00:00,github-actions,823ac12bac50,2026-09-10,2026-09-09,ee7ec5d97f80ae9e9eeb,9b0b1adcafba0fea37db,close_to_close,0.0064055257159657,{},,disabled,,,,,Ridge,20260910T014256_f2872c2118ec:price:1,price,1,2026-09-10,1거래일,1.0,67.94499969482422,없음,,,67.94499969482422,66.15773200836821,69.73226738128022,0.788546255506608,simple,0.0169880675895067,0.0170280256168216,0.0,0.0,0.0,64.19499969482422,64.28399658203125,-0.053881862230280464,,,,,,,0.0,3.6610031127929688,,,scored,False,2026-09-24T03:10:19.134740+00:00
3,20260910T014256_f2872c2118ec,2026-09-10T01:43:16.469232+00:00,github-actions,823ac12bac50,2026-09-10,2026-09-09,ee7ec5d97f80ae9e9eeb,9b0b1adcafba0fea37db,close_to_close,0.0064055257159657,{},,disabled,,,,,Ridge,20260910T014256_f2872c2118ec:price:5,price,5,2026-09-16,1주일,5.0,67.94499969482422,없음,,,67.94499969482422,63.65187302183048,72.23812636781796,0.7698412698412699,simple,0.0400562644283091,0.0401314909468436,0.0,0.0,0.0,64.41999816894531,64.28800201416016,-0.05382291113532289,,,,,,,1.0,3.6569976806640625,,,scored,False,2026-09-24T03:10:19.134740+00:00
3,20260910T014256_f2872c2118ec,2026-09-10T01:43:16.469232+00:00,github-actions,823ac12bac50,2026-09-10,2026-09-09,ee7ec5d97f80ae9e9eeb,9b0b1adcafba0fea37db,close_to_close,0.0064055257159657,{},,disabled,,,,,Ridge,20260910T014256_f2872c2118ec:price:20,price,20,2026-10-07,1개월,20.0,67.94499969482422,없음,,,67.94499969482422,58.69631022281129,77.19368916683715,0.8070796460176991,simple,0.0770782312799572,0.0777195452489292,0.0,0.0,0.0,,,,,,,,,,,,,,missing_actual,False,2026-10-07T13:37:04.439590+00:00
3,20260910T023459_aac1b1dba9a7,2026-09-10T02:35:22.722525+00:00,github-actions,823ac12bac50,2026-09-10,2026-09-09,1235252d0b71a2e9528f,9b0b1adcafba0fea37db,close_to_close,0.0064206824406528,{},,disabled,상승,0.3529947645347956,0.2890931453894684,0.3579120900757359,Logistic,20260910T023459_aac1b1dba9a7:direction:Logistic,direction,1,2026-09-10,,,,,,,,,,,,,,,,,64.19499969482422,64.28399658203125,-0.05384010904075709,0.0,0.0,,,,,,,1.0413020535050137,0.6302916856529426,scored,False,2026-09-24T03:10:19.134740+00:00
3,20260910T023459_aac1b1dba9a7,2026-09-10T02:35:22.722525+00:00,github-actions,823ac12bac50,2026-09-10,2026-09-09,1235252d0b71a2e9528f,9b0b1adcafba0fea37db,close_to_close,0.0064206824406528,{},,disabled,,,,,Ridge,20260910T023459_aac1b1dba9a7:price:1,price,1,2026-09-10,1거래일,1.0,68.00499725341797,없음,,,68.00499725341797,66.2119185950107,69.79807591182524,0.7876651982378855,simple,0.0169888649313798,0.0170288229573867,0.0,0.0,0.0,64.19499969482422,64.28399658203125,-0.054716577040957115,,,,,,,0.0,3.7210006713867188,,,scored,False,2026-09-24T03:10:19.134740+00:00
3,20260910T023459_aac1b1dba9a7,2026-09-10T02:35:22.722525+00:00,github-actions,823ac12bac50,2026-09-10,2026-09-09,1235252d0b71a2e9528f,9b0b1adcafba0fea37db,close_to_close,0.0064206824406528,{},,disabled,,,,,Ridge,20260910T023459_aac1b1dba9a7:price:5,price,5,2026-09-16,1주일,5.0,68.00499725341797,없음,,,68.00499725341797,63.69791226916005,72.3120822376759,0.7698412698412699,simple,0.0400570832115542,0.0401323097264885,0.0,0.0,0.0,64.41999816894531,64.28800201416016,-0.05465767795573284,,,,,,,1.0,3.7169952392578125,,,scored,False,2026-09-24T03:10:19.134740+00:00
3,20260910T023459_aac1b1dba9a7,2026-09-10T02:35:22.722525+00:00,github-actions,823ac12bac50,2026-09-10,2026-09-09,1235252d0b71a2e9528f,9b0b1adcafba0fea37db,close_to_close,0.0064206824406528,{},,disabled,,,,,Ridge,20260910T023459_aac1b1dba9a7:price:20,price,20,2026-10-07,1개월,20.0,68.00499725341797,없음,,,68.00499725341797,58.726237369728565,77.28375713710737,0.8070796460176991,simple,0.0770790512312676,0.0777203650112676,0.0,0.0,0.0,,,,,,,,,,,,,,missing_actual,False,2026-10-07T13:37:04.439590+00:00
3,20260910T030003_2430db8d0d62,2026-09-10T03:00:28.776206+00:00,github-actions,823ac12bac50,2026-09-10,2026-09-09,1ebe9175fe904edac983,9b0b1adcafba0fea37db,close_to_close,0.0064581308188857,{},,disabled,상승,0.3546566476523092,0.287552771153826,0.3577905811938647,Logistic,20260910T030003_2430db8d0d62:direction:Logistic,direction,1,2026-09-10,,,,,,,,,,,,,,,,,64.19499969482422,64.28399658203125,-0.05384010904075709,0.0,0.0,,,,,,,1.0366051472483022,0.627168738608644,scored,False,2026-09-24T03:10:19.134740+00:00
3,20260910T030003_2430db8d0d62,2026-09-10T03:00:28.776206+00:00,github-actions,823ac12bac50,2026-09-10,2026-09-09,1ebe9175fe904edac983,9b0b1adcafba0fea37db,close_to_close,0.0064581308188857,{},,disabled,,,,,Ridge,20260910T030003_2430db8d0d62:price:1,price,1,2026-09-10,1거래일,1.0,68.1449966430664,없음,,,68.1449966430664,66.3377470489974,69.95224623713541,0.7876651982378855,simple,0.0169907254602924,0.0170306834862992,0.0,0.0,0.0,64.19499969482422,64.28399658203125,-0.05665859932840722,,,,,,,0.0,3.8610000610351562,,,scored,False,2026-09-24T03:10:19.134740+00:00
3,20260910T030003_2430db8d0d62,2026-09-10T03:00:28.776206+00:00,github-actions,823ac12bac50,2026-09-10,2026-09-09,1ebe9175fe904edac983,9b0b1adcafba0fea37db,close_to_close,0.0064581308188857,{},,disabled,,,,,Ridge,20260910T030003_2430db8d0d62:price:5,price,5,2026-09-16,1주일,5.0,68.1449966430664,없음,,,68.1449966430664,63.80387220163497,72.48612108449784,0.7698412698412699,simple,0.0400589937668039,0.0401342202817381,0.0,0.0,0.0,64.41999816894531,64.28800201416016,-0.05659982124745899,,,,,,,1.0,3.85699462890625,,,scored,False,2026-09-24T03:10:19.134740+00:00
3,20260910T030003_2430db8d0d62,2026-09-10T03:00:28.776206+00:00,github-actions,823ac12bac50,2026-09-10,2026-09-09,1ebe9175fe904edac983,9b0b1adcafba0fea37db,close_to_close,0.0064581308188857,{},,disabled,,,,,Ridge,20260910T030003_2430db8d0d62:price:20,price,20,2026-10-07,1개월,20.0,68.1449966430664,없음,,,68.1449966430664,58.792905503820506,77.4970877823123,0.8070796460176991,simple,0.0770809640795522,0.0777222778595522,0.0,0.0,0.0,,,,,,,,,,,,,,missing_actual,False,2026-10-07T13:37:04.439590+00:00
3,20260910T043011_512ad3cdd4d9,2026-09-10T04:30:31.837645+00:00,github-actions,823ac12bac50,2026-09-10,2026-09-09,731875feac4af8409fdf,9b0b1adcafba0fea37db,close_to_close,0.006404782421004,{},,disabled,상승,0.3471509503509594,0.2895967260175201,0.3632523236315204,Logistic,20260910T043011_512ad3cdd4d9:direction:Logistic,direction,1,2026-09-10,,,,,,,,,,,,,,,,,64.19499969482422,64.28399658203125,-0.05384010904075709,0.0,0.0,,,,,,,1.0579955782064219,0.642030395971421,scored,False,2026-09-24T03:10:19.134740+00:00
3,20260910T043011_512ad3cdd4d9,2026-09-10T04:30:31.837645+00:00,github-actions,823ac12bac50,2026-09-10,2026-09-09,731875feac4af8409fdf,9b0b1adcafba0fea37db,close_to_close,0.006404782421004,{},,disabled,,,,,Ridge,20260910T043011_512ad3cdd4d9:price:1,price,1,2026-09-10,1거래일,1.0,67.94200134277344,없음,,,67.94200134277344,66.15501991160603,69.72898277394084,0.788546255506608,simple,0.0169880277419609,0.0170279857700716,0.0,0.0,0.0,64.19499969482422,64.28399658203125,-0.05384010904075709,,,,,,,0.0,3.6580047607421875,,,scored,False,2026-09-24T03:10:19.134740+00:00
3,20260910T043011_512ad3cdd4d9,2026-09-10T04:30:31.837645+00:00,github-actions,823ac12bac50,2026-09-10,2026-09-09,731875feac4af8409fdf,9b0b1adcafba0fea37db,close_to_close,0.006404782421004,{},,disabled,,,,,Ridge,20260910T043011_512ad3cdd4d9:price:5,price,5,2026-09-16,1주일,5.0,67.94200134277344,없음,,,67.94200134277344,63.64956227255128,72.23444041299561,0.7698412698412699,simple,0.0400562235020338,0.0401314500286848,0.0,0.0,0.0,64.41999816894531,64.28800201416016,-0.05378115534422556,,,,,,,1.0,3.6539993286132812,,,scored,False,2026-09-24T03:10:19.134740+00:00
3,20260910T043011_512ad3cdd4d9,2026-09-10T04:30:31.837645+00:00,github-actions,823ac12bac50,2026-09-10,2026-09-09,731875feac4af8409fdf,9b0b1adcafba0fea37db,close_to_close,0.006404782421004,{},,disabled,,,,,Ridge,20260910T043011_512ad3cdd4d9:price:20,price,20,2026-10-07,1개월,20.0,67.94200134277344,없음,,,67.94200134277344,58.69479317448126,77.18920951106561,0.8070796460176991,simple,0.0770781902766296,0.0777195042816608,0.0,0.0,0.0,,,,,,,,,,,,,,missing_actual,False,2026-10-07T13:37:04.439590+00:00
3,20260910T045444_1c3837eac056,2026-09-10T04:55:10.724705+00:00,github-actions,823ac12bac50,2026-09-10,2026-09-09,731875feac4af8409fdf,9b0b1adcafba0fea37db,close_to_close,0.006404782421004,{},,disabled,상승,0.3471507963432387,0.2895967646309969,0.3632524390257645,Logistic,20260910T045444_1c3837eac056:direction:Logistic,direction,1,2026-09-10,,,,,,,,,,,,,,,,,64.19499969482422,64.28399658203125,-0.05384010904075709,0.0,0.0,,,,,,,1.0579960218398177,0.6420307032581751,scored,False,2026-09-24T03:10:19.134740+00:00
3,20260910T045444_1c3837eac056,2026-09-10T04:55:10.724705+00:00,github-actions,823ac12bac50,2026-09-10,2026-09-09,731875feac4af8409fdf,9b0b1adcafba0fea37db,close_to_close,0.006404782421004,{},,disabled,,,,,Ridge,20260910T045444_1c3837eac056:price:1,price,1,2026-09-10,1거래일,1.0,67.94200134277344,없음,,,67.94200134277344,66.15501991160603,69.72898277394084,0.788546255506608,simple,0.0169880277440648,0.0170279857700716,0.0,0.0,0.0,64.19499969482422,64.28399658203125,-0.05384010904075709,,,,,,,0.0,3.6580047607421875,,,scored,False,2026-09-24T03:10:19.134740+00:00
3,20260910T045444_1c3837eac056,2026-09-10T04:55:10.724705+00:00,github-actions,823ac12bac50,2026-09-10,2026-09-09,731875feac4af8409fdf,9b0b1adcafba0fea37db,close_to_close,0.006404782421004,{},,disabled,,,,,Ridge,20260910T045444_1c3837eac056:price:5,price,5,2026-09-16,1주일,5.0,67.94200134277344,없음,,,67.94200134277344,63.64956227255128,72.23444041299561,0.7698412698412699,simple,0.0400562235137506,0.0401314500286848,0.0,0.0,0.0,64.41999816894531,64.28800201416016,-0.05378115534422556,,,,,,,1.0,3.6539993286132812,,,scored,False,2026-09-24T03:10:19.134740+00:00
3,20260910T045444_1c3837eac056,2026-09-10T04:55:10.724705+00:00,github-actions,823ac12bac50,2026-09-10,2026-09-09,731875feac4af8409fdf,9b0b1adcafba0fea37db,close_to_close,0.006404782421004,{},,disabled,,,,,Ridge,20260910T045444_1c3837eac056:price:20,price,20,2026-10-07,1개월,20.0,67.94200134277344,없음,,,67.94200134277344,58.69479317448126,77.18920951106561,0.8070796460176991,simple,0.0770781905016607,0.0777195042816608,0.0,0.0,0.0,,,,,,,,,,,,,,missing_actual,False,2026-10-07T13:37:04.439590+00:00
3,20260910T053822_36dc0185ad6f,2026-09-10T05:38:45.037783+00:00,github-actions,823ac12bac50,2026-09-10,2026-09-09,731875feac4af8409fdf,9b0b1adcafba0fea37db,close_to_close,0.006404782421004,{},,disabled,상승,0.3471507963432387,0.2895967646309969,0.3632524390257645,Logistic,20260910T053822_36dc0185ad6f:direction:Logistic,direction,1,2026-09-10,,,,,,,,,,,,,,,,,64.19499969482422,64.28399658203125,-0.05384010904075709,0.0,0.0,,,,,,,1.0579960218398177,0.6420307032581751,scored,False,2026-09-24T03:10:19.134740+00:00
3,20260910T053822_36dc0185ad6f,2026-09-10T05:38:45.037783+00:00,github-actions,823ac12bac50,2026-09-10,2026-09-09,731875feac4af8409fdf,9b0b1adcafba0fea37db,close_to_close,0.006404782421004,{},,disabled,,,,,Ridge,20260910T053822_36dc0185ad6f:price:1,price,1,2026-09-10,1거래일,1.0,67.94200134277344,없음,,,67.94200134277344,66.15501991160603,69.72898277394084,0.788546255506608,simple,0.0169880277440648,0.0170279857700716,0.0,0.0,0.0,64.19499969482422,64.28399658203125,-0.05384010904075709,,,,,,,0.0,3.6580047607421875,,,scored,False,2026-09-24T03:10:19.134740+00:00
3,20260910T053822_36dc0185ad6f,2026-09-10T05:38:45.037783+00:00,github-actions,823ac12bac50,2026-09-10,2026-09-09,731875feac4af8409fdf,9b0b1adcafba0fea37db,close_to_close,0.006404782421004,{},,disabled,,,,,Ridge,20260910T053822_36dc0185ad6f:price:5,price,5,2026-09-16,1주일,5.0,67.94200134277344,없음,,,67.94200134277344,63.64956227255128,72.23444041299561,0.7698412698412699,simple,0.0400562235137506,0.0401314500286848,0.0,0.0,0.0,64.41999816894531,64.28800201416016,-0.05378115534422556,,,,,,,1.0,3.6539993286132812,,,scored,False,2026-09-24T03:10:19.134740+00:00
3,20260910T053822_36dc0185ad6f,2026-09-10T05:38:45.037783+00:00,github-actions,823ac12bac50,2026-09-10,2026-09-09,731875feac4af8409fdf,9b0b1adcafba0fea37db,close_to_close,0.006404782421004,{},,disabled,,,,,Ridge,20260910T053822_36dc0185ad6f:price:20,price,20,2026-10-07,1개월,20.0,67.94200134277344,없음,,,67.94200134277344,58.69479317448126,77.18920951106561,0.8070796460176991,simple,0.0770781905016607,0.0777195042816608,0.0,0.0,0.0,,,,,,,,,,,,,,missing_actual,False,2026-10-07T13:37:04.439590+00:00
3,20260910T064039_06308e2ec122,2026-09-10T06:41:00.710030+00:00,github-actions,823ac12bac50,2026-09-10,2026-09-09,731875feac4af8409fdf,9b0b1adcafba0fea37db,close_to_close,0.006404782421004,{},,disabled,상승,0.3471507963432387,0.2895967646309969,0.3632524390257645,Logistic,20260910T064039_06308e2ec122:direction:Logistic,direction,1,2026-09-10,,,,,,,,,,,,,,,,,64.19499969482422,64.28399658203125,-0.05384010904075709,0.0,0.0,,,,,,,1.0579960218398177,0.6420307032581751,scored,False,2026-09-24T03:10:19.134740+00:00
3,20260910T064039_06308e2ec122,2026-09-10T06:41:00.710030+00:00,github-actions,823ac12bac50,2026-09-10,2026-09-09,731875feac4af8409fdf,9b0b1adcafba0fea37db,close_to_close,0.006404782421004,{},,disabled,,,,,Ridge,20260910T064039_06308e2ec122:price:1,price,1,2026-09-10,1거래일,1.0,67.94200134277344,없음,,,67.94200134277344,66.15501991160603,69.72898277394084,0.788546255506608,simple,0.0169880277440648,0.0170279857700716,0.0,0.0,0.0,64.19499969482422,64.28399658203125,-0.05384010904075709,,,,,,,0.0,3.6580047607421875,,,scored,False,2026-09-24T03:10:19.134740+00:00
3,20260910T064039_06308e2ec122,2026-09-10T06:41:00.710030+00:00,github-actions,823ac12bac50,2026-09-10,2026-09-09,731875feac4af8409fdf,9b0b1adcafba0fea37db,close_to_close,0.006404782421004,{},,disabled,,,,,Ridge,20260910T064039_06308e2ec122:price:5,price,5,2026-09-16,1주일,5.0,67.94200134277344,없음,,,67.94200134277344,63.64956227255128,72.23444041299561,0.7698412698412699,simple,0.0400562235137506,0.0401314500286848,0.0,0.0,0.0,64.41999816894531,64.28800201416016,-0.05378115534422556,,,,,,,1.0,3.6539993286132812,,,scored,False,2026-09-24T03:10:19.134740+00:00
3,20260910T064039_06308e2ec122,2026-09-10T06:41:00.710030+00:00,github-actions,823ac12bac50,2026-09-10,2026-09-09,731875feac4af8409fdf,9b0b1adcafba0fea37db,close_to_close,0.006404782421004,{},,disabled,,,,,Ridge,20260910T064039_06308e2ec122:price:20,price,20,2026-10-07,1개월,20.0,67.94200134277344,없음,,,67.94200134277344,58.69479317448126,77.18920951106561,0.8070796460176991,simple,0.0770781905016607,0.0777195042816608,0.0,0.0,0.0,,,,,,,,,,,,,,missing_actual,False,2026-10-07T13:37:04.439590+00:00
3,20260910T072558_ca13ae88e446,2026-09-10T07:26:24.082751+00:00,github-actions,823ac12bac50,2026-09-10,2026-09-09,731875feac4af8409fdf,9b0b1adcafba0fea37db,close_to_close,0.006404782421004,{},,disabled,상승,0.3471507963432387,0.2895967646309969,0.3632524390257645,Logistic,20260910T072558_ca13ae88e446:direction:Logistic,direction,1,2026-09-10,,,,,,,,,,,,,,,,,64.19499969482422,64.28399658203125,-0.05384010904075709,0.0,0.0,,,,,,,1.0579960218398177,0.6420307032581751,scored,False,2026-09-24T03:10:19.134740+00:00
3,20260910T072558_ca13ae88e446,2026-09-10T07:26:24.082751+00:00,github-actions,823ac12bac50,2026-09-10,2026-09-09,731875feac4af8409fdf,9b0b1adcafba0fea37db,close_to_close,0.006404782421004,{},,disabled,,,,,Ridge,20260910T072558_ca13ae88e446:price:1,price,1,2026-09-10,1거래일,1.0,67.94200134277344,없음,,,67.94200134277344,66.15501991160603,69.72898277394084,0.788546255506608,simple,0.0169880277440648,0.0170279857700716,0.0,0.0,0.0,64.19499969482422,64.28399658203125,-0.05384010904075709,,,,,,,0.0,3.6580047607421875,,,scored,False,2026-09-24T03:10:19.134740+00:00
3,20260910T072558_ca13ae88e446,2026-09-10T07:26:24.082751+00:00,github-actions,823ac12bac50,2026-09-10,2026-09-09,731875feac4af8409fdf,9b0b1adcafba0fea37db,close_to_close,0.006404782421004,{},,disabled,,,,,Ridge,20260910T072558_ca13ae88e446:price:5,price,5,2026-09-16,1주일,5.0,67.94200134277344,없음,,,67.94200134277344,63.64956227255128,72.23444041299561,0.7698412698412699,simple,0.0400562235137506,0.0401314500286848,0.0,0.0,0.0,64.41999816894531,64.28800201416016,-0.05378115534422556,,,,,,,1.0,3.6539993286132812,,,scored,False,2026-09-24T03:10:19.134740+00:00
3,20260910T072558_ca13ae88e446,2026-09-10T07:26:24.082751+00:00,github-actions,823ac12bac50,2026-09-10,2026-09-09,731875feac4af8409fdf,9b0b1adcafba0fea37db,close_to_close,0.006404782421004,{},,disabled,,,,,Ridge,20260910T072558_ca13ae88e446:price:20,price,20,2026-10-07,1개월,20.0,67.94200134277344,없음,,,67.94200134277344,58.69479317448126,77.18920951106561,0.8070796460176991,simple,0.0770781905016607,0.0777195042816608,0.0,0.0,0.0,,,,,,,,,,,,,,missing_actual,False,2026-10-07T13:37:04.439590+00:00
3,20260910T081559_a5ab30161339,2026-09-10T08:16:16.692570+00:00,github-actions,823ac12bac50,2026-09-10,2026-09-09,731875feac4af8409fdf,9b0b1adcafba0fea37db,close_to_close,0.006404782421004,{},,disabled,상승,0.3471509503509594,0.2895967260175201,0.3632523236315204,Logistic,20260910T081559_a5ab30161339:direction:Logistic,direction,1,2026-09-10,,,,,,,,,,,,,,,,,64.19499969482422,64.28399658203125,-0.05384010904075709,0.0,0.0,,,,,,,1.0579955782064219,0.642030395971421,scored,False,2026-09-24T03:10:19.134740+00:00
3,20260910T081559_a5ab30161339,2026-09-10T08:16:16.692570+00:00,github-actions,823ac12bac50,2026-09-10,2026-09-09,731875feac4af8409fdf,9b0b1adcafba0fea37db,close_to_close,0.006404782421004,{},,disabled,,,,,Ridge,20260910T081559_a5ab30161339:price:1,price,1,2026-09-10,1거래일,1.0,67.94200134277344,없음,,,67.94200134277344,66.15501991160603,69.72898277394084,0.788546255506608,simple,0.0169880277427567,0.0170279857700716,0.0,0.0,0.0,64.19499969482422,64.28399658203125,-0.05384010904075709,,,,,,,0.0,3.6580047607421875,,,scored,False,2026-09-24T03:10:19.134740+00:00
3,20260910T081559_a5ab30161339,2026-09-10T08:16:16.692570+00:00,github-actions,823ac12bac50,2026-09-10,2026-09-09,731875feac4af8409fdf,9b0b1adcafba0fea37db,close_to_close,0.006404782421004,{},,disabled,,,,,Ridge,20260910T081559_a5ab30161339:price:5,price,5,2026-09-16,1주일,5.0,67.94200134277344,없음,,,67.94200134277344,63.64956227255128,72.23444041299561,0.7698412698412699,simple,0.0400562235101503,0.0401314500286848,0.0,0.0,0.0,64.41999816894531,64.28800201416016,-0.05378115534422556,,,,,,,1.0,3.6539993286132812,,,scored,False,2026-09-24T03:10:19.134740+00:00
3,20260910T081559_a5ab30161339,2026-09-10T08:16:16.692570+00:00,github-actions,823ac12bac50,2026-09-10,2026-09-09,731875feac4af8409fdf,9b0b1adcafba0fea37db,close_to_close,0.006404782421004,{},,disabled,,,,,Ridge,20260910T081559_a5ab30161339:price:20,price,20,2026-10-07,1개월,20.0,67.94200134277344,없음,,,67.94200134277344,58.69479317448126,77.18920951106561,0.8070796460176991,simple,0.0770781903126888,0.0777195042816608,0.0,0.0,0.0,,,,,,,,,,,,,,missing_actual,False,2026-10-07T13:37:04.439590+00:00
3,20260910T083829_ded6e24ed603,2026-09-10T08:38:50.155563+00:00,github-actions,823ac12bac50,2026-09-10,2026-09-09,731875feac4af8409fdf,9b0b1adcafba0fea37db,close_to_close,0.006404782421004,{},,disabled,상승,0.3471507963432387,0.2895967646309969,0.3632524390257645,Logistic,20260910T083829_ded6e24ed603:direction:Logistic,direction,1,2026-09-10,,,,,,,,,,,,,,,,,64.19499969482422,64.28399658203125,-0.05384010904075709,0.0,0.0,,,,,,,1.0579960218398177,0.6420307032581751,scored,False,2026-09-24T03:10:19.134740+00:00
3,20260910T083829_ded6e24ed603,2026-09-10T08:38:50.155563+00:00,github-actions,823ac12bac50,2026-09-10,2026-09-09,731875feac4af8409fdf,9b0b1adcafba0fea37db,close_to_close,0.006404782421004,{},,disabled,,,,,Ridge,20260910T083829_ded6e24ed603:price:1,price,1,2026-09-10,1거래일,1.0,67.94200134277344,없음,,,67.94200134277344,66.15501991160603,69.72898277394084,0.788546255506608,simple,0.0169880277440648,0.0170279857700716,0.0,0.0,0.0,64.19499969482422,64.28399658203125,-0.05384010904075709,,,,,,,0.0,3.6580047607421875,,,scored,False,2026-09-24T03:10:19.134740+00:00
3,20260910T083829_ded6e24ed603,2026-09-10T08:38:50.155563+00:00,github-actions,823ac12bac50,2026-09-10,2026-09-09,731875feac4af8409fdf,9b0b1adcafba0fea37db,close_to_close,0.006404782421004,{},,disabled,,,,,Ridge,20260910T083829_ded6e24ed603:price:5,price,5,2026-09-16,1주일,5.0,67.94200134277344,없음,,,67.94200134277344,63.64956227255128,72.23444041299561,0.7698412698412699,simple,0.0400562235137506,0.0401314500286848,0.0,0.0,0.0,64.41999816894531,64.28800201416016,-0.05378115534422556,,,,,,,1.0,3.6539993286132812,,,scored,False,2026-09-24T03:10:19.134740+00:00
3,20260910T083829_ded6e24ed603,2026-09-10T08:38:50.155563+00:00,github-actions,823ac12bac50,2026-09-10,2026-09-09,731875feac4af8409fdf,9b0b1adcafba0fea37db,close_to_close,0.006404782421004,{},,disabled,,,,,Ridge,20260910T083829_ded6e24ed603:price:20,price,20,2026-10-07,1개월,20.0,67.94200134277344,없음,,,67.94200134277344,58.69479317448126,77.18920951106561,0.8070796460176991,simple,0.0770781905016607,0.0777195042816608,0.0,0.0,0.0,,,,,,,,,,,,,,missing_actual,False,2026-10-07T13:37:04.439590+00:00
3,20260910T103816_7d20e03a4d06,2026-09-10T10:38:39.367637+00:00,github-actions,823ac12bac50,2026-09-10,2026-09-09,731875feac4af8409fdf,9b0b1adcafba0fea37db,close_to_close,0.006404782421004,{},,disabled,상승,0.3471507963432387,0.2895967646309969,0.3632524390257645,Logistic,20260910T103816_7d20e03a4d06:direction:Logistic,direction,1,2026-09-10,,,,,,,,,,,,,,,,,64.19499969482422,64.28399658203125,-0.05384010904075709,0.0,0.0,,,,,,,1.0579960218398177,0.6420307032581751,scored,False,2026-09-24T03:10:19.134740+00:00
3,20260910T103816_7d20e03a4d06,2026-09-10T10:38:39.367637+00:00,github-actions,823ac12bac50,2026-09-10,2026-09-09,731875feac4af8409fdf,9b0b1adcafba0fea37db,close_to_close,0.006404782421004,{},,disabled,,,,,Ridge,20260910T103816_7d20e03a4d06:price:1,price,1,2026-09-10,1거래일,1.0,67.94200134277344,없음,,,67.94200134277344,66.15501991160603,69.72898277394084,0.788546255506608,simple,0.0169880277440648,0.0170279857700716,0.0,0.0,0.0,64.19499969482422,64.28399658203125,-0.05384010904075709,,,,,,,0.0,3.6580047607421875,,,scored,False,2026-09-24T03:10:19.134740+00:00
3,20260910T103816_7d20e03a4d06,2026-09-10T10:38:39.367637+00:00,github-actions,823ac12bac50,2026-09-10,2026-09-09,731875feac4af8409fdf,9b0b1adcafba0fea37db,close_to_close,0.006404782421004,{},,disabled,,,,,Ridge,20260910T103816_7d20e03a4d06:price:5,price,5,2026-09-16,1주일,5.0,67.94200134277344,없음,,,67.94200134277344,63.64956227255128,72.23444041299561,0.7698412698412699,simple,0.0400562235137506,0.0401314500286848,0.0,0.0,0.0,64.41999816894531,64.28800201416016,-0.05378115534422556,,,,,,,1.0,3.6539993286132812,,,scored,False,2026-09-24T03:10:19.134740+00:00
3,20260910T103816_7d20e03a4d06,2026-09-10T10:38:39.367637+00:00,github-actions,823ac12bac50,2026-09-10,2026-09-09,731875feac4af8409fdf,9b0b1adcafba0fea37db,close_to_close,0.006404782421004,{},,disabled,,,,,Ridge,20260910T103816_7d20e03a4d06:price:20,price,20,2026-10-07,1개월,20.0,67.94200134277344,없음,,,67.94200134277344,58.69479317448126,77.18920951106561,0.8070796460176991,simple,0.0770781905016607,0.0777195042816608,0.0,0.0,0.0,,,,,,,,,,,,,,missing_actual,False,2026-10-07T13:37:04.439590+00:00
3,20260910T104801_b17bd972f927,2026-09-10T10:48:21.513351+00:00,github-actions,823ac12bac50,2026-09-10,2026-09-09,731875feac4af8409fdf,9b0b1adcafba0fea37db,close_to_close,0.006404782421004,{},,disabled,상승,0.3471507963432387,0.2895967646309969,0.3632524390257645,Logistic,20260910T104801_b17bd972f927:direction:Logistic,direction,1,2026-09-10,,,,,,,,,,,,,,,,,64.19499969482422,64.28399658203125,-0.05384010904075709,0.0,0.0,,,,,,,1.0579960218398177,0.6420307032581751,scored,False,2026-09-24T03:10:19.134740+00:00
3,20260910T104801_b17bd972f927,2026-09-10T10:48:21.513351+00:00,github-actions,823ac12bac50,2026-09-10,2026-09-09,731875feac4af8409fdf,9b0b1adcafba0fea37db,close_to_close,0.006404782421004,{},,disabled,,,,,Ridge,20260910T104801_b17bd972f927:price:1,price,1,2026-09-10,1거래일,1.0,67.94200134277344,없음,,,67.94200134277344,66.15501991160603,69.72898277394084,0.788546255506608,simple,0.0169880277440648,0.0170279857700716,0.0,0.0,0.0,64.19499969482422,64.28399658203125,-0.05384010904075709,,,,,,,0.0,3.6580047607421875,,,scored,False,2026-09-24T03:10:19.134740+00:00
3,20260910T104801_b17bd972f927,2026-09-10T10:48:21.513351+00:00,github-actions,823ac12bac50,2026-09-10,2026-09-09,731875feac4af8409fdf,9b0b1adcafba0fea37db,close_to_close,0.006404782421004,{},,disabled,,,,,Ridge,20260910T104801_b17bd972f927:price:5,price,5,2026-09-16,1주일,5.0,67.94200134277344,없음,,,67.94200134277344,63.64956227255128,72.23444041299561,0.7698412698412699,simple,0.0400562235137506,0.0401314500286848,0.0,0.0,0.0,64.41999816894531,64.28800201416016,-0.05378115534422556,,,,,,,1.0,3.6539993286132812,,,scored,False,2026-09-24T03:10:19.134740+00:00
3,20260910T104801_b17bd972f927,2026-09-10T10:48:21.513351+00:00,github-actions,823ac12bac50,2026-09-10,2026-09-09,731875feac4af8409fdf,9b0b1adcafba0fea37db,close_to_close,0.006404782421004,{},,disabled,,,,,Ridge,20260910T104801_b17bd972f927:price:20,price,20,2026-10-07,1개월,20.0,67.94200134277344,없음,,,67.94200134277344,58.69479317448126,77.18920951106561,0.8070796460176991,simple,0.0770781905016607,0.0777195042816608,0.0,0.0,0.0,,,,,,,,,,,,,,missing_actual,False,2026-10-07T13:37:04.439590+00:00
3,20260910T220218_6af1a577b29a,2026-09-10T22:02:43.812550+00:00,github-actions,823ac12bac50,2026-09-11,2026-09-10,b35c372edd88bffef8a1,9b0b1adcafba0fea37db,close_to_close,0.0074919882227757,{},,disabled,상승,0.2780546157117566,0.3323896842238952,0.3895557000643482,Logistic,20260910T220218_6af1a577b29a:direction:Logistic,direction,1,2026-09-11,,,,,,,,,,,,,,,,,63.290000915527344,64.55400085449219,0.004200178688585243,1.0,0.0,,,,,,,1.1014472507065574,0.6747715465019075,scored,True,2026-09-24T03:10:19.134740+00:00
3,20260910T220218_6af1a577b29a,2026-09-10T22:02:43.812550+00:00,github-actions,823ac12bac50,2026-09-11,2026-09-10,b35c372edd88bffef8a1,9b0b1adcafba0fea37db,close_to_close,0.0074919882227757,{},,disabled,,,,,Ridge,20260910T220218_6af1a577b29a:price:1,price,1,2026-09-11,1거래일,1.0,64.08999633789062,없음,,,64.08999633789062,62.11818819337665,66.0618044824046,0.788546255506608,simple,0.0170174710447537,0.0170577683420492,0.0,0.0,0.0,63.290000915527344,64.55400085449219,0.007239889891009987,,,,,,,1.0,-0.4640045166015625,,,scored,True,2026-09-24T03:10:19.134740+00:00
3,20260910T220218_6af1a577b29a,2026-09-10T22:02:43.812550+00:00,github-actions,823ac12bac50,2026-09-11,2026-09-10,b35c372edd88bffef8a1,9b0b1adcafba0fea37db,close_to_close,0.0074919882227757,{},,disabled,,,,,Ridge,20260910T220218_6af1a577b29a:price:5,price,5,2026-09-17,1주일,5.0,64.08999633789062,없음,,,64.08999633789062,59.353592158824966,68.82640051695628,0.7707231040564374,simple,0.0400222561248687,0.040091134047072,0.0,0.0,0.0,65.47000122070312,65.47000122070312,0.021532297732347105,,,,,,,1.0,-1.3800048828125,,,scored,True,2026-09-24T03:10:19.134740+00:00
3,20260910T220218_6af1a577b29a,2026-09-10T22:02:43.812550+00:00,github-actions,823ac12bac50,2026-09-11,2026-09-10,b35c372edd88bffef8a1,9b0b1adcafba0fea37db,close_to_close,0.0074919882227757,{},,disabled,,,,,Ridge,20260910T220218_6af1a577b29a:price:20,price,20,2026-10-08,1개월,20.0,64.08999633789062,없음,,,64.08999633789062,53.84089916185918,74.33909351392208,0.8109540636042403,simple,0.0770628205294593,0.0777104258352564,0.0,0.0,0.0,,,,,,,,,,,,,,pending,True,2026-09-24T03:10:19.134740+00:00
3,20260910T222229_f6ef8ba1aed3,2026-09-10T22:22:53.464714+00:00,github-actions,823ac12bac50,2026-09-11,2026-09-10,8b409ec6ff0701435444,9b0b1adcafba0fea37db,close_to_close,0.0074867931799755,{},,disabled,상승,0.2787808039756557,0.3317466352656703,0.389472560758674,Logistic,20260910T222229_f6ef8ba1aed3:direction:Logistic,direction,1,2026-09-11,,,,,,,,,,,,,,,,,63.290000915527344,64.55400085449219,0.004200178688585243,1.0,0.0,,,,,,,1.1033837482005453,0.675970171727985,scored,True,2026-09-24T03:10:19.134740+00:00
3,20260910T222229_f6ef8ba1aed3,2026-09-10T22:22:53.464714+00:00,github-actions,823ac12bac50,2026-09-11,2026-09-10,8b409ec6ff0701435444,9b0b1adcafba0fea37db,close_to_close,0.0074867931799755,{},,disabled,,,,,Ridge,20260910T222229_f6ef8ba1aed3:price:1,price,1,2026-09-11,1거래일,1.0,64.0999984741211,없음,,,64.0999984741211,62.12925009247987,66.07074685576232,0.788546255506608,simple,0.0170173413392012,0.0170576386364966,0.0,0.0,0.0,63.290000915527344,64.55400085449219,0.007082720611208515,,,,,,,1.0,-0.45400238037109375,,,scored,True,2026-09-24T03:10:19.134740+00:00
3,20260910T222229_f6ef8ba1aed3,2026-09-10T22:22:53.464714+00:00,github-actions,823ac12bac50,2026-09-11,2026-09-10,8b409ec6ff0701435444,9b0b1adcafba0fea37db,close_to_close,0.0074867931799755,{},,disabled,,,,,Ridge,20260910T222229_f6ef8ba1aed3:price:5,price,5,2026-09-17,1주일,5.0,64.0999984741211,없음,,,64.0999984741211,59.36613991051668,68.83385703772552,0.7707231040564374,simple,0.0400221198483362,0.0400909977705396,0.0,0.0,0.0,65.47000122070312,65.47000122070312,0.021372898271364793,,,,,,,1.0,-1.3700027465820312,,,scored,True,2026-09-24T03:10:19.134740+00:00
3,20260910T222229_f6ef8ba1aed3,2026-09-10T22:22:53.464714+00:00,github-actions,823ac12bac50,2026-09-11,2026-09-10,8b409ec6ff0701435444,9b0b1adcafba0fea37db,close_to_close,0.0074867931799755,{},,disabled,,,,,Ridge,20260910T222229_f6ef8ba1aed3:price:20,price,20,2026-10-08,1개월,20.0,64.0999984741211,없음,,,64.0999984741211,53.85640975117953,74.34358719706266,0.8109540636042403,simple,0.0770626857447846,0.0777102910505817,0.0,0.0,0.0,,,,,,,,,,,,,,pending,True,2026-09-24T03:10:19.134740+00:00
3,20260910T225618_2bf7b9199475,2026-09-10T22:56:41.893000+00:00,github-actions,823ac12bac50,2026-09-11,2026-09-10,43981b8c4db59df74d68,9b0b1adcafba0fea37db,close_to_close,0.0075656795447942,{},,disabled,상승,0.2762988299849918,0.3337538304782934,0.3899473395367147,Logistic,20260910T225618_2bf7b9199475:direction:Logistic,direction,1,2026-09-11,,,,,,,,,,,,,,,,,63.290000915527344,64.55400085449219,0.004200178688585243,1.0,0.0,,,,,,,1.0973515922450194,0.6722839294651839,scored,True,2026-09-24T03:10:19.134740+00:00
3,20260910T225618_2bf7b9199475,2026-09-10T22:56:41.893000+00:00,github-actions,823ac12bac50,2026-09-11,2026-09-10,43981b8c4db59df74d68,9b0b1adcafba0fea37db,close_to_close,0.0075656795447942,{},,disabled,,,,,Ridge,20260910T225618_2bf7b9199475:price:1,price,1,2026-09-11,1거래일,1.0,63.95000076293945,없음,,,63.95000076293945,61.96314738278346,65.93685414309545,0.788546255506608,simple,0.0170192864772765,0.017059583774572,0.0,0.0,0.0,63.290000915527344,64.55400085449219,0.009444880130521804,,,,,,,1.0,-0.6040000915527344,,,scored,True,2026-09-24T03:10:19.134740+00:00
3,20260910T225618_2bf7b9199475,2026-09-10T22:56:41.893000+00:00,github-actions,823ac12bac50,2026-09-11,2026-09-10,43981b8c4db59df74d68,9b0b1adcafba0fea37db,close_to_close,0.0075656795447942,{},,disabled,,,,,Ridge,20260910T225618_2bf7b9199475:price:5,price,5,2026-09-17,1주일,5.0,63.95000076293945,없음,,,63.95000076293945,59.17745700448918,68.72254452138974,0.7707231040564374,simple,0.0400241635285548,0.0400930414507582,0.0,0.0,0.0,65.47000122070312,65.47000122070312,0.023768576069268077,,,,,,,1.0,-1.5200004577636719,,,scored,True,2026-09-24T03:10:19.134740+00:00
3,20260910T225618_2bf7b9199475,2026-09-10T22:56:41.893000+00:00,github-actions,823ac12bac50,2026-09-11,2026-09-10,43981b8c4db59df74d68,9b0b1adcafba0fea37db,close_to_close,0.0075656795447942,{},,disabled,,,,,Ridge,20260910T225618_2bf7b9199475:price:20,price,20,2026-10-08,1개월,20.0,63.95000076293945,없음,,,63.95000076293945,53.62270121079936,74.27730031507954,0.8109540636042403,simple,0.0770647070522575,0.0777123123580546,0.0,0.0,0.0,,,,,,,,,,,,,,pending,True,2026-09-24T03:10:19.134740+00:00
3,20260910T231543_ac47f76a5f31,2026-09-10T23:16:06.809954+00:00,github-actions,823ac12bac50,2026-09-11,2026-09-10,cef35bcc85ed295d0f49,9b0b1adcafba0fea37db,close_to_close,0.0075128542942161,{},,disabled,상승,0.278172626437784,0.3322444812512281,0.3895828923109878,Logistic,20260910T231543_ac47f76a5f31:direction:Logistic,direction,1,2026-09-11,,,,,,,,,,,,,,,,,63.290000915527344,64.55400085449219,0.004200178688585243,1.0,0.0,,,,,,,1.1018841917562956,0.6750522729001311,scored,True,2026-09-24T03:10:19.134740+00:00
3,20260910T231543_ac47f76a5f31,2026-09-10T23:16:06.809954+00:00,github-actions,823ac12bac50,2026-09-11,2026-09-10,cef35bcc85ed295d0f49,9b0b1adcafba0fea37db,close_to_close,0.0075128542942161,{},,disabled,,,,,Ridge,20260910T231543_ac47f76a5f31:price:1,price,1,2026-09-11,1거래일,1.0,64.05000305175781,없음,,,64.05000305175781,62.07393705876758,66.02606904474806,0.788546255506608,simple,0.0170179896690914,0.0170582869663869,0.0,0.0,0.0,63.290000915527344,64.55400085449219,0.007868817778620585,,,,,,,1.0,-0.503997802734375,,,scored,True,2026-09-24T03:10:19.134740+00:00
3,20260910T231543_ac47f76a5f31,2026-09-10T23:16:06.809954+00:00,github-actions,823ac12bac50,2026-09-11,2026-09-10,cef35bcc85ed295d0f49,9b0b1adcafba0fea37db,close_to_close,0.0075128542942161,{},,disabled,,,,,Ridge,20260910T231543_ac47f76a5f31:price:5,price,5,2026-09-17,1주일,5.0,64.05000305175781,없음,,,64.05000305175781,59.30337125933488,68.79663484418076,0.7707231040564374,simple,0.0400228010231015,0.0400916789453048,0.0,0.0,0.0,65.47000122070312,65.47000122070312,0.02217014990300359,,,,,,,1.0,-1.4199981689453125,,,scored,True,2026-09-24T03:10:19.134740+00:00
3,20260910T231543_ac47f76a5f31,2026-09-10T23:16:06.809954+00:00,github-actions,823ac12bac50,2026-09-11,2026-09-10,cef35bcc85ed295d0f49,9b0b1adcafba0fea37db,close_to_close,0.0075128542942161,{},,disabled,,,,,Ridge,20260910T231543_ac47f76a5f31:price:20,price,20,2026-10-08,1개월,20.0,64.05000305175781,없음,,,64.05000305175781,53.77877436008399,74.32123174343164,0.8109540636042403,simple,0.077063359462537,0.077710964768334,0.0,0.0,0.0,,,,,,,,,,,,,,pending,True,2026-09-24T03:10:19.134740+00:00
3,20260911T022149_c35f055bff0b,2026-09-11T02:22:17.239206+00:00,github-actions,823ac12bac50,2026-09-11,2026-09-10,b7ba0a2f6e994e70a3c6,9b0b1adcafba0fea37db,close_to_close,0.0075870664483201,{},,disabled,상승,0.2804080993710461,0.3302151318870323,0.3893767687419215,Logistic,20260911T022149_c35f055bff0b:direction:Logistic,direction,1,2026-09-11,,,,,,,,,,,,,,,,,63.290000915527344,64.55400085449219,0.004200178688585243,1.0,0.0,,,,,,,1.1080109221165735,0.6788547397818878,scored,False,2026-09-24T03:10:19.134740+00:00
3,20260911T022149_c35f055bff0b,2026-09-11T02:22:17.239206+00:00,github-actions,823ac12bac50,2026-09-11,2026-09-10,b7ba0a2f6e994e70a3c6,9b0b1adcafba0fea37db,close_to_close,0.0075870664483201,{},,disabled,,,,,Ridge,20260911T022149_c35f055bff0b:price:1,price,1,2026-09-11,1거래일,1.0,63.90999984741211,없음,,,63.90999984741211,61.91877626277071,65.9012234320535,0.788546255506608,simple,0.0170198052005505,0.017060102497846,0.0,0.0,0.0,63.290000915527344,64.55400085449219,0.010076686099478316,,,,,,,1.0,-0.6440010070800781,,,scored,False,2026-09-24T03:10:19.134740+00:00
3,20260911T022149_c35f055bff0b,2026-09-11T02:22:17.239206+00:00,github-actions,823ac12bac50,2026-09-11,2026-09-10,b7ba0a2f6e994e70a3c6,9b0b1adcafba0fea37db,close_to_close,0.0075870664483201,{},,disabled,,,,,Ridge,20260911T022149_c35f055bff0b:price:5,price,5,2026-09-17,1주일,5.0,63.90999984741211,없음,,,63.90999984741211,59.126958589574976,68.69304110524925,0.7707231040564374,simple,0.0400247085307362,0.0400935864529395,0.0,0.0,0.0,65.47000122070312,65.47000122070312,0.024409347160312622,,,,,,,1.0,-1.5600013732910156,,,scored,False,2026-09-24T03:10:19.134740+00:00
3,20260911T022149_c35f055bff0b,2026-09-11T02:22:17.239206+00:00,github-actions,823ac12bac50,2026-09-11,2026-09-10,b7ba0a2f6e994e70a3c6,9b0b1adcafba0fea37db,close_to_close,0.0075870664483201,{},,disabled,,,,,Ridge,20260911T022149_c35f055bff0b:price:20,price,20,2026-10-08,1개월,20.0,63.90999984741211,없음,,,63.90999984741211,53.55998477369623,74.26001492112799,0.8109540636042403,simple,0.0770652460881457,0.0777128513939428,0.0,0.0,0.0,,,,,,,,,,,,,,pending,False,2026-09-24T03:10:19.134740+00:00
3,20260911T023458_2177a27ad873,2026-09-11T02:35:21.298502+00:00,github-actions,823ac12bac50,2026-09-11,2026-09-10,ac1e9b035d4029343763,9b0b1adcafba0fea37db,close_to_close,0.0076085982451895,{},,disabled,상승,0.2803209374106066,0.3299548483881788,0.3897242142012147,Logistic,20260911T023458_2177a27ad873:direction:Logistic,direction,1,2026-09-11,,,,,,,,,,,,,,,,,63.290000915527344,64.55400085449219,0.004200178688585243,1.0,0.0,,,,,,,1.1087994569488655,0.679425296284024,scored,False,2026-09-24T03:10:19.134740+00:00
3,20260911T023458_2177a27ad873,2026-09-11T02:35:21.298502+00:00,github-actions,823ac12bac50,2026-09-11,2026-09-10,ac1e9b035d4029343763,9b0b1adcafba0fea37db,close_to_close,0.0076085982451895,{},,disabled,,,,,Ridge,20260911T023458_2177a27ad873:price:1,price,1,2026-09-11,1거래일,1.0,63.869998931884766,없음,,,63.869998931884766,61.87437416561453,65.86562369815499,0.788546255506608,simple,0.0170203239257212,0.01706062122112,0.0,0.0,0.0,63.290000915527344,64.55400085449219,0.010709283451482143,,,,,,,1.0,-0.6840019226074219,,,scored,False,2026-09-24T03:10:19.134740+00:00
3,20260911T023458_2177a27ad873,2026-09-11T02:35:21.298502+00:00,github-actions,823ac12bac50,2026-09-11,2026-09-10,ac1e9b035d4029343763,9b0b1adcafba0fea37db,close_to_close,0.0076085982451895,{},,disabled,,,,,Ridge,20260911T023458_2177a27ad873:price:5,price,5,2026-09-17,1주일,5.0,63.869998931884766,없음,,,63.869998931884766,59.07638576566109,68.66361209810843,0.7707231040564374,simple,0.0400252535573121,0.0400941314551209,0.0,0.0,0.0,65.47000122070312,65.47000122070312,0.02505092086387406,,,,,,,1.0,-1.6000022888183594,,,scored,False,2026-09-24T03:10:19.134740+00:00
3,20260911T023458_2177a27ad873,2026-09-11T02:35:21.298502+00:00,github-actions,823ac12bac50,2026-09-11,2026-09-10,ac1e9b035d4029343763,9b0b1adcafba0fea37db,close_to_close,0.0076085982451895,{},,disabled,,,,,Ridge,20260911T023458_2177a27ad873:price:20,price,20,2026-10-08,1개월,20.0,63.869998931884766,없음,,,63.869998931884766,53.49710732308165,74.24289054068788,0.8109540636042403,simple,0.077065784870976,0.077713390429831,0.0,0.0,0.0,,,,,,,,,,,,,,pending,False,2026-09-24T03:10:19.134740+00:00
3,20260911T034559_d7bf2161b5d3,2026-09-11T03:46:21.903375+00:00,github-actions,823ac12bac50,2026-09-11,2026-09-10,798adc70f9993810c094,9b0b1adcafba0fea37db,close_to_close,0.0077491847698484,{},,disabled,상승,0.2749088372712422,0.3339953996827428,0.3910957630460149,Logistic,20260911T034559_d7bf2161b5d3:direction:Logistic,direction,1,2026-09-11,,,,,,,,,,,,,,,,,63.290000915527344,64.55400085449219,0.004200178688585243,1.0,0.0,,,,,,,1.0966280595052524,0.6720928923261205,scored,False,2026-09-24T03:10:19.134740+00:00
3,20260911T034559_d7bf2161b5d3,2026-09-11T03:46:21.903375+00:00,github-actions,823ac12bac50,2026-09-11,2026-09-10,798adc70f9993810c094,9b0b1adcafba0fea37db,close_to_close,0.0077491847698484,{},,disabled,,,,,Ridge,20260911T034559_d7bf2161b5d3:price:1,price,1,2026-09-11,1거래일,1.0,63.6150016784668,없음,,,63.6150016784668,61.59061774175266,65.63938561518093,0.788546255506608,simple,0.0170236306700322,0.0170639279706886,0.0,0.0,0.0,63.290000915527344,64.55400085449219,0.01476065631140644,,,,,,,1.0,-0.9389991760253906,,,scored,False,2026-09-24T03:10:19.134740+00:00
3,20260911T034559_d7bf2161b5d3,2026-09-11T03:46:21.903375+00:00,github-actions,823ac12bac50,2026-09-11,2026-09-10,798adc70f9993810c094,9b0b1adcafba0fea37db,close_to_close,0.0077491847698484,{},,disabled,,,,,Ridge,20260911T034559_d7bf2161b5d3:price:5,price,5,2026-09-17,1주일,5.0,63.6150016784668,없음,,,63.6150016784668,58.75230721979792,68.47769613713567,0.7707231040564374,simple,0.0400287278297441,0.0400976057270848,0.0,0.0,0.0,65.47000122070312,65.47000122070312,0.029159781392636974,,,,,,,1.0,-1.8549995422363281,,,scored,False,2026-09-24T03:10:19.134740+00:00
3,20260911T034559_d7bf2161b5d3,2026-09-11T03:46:21.903375+00:00,github-actions,823ac12bac50,2026-09-11,2026-09-10,798adc70f9993810c094,9b0b1adcafba0fea37db,close_to_close,0.0077491847698484,{},,disabled,,,,,Ridge,20260911T034559_d7bf2161b5d3:price:20,price,20,2026-10-08,1개월,20.0,63.6150016784668,없음,,,63.6150016784668,53.0926251751004,74.1373781818332,0.8109540636042403,simple,0.0770692211593717,0.0777168266679563,0.0,0.0,0.0,,,,,,,,,,,,,,pending,False,2026-09-24T03:10:19.134740+00:00
3,20260911T035543_7c643f473b1c,2026-09-11T03:56:06.589260+00:00,github-actions,823ac12bac50,2026-09-11,2026-09-10,596c82abc94f3dd59644,9b0b1adcafba0fea37db,close_to_close,0.0077379563976389,{},,disabled,상승,0.2750642477912531,0.3343431827359162,0.3905925694728305,Logistic,20260911T035543_7c643f473b1c:direction:Logistic,direction,1,2026-09-11,,,,,,,,,,,,,,,,,63.290000915527344,64.55400085449219,0.004200178688585243,1.0,0.0,,,,,,,1.0955873202939794,0.6713218941105057,scored,False,2026-09-24T03:10:19.134740+00:00
3,20260911T035543_7c643f473b1c,2026-09-11T03:56:06.589260+00:00,github-actions,823ac12bac50,2026-09-11,2026-09-10,596c82abc94f3dd59644,9b0b1adcafba0fea37db,close_to_close,0.0077379563976389,{},,disabled,,,,,Ridge,20260911T035543_7c643f473b1c:price:1,price,1,2026-09-11,1거래일,1.0,63.6349983215332,없음,,,63.6349983215332,61.61291224607355,65.65708439699286,0.788546255506608,simple,0.0170233713612243,0.0170636686585198,0.0,0.0,0.0,63.290000915527344,64.55400085449219,0.014441778222660906,,,,,,,1.0,-0.9190025329589844,,,scored,False,2026-09-24T03:10:19.134740+00:00
3,20260911T035543_7c643f473b1c,2026-09-11T03:56:06.589260+00:00,github-actions,823ac12bac50,2026-09-11,2026-09-10,596c82abc94f3dd59644,9b0b1adcafba0fea37db,close_to_close,0.0077379563976389,{},,disabled,,,,,Ridge,20260911T035543_7c643f473b1c:price:5,price,5,2026-09-17,1주일,5.0,63.6349983215332,없음,,,63.6349983215332,58.77782346662442,68.49217317644198,0.7707231040564374,simple,0.040028455355765,0.0400973332779684,0.0,0.0,0.0,65.47000122070312,65.47000122070312,0.02883637852708132,,,,,,,1.0,-1.8350028991699219,,,scored,False,2026-09-24T03:10:19.134740+00:00
3,20260911T035543_7c643f473b1c,2026-09-11T03:56:06.589260+00:00,github-actions,823ac12bac50,2026-09-11,2026-09-10,596c82abc94f3dd59644,9b0b1adcafba0fea37db,close_to_close,0.0077379563976389,{},,disabled,,,,,Ridge,20260911T035543_7c643f473b1c:price:20,price,20,2026-10-08,1개월,20.0,63.6349983215332,없음,,,63.6349983215332,53.12456567962196,74.14543096344445,0.8109540636042403,simple,0.0770689518956205,0.0777165572014175,0.0,0.0,0.0,,,,,,,,,,,,,,pending,False,2026-09-24T03:10:19.134740+00:00
3,20260911T041652_4182bb58af28,2026-09-11T04:17:10.969599+00:00,github-actions,823ac12bac50,2026-09-11,2026-09-10,6aed9098f4b9f2d0c03a,9b0b1adcafba0fea37db,close_to_close,0.0073929281656879,{},,disabled,상승,0.2822967716454626,0.3243677897976754,0.393335438556862,Logistic,20260911T041652_4182bb58af28:direction:Logistic,direction,1,2026-09-11,,,,,,,,,,,,,,,,,63.290000915527344,64.55400085449219,0.004200178688585243,1.0,0.0,,,,,,,1.1258772532930743,0.6908831179690477,scored,False,2026-09-24T03:10:19.134740+00:00
3,20260911T041652_4182bb58af28,2026-09-11T04:17:10.969599+00:00,github-actions,823ac12bac50,2026-09-11,2026-09-10,6aed9098f4b9f2d0c03a,9b0b1adcafba0fea37db,close_to_close,0.0073929281656879,{},,disabled,,,,,Ridge,20260911T041652_4182bb58af28:price:1,price,1,2026-09-11,1거래일,1.0,64.28399658203125,없음,,,64.28399658203125,62.33237020555279,66.23562295850971,0.788546255506608,simple,0.0170149552931863,0.0170552525885851,0.0,0.0,0.0,63.290000915527344,64.55400085449219,0.004200178688585243,,,,,,,1.0,-0.2700042724609375,,,scored,False,2026-09-24T03:10:19.134740+00:00
3,20260911T041652_4182bb58af28,2026-09-11T04:17:10.969599+00:00,github-actions,823ac12bac50,2026-09-11,2026-09-10,6aed9098f4b9f2d0c03a,9b0b1adcafba0fea37db,close_to_close,0.0073929281656879,{},,disabled,,,,,Ridge,20260911T041652_4182bb58af28:price:5,price,5,2026-09-17,1주일,5.0,64.28399658203125,없음,,,64.28399658203125,59.59607024840419,68.9719229156583,0.7707231040564374,simple,0.0400196129458555,0.0400884908436642,0.0,0.0,0.0,65.47000122070312,65.47000122070312,0.018449454012375188,,,,,,,1.0,-1.186004638671875,,,scored,False,2026-09-24T03:10:19.134740+00:00
3,20260911T041652_4182bb58af28,2026-09-11T04:17:10.969599+00:00,github-actions,823ac12bac50,2026-09-11,2026-09-10,6aed9098f4b9f2d0c03a,9b0b1adcafba0fea37db,close_to_close,0.0073929281656879,{},,disabled,,,,,Ridge,20260911T041652_4182bb58af28:price:20,price,20,2026-10-08,1개월,20.0,64.28399658203125,없음,,,64.28399658203125,54.13980053563331,74.42819262842917,0.8109540636042403,simple,0.0770602060088895,0.0777078115677444,0.0,0.0,0.0,,,,,,,,,,,,,,pending,False,2026-09-24T03:10:19.134740+00:00
3,20260911T045323_6b97b0708a41,2026-09-11T04:53:48.031079+00:00,github-actions,823ac12bac50,2026-09-11,2026-09-10,6aed9098f4b9f2d0c03a,9b0b1adcafba0fea37db,close_to_close,0.0073929281656879,{},,disabled,상승,0.2822967716454626,0.3243677897976754,0.393335438556862,Logistic,20260911T045323_6b97b0708a41:direction:Logistic,direction,1,2026-09-11,,,,,,,,,,,,,,,,,63.290000915527344,64.55400085449219,0.004200178688585243,1.0,0.0,,,,,,,1.1258772532930743,0.6908831179690477,scored,False,2026-09-24T03:10:19.134740+00:00
3,20260911T045323_6b97b0708a41,2026-09-11T04:53:48.031079+00:00,github-actions,823ac12bac50,2026-09-11,2026-09-10,6aed9098f4b9f2d0c03a,9b0b1adcafba0fea37db,close_to_close,0.0073929281656879,{},,disabled,,,,,Ridge,20260911T045323_6b97b0708a41:price:1,price,1,2026-09-11,1거래일,1.0,64.28399658203125,없음,,,64.28399658203125,62.33237020555279,66.23562295850971,0.788546255506608,simple,0.0170149552931863,0.0170552525885851,0.0,0.0,0.0,63.290000915527344,64.55400085449219,0.004200178688585243,,,,,,,1.0,-0.2700042724609375,,,scored,False,2026-09-24T03:10:19.134740+00:00
3,20260911T045323_6b97b0708a41,2026-09-11T04:53:48.031079+00:00,github-actions,823ac12bac50,2026-09-11,2026-09-10,6aed9098f4b9f2d0c03a,9b0b1adcafba0fea37db,close_to_close,0.0073929281656879,{},,disabled,,,,,Ridge,20260911T045323_6b97b0708a41:price:5,price,5,2026-09-17,1주일,5.0,64.28399658203125,없음,,,64.28399658203125,59.59607024840419,68.9719229156583,0.7707231040564374,simple,0.0400196129458555,0.0400884908436642,0.0,0.0,0.0,65.47000122070312,65.47000122070312,0.018449454012375188,,,,,,,1.0,-1.186004638671875,,,scored,False,2026-09-24T03:10:19.134740+00:00
3,20260911T045323_6b97b0708a41,2026-09-11T04:53:48.031079+00:00,github-actions,823ac12bac50,2026-09-11,2026-09-10,6aed9098f4b9f2d0c03a,9b0b1adcafba0fea37db,close_to_close,0.0073929281656879,{},,disabled,,,,,Ridge,20260911T045323_6b97b0708a41:price:20,price,20,2026-10-08,1개월,20.0,64.28399658203125,없음,,,64.28399658203125,54.13980053563331,74.42819262842917,0.8109540636042403,simple,0.0770602060088895,0.0777078115677444,0.0,0.0,0.0,,,,,,,,,,,,,,pending,False,2026-09-24T03:10:19.134740+00:00
3,20260911T051816_3a5b7cf5dedd,2026-09-11T05:18:33.739969+00:00,github-actions,823ac12bac50,2026-09-11,2026-09-10,6aed9098f4b9f2d0c03a,9b0b1adcafba0fea37db,close_to_close,0.0073929281656879,{},,disabled,상승,0.2822967716454626,0.3243677897976754,0.393335438556862,Logistic,20260911T051816_3a5b7cf5dedd:direction:Logistic,direction,1,2026-09-11,,,,,,,,,,,,,,,,,63.290000915527344,64.55400085449219,0.004200178688585243,1.0,0.0,,,,,,,1.1258772532930743,0.6908831179690477,scored,False,2026-09-24T03:10:19.134740+00:00
3,20260911T051816_3a5b7cf5dedd,2026-09-11T05:18:33.739969+00:00,github-actions,823ac12bac50,2026-09-11,2026-09-10,6aed9098f4b9f2d0c03a,9b0b1adcafba0fea37db,close_to_close,0.0073929281656879,{},,disabled,,,,,Ridge,20260911T051816_3a5b7cf5dedd:price:1,price,1,2026-09-11,1거래일,1.0,64.28399658203125,없음,,,64.28399658203125,62.33237020555279,66.23562295850971,0.788546255506608,simple,0.0170149552879287,0.0170552525885851,0.0,0.0,0.0,63.290000915527344,64.55400085449219,0.004200178688585243,,,,,,,1.0,-0.2700042724609375,,,scored,False,2026-09-24T03:10:19.134740+00:00
3,20260911T051816_3a5b7cf5dedd,2026-09-11T05:18:33.739969+00:00,github-actions,823ac12bac50,2026-09-11,2026-09-10,6aed9098f4b9f2d0c03a,9b0b1adcafba0fea37db,close_to_close,0.0073929281656879,{},,disabled,,,,,Ridge,20260911T051816_3a5b7cf5dedd:price:5,price,5,2026-09-17,1주일,5.0,64.28399658203125,없음,,,64.28399658203125,59.59607024840419,68.9719229156583,0.7707231040564374,simple,0.0400196129463235,0.0400884908436642,0.0,0.0,0.0,65.47000122070312,65.47000122070312,0.018449454012375188,,,,,,,1.0,-1.186004638671875,,,scored,False,2026-09-24T03:10:19.134740+00:00
3,20260911T051816_3a5b7cf5dedd,2026-09-11T05:18:33.739969+00:00,github-actions,823ac12bac50,2026-09-11,2026-09-10,6aed9098f4b9f2d0c03a,9b0b1adcafba0fea37db,close_to_close,0.0073929281656879,{},,disabled,,,,,Ridge,20260911T051816_3a5b7cf5dedd:price:20,price,20,2026-10-08,1개월,20.0,64.28399658203125,없음,,,64.28399658203125,54.13980053563331,74.42819262842917,0.8109540636042403,simple,0.0770602060591598,0.0777078115677444,0.0,0.0,0.0,,,,,,,,,,,,,,pending,False,2026-09-24T03:10:19.134740+00:00
3,20260911T055830_77fb8b475480,2026-09-11T05:58:58.792226+00:00,github-actions,823ac12bac50,2026-09-11,2026-09-10,6aed9098f4b9f2d0c03a,9b0b1adcafba0fea37db,close_to_close,0.0073929281656879,{},,disabled,상승,0.2822967933203342,0.3243677629006367,0.3933354437790291,Logistic,20260911T055830_77fb8b475480:direction:Logistic,direction,1,2026-09-11,,,,,,,,,,,,,,,,,63.290000915527344,64.55400085449219,0.004200178688585243,1.0,0.0,,,,,,,1.1258773362145007,0.6908831706596795,scored,False,2026-09-24T03:10:19.134740+00:00
3,20260911T055830_77fb8b475480,2026-09-11T05:58:58.792226+00:00,github-actions,823ac12bac50,2026-09-11,2026-09-10,6aed9098f4b9f2d0c03a,9b0b1adcafba0fea37db,close_to_close,0.0073929281656879,{},,disabled,,,,,Ridge,20260911T055830_77fb8b475480:price:1,price,1,2026-09-11,1거래일,1.0,64.28399658203125,없음,,,64.28399658203125,62.33237020555279,66.23562295850971,0.788546255506608,simple,0.0170149552912897,0.0170552525885851,0.0,0.0,0.0,63.290000915527344,64.55400085449219,0.004200178688585243,,,,,,,1.0,-0.2700042724609375,,,scored,False,2026-09-24T03:10:19.134740+00:00
3,20260911T055830_77fb8b475480,2026-09-11T05:58:58.792226+00:00,github-actions,823ac12bac50,2026-09-11,2026-09-10,6aed9098f4b9f2d0c03a,9b0b1adcafba0fea37db,close_to_close,0.0073929281656879,{},,disabled,,,,,Ridge,20260911T055830_77fb8b475480:price:5,price,5,2026-09-17,1주일,5.0,64.28399658203125,없음,,,64.28399658203125,59.59607024840419,68.9719229156583,0.7707231040564374,simple,0.0400196129214609,0.0400884908436642,0.0,0.0,0.0,65.47000122070312,65.47000122070312,0.018449454012375188,,,,,,,1.0,-1.186004638671875,,,scored,False,2026-09-24T03:10:19.134740+00:00
3,20260911T055830_77fb8b475480,2026-09-11T05:58:58.792226+00:00,github-actions,823ac12bac50,2026-09-11,2026-09-10,6aed9098f4b9f2d0c03a,9b0b1adcafba0fea37db,close_to_close,0.0073929281656879,{},,disabled,,,,,Ridge,20260911T055830_77fb8b475480:price:20,price,20,2026-10-08,1개월,20.0,64.28399658203125,없음,,,64.28399658203125,54.13980053563331,74.42819262842917,0.8109540636042403,simple,0.0770602062619474,0.0777078115677444,0.0,0.0,0.0,,,,,,,,,,,,,,pending,False,2026-09-24T03:10:19.134740+00:00
3,20260911T062127_6fdb3453fe5f,2026-09-11T06:21:53.866237+00:00,github-actions,823ac12bac50,2026-09-11,2026-09-10,6aed9098f4b9f2d0c03a,9b0b1adcafba0fea37db,close_to_close,0.0073929281656879,{},,disabled,상승,0.2822967933203342,0.3243677629006367,0.3933354437790291,Logistic,20260911T062127_6fdb3453fe5f:direction:Logistic,direction,1,2026-09-11,,,,,,,,,,,,,,,,,63.290000915527344,64.55400085449219,0.004200178688585243,1.0,0.0,,,,,,,1.1258773362145007,0.6908831706596795,scored,False,2026-09-24T03:10:19.134740+00:00
3,20260911T062127_6fdb3453fe5f,2026-09-11T06:21:53.866237+00:00,github-actions,823ac12bac50,2026-09-11,2026-09-10,6aed9098f4b9f2d0c03a,9b0b1adcafba0fea37db,close_to_close,0.0073929281656879,{},,disabled,,,,,Ridge,20260911T062127_6fdb3453fe5f:price:1,price,1,2026-09-11,1거래일,1.0,64.28399658203125,없음,,,64.28399658203125,62.33237020555279,66.23562295850971,0.788546255506608,simple,0.0170149552912897,0.0170552525885851,0.0,0.0,0.0,63.290000915527344,64.55400085449219,0.004200178688585243,,,,,,,1.0,-0.2700042724609375,,,scored,False,2026-09-24T03:10:19.134740+00:00
3,20260911T062127_6fdb3453fe5f,2026-09-11T06:21:53.866237+00:00,github-actions,823ac12bac50,2026-09-11,2026-09-10,6aed9098f4b9f2d0c03a,9b0b1adcafba0fea37db,close_to_close,0.0073929281656879,{},,disabled,,,,,Ridge,20260911T062127_6fdb3453fe5f:price:5,price,5,2026-09-17,1주일,5.0,64.28399658203125,없음,,,64.28399658203125,59.59607024840419,68.9719229156583,0.7707231040564374,simple,0.0400196129214609,0.0400884908436642,0.0,0.0,0.0,65.47000122070312,65.47000122070312,0.018449454012375188,,,,,,,1.0,-1.186004638671875,,,scored,False,2026-09-24T03:10:19.134740+00:00
3,20260911T062127_6fdb3453fe5f,2026-09-11T06:21:53.866237+00:00,github-actions,823ac12bac50,2026-09-11,2026-09-10,6aed9098f4b9f2d0c03a,9b0b1adcafba0fea37db,close_to_close,0.0073929281656879,{},,disabled,,,,,Ridge,20260911T062127_6fdb3453fe5f:price:20,price,20,2026-10-08,1개월,20.0,64.28399658203125,없음,,,64.28399658203125,54.13980053563331,74.42819262842917,0.8109540636042403,simple,0.0770602062619474,0.0777078115677444,0.0,0.0,0.0,,,,,,,,,,,,,,pending,False,2026-09-24T03:10:19.134740+00:00
3,20260911T091959_ca59e1b7e4f7,2026-09-11T09:20:15.551949+00:00,github-actions,823ac12bac50,2026-09-11,2026-09-10,6aed9098f4b9f2d0c03a,9b0b1adcafba0fea37db,close_to_close,0.0073929281656879,{},,disabled,상승,0.2822967716454626,0.3243677897976754,0.393335438556862,Logistic,20260911T091959_ca59e1b7e4f7:direction:Logistic,direction,1,2026-09-11,,,,,,,,,,,,,,,,,63.290000915527344,64.55400085449219,0.004200178688585243,1.0,0.0,,,,,,,1.1258772532930743,0.6908831179690477,scored,False,2026-09-24T03:10:19.134740+00:00
3,20260911T091959_ca59e1b7e4f7,2026-09-11T09:20:15.551949+00:00,github-actions,823ac12bac50,2026-09-11,2026-09-10,6aed9098f4b9f2d0c03a,9b0b1adcafba0fea37db,close_to_close,0.0073929281656879,{},,disabled,,,,,Ridge,20260911T091959_ca59e1b7e4f7:price:1,price,1,2026-09-11,1거래일,1.0,64.28399658203125,없음,,,64.28399658203125,62.33237020555279,66.23562295850971,0.788546255506608,simple,0.0170149552879287,0.0170552525885851,0.0,0.0,0.0,63.290000915527344,64.55400085449219,0.004200178688585243,,,,,,,1.0,-0.2700042724609375,,,scored,False,2026-09-24T03:10:19.134740+00:00
3,20260911T091959_ca59e1b7e4f7,2026-09-11T09:20:15.551949+00:00,github-actions,823ac12bac50,2026-09-11,2026-09-10,6aed9098f4b9f2d0c03a,9b0b1adcafba0fea37db,close_to_close,0.0073929281656879,{},,disabled,,,,,Ridge,20260911T091959_ca59e1b7e4f7:price:5,price,5,2026-09-17,1주일,5.0,64.28399658203125,없음,,,64.28399658203125,59.59607024840419,68.9719229156583,0.7707231040564374,simple,0.0400196129463235,0.0400884908436642,0.0,0.0,0.0,65.47000122070312,65.47000122070312,0.018449454012375188,,,,,,,1.0,-1.186004638671875,,,scored,False,2026-09-24T03:10:19.134740+00:00
3,20260911T091959_ca59e1b7e4f7,2026-09-11T09:20:15.551949+00:00,github-actions,823ac12bac50,2026-09-11,2026-09-10,6aed9098f4b9f2d0c03a,9b0b1adcafba0fea37db,close_to_close,0.0073929281656879,{},,disabled,,,,,Ridge,20260911T091959_ca59e1b7e4f7:price:20,price,20,2026-10-08,1개월,20.0,64.28399658203125,없음,,,64.28399658203125,54.13980053563331,74.42819262842917,0.8109540636042403,simple,0.0770602060591598,0.0777078115677444,0.0,0.0,0.0,,,,,,,,,,,,,,pending,False,2026-09-24T03:10:19.134740+00:00
3,20260911T101536_9288cc33d87e,2026-09-11T10:15:58.467494+00:00,github-actions,823ac12bac50,2026-09-11,2026-09-10,6aed9098f4b9f2d0c03a,9b0b1adcafba0fea37db,close_to_close,0.0073929281656879,{},,disabled,상승,0.2822967933203342,0.3243677629006367,0.3933354437790291,Logistic,20260911T101536_9288cc33d87e:direction:Logistic,direction,1,2026-09-11,,,,,,,,,,,,,,,,,63.290000915527344,64.55400085449219,0.004200178688585243,1.0,0.0,,,,,,,1.1258773362145007,0.6908831706596795,scored,False,2026-09-24T03:10:19.134740+00:00
3,20260911T101536_9288cc33d87e,2026-09-11T10:15:58.467494+00:00,github-actions,823ac12bac50,2026-09-11,2026-09-10,6aed9098f4b9f2d0c03a,9b0b1adcafba0fea37db,close_to_close,0.0073929281656879,{},,disabled,,,,,Ridge,20260911T101536_9288cc33d87e:price:1,price,1,2026-09-11,1거래일,1.0,64.28399658203125,없음,,,64.28399658203125,62.33237020555279,66.23562295850971,0.788546255506608,simple,0.0170149552912897,0.0170552525885851,0.0,0.0,0.0,63.290000915527344,64.55400085449219,0.004200178688585243,,,,,,,1.0,-0.2700042724609375,,,scored,False,2026-09-24T03:10:19.134740+00:00
3,20260911T101536_9288cc33d87e,2026-09-11T10:15:58.467494+00:00,github-actions,823ac12bac50,2026-09-11,2026-09-10,6aed9098f4b9f2d0c03a,9b0b1adcafba0fea37db,close_to_close,0.0073929281656879,{},,disabled,,,,,Ridge,20260911T101536_9288cc33d87e:price:5,price,5,2026-09-17,1주일,5.0,64.28399658203125,없음,,,64.28399658203125,59.59607024840419,68.9719229156583,0.7707231040564374,simple,0.0400196129214609,0.0400884908436642,0.0,0.0,0.0,65.47000122070312,65.47000122070312,0.018449454012375188,,,,,,,1.0,-1.186004638671875,,,scored,False,2026-09-24T03:10:19.134740+00:00
3,20260911T101536_9288cc33d87e,2026-09-11T10:15:58.467494+00:00,github-actions,823ac12bac50,2026-09-11,2026-09-10,6aed9098f4b9f2d0c03a,9b0b1adcafba0fea37db,close_to_close,0.0073929281656879,{},,disabled,,,,,Ridge,20260911T101536_9288cc33d87e:price:20,price,20,2026-10-08,1개월,20.0,64.28399658203125,없음,,,64.28399658203125,54.13980053563331,74.42819262842917,0.8109540636042403,simple,0.0770602062619474,0.0777078115677444,0.0,0.0,0.0,,,,,,,,,,,,,,pending,False,2026-09-24T03:10:19.134740+00:00
3,20260911T103425_5bb97b5cfce5,2026-09-11T10:34:50.396676+00:00,github-actions,823ac12bac50,2026-09-11,2026-09-10,6aed9098f4b9f2d0c03a,9b0b1adcafba0fea37db,close_to_close,0.0073929281656879,{},,disabled,상승,0.2822967716454626,0.3243677897976754,0.393335438556862,Logistic,20260911T103425_5bb97b5cfce5:direction:Logistic,direction,1,2026-09-11,,,,,,,,,,,,,,,,,63.290000915527344,64.55400085449219,0.004200178688585243,1.0,0.0,,,,,,,1.1258772532930743,0.6908831179690477,scored,False,2026-09-24T03:10:19.134740+00:00
3,20260911T103425_5bb97b5cfce5,2026-09-11T10:34:50.396676+00:00,github-actions,823ac12bac50,2026-09-11,2026-09-10,6aed9098f4b9f2d0c03a,9b0b1adcafba0fea37db,close_to_close,0.0073929281656879,{},,disabled,,,,,Ridge,20260911T103425_5bb97b5cfce5:price:1,price,1,2026-09-11,1거래일,1.0,64.28399658203125,없음,,,64.28399658203125,62.33237020555279,66.23562295850971,0.788546255506608,simple,0.0170149552931863,0.0170552525885851,0.0,0.0,0.0,63.290000915527344,64.55400085449219,0.004200178688585243,,,,,,,1.0,-0.2700042724609375,,,scored,False,2026-09-24T03:10:19.134740+00:00
3,20260911T103425_5bb97b5cfce5,2026-09-11T10:34:50.396676+00:00,github-actions,823ac12bac50,2026-09-11,2026-09-10,6aed9098f4b9f2d0c03a,9b0b1adcafba0fea37db,close_to_close,0.0073929281656879,{},,disabled,,,,,Ridge,20260911T103425_5bb97b5cfce5:price:5,price,5,2026-09-17,1주일,5.0,64.28399658203125,없음,,,64.28399658203125,59.59607024840419,68.9719229156583,0.7707231040564374,simple,0.0400196129458555,0.0400884908436642,0.0,0.0,0.0,65.47000122070312,65.47000122070312,0.018449454012375188,,,,,,,1.0,-1.186004638671875,,,scored,False,2026-09-24T03:10:19.134740+00:00
3,20260911T103425_5bb97b5cfce5,2026-09-11T10:34:50.396676+00:00,github-actions,823ac12bac50,2026-09-11,2026-09-10,6aed9098f4b9f2d0c03a,9b0b1adcafba0fea37db,close_to_close,0.0073929281656879,{},,disabled,,,,,Ridge,20260911T103425_5bb97b5cfce5:price:20,price,20,2026-10-08,1개월,20.0,64.28399658203125,없음,,,64.28399658203125,54.13980053563331,74.42819262842917,0.8109540636042403,simple,0.0770602060088895,0.0777078115677444,0.0,0.0,0.0,,,,,,,,,,,,,,pending,False,2026-09-24T03:10:19.134740+00:00
3,20260911T120427_7d519583f471,2026-09-11T12:04:51.101752+00:00,github-actions,823ac12bac50,2026-09-11,2026-09-10,6aed9098f4b9f2d0c03a,9b0b1adcafba0fea37db,close_to_close,0.0073929281656879,{},,disabled,상승,0.2822967933203342,0.3243677629006367,0.3933354437790291,Logistic,20260911T120427_7d519583f471:direction:Logistic,direction,1,2026-09-11,,,,,,,,,,,,,,,,,63.290000915527344,64.55400085449219,0.004200178688585243,1.0,0.0,,,,,,,1.1258773362145007,0.6908831706596795,scored,False,2026-09-24T03:10:19.134740+00:00
3,20260911T120427_7d519583f471,2026-09-11T12:04:51.101752+00:00,github-actions,823ac12bac50,2026-09-11,2026-09-10,6aed9098f4b9f2d0c03a,9b0b1adcafba0fea37db,close_to_close,0.0073929281656879,{},,disabled,,,,,Ridge,20260911T120427_7d519583f471:price:1,price,1,2026-09-11,1거래일,1.0,64.28399658203125,없음,,,64.28399658203125,62.33237020555279,66.23562295850971,0.788546255506608,simple,0.0170149552912897,0.0170552525885851,0.0,0.0,0.0,63.290000915527344,64.55400085449219,0.004200178688585243,,,,,,,1.0,-0.2700042724609375,,,scored,False,2026-09-24T03:10:19.134740+00:00
3,20260911T120427_7d519583f471,2026-09-11T12:04:51.101752+00:00,github-actions,823ac12bac50,2026-09-11,2026-09-10,6aed9098f4b9f2d0c03a,9b0b1adcafba0fea37db,close_to_close,0.0073929281656879,{},,disabled,,,,,Ridge,20260911T120427_7d519583f471:price:5,price,5,2026-09-17,1주일,5.0,64.28399658203125,없음,,,64.28399658203125,59.59607024840419,68.9719229156583,0.7707231040564374,simple,0.0400196129214609,0.0400884908436642,0.0,0.0,0.0,65.47000122070312,65.47000122070312,0.018449454012375188,,,,,,,1.0,-1.186004638671875,,,scored,False,2026-09-24T03:10:19.134740+00:00
3,20260911T120427_7d519583f471,2026-09-11T12:04:51.101752+00:00,github-actions,823ac12bac50,2026-09-11,2026-09-10,6aed9098f4b9f2d0c03a,9b0b1adcafba0fea37db,close_to_close,0.0073929281656879,{},,disabled,,,,,Ridge,20260911T120427_7d519583f471:price:20,price,20,2026-10-08,1개월,20.0,64.28399658203125,없음,,,64.28399658203125,54.13980053563331,74.42819262842917,0.8109540636042403,simple,0.0770602062619474,0.0777078115677444,0.0,0.0,0.0,,,,,,,,,,,,,,pending,False,2026-09-24T03:10:19.134740+00:00
3,20260911T143242_640ba71ea668,2026-09-11T14:33:03.863096+00:00,github-actions,823ac12bac50,2026-09-11,2026-09-10,6aed9098f4b9f2d0c03a,9b0b1adcafba0fea37db,close_to_close,0.0073929281656879,{},,disabled,상승,0.2822967933203342,0.3243677629006367,0.3933354437790291,Logistic,20260911T143242_640ba71ea668:direction:Logistic,direction,1,2026-09-11,,,,,,,,,,,,,,,,,63.290000915527344,64.55400085449219,0.004200178688585243,1.0,0.0,,,,,,,1.1258773362145007,0.6908831706596795,scored,False,2026-09-24T03:10:19.134740+00:00
3,20260911T143242_640ba71ea668,2026-09-11T14:33:03.863096+00:00,github-actions,823ac12bac50,2026-09-11,2026-09-10,6aed9098f4b9f2d0c03a,9b0b1adcafba0fea37db,close_to_close,0.0073929281656879,{},,disabled,,,,,Ridge,20260911T143242_640ba71ea668:price:1,price,1,2026-09-11,1거래일,1.0,64.28399658203125,없음,,,64.28399658203125,62.33237020555279,66.23562295850971,0.788546255506608,simple,0.0170149552912897,0.0170552525885851,0.0,0.0,0.0,63.290000915527344,64.55400085449219,0.004200178688585243,,,,,,,1.0,-0.2700042724609375,,,scored,False,2026-09-24T03:10:19.134740+00:00
3,20260911T143242_640ba71ea668,2026-09-11T14:33:03.863096+00:00,github-actions,823ac12bac50,2026-09-11,2026-09-10,6aed9098f4b9f2d0c03a,9b0b1adcafba0fea37db,close_to_close,0.0073929281656879,{},,disabled,,,,,Ridge,20260911T143242_640ba71ea668:price:5,price,5,2026-09-17,1주일,5.0,64.28399658203125,없음,,,64.28399658203125,59.59607024840419,68.9719229156583,0.7707231040564374,simple,0.0400196129214609,0.0400884908436642,0.0,0.0,0.0,65.47000122070312,65.47000122070312,0.018449454012375188,,,,,,,1.0,-1.186004638671875,,,scored,False,2026-09-24T03:10:19.134740+00:00
3,20260911T143242_640ba71ea668,2026-09-11T14:33:03.863096+00:00,github-actions,823ac12bac50,2026-09-11,2026-09-10,6aed9098f4b9f2d0c03a,9b0b1adcafba0fea37db,close_to_close,0.0073929281656879,{},,disabled,,,,,Ridge,20260911T143242_640ba71ea668:price:20,price,20,2026-10-08,1개월,20.0,64.28399658203125,없음,,,64.28399658203125,54.13980053563331,74.42819262842917,0.8109540636042403,simple,0.0770602062619474,0.0777078115677444,0.0,0.0,0.0,,,,,,,,,,,,,,pending,False,2026-09-24T03:10:19.134740+00:00
3,20260911T145354_c81018bc1c37,2026-09-11T14:54:18.038306+00:00,github-actions,823ac12bac50,2026-09-11,2026-09-10,6aed9098f4b9f2d0c03a,9b0b1adcafba0fea37db,close_to_close,0.0073929281656879,{},,disabled,상승,0.2822967933203342,0.3243677629006367,0.3933354437790291,Logistic,20260911T145354_c81018bc1c37:direction:Logistic,direction,1,2026-09-11,,,,,,,,,,,,,,,,,63.290000915527344,64.55400085449219,0.004200178688585243,1.0,0.0,,,,,,,1.1258773362145007,0.6908831706596795,scored,False,2026-09-24T03:10:19.134740+00:00
3,20260911T145354_c81018bc1c37,2026-09-11T14:54:18.038306+00:00,github-actions,823ac12bac50,2026-09-11,2026-09-10,6aed9098f4b9f2d0c03a,9b0b1adcafba0fea37db,close_to_close,0.0073929281656879,{},,disabled,,,,,Ridge,20260911T145354_c81018bc1c37:price:1,price,1,2026-09-11,1거래일,1.0,64.28399658203125,없음,,,64.28399658203125,62.33237020555279,66.23562295850971,0.788546255506608,simple,0.0170149552912897,0.0170552525885851,0.0,0.0,0.0,63.290000915527344,64.55400085449219,0.004200178688585243,,,,,,,1.0,-0.2700042724609375,,,scored,False,2026-09-24T03:10:19.134740+00:00
3,20260911T145354_c81018bc1c37,2026-09-11T14:54:18.038306+00:00,github-actions,823ac12bac50,2026-09-11,2026-09-10,6aed9098f4b9f2d0c03a,9b0b1adcafba0fea37db,close_to_close,0.0073929281656879,{},,disabled,,,,,Ridge,20260911T145354_c81018bc1c37:price:5,price,5,2026-09-17,1주일,5.0,64.28399658203125,없음,,,64.28399658203125,59.59607024840419,68.9719229156583,0.7707231040564374,simple,0.0400196129214609,0.0400884908436642,0.0,0.0,0.0,65.47000122070312,65.47000122070312,0.018449454012375188,,,,,,,1.0,-1.186004638671875,,,scored,False,2026-09-24T03:10:19.134740+00:00
3,20260911T145354_c81018bc1c37,2026-09-11T14:54:18.038306+00:00,github-actions,823ac12bac50,2026-09-11,2026-09-10,6aed9098f4b9f2d0c03a,9b0b1adcafba0fea37db,close_to_close,0.0073929281656879,{},,disabled,,,,,Ridge,20260911T145354_c81018bc1c37:price:20,price,20,2026-10-08,1개월,20.0,64.28399658203125,없음,,,64.28399658203125,54.13980053563331,74.42819262842917,0.8109540636042403,simple,0.0770602062619474,0.0777078115677444,0.0,0.0,0.0,,,,,,,,,,,,,,pending,False,2026-09-24T03:10:19.134740+00:00
3,20260911T222934_8cc82b71ed83,2026-09-11T22:29:58.351079+00:00,github-actions,823ac12bac50,2026-09-14,2026-09-11,e1d513156b463d7b0108,9b0b1adcafba0fea37db,close_to_close,0.0074022295359166,{},,disabled,상승,0.3245952042044674,0.3109289746430553,0.3644758211524772,Logistic,20260911T222934_8cc82b71ed83:direction:Logistic,direction,1,2026-09-14,,,,,,,,,,,,,,,,,63.51300048828125,63.51300048828125,-0.016126039477512788,0.0,0.0,,,,,,,1.125176398488709,0.6856910896609594,scored,True,2026-09-24T03:10:19.134740+00:00
3,20260911T222934_8cc82b71ed83,2026-09-11T22:29:58.351079+00:00,github-actions,823ac12bac50,2026-09-14,2026-09-11,e1d513156b463d7b0108,9b0b1adcafba0fea37db,close_to_close,0.0074022295359166,{},,disabled,,,,,Ridge,20260911T222934_8cc82b71ed83:price:1,price,1,2026-09-14,1거래일,1.0,65.0199966430664,없음,,,65.0199966430664,63.04624284522955,66.99375044090327,0.788546255506608,simple,0.0170221752669308,0.0170629820163085,0.0,0.0,0.0,63.51300048828125,63.51300048828125,-0.023177425908800897,,,,,,,1.0,1.5069961547851562,,,scored,True,2026-09-24T03:10:19.134740+00:00
3,20260911T222934_8cc82b71ed83,2026-09-11T22:29:58.351079+00:00,github-actions,823ac12bac50,2026-09-14,2026-09-11,e1d513156b463d7b0108,9b0b1adcafba0fea37db,close_to_close,0.0074022295359166,{},,disabled,,,,,Ridge,20260911T222934_8cc82b71ed83:price:5,price,5,2026-09-18,1주일,5.0,65.0199966430664,없음,,,65.0199966430664,60.2724317071152,69.76756157901761,0.7716049382716049,simple,0.0400049018097825,0.0400674447327727,0.0,0.0,0.0,66.94000244140625,66.55599975585938,0.023623549555454648,,,,,,,1.0,-1.5360031127929688,,,scored,True,2026-09-24T03:10:19.134740+00:00
3,20260911T222934_8cc82b71ed83,2026-09-11T22:29:58.351079+00:00,github-actions,823ac12bac50,2026-09-14,2026-09-11,e1d513156b463d7b0108,9b0b1adcafba0fea37db,close_to_close,0.0074022295359166,{},,disabled,,,,,Ridge,20260911T222934_8cc82b71ed83:price:20,price,20,2026-10-09,1개월,20.0,65.0199966430664,없음,,,65.0199966430664,54.77080129826659,75.26919198786622,0.8100706713780919,simple,0.0769611529728706,0.0776013198692331,0.0,0.0,0.0,,,,,,,,,,,,,,pending,True,2026-09-24T03:10:19.134740+00:00
3,20260911T230701_c32b229733a8,2026-09-11T23:07:28.545951+00:00,github-actions,823ac12bac50,2026-09-14,2026-09-11,e1d513156b463d7b0108,9b0b1adcafba0fea37db,close_to_close,0.0074022295359166,{},,disabled,상승,0.3245952042044674,0.3109289746430553,0.3644758211524772,Logistic,20260911T230701_c32b229733a8:direction:Logistic,direction,1,2026-09-14,,,,,,,,,,,,,,,,,63.51300048828125,63.51300048828125,-0.016126039477512788,0.0,0.0,,,,,,,1.125176398488709,0.6856910896609594,scored,True,2026-09-24T03:10:19.134740+00:00
3,20260911T230701_c32b229733a8,2026-09-11T23:07:28.545951+00:00,github-actions,823ac12bac50,2026-09-14,2026-09-11,e1d513156b463d7b0108,9b0b1adcafba0fea37db,close_to_close,0.0074022295359166,{},,disabled,,,,,Ridge,20260911T230701_c32b229733a8:price:1,price,1,2026-09-14,1거래일,1.0,65.0199966430664,없음,,,65.0199966430664,63.04624284522955,66.99375044090327,0.788546255506608,simple,0.0170221752669308,0.0170629820163085,0.0,0.0,0.0,63.51300048828125,63.51300048828125,-0.023177425908800897,,,,,,,1.0,1.5069961547851562,,,scored,True,2026-09-24T03:10:19.134740+00:00
3,20260911T230701_c32b229733a8,2026-09-11T23:07:28.545951+00:00,github-actions,823ac12bac50,2026-09-14,2026-09-11,e1d513156b463d7b0108,9b0b1adcafba0fea37db,close_to_close,0.0074022295359166,{},,disabled,,,,,Ridge,20260911T230701_c32b229733a8:price:5,price,5,2026-09-18,1주일,5.0,65.0199966430664,없음,,,65.0199966430664,60.2724317071152,69.76756157901761,0.7716049382716049,simple,0.0400049018097825,0.0400674447327727,0.0,0.0,0.0,66.94000244140625,66.55599975585938,0.023623549555454648,,,,,,,1.0,-1.5360031127929688,,,scored,True,2026-09-24T03:10:19.134740+00:00
3,20260911T230701_c32b229733a8,2026-09-11T23:07:28.545951+00:00,github-actions,823ac12bac50,2026-09-14,2026-09-11,e1d513156b463d7b0108,9b0b1adcafba0fea37db,close_to_close,0.0074022295359166,{},,disabled,,,,,Ridge,20260911T230701_c32b229733a8:price:20,price,20,2026-10-09,1개월,20.0,65.0199966430664,없음,,,65.0199966430664,54.77080129826659,75.26919198786622,0.8100706713780919,simple,0.0769611529728706,0.0776013198692331,0.0,0.0,0.0,,,,,,,,,,,,,,pending,True,2026-09-24T03:10:19.134740+00:00
3,20260911T234011_2608801bc651,2026-09-11T23:40:34.873871+00:00,github-actions,823ac12bac50,2026-09-14,2026-09-11,e1d513156b463d7b0108,9b0b1adcafba0fea37db,close_to_close,0.0074022295359166,{},,disabled,상승,0.3245952042044674,0.3109289746430553,0.3644758211524772,Logistic,20260911T234011_2608801bc651:direction:Logistic,direction,1,2026-09-14,,,,,,,,,,,,,,,,,63.51300048828125,63.51300048828125,-0.016126039477512788,0.0,0.0,,,,,,,1.125176398488709,0.6856910896609594,scored,True,2026-09-24T03:10:19.134740+00:00
3,20260911T234011_2608801bc651,2026-09-11T23:40:34.873871+00:00,github-actions,823ac12bac50,2026-09-14,2026-09-11,e1d513156b463d7b0108,9b0b1adcafba0fea37db,close_to_close,0.0074022295359166,{},,disabled,,,,,Ridge,20260911T234011_2608801bc651:price:1,price,1,2026-09-14,1거래일,1.0,65.0199966430664,없음,,,65.0199966430664,63.04624284522955,66.99375044090327,0.788546255506608,simple,0.0170221752669308,0.0170629820163085,0.0,0.0,0.0,63.51300048828125,63.51300048828125,-0.023177425908800897,,,,,,,1.0,1.5069961547851562,,,scored,True,2026-09-24T03:10:19.134740+00:00
3,20260911T234011_2608801bc651,2026-09-11T23:40:34.873871+00:00,github-actions,823ac12bac50,2026-09-14,2026-09-11,e1d513156b463d7b0108,9b0b1adcafba0fea37db,close_to_close,0.0074022295359166,{},,disabled,,,,,Ridge,20260911T234011_2608801bc651:price:5,price,5,2026-09-18,1주일,5.0,65.0199966430664,없음,,,65.0199966430664,60.2724317071152,69.76756157901761,0.7716049382716049,simple,0.0400049018097825,0.0400674447327727,0.0,0.0,0.0,66.94000244140625,66.55599975585938,0.023623549555454648,,,,,,,1.0,-1.5360031127929688,,,scored,True,2026-09-24T03:10:19.134740+00:00
3,20260911T234011_2608801bc651,2026-09-11T23:40:34.873871+00:00,github-actions,823ac12bac50,2026-09-14,2026-09-11,e1d513156b463d7b0108,9b0b1adcafba0fea37db,close_to_close,0.0074022295359166,{},,disabled,,,,,Ridge,20260911T234011_2608801bc651:price:20,price,20,2026-10-09,1개월,20.0,65.0199966430664,없음,,,65.0199966430664,54.77080129826659,75.26919198786622,0.8100706713780919,simple,0.0769611529728706,0.0776013198692331,0.0,0.0,0.0,,,,,,,,,,,,,,pending,True,2026-09-24T03:10:19.134740+00:00
3,20260912T001613_b43f4177472f,2026-09-12T00:16:32.067867+00:00,github-actions,823ac12bac50,2026-09-14,2026-09-11,e1d513156b463d7b0108,9b0b1adcafba0fea37db,close_to_close,0.0074022295359166,{},,disabled,상승,0.3235755482753567,0.3056322695265861,0.3707921821980571,Logistic,20260912T001613_b43f4177472f:direction:Logistic,direction,1,2026-09-14,,,,,,,,,,,,,,,,,63.51300048828125,63.51300048828125,-0.016126039477512788,0.0,0.0,,,,,,,1.128322658224547,0.6884479654461533,scored,True,2026-09-24T03:10:19.134740+00:00
3,20260912T001613_b43f4177472f,2026-09-12T00:16:32.067867+00:00,github-actions,823ac12bac50,2026-09-14,2026-09-11,e1d513156b463d7b0108,9b0b1adcafba0fea37db,close_to_close,0.0074022295359166,{},,disabled,,,,,Ridge,20260912T001613_b43f4177472f:price:1,price,1,2026-09-14,1거래일,1.0,65.0199966430664,없음,,,65.0199966430664,63.04624284522955,66.99375044090327,0.788546255506608,simple,0.0170221752733731,0.0170629820163085,0.0,0.0,0.0,63.51300048828125,63.51300048828125,-0.023177425908800897,,,,,,,1.0,1.5069961547851562,,,scored,True,2026-09-24T03:10:19.134740+00:00
3,20260912T001613_b43f4177472f,2026-09-12T00:16:32.067867+00:00,github-actions,823ac12bac50,2026-09-14,2026-09-11,e1d513156b463d7b0108,9b0b1adcafba0fea37db,close_to_close,0.0074022295359166,{},,disabled,,,,,Ridge,20260912T001613_b43f4177472f:price:5,price,5,2026-09-18,1주일,5.0,65.0199966430664,없음,,,65.0199966430664,60.2724317071152,69.76756157901761,0.7716049382716049,simple,0.0400049018332673,0.0400674447327727,0.0,0.0,0.0,66.94000244140625,66.55599975585938,0.023623549555454648,,,,,,,1.0,-1.5360031127929688,,,scored,True,2026-09-24T03:10:19.134740+00:00
3,20260912T001613_b43f4177472f,2026-09-12T00:16:32.067867+00:00,github-actions,823ac12bac50,2026-09-14,2026-09-11,e1d513156b463d7b0108,9b0b1adcafba0fea37db,close_to_close,0.0074022295359166,{},,disabled,,,,,Ridge,20260912T001613_b43f4177472f:price:20,price,20,2026-10-09,1개월,20.0,65.0199966430664,없음,,,65.0199966430664,54.77080129826659,75.26919198786622,0.8100706713780919,simple,0.0769611529043796,0.0776013198692331,0.0,0.0,0.0,,,,,,,,,,,,,,pending,True,2026-09-24T03:10:19.134740+00:00
3,20260912T004117_ffa363a37aec,2026-09-12T00:41:37.318280+00:00,github-actions,823ac12bac50,2026-09-14,2026-09-11,e1d513156b463d7b0108,9b0b1adcafba0fea37db,close_to_close,0.0074022295359166,{},,disabled,상승,0.3235755482753567,0.3056322695265861,0.3707921821980571,Logistic,20260912T004117_ffa363a37aec:direction:Logistic,direction,1,2026-09-14,,,,,,,,,,,,,,,,,63.51300048828125,63.51300048828125,-0.016126039477512788,0.0,0.0,,,,,,,1.128322658224547,0.6884479654461533,scored,True,2026-09-24T03:10:19.134740+00:00
3,20260912T004117_ffa363a37aec,2026-09-12T00:41:37.318280+00:00,github-actions,823ac12bac50,2026-09-14,2026-09-11,e1d513156b463d7b0108,9b0b1adcafba0fea37db,close_to_close,0.0074022295359166,{},,disabled,,,,,Ridge,20260912T004117_ffa363a37aec:price:1,price,1,2026-09-14,1거래일,1.0,65.0199966430664,없음,,,65.0199966430664,63.04624284522955,66.99375044090327,0.788546255506608,simple,0.0170221752669308,0.0170629820163085,0.0,0.0,0.0,63.51300048828125,63.51300048828125,-0.023177425908800897,,,,,,,1.0,1.5069961547851562,,,scored,True,2026-09-24T03:10:19.134740+00:00
3,20260912T004117_ffa363a37aec,2026-09-12T00:41:37.318280+00:00,github-actions,823ac12bac50,2026-09-14,2026-09-11,e1d513156b463d7b0108,9b0b1adcafba0fea37db,close_to_close,0.0074022295359166,{},,disabled,,,,,Ridge,20260912T004117_ffa363a37aec:price:5,price,5,2026-09-18,1주일,5.0,65.0199966430664,없음,,,65.0199966430664,60.2724317071152,69.76756157901761,0.7716049382716049,simple,0.0400049018097825,0.0400674447327727,0.0,0.0,0.0,66.94000244140625,66.55599975585938,0.023623549555454648,,,,,,,1.0,-1.5360031127929688,,,scored,True,2026-09-24T03:10:19.134740+00:00
3,20260912T004117_ffa363a37aec,2026-09-12T00:41:37.318280+00:00,github-actions,823ac12bac50,2026-09-14,2026-09-11,e1d513156b463d7b0108,9b0b1adcafba0fea37db,close_to_close,0.0074022295359166,{},,disabled,,,,,Ridge,20260912T004117_ffa363a37aec:price:20,price,20,2026-10-09,1개월,20.0,65.0199966430664,없음,,,65.0199966430664,54.77080129826659,75.26919198786622,0.8100706713780919,simple,0.0769611529728706,0.0776013198692331,0.0,0.0,0.0,,,,,,,,,,,,,,pending,True,2026-09-24T03:10:19.134740+00:00
3,20260912T014027_42b028f51a79,2026-09-12T01:40:49.228118+00:00,github-actions,823ac12bac50,2026-09-14,2026-09-11,e1d513156b463d7b0108,9b0b1adcafba0fea37db,close_to_close,0.0074022295359166,{},,disabled,상승,0.3235755482753567,0.3056322695265861,0.3707921821980571,Logistic,20260912T014027_42b028f51a79:direction:Logistic,direction,1,2026-09-14,,,,,,,,,,,,,,,,,63.51300048828125,63.51300048828125,-0.016126039477512788,0.0,0.0,,,,,,,1.128322658224547,0.6884479654461533,scored,True,2026-09-24T03:10:19.134740+00:00
3,20260912T014027_42b028f51a79,2026-09-12T01:40:49.228118+00:00,github-actions,823ac12bac50,2026-09-14,2026-09-11,e1d513156b463d7b0108,9b0b1adcafba0fea37db,close_to_close,0.0074022295359166,{},,disabled,,,,,Ridge,20260912T014027_42b028f51a79:price:1,price,1,2026-09-14,1거래일,1.0,65.0199966430664,없음,,,65.0199966430664,63.04624284522955,66.99375044090327,0.788546255506608,simple,0.0170221752669308,0.0170629820163085,0.0,0.0,0.0,63.51300048828125,63.51300048828125,-0.023177425908800897,,,,,,,1.0,1.5069961547851562,,,scored,True,2026-09-24T03:10:19.134740+00:00
3,20260912T014027_42b028f51a79,2026-09-12T01:40:49.228118+00:00,github-actions,823ac12bac50,2026-09-14,2026-09-11,e1d513156b463d7b0108,9b0b1adcafba0fea37db,close_to_close,0.0074022295359166,{},,disabled,,,,,Ridge,20260912T014027_42b028f51a79:price:5,price,5,2026-09-18,1주일,5.0,65.0199966430664,없음,,,65.0199966430664,60.2724317071152,69.76756157901761,0.7716049382716049,simple,0.0400049018097825,0.0400674447327727,0.0,0.0,0.0,66.94000244140625,66.55599975585938,0.023623549555454648,,,,,,,1.0,-1.5360031127929688,,,scored,True,2026-09-24T03:10:19.134740+00:00
3,20260912T014027_42b028f51a79,2026-09-12T01:40:49.228118+00:00,github-actions,823ac12bac50,2026-09-14,2026-09-11,e1d513156b463d7b0108,9b0b1adcafba0fea37db,close_to_close,0.0074022295359166,{},,disabled,,,,,Ridge,20260912T014027_42b028f51a79:price:20,price,20,2026-10-09,1개월,20.0,65.0199966430664,없음,,,65.0199966430664,54.77080129826659,75.26919198786622,0.8100706713780919,simple,0.0769611529728706,0.0776013198692331,0.0,0.0,0.0,,,,,,,,,,,,,,pending,True,2026-09-24T03:10:19.134740+00:00
3,20260912T020225_3d771b1038e1,2026-09-12T02:02:46.718542+00:00,github-actions,823ac12bac50,2026-09-14,2026-09-11,e1d513156b463d7b0108,9b0b1adcafba0fea37db,close_to_close,0.0074022295359166,{},,disabled,상승,0.3245952042044674,0.3109289746430553,0.3644758211524772,Logistic,20260912T020225_3d771b1038e1:direction:Logistic,direction,1,2026-09-14,,,,,,,,,,,,,,,,,63.51300048828125,63.51300048828125,-0.016126039477512788,0.0,0.0,,,,,,,1.125176398488709,0.6856910896609594,scored,True,2026-09-24T03:10:19.134740+00:00
3,20260912T020225_3d771b1038e1,2026-09-12T02:02:46.718542+00:00,github-actions,823ac12bac50,2026-09-14,2026-09-11,e1d513156b463d7b0108,9b0b1adcafba0fea37db,close_to_close,0.0074022295359166,{},,disabled,,,,,Ridge,20260912T020225_3d771b1038e1:price:1,price,1,2026-09-14,1거래일,1.0,65.0199966430664,없음,,,65.0199966430664,63.04624284522955,66.99375044090327,0.788546255506608,simple,0.0170221752669308,0.0170629820163085,0.0,0.0,0.0,63.51300048828125,63.51300048828125,-0.023177425908800897,,,,,,,1.0,1.5069961547851562,,,scored,True,2026-09-24T03:10:19.134740+00:00
3,20260912T020225_3d771b1038e1,2026-09-12T02:02:46.718542+00:00,github-actions,823ac12bac50,2026-09-14,2026-09-11,e1d513156b463d7b0108,9b0b1adcafba0fea37db,close_to_close,0.0074022295359166,{},,disabled,,,,,Ridge,20260912T020225_3d771b1038e1:price:5,price,5,2026-09-18,1주일,5.0,65.0199966430664,없음,,,65.0199966430664,60.2724317071152,69.76756157901761,0.7716049382716049,simple,0.0400049018097825,0.0400674447327727,0.0,0.0,0.0,66.94000244140625,66.55599975585938,0.023623549555454648,,,,,,,1.0,-1.5360031127929688,,,scored,True,2026-09-24T03:10:19.134740+00:00
3,20260912T020225_3d771b1038e1,2026-09-12T02:02:46.718542+00:00,github-actions,823ac12bac50,2026-09-14,2026-09-11,e1d513156b463d7b0108,9b0b1adcafba0fea37db,close_to_close,0.0074022295359166,{},,disabled,,,,,Ridge,20260912T020225_3d771b1038e1:price:20,price,20,2026-10-09,1개월,20.0,65.0199966430664,없음,,,65.0199966430664,54.77080129826659,75.26919198786622,0.8100706713780919,simple,0.0769611529728706,0.0776013198692331,0.0,0.0,0.0,,,,,,,,,,,,,,pending,True,2026-09-24T03:10:19.134740+00:00
3,20260912T021751_138f5243cb62,2026-09-12T02:18:14.736666+00:00,github-actions,823ac12bac50,2026-09-14,2026-09-11,e1d513156b463d7b0108,9b0b1adcafba0fea37db,close_to_close,0.0074022295359166,{},,disabled,상승,0.3245952042044674,0.3109289746430553,0.3644758211524772,Logistic,20260912T021751_138f5243cb62:direction:Logistic,direction,1,2026-09-14,,,,,,,,,,,,,,,,,63.51300048828125,63.51300048828125,-0.016126039477512788,0.0,0.0,,,,,,,1.125176398488709,0.6856910896609594,scored,True,2026-09-24T03:10:19.134740+00:00
3,20260912T021751_138f5243cb62,2026-09-12T02:18:14.736666+00:00,github-actions,823ac12bac50,2026-09-14,2026-09-11,e1d513156b463d7b0108,9b0b1adcafba0fea37db,close_to_close,0.0074022295359166,{},,disabled,,,,,Ridge,20260912T021751_138f5243cb62:price:1,price,1,2026-09-14,1거래일,1.0,65.0199966430664,없음,,,65.0199966430664,63.04624284522955,66.99375044090327,0.788546255506608,simple,0.0170221752669308,0.0170629820163085,0.0,0.0,0.0,63.51300048828125,63.51300048828125,-0.023177425908800897,,,,,,,1.0,1.5069961547851562,,,scored,True,2026-09-24T03:10:19.134740+00:00
3,20260912T021751_138f5243cb62,2026-09-12T02:18:14.736666+00:00,github-actions,823ac12bac50,2026-09-14,2026-09-11,e1d513156b463d7b0108,9b0b1adcafba0fea37db,close_to_close,0.0074022295359166,{},,disabled,,,,,Ridge,20260912T021751_138f5243cb62:price:5,price,5,2026-09-18,1주일,5.0,65.0199966430664,없음,,,65.0199966430664,60.2724317071152,69.76756157901761,0.7716049382716049,simple,0.0400049018097825,0.0400674447327727,0.0,0.0,0.0,66.94000244140625,66.55599975585938,0.023623549555454648,,,,,,,1.0,-1.5360031127929688,,,scored,True,2026-09-24T03:10:19.134740+00:00
3,20260912T021751_138f5243cb62,2026-09-12T02:18:14.736666+00:00,github-actions,823ac12bac50,2026-09-14,2026-09-11,e1d513156b463d7b0108,9b0b1adcafba0fea37db,close_to_close,0.0074022295359166,{},,disabled,,,,,Ridge,20260912T021751_138f5243cb62:price:20,price,20,2026-10-09,1개월,20.0,65.0199966430664,없음,,,65.0199966430664,54.77080129826659,75.26919198786622,0.8100706713780919,simple,0.0769611529728706,0.0776013198692331,0.0,0.0,0.0,,,,,,,,,,,,,,pending,True,2026-09-24T03:10:19.134740+00:00
3,20260912T022816_594deb1a411b,2026-09-12T02:28:36.660171+00:00,github-actions,823ac12bac50,2026-09-14,2026-09-11,e1d513156b463d7b0108,9b0b1adcafba0fea37db,close_to_close,0.0074022295359166,{},,disabled,상승,0.3245952198328296,0.3109289414661895,0.3644758387009809,Logistic,20260912T022816_594deb1a411b:direction:Logistic,direction,1,2026-09-14,,,,,,,,,,,,,,,,,63.51300048828125,63.51300048828125,-0.016126039477512788,0.0,0.0,,,,,,,1.1251763503414733,0.6856910607107323,scored,True,2026-09-24T03:10:19.134740+00:00
3,20260912T022816_594deb1a411b,2026-09-12T02:28:36.660171+00:00,github-actions,823ac12bac50,2026-09-14,2026-09-11,e1d513156b463d7b0108,9b0b1adcafba0fea37db,close_to_close,0.0074022295359166,{},,disabled,,,,,Ridge,20260912T022816_594deb1a411b:price:1,price,1,2026-09-14,1거래일,1.0,65.0199966430664,없음,,,65.0199966430664,63.04624284522955,66.99375044090327,0.788546255506608,simple,0.0170221752733731,0.0170629820163085,0.0,0.0,0.0,63.51300048828125,63.51300048828125,-0.023177425908800897,,,,,,,1.0,1.5069961547851562,,,scored,True,2026-09-24T03:10:19.134740+00:00
3,20260912T022816_594deb1a411b,2026-09-12T02:28:36.660171+00:00,github-actions,823ac12bac50,2026-09-14,2026-09-11,e1d513156b463d7b0108,9b0b1adcafba0fea37db,close_to_close,0.0074022295359166,{},,disabled,,,,,Ridge,20260912T022816_594deb1a411b:price:5,price,5,2026-09-18,1주일,5.0,65.0199966430664,없음,,,65.0199966430664,60.2724317071152,69.76756157901761,0.7716049382716049,simple,0.0400049018332673,0.0400674447327727,0.0,0.0,0.0,66.94000244140625,66.55599975585938,0.023623549555454648,,,,,,,1.0,-1.5360031127929688,,,scored,True,2026-09-24T03:10:19.134740+00:00
3,20260912T022816_594deb1a411b,2026-09-12T02:28:36.660171+00:00,github-actions,823ac12bac50,2026-09-14,2026-09-11,e1d513156b463d7b0108,9b0b1adcafba0fea37db,close_to_close,0.0074022295359166,{},,disabled,,,,,Ridge,20260912T022816_594deb1a411b:price:20,price,20,2026-10-09,1개월,20.0,65.0199966430664,없음,,,65.0199966430664,54.77080129826659,75.26919198786622,0.8100706713780919,simple,0.0769611529043796,0.0776013198692331,0.0,0.0,0.0,,,,,,,,,,,,,,pending,True,2026-09-24T03:10:19.134740+00:00
3,20260912T024737_88867a7cc88b,2026-09-12T02:47:58.772191+00:00,github-actions,823ac12bac50,2026-09-14,2026-09-11,e1d513156b463d7b0108,9b0b1adcafba0fea37db,close_to_close,0.0074022295359166,{},,disabled,상승,0.3245952042044674,0.3109289746430553,0.3644758211524772,Logistic,20260912T024737_88867a7cc88b:direction:Logistic,direction,1,2026-09-14,,,,,,,,,,,,,,,,,63.51300048828125,63.51300048828125,-0.016126039477512788,0.0,0.0,,,,,,,1.125176398488709,0.6856910896609594,scored,True,2026-09-24T03:10:19.134740+00:00
3,20260912T024737_88867a7cc88b,2026-09-12T02:47:58.772191+00:00,github-actions,823ac12bac50,2026-09-14,2026-09-11,e1d513156b463d7b0108,9b0b1adcafba0fea37db,close_to_close,0.0074022295359166,{},,disabled,,,,,Ridge,20260912T024737_88867a7cc88b:price:1,price,1,2026-09-14,1거래일,1.0,65.0199966430664,없음,,,65.0199966430664,63.04624284522955,66.99375044090327,0.788546255506608,simple,0.0170221752669308,0.0170629820163085,0.0,0.0,0.0,63.51300048828125,63.51300048828125,-0.023177425908800897,,,,,,,1.0,1.5069961547851562,,,scored,True,2026-09-24T03:10:19.134740+00:00
3,20260912T024737_88867a7cc88b,2026-09-12T02:47:58.772191+00:00,github-actions,823ac12bac50,2026-09-14,2026-09-11,e1d513156b463d7b0108,9b0b1adcafba0fea37db,close_to_close,0.0074022295359166,{},,disabled,,,,,Ridge,20260912T024737_88867a7cc88b:price:5,price,5,2026-09-18,1주일,5.0,65.0199966430664,없음,,,65.0199966430664,60.2724317071152,69.76756157901761,0.7716049382716049,simple,0.0400049018097825,0.0400674447327727,0.0,0.0,0.0,66.94000244140625,66.55599975585938,0.023623549555454648,,,,,,,1.0,-1.5360031127929688,,,scored,True,2026-09-24T03:10:19.134740+00:00
3,20260912T024737_88867a7cc88b,2026-09-12T02:47:58.772191+00:00,github-actions,823ac12bac50,2026-09-14,2026-09-11,e1d513156b463d7b0108,9b0b1adcafba0fea37db,close_to_close,0.0074022295359166,{},,disabled,,,,,Ridge,20260912T024737_88867a7cc88b:price:20,price,20,2026-10-09,1개월,20.0,65.0199966430664,없음,,,65.0199966430664,54.77080129826659,75.26919198786622,0.8100706713780919,simple,0.0769611529728706,0.0776013198692331,0.0,0.0,0.0,,,,,,,,,,,,,,pending,True,2026-09-24T03:10:19.134740+00:00
3,20260912T090213_dbe62d2faac6,2026-09-12T09:02:35.506408+00:00,github-actions,823ac12bac50,2026-09-14,2026-09-11,f34295d1133c4e39f503,9b0b1adcafba0fea37db,close_to_close,0.0073668835160083,{},,disabled,상승,0.3171179283214766,0.3158641232614792,0.3670179484170441,Logistic,20260912T090213_dbe62d2faac6:direction:Logistic,direction,1,2026-09-14,,,,,,,,,,,,,,,,,63.51300048828125,63.51300048828125,-0.016126039477512788,0.0,0.0,,,,,,,1.1484815606523526,0.7008002426439508,scored,True,2026-09-24T03:10:19.134740+00:00
3,20260912T090213_dbe62d2faac6,2026-09-12T09:02:35.506408+00:00,github-actions,823ac12bac50,2026-09-14,2026-09-11,f34295d1133c4e39f503,9b0b1adcafba0fea37db,close_to_close,0.0073668835160083,{},,disabled,,,,,Ridge,20260912T090213_dbe62d2faac6:price:1,price,1,2026-09-14,1거래일,1.0,64.55400085449219,없음,,,64.55400085449219,62.60375010048967,66.5042516084947,0.788546255506608,simple,0.0170157884677498,0.0170565952171275,0.0,0.0,0.0,63.51300048828125,63.51300048828125,-0.016126039477512788,,,,,,,1.0,1.0410003662109375,,,scored,True,2026-09-24T03:10:19.134740+00:00
3,20260912T090213_dbe62d2faac6,2026-09-12T09:02:35.506408+00:00,github-actions,823ac12bac50,2026-09-14,2026-09-11,f34295d1133c4e39f503,9b0b1adcafba0fea37db,close_to_close,0.0073668835160083,{},,disabled,,,,,Ridge,20260912T090213_dbe62d2faac6:price:5,price,5,2026-09-18,1주일,5.0,64.55400085449219,없음,,,64.55400085449219,59.86296892023468,69.2450327887497,0.7716049382716049,simple,0.0400110375814085,0.0400735805043988,0.0,0.0,0.0,66.94000244140625,66.55599975585938,0.031012778059717583,,,,,,,1.0,-2.0019989013671875,,,scored,True,2026-09-24T03:10:19.134740+00:00
3,20260912T090213_dbe62d2faac6,2026-09-12T09:02:35.506408+00:00,github-actions,823ac12bac50,2026-09-14,2026-09-11,f34295d1133c4e39f503,9b0b1adcafba0fea37db,close_to_close,0.0073668835160083,{},,disabled,,,,,Ridge,20260912T090213_dbe62d2faac6:price:20,price,20,2026-10-09,1개월,20.0,64.55400085449219,없음,,,64.55400085449219,54.426850765650606,74.68115094333376,0.8100706713780919,simple,0.0769674985565506,0.0776036621011633,0.0,0.0,0.0,,,,,,,,,,,,,,pending,True,2026-09-24T03:10:19.134740+00:00
3,20260912T092246_1ef3c4a0fd42,2026-09-12T09:23:09.545483+00:00,github-actions,823ac12bac50,2026-09-14,2026-09-11,f34295d1133c4e39f503,9b0b1adcafba0fea37db,close_to_close,0.0073668835160083,{},,disabled,상승,0.3171179283214766,0.3158641232614792,0.3670179484170441,Logistic,20260912T092246_1ef3c4a0fd42:direction:Logistic,direction,1,2026-09-14,,,,,,,,,,,,,,,,,63.51300048828125,63.51300048828125,-0.016126039477512788,0.0,0.0,,,,,,,1.1484815606523526,0.7008002426439508,scored,True,2026-09-24T03:10:19.134740+00:00
3,20260912T092246_1ef3c4a0fd42,2026-09-12T09:23:09.545483+00:00,github-actions,823ac12bac50,2026-09-14,2026-09-11,f34295d1133c4e39f503,9b0b1adcafba0fea37db,close_to_close,0.0073668835160083,{},,disabled,,,,,Ridge,20260912T092246_1ef3c4a0fd42:price:1,price,1,2026-09-14,1거래일,1.0,64.55400085449219,없음,,,64.55400085449219,62.60375010048967,66.5042516084947,0.788546255506608,simple,0.0170157884677498,0.0170565952171275,0.0,0.0,0.0,63.51300048828125,63.51300048828125,-0.016126039477512788,,,,,,,1.0,1.0410003662109375,,,scored,True,2026-09-24T03:10:19.134740+00:00
3,20260912T092246_1ef3c4a0fd42,2026-09-12T09:23:09.545483+00:00,github-actions,823ac12bac50,2026-09-14,2026-09-11,f34295d1133c4e39f503,9b0b1adcafba0fea37db,close_to_close,0.0073668835160083,{},,disabled,,,,,Ridge,20260912T092246_1ef3c4a0fd42:price:5,price,5,2026-09-18,1주일,5.0,64.55400085449219,없음,,,64.55400085449219,59.86296892023468,69.2450327887497,0.7716049382716049,simple,0.0400110375814085,0.0400735805043988,0.0,0.0,0.0,66.94000244140625,66.55599975585938,0.031012778059717583,,,,,,,1.0,-2.0019989013671875,,,scored,True,2026-09-24T03:10:19.134740+00:00
3,20260912T092246_1ef3c4a0fd42,2026-09-12T09:23:09.545483+00:00,github-actions,823ac12bac50,2026-09-14,2026-09-11,f34295d1133c4e39f503,9b0b1adcafba0fea37db,close_to_close,0.0073668835160083,{},,disabled,,,,,Ridge,20260912T092246_1ef3c4a0fd42:price:20,price,20,2026-10-09,1개월,20.0,64.55400085449219,없음,,,64.55400085449219,54.426850765650606,74.68115094333376,0.8100706713780919,simple,0.0769674985565506,0.0776036621011633,0.0,0.0,0.0,,,,,,,,,,,,,,pending,True,2026-09-24T03:10:19.134740+00:00
3,20260912T094408_24a3d076d7f5,2026-09-12T09:44:30.986242+00:00,github-actions,823ac12bac50,2026-09-14,2026-09-11,f34295d1133c4e39f503,9b0b1adcafba0fea37db,close_to_close,0.0073668835160083,{},,disabled,상승,0.3171179283214766,0.3158641232614792,0.3670179484170441,Logistic,20260912T094408_24a3d076d7f5:direction:Logistic,direction,1,2026-09-14,,,,,,,,,,,,,,,,,63.51300048828125,63.51300048828125,-0.016126039477512788,0.0,0.0,,,,,,,1.1484815606523526,0.7008002426439508,scored,True,2026-09-24T03:10:19.134740+00:00
3,20260912T094408_24a3d076d7f5,2026-09-12T09:44:30.986242+00:00,github-actions,823ac12bac50,2026-09-14,2026-09-11,f34295d1133c4e39f503,9b0b1adcafba0fea37db,close_to_close,0.0073668835160083,{},,disabled,,,,,Ridge,20260912T094408_24a3d076d7f5:price:1,price,1,2026-09-14,1거래일,1.0,64.55400085449219,없음,,,64.55400085449219,62.60375010048967,66.5042516084947,0.788546255506608,simple,0.0170157884677498,0.0170565952171275,0.0,0.0,0.0,63.51300048828125,63.51300048828125,-0.016126039477512788,,,,,,,1.0,1.0410003662109375,,,scored,True,2026-09-24T03:10:19.134740+00:00
3,20260912T094408_24a3d076d7f5,2026-09-12T09:44:30.986242+00:00,github-actions,823ac12bac50,2026-09-14,2026-09-11,f34295d1133c4e39f503,9b0b1adcafba0fea37db,close_to_close,0.0073668835160083,{},,disabled,,,,,Ridge,20260912T094408_24a3d076d7f5:price:5,price,5,2026-09-18,1주일,5.0,64.55400085449219,없음,,,64.55400085449219,59.86296892023468,69.2450327887497,0.7716049382716049,simple,0.0400110375814085,0.0400735805043988,0.0,0.0,0.0,66.94000244140625,66.55599975585938,0.031012778059717583,,,,,,,1.0,-2.0019989013671875,,,scored,True,2026-09-24T03:10:19.134740+00:00
3,20260912T094408_24a3d076d7f5,2026-09-12T09:44:30.986242+00:00,github-actions,823ac12bac50,2026-09-14,2026-09-11,f34295d1133c4e39f503,9b0b1adcafba0fea37db,close_to_close,0.0073668835160083,{},,disabled,,,,,Ridge,20260912T094408_24a3d076d7f5:price:20,price,20,2026-10-09,1개월,20.0,64.55400085449219,없음,,,64.55400085449219,54.426850765650606,74.68115094333376,0.8100706713780919,simple,0.0769674985565506,0.0776036621011633,0.0,0.0,0.0,,,,,,,,,,,,,,pending,True,2026-09-24T03:10:19.134740+00:00
3,20260912T100535_e42df30bd436,2026-09-12T10:05:51.092776+00:00,github-actions,823ac12bac50,2026-09-14,2026-09-11,f34295d1133c4e39f503,9b0b1adcafba0fea37db,close_to_close,0.0073668835160083,{},,disabled,상승,0.317117936948783,0.3158641318546754,0.3670179311965416,Logistic,20260912T100535_e42df30bd436:direction:Logistic,direction,1,2026-09-14,,,,,,,,,,,,,,,,,63.51300048828125,63.51300048828125,-0.016126039477512788,0.0,0.0,,,,,,,1.1484815334469964,0.7008002236491834,scored,True,2026-09-24T03:10:19.134740+00:00
3,20260912T100535_e42df30bd436,2026-09-12T10:05:51.092776+00:00,github-actions,823ac12bac50,2026-09-14,2026-09-11,f34295d1133c4e39f503,9b0b1adcafba0fea37db,close_to_close,0.0073668835160083,{},,disabled,,,,,Ridge,20260912T100535_e42df30bd436:price:1,price,1,2026-09-14,1거래일,1.0,64.55400085449219,없음,,,64.55400085449219,62.60375010048967,66.5042516084947,0.788546255506608,simple,0.0170157884741922,0.0170565952171275,0.0,0.0,0.0,63.51300048828125,63.51300048828125,-0.016126039477512788,,,,,,,1.0,1.0410003662109375,,,scored,True,2026-09-24T03:10:19.134740+00:00
3,20260912T100535_e42df30bd436,2026-09-12T10:05:51.092776+00:00,github-actions,823ac12bac50,2026-09-14,2026-09-11,f34295d1133c4e39f503,9b0b1adcafba0fea37db,close_to_close,0.0073668835160083,{},,disabled,,,,,Ridge,20260912T100535_e42df30bd436:price:5,price,5,2026-09-18,1주일,5.0,64.55400085449219,없음,,,64.55400085449219,59.86296892023468,69.2450327887497,0.7716049382716049,simple,0.0400110376048933,0.0400735805043988,0.0,0.0,0.0,66.94000244140625,66.55599975585938,0.031012778059717583,,,,,,,1.0,-2.0019989013671875,,,scored,True,2026-09-24T03:10:19.134740+00:00
3,20260912T100535_e42df30bd436,2026-09-12T10:05:51.092776+00:00,github-actions,823ac12bac50,2026-09-14,2026-09-11,f34295d1133c4e39f503,9b0b1adcafba0fea37db,close_to_close,0.0073668835160083,{},,disabled,,,,,Ridge,20260912T100535_e42df30bd436:price:20,price,20,2026-10-09,1개월,20.0,64.55400085449219,없음,,,64.55400085449219,54.426850765650606,74.68115094333376,0.8100706713780919,simple,0.0769674984880597,0.0776036621011633,0.0,0.0,0.0,,,,,,,,,,,,,,pending,True,2026-09-24T03:10:19.134740+00:00
3,20260912T101600_e560370164ce,2026-09-12T10:16:26.422349+00:00,github-actions,823ac12bac50,2026-09-14,2026-09-11,f34295d1133c4e39f503,9b0b1adcafba0fea37db,close_to_close,0.0073668835160083,{},,disabled,상승,0.3171179283214766,0.3158641232614792,0.3670179484170441,Logistic,20260912T101600_e560370164ce:direction:Logistic,direction,1,2026-09-14,,,,,,,,,,,,,,,,,63.51300048828125,63.51300048828125,-0.016126039477512788,0.0,0.0,,,,,,,1.1484815606523526,0.7008002426439508,scored,True,2026-09-24T03:10:19.134740+00:00
3,20260912T101600_e560370164ce,2026-09-12T10:16:26.422349+00:00,github-actions,823ac12bac50,2026-09-14,2026-09-11,f34295d1133c4e39f503,9b0b1adcafba0fea37db,close_to_close,0.0073668835160083,{},,disabled,,,,,Ridge,20260912T101600_e560370164ce:price:1,price,1,2026-09-14,1거래일,1.0,64.55400085449219,없음,,,64.55400085449219,62.60375010048967,66.5042516084947,0.788546255506608,simple,0.0170157884677498,0.0170565952171275,0.0,0.0,0.0,63.51300048828125,63.51300048828125,-0.016126039477512788,,,,,,,1.0,1.0410003662109375,,,scored,True,2026-09-24T03:10:19.134740+00:00
3,20260912T101600_e560370164ce,2026-09-12T10:16:26.422349+00:00,github-actions,823ac12bac50,2026-09-14,2026-09-11,f34295d1133c4e39f503,9b0b1adcafba0fea37db,close_to_close,0.0073668835160083,{},,disabled,,,,,Ridge,20260912T101600_e560370164ce:price:5,price,5,2026-09-18,1주일,5.0,64.55400085449219,없음,,,64.55400085449219,59.86296892023468,69.2450327887497,0.7716049382716049,simple,0.0400110375814085,0.0400735805043988,0.0,0.0,0.0,66.94000244140625,66.55599975585938,0.031012778059717583,,,,,,,1.0,-2.0019989013671875,,,scored,True,2026-09-24T03:10:19.134740+00:00
3,20260912T101600_e560370164ce,2026-09-12T10:16:26.422349+00:00,github-actions,823ac12bac50,2026-09-14,2026-09-11,f34295d1133c4e39f503,9b0b1adcafba0fea37db,close_to_close,0.0073668835160083,{},,disabled,,,,,Ridge,20260912T101600_e560370164ce:price:20,price,20,2026-10-09,1개월,20.0,64.55400085449219,없음,,,64.55400085449219,54.426850765650606,74.68115094333376,0.8100706713780919,simple,0.0769674985565506,0.0776036621011633,0.0,0.0,0.0,,,,,,,,,,,,,,pending,True,2026-09-24T03:10:19.134740+00:00
3,20260912T103053_d3ef218a474a,2026-09-12T10:31:14.730264+00:00,github-actions,823ac12bac50,2026-09-14,2026-09-11,f34295d1133c4e39f503,9b0b1adcafba0fea37db,close_to_close,0.0073668835160083,{},,disabled,상승,0.317117936948783,0.3158641318546754,0.3670179311965416,Logistic,20260912T103053_d3ef218a474a:direction:Logistic,direction,1,2026-09-14,,,,,,,,,,,,,,,,,63.51300048828125,63.51300048828125,-0.016126039477512788,0.0,0.0,,,,,,,1.1484815334469964,0.7008002236491834,scored,True,2026-09-24T03:10:19.134740+00:00
3,20260912T103053_d3ef218a474a,2026-09-12T10:31:14.730264+00:00,github-actions,823ac12bac50,2026-09-14,2026-09-11,f34295d1133c4e39f503,9b0b1adcafba0fea37db,close_to_close,0.0073668835160083,{},,disabled,,,,,Ridge,20260912T103053_d3ef218a474a:price:1,price,1,2026-09-14,1거래일,1.0,64.55400085449219,없음,,,64.55400085449219,62.60375010048967,66.5042516084947,0.788546255506608,simple,0.0170157884669423,0.0170565952171275,0.0,0.0,0.0,63.51300048828125,63.51300048828125,-0.016126039477512788,,,,,,,1.0,1.0410003662109375,,,scored,True,2026-09-24T03:10:19.134740+00:00
3,20260912T103053_d3ef218a474a,2026-09-12T10:31:14.730264+00:00,github-actions,823ac12bac50,2026-09-14,2026-09-11,f34295d1133c4e39f503,9b0b1adcafba0fea37db,close_to_close,0.0073668835160083,{},,disabled,,,,,Ridge,20260912T103053_d3ef218a474a:price:5,price,5,2026-09-18,1주일,5.0,64.55400085449219,없음,,,64.55400085449219,59.86296892023468,69.2450327887497,0.7716049382716049,simple,0.0400110376165623,0.0400735805043988,0.0,0.0,0.0,66.94000244140625,66.55599975585938,0.031012778059717583,,,,,,,1.0,-2.0019989013671875,,,scored,True,2026-09-24T03:10:19.134740+00:00
3,20260912T103053_d3ef218a474a,2026-09-12T10:31:14.730264+00:00,github-actions,823ac12bac50,2026-09-14,2026-09-11,f34295d1133c4e39f503,9b0b1adcafba0fea37db,close_to_close,0.0073668835160083,{},,disabled,,,,,Ridge,20260912T103053_d3ef218a474a:price:20,price,20,2026-10-09,1개월,20.0,64.55400085449219,없음,,,64.55400085449219,54.426850765650606,74.68115094333376,0.8100706713780919,simple,0.0769674984786931,0.0776036621011633,0.0,0.0,0.0,,,,,,,,,,,,,,pending,True,2026-09-24T03:10:19.134740+00:00
3,20260912T104943_8a7dbdc3c495,2026-09-12T10:50:02.792172+00:00,github-actions,823ac12bac50,2026-09-14,2026-09-11,f34295d1133c4e39f503,9b0b1adcafba0fea37db,close_to_close,0.0073668835160083,{},,disabled,상승,0.317117936948783,0.3158641318546754,0.3670179311965416,Logistic,20260912T104943_8a7dbdc3c495:direction:Logistic,direction,1,2026-09-14,,,,,,,,,,,,,,,,,63.51300048828125,63.51300048828125,-0.016126039477512788,0.0,0.0,,,,,,,1.1484815334469964,0.7008002236491834,scored,True,2026-09-24T03:10:19.134740+00:00
3,20260912T104943_8a7dbdc3c495,2026-09-12T10:50:02.792172+00:00,github-actions,823ac12bac50,2026-09-14,2026-09-11,f34295d1133c4e39f503,9b0b1adcafba0fea37db,close_to_close,0.0073668835160083,{},,disabled,,,,,Ridge,20260912T104943_8a7dbdc3c495:price:1,price,1,2026-09-14,1거래일,1.0,64.55400085449219,없음,,,64.55400085449219,62.60375010048967,66.5042516084947,0.788546255506608,simple,0.0170157884741922,0.0170565952171275,0.0,0.0,0.0,63.51300048828125,63.51300048828125,-0.016126039477512788,,,,,,,1.0,1.0410003662109375,,,scored,True,2026-09-24T03:10:19.134740+00:00
3,20260912T104943_8a7dbdc3c495,2026-09-12T10:50:02.792172+00:00,github-actions,823ac12bac50,2026-09-14,2026-09-11,f34295d1133c4e39f503,9b0b1adcafba0fea37db,close_to_close,0.0073668835160083,{},,disabled,,,,,Ridge,20260912T104943_8a7dbdc3c495:price:5,price,5,2026-09-18,1주일,5.0,64.55400085449219,없음,,,64.55400085449219,59.86296892023468,69.2450327887497,0.7716049382716049,simple,0.0400110376048933,0.0400735805043988,0.0,0.0,0.0,66.94000244140625,66.55599975585938,0.031012778059717583,,,,,,,1.0,-2.0019989013671875,,,scored,True,2026-09-24T03:10:19.134740+00:00
3,20260912T104943_8a7dbdc3c495,2026-09-12T10:50:02.792172+00:00,github-actions,823ac12bac50,2026-09-14,2026-09-11,f34295d1133c4e39f503,9b0b1adcafba0fea37db,close_to_close,0.0073668835160083,{},,disabled,,,,,Ridge,20260912T104943_8a7dbdc3c495:price:20,price,20,2026-10-09,1개월,20.0,64.55400085449219,없음,,,64.55400085449219,54.426850765650606,74.68115094333376,0.8100706713780919,simple,0.0769674984880597,0.0776036621011633,0.0,0.0,0.0,,,,,,,,,,,,,,pending,True,2026-09-24T03:10:19.134740+00:00
3,20260912T110734_58d1dc754e74,2026-09-12T11:07:58.254842+00:00,github-actions,823ac12bac50,2026-09-14,2026-09-11,f34295d1133c4e39f503,9b0b1adcafba0fea37db,close_to_close,0.0073668835160083,{},,disabled,상승,0.3171179283214766,0.3158641232614792,0.3670179484170441,Logistic,20260912T110734_58d1dc754e74:direction:Logistic,direction,1,2026-09-14,,,,,,,,,,,,,,,,,63.51300048828125,63.51300048828125,-0.016126039477512788,0.0,0.0,,,,,,,1.1484815606523526,0.7008002426439508,scored,True,2026-09-24T03:10:19.134740+00:00
3,20260912T110734_58d1dc754e74,2026-09-12T11:07:58.254842+00:00,github-actions,823ac12bac50,2026-09-14,2026-09-11,f34295d1133c4e39f503,9b0b1adcafba0fea37db,close_to_close,0.0073668835160083,{},,disabled,,,,,Ridge,20260912T110734_58d1dc754e74:price:1,price,1,2026-09-14,1거래일,1.0,64.55400085449219,없음,,,64.55400085449219,62.60375010048967,66.5042516084947,0.788546255506608,simple,0.0170157884677498,0.0170565952171275,0.0,0.0,0.0,63.51300048828125,63.51300048828125,-0.016126039477512788,,,,,,,1.0,1.0410003662109375,,,scored,True,2026-09-24T03:10:19.134740+00:00
3,20260912T110734_58d1dc754e74,2026-09-12T11:07:58.254842+00:00,github-actions,823ac12bac50,2026-09-14,2026-09-11,f34295d1133c4e39f503,9b0b1adcafba0fea37db,close_to_close,0.0073668835160083,{},,disabled,,,,,Ridge,20260912T110734_58d1dc754e74:price:5,price,5,2026-09-18,1주일,5.0,64.55400085449219,없음,,,64.55400085449219,59.86296892023468,69.2450327887497,0.7716049382716049,simple,0.0400110375814085,0.0400735805043988,0.0,0.0,0.0,66.94000244140625,66.55599975585938,0.031012778059717583,,,,,,,1.0,-2.0019989013671875,,,scored,True,2026-09-24T03:10:19.134740+00:00
3,20260912T110734_58d1dc754e74,2026-09-12T11:07:58.254842+00:00,github-actions,823ac12bac50,2026-09-14,2026-09-11,f34295d1133c4e39f503,9b0b1adcafba0fea37db,close_to_close,0.0073668835160083,{},,disabled,,,,,Ridge,20260912T110734_58d1dc754e74:price:20,price,20,2026-10-09,1개월,20.0,64.55400085449219,없음,,,64.55400085449219,54.426850765650606,74.68115094333376,0.8100706713780919,simple,0.0769674985565506,0.0776036621011633,0.0,0.0,0.0,,,,,,,,,,,,,,pending,True,2026-09-24T03:10:19.134740+00:00
3,20260912T112919_172dafd617af,2026-09-12T11:29:39.726244+00:00,github-actions,823ac12bac50,2026-09-14,2026-09-11,f34295d1133c4e39f503,9b0b1adcafba0fea37db,close_to_close,0.0073668835160083,{},,disabled,상승,0.3171179283214766,0.3158641232614792,0.3670179484170441,Logistic,20260912T112919_172dafd617af:direction:Logistic,direction,1,2026-09-14,,,,,,,,,,,,,,,,,63.51300048828125,63.51300048828125,-0.016126039477512788,0.0,0.0,,,,,,,1.1484815606523526,0.7008002426439508,scored,True,2026-09-24T03:10:19.134740+00:00
3,20260912T112919_172dafd617af,2026-09-12T11:29:39.726244+00:00,github-actions,823ac12bac50,2026-09-14,2026-09-11,f34295d1133c4e39f503,9b0b1adcafba0fea37db,close_to_close,0.0073668835160083,{},,disabled,,,,,Ridge,20260912T112919_172dafd617af:price:1,price,1,2026-09-14,1거래일,1.0,64.55400085449219,없음,,,64.55400085449219,62.60375010048967,66.5042516084947,0.788546255506608,simple,0.0170157884677498,0.0170565952171275,0.0,0.0,0.0,63.51300048828125,63.51300048828125,-0.016126039477512788,,,,,,,1.0,1.0410003662109375,,,scored,True,2026-09-24T03:10:19.134740+00:00
3,20260912T112919_172dafd617af,2026-09-12T11:29:39.726244+00:00,github-actions,823ac12bac50,2026-09-14,2026-09-11,f34295d1133c4e39f503,9b0b1adcafba0fea37db,close_to_close,0.0073668835160083,{},,disabled,,,,,Ridge,20260912T112919_172dafd617af:price:5,price,5,2026-09-18,1주일,5.0,64.55400085449219,없음,,,64.55400085449219,59.86296892023468,69.2450327887497,0.7716049382716049,simple,0.0400110375814085,0.0400735805043988,0.0,0.0,0.0,66.94000244140625,66.55599975585938,0.031012778059717583,,,,,,,1.0,-2.0019989013671875,,,scored,True,2026-09-24T03:10:19.134740+00:00
3,20260912T112919_172dafd617af,2026-09-12T11:29:39.726244+00:00,github-actions,823ac12bac50,2026-09-14,2026-09-11,f34295d1133c4e39f503,9b0b1adcafba0fea37db,close_to_close,0.0073668835160083,{},,disabled,,,,,Ridge,20260912T112919_172dafd617af:price:20,price,20,2026-10-09,1개월,20.0,64.55400085449219,없음,,,64.55400085449219,54.426850765650606,74.68115094333376,0.8100706713780919,simple,0.0769674985565506,0.0776036621011633,0.0,0.0,0.0,,,,,,,,,,,,,,pending,True,2026-09-24T03:10:19.134740+00:00
3,20260912T114953_2a5c8558a40d,2026-09-12T11:50:11.955150+00:00,github-actions,823ac12bac50,2026-09-14,2026-09-11,f34295d1133c4e39f503,9b0b1adcafba0fea37db,close_to_close,0.0073668835160083,{},,disabled,상승,0.317117936948783,0.3158641318546754,0.3670179311965416,Logistic,20260912T114953_2a5c8558a40d:direction:Logistic,direction,1,2026-09-14,,,,,,,,,,,,,,,,,63.51300048828125,63.51300048828125,-0.016126039477512788,0.0,0.0,,,,,,,1.1484815334469964,0.7008002236491834,scored,True,2026-09-24T03:10:19.134740+00:00
3,20260912T114953_2a5c8558a40d,2026-09-12T11:50:11.955150+00:00,github-actions,823ac12bac50,2026-09-14,2026-09-11,f34295d1133c4e39f503,9b0b1adcafba0fea37db,close_to_close,0.0073668835160083,{},,disabled,,,,,Ridge,20260912T114953_2a5c8558a40d:price:1,price,1,2026-09-14,1거래일,1.0,64.55400085449219,없음,,,64.55400085449219,62.60375010048967,66.5042516084947,0.788546255506608,simple,0.0170157884741922,0.0170565952171275,0.0,0.0,0.0,63.51300048828125,63.51300048828125,-0.016126039477512788,,,,,,,1.0,1.0410003662109375,,,scored,True,2026-09-24T03:10:19.134740+00:00
3,20260912T114953_2a5c8558a40d,2026-09-12T11:50:11.955150+00:00,github-actions,823ac12bac50,2026-09-14,2026-09-11,f34295d1133c4e39f503,9b0b1adcafba0fea37db,close_to_close,0.0073668835160083,{},,disabled,,,,,Ridge,20260912T114953_2a5c8558a40d:price:5,price,5,2026-09-18,1주일,5.0,64.55400085449219,없음,,,64.55400085449219,59.86296892023468,69.2450327887497,0.7716049382716049,simple,0.0400110376048933,0.0400735805043988,0.0,0.0,0.0,66.94000244140625,66.55599975585938,0.031012778059717583,,,,,,,1.0,-2.0019989013671875,,,scored,True,2026-09-24T03:10:19.134740+00:00
3,20260912T114953_2a5c8558a40d,2026-09-12T11:50:11.955150+00:00,github-actions,823ac12bac50,2026-09-14,2026-09-11,f34295d1133c4e39f503,9b0b1adcafba0fea37db,close_to_close,0.0073668835160083,{},,disabled,,,,,Ridge,20260912T114953_2a5c8558a40d:price:20,price,20,2026-10-09,1개월,20.0,64.55400085449219,없음,,,64.55400085449219,54.426850765650606,74.68115094333376,0.8100706713780919,simple,0.0769674984880597,0.0776036621011633,0.0,0.0,0.0,,,,,,,,,,,,,,pending,True,2026-09-24T03:10:19.134740+00:00
3,20260912T120643_9a5395b87ed4,2026-09-12T12:07:06.036014+00:00,github-actions,823ac12bac50,2026-09-14,2026-09-11,f34295d1133c4e39f503,9b0b1adcafba0fea37db,close_to_close,0.0073668835160083,{},,disabled,상승,0.3171179283214766,0.3158641232614792,0.3670179484170441,Logistic,20260912T120643_9a5395b87ed4:direction:Logistic,direction,1,2026-09-14,,,,,,,,,,,,,,,,,63.51300048828125,63.51300048828125,-0.016126039477512788,0.0,0.0,,,,,,,1.1484815606523526,0.7008002426439508,scored,True,2026-09-24T03:10:19.134740+00:00
3,20260912T120643_9a5395b87ed4,2026-09-12T12:07:06.036014+00:00,github-actions,823ac12bac50,2026-09-14,2026-09-11,f34295d1133c4e39f503,9b0b1adcafba0fea37db,close_to_close,0.0073668835160083,{},,disabled,,,,,Ridge,20260912T120643_9a5395b87ed4:price:1,price,1,2026-09-14,1거래일,1.0,64.55400085449219,없음,,,64.55400085449219,62.60375010048967,66.5042516084947,0.788546255506608,simple,0.0170157884677498,0.0170565952171275,0.0,0.0,0.0,63.51300048828125,63.51300048828125,-0.016126039477512788,,,,,,,1.0,1.0410003662109375,,,scored,True,2026-09-24T03:10:19.134740+00:00
3,20260912T120643_9a5395b87ed4,2026-09-12T12:07:06.036014+00:00,github-actions,823ac12bac50,2026-09-14,2026-09-11,f34295d1133c4e39f503,9b0b1adcafba0fea37db,close_to_close,0.0073668835160083,{},,disabled,,,,,Ridge,20260912T120643_9a5395b87ed4:price:5,price,5,2026-09-18,1주일,5.0,64.55400085449219,없음,,,64.55400085449219,59.86296892023468,69.2450327887497,0.7716049382716049,simple,0.0400110375814085,0.0400735805043988,0.0,0.0,0.0,66.94000244140625,66.55599975585938,0.031012778059717583,,,,,,,1.0,-2.0019989013671875,,,scored,True,2026-09-24T03:10:19.134740+00:00
3,20260912T120643_9a5395b87ed4,2026-09-12T12:07:06.036014+00:00,github-actions,823ac12bac50,2026-09-14,2026-09-11,f34295d1133c4e39f503,9b0b1adcafba0fea37db,close_to_close,0.0073668835160083,{},,disabled,,,,,Ridge,20260912T120643_9a5395b87ed4:price:20,price,20,2026-10-09,1개월,20.0,64.55400085449219,없음,,,64.55400085449219,54.426850765650606,74.68115094333376,0.8100706713780919,simple,0.0769674985565506,0.0776036621011633,0.0,0.0,0.0,,,,,,,,,,,,,,pending,True,2026-09-24T03:10:19.134740+00:00
3,20260912T122315_55441f544b4f,2026-09-12T12:23:35.000754+00:00,github-actions,823ac12bac50,2026-09-14,2026-09-11,f34295d1133c4e39f503,9b0b1adcafba0fea37db,close_to_close,0.0073668835160083,{},,disabled,상승,0.317117936948783,0.3158641318546754,0.3670179311965416,Logistic,20260912T122315_55441f544b4f:direction:Logistic,direction,1,2026-09-14,,,,,,,,,,,,,,,,,63.51300048828125,63.51300048828125,-0.016126039477512788,0.0,0.0,,,,,,,1.1484815334469964,0.7008002236491834,scored,True,2026-09-24T03:10:19.134740+00:00
3,20260912T122315_55441f544b4f,2026-09-12T12:23:35.000754+00:00,github-actions,823ac12bac50,2026-09-14,2026-09-11,f34295d1133c4e39f503,9b0b1adcafba0fea37db,close_to_close,0.0073668835160083,{},,disabled,,,,,Ridge,20260912T122315_55441f544b4f:price:1,price,1,2026-09-14,1거래일,1.0,64.55400085449219,없음,,,64.55400085449219,62.60375010048967,66.5042516084947,0.788546255506608,simple,0.0170157884741922,0.0170565952171275,0.0,0.0,0.0,63.51300048828125,63.51300048828125,-0.016126039477512788,,,,,,,1.0,1.0410003662109375,,,scored,True,2026-09-24T03:10:19.134740+00:00
3,20260912T122315_55441f544b4f,2026-09-12T12:23:35.000754+00:00,github-actions,823ac12bac50,2026-09-14,2026-09-11,f34295d1133c4e39f503,9b0b1adcafba0fea37db,close_to_close,0.0073668835160083,{},,disabled,,,,,Ridge,20260912T122315_55441f544b4f:price:5,price,5,2026-09-18,1주일,5.0,64.55400085449219,없음,,,64.55400085449219,59.86296892023468,69.2450327887497,0.7716049382716049,simple,0.0400110376048933,0.0400735805043988,0.0,0.0,0.0,66.94000244140625,66.55599975585938,0.031012778059717583,,,,,,,1.0,-2.0019989013671875,,,scored,True,2026-09-24T03:10:19.134740+00:00
3,20260912T122315_55441f544b4f,2026-09-12T12:23:35.000754+00:00,github-actions,823ac12bac50,2026-09-14,2026-09-11,f34295d1133c4e39f503,9b0b1adcafba0fea37db,close_to_close,0.0073668835160083,{},,disabled,,,,,Ridge,20260912T122315_55441f544b4f:price:20,price,20,2026-10-09,1개월,20.0,64.55400085449219,없음,,,64.55400085449219,54.426850765650606,74.68115094333376,0.8100706713780919,simple,0.0769674984880597,0.0776036621011633,0.0,0.0,0.0,,,,,,,,,,,,,,pending,True,2026-09-24T03:10:19.134740+00:00
3,20260912T130354_3caec7e391ad,2026-09-12T13:04:20.884399+00:00,github-actions,823ac12bac50,2026-09-14,2026-09-11,f34295d1133c4e39f503,9b0b1adcafba0fea37db,close_to_close,0.0073668835160083,{},,disabled,상승,0.3171179283214766,0.3158641232614792,0.3670179484170441,Logistic,20260912T130354_3caec7e391ad:direction:Logistic,direction,1,2026-09-14,,,,,,,,,,,,,,,,,63.51300048828125,63.51300048828125,-0.016126039477512788,0.0,0.0,,,,,,,1.1484815606523526,0.7008002426439508,scored,True,2026-09-24T03:10:19.134740+00:00
3,20260912T130354_3caec7e391ad,2026-09-12T13:04:20.884399+00:00,github-actions,823ac12bac50,2026-09-14,2026-09-11,f34295d1133c4e39f503,9b0b1adcafba0fea37db,close_to_close,0.0073668835160083,{},,disabled,,,,,Ridge,20260912T130354_3caec7e391ad:price:1,price,1,2026-09-14,1거래일,1.0,64.55400085449219,없음,,,64.55400085449219,62.60375010048967,66.5042516084947,0.788546255506608,simple,0.0170157884677498,0.0170565952171275,0.0,0.0,0.0,63.51300048828125,63.51300048828125,-0.016126039477512788,,,,,,,1.0,1.0410003662109375,,,scored,True,2026-09-24T03:10:19.134740+00:00
3,20260912T130354_3caec7e391ad,2026-09-12T13:04:20.884399+00:00,github-actions,823ac12bac50,2026-09-14,2026-09-11,f34295d1133c4e39f503,9b0b1adcafba0fea37db,close_to_close,0.0073668835160083,{},,disabled,,,,,Ridge,20260912T130354_3caec7e391ad:price:5,price,5,2026-09-18,1주일,5.0,64.55400085449219,없음,,,64.55400085449219,59.86296892023468,69.2450327887497,0.7716049382716049,simple,0.0400110375814085,0.0400735805043988,0.0,0.0,0.0,66.94000244140625,66.55599975585938,0.031012778059717583,,,,,,,1.0,-2.0019989013671875,,,scored,True,2026-09-24T03:10:19.134740+00:00
3,20260912T130354_3caec7e391ad,2026-09-12T13:04:20.884399+00:00,github-actions,823ac12bac50,2026-09-14,2026-09-11,f34295d1133c4e39f503,9b0b1adcafba0fea37db,close_to_close,0.0073668835160083,{},,disabled,,,,,Ridge,20260912T130354_3caec7e391ad:price:20,price,20,2026-10-09,1개월,20.0,64.55400085449219,없음,,,64.55400085449219,54.426850765650606,74.68115094333376,0.8100706713780919,simple,0.0769674985565506,0.0776036621011633,0.0,0.0,0.0,,,,,,,,,,,,,,pending,True,2026-09-24T03:10:19.134740+00:00
3,20260912T132917_365be64b3a29,2026-09-12T13:29:35.939091+00:00,github-actions,823ac12bac50,2026-09-14,2026-09-11,f34295d1133c4e39f503,9b0b1adcafba0fea37db,close_to_close,0.0073668835160083,{},,disabled,상승,0.317117936948783,0.3158641318546754,0.3670179311965416,Logistic,20260912T132917_365be64b3a29:direction:Logistic,direction,1,2026-09-14,,,,,,,,,,,,,,,,,63.51300048828125,63.51300048828125,-0.016126039477512788,0.0,0.0,,,,,,,1.1484815334469964,0.7008002236491834,scored,True,2026-09-24T03:10:19.134740+00:00
3,20260912T132917_365be64b3a29,2026-09-12T13:29:35.939091+00:00,github-actions,823ac12bac50,2026-09-14,2026-09-11,f34295d1133c4e39f503,9b0b1adcafba0fea37db,close_to_close,0.0073668835160083,{},,disabled,,,,,Ridge,20260912T132917_365be64b3a29:price:1,price,1,2026-09-14,1거래일,1.0,64.55400085449219,없음,,,64.55400085449219,62.60375010048967,66.5042516084947,0.788546255506608,simple,0.0170157884669423,0.0170565952171275,0.0,0.0,0.0,63.51300048828125,63.51300048828125,-0.016126039477512788,,,,,,,1.0,1.0410003662109375,,,scored,True,2026-09-24T03:10:19.134740+00:00
3,20260912T132917_365be64b3a29,2026-09-12T13:29:35.939091+00:00,github-actions,823ac12bac50,2026-09-14,2026-09-11,f34295d1133c4e39f503,9b0b1adcafba0fea37db,close_to_close,0.0073668835160083,{},,disabled,,,,,Ridge,20260912T132917_365be64b3a29:price:5,price,5,2026-09-18,1주일,5.0,64.55400085449219,없음,,,64.55400085449219,59.86296892023468,69.2450327887497,0.7716049382716049,simple,0.0400110376165623,0.0400735805043988,0.0,0.0,0.0,66.94000244140625,66.55599975585938,0.031012778059717583,,,,,,,1.0,-2.0019989013671875,,,scored,True,2026-09-24T03:10:19.134740+00:00
3,20260912T132917_365be64b3a29,2026-09-12T13:29:35.939091+00:00,github-actions,823ac12bac50,2026-09-14,2026-09-11,f34295d1133c4e39f503,9b0b1adcafba0fea37db,close_to_close,0.0073668835160083,{},,disabled,,,,,Ridge,20260912T132917_365be64b3a29:price:20,price,20,2026-10-09,1개월,20.0,64.55400085449219,없음,,,64.55400085449219,54.426850765650606,74.68115094333376,0.8100706713780919,simple,0.0769674984786931,0.0776036621011633,0.0,0.0,0.0,,,,,,,,,,,,,,pending,True,2026-09-24T03:10:19.134740+00:00
3,20260912T134141_8b813658395c,2026-09-12T13:42:03.176257+00:00,github-actions,823ac12bac50,2026-09-14,2026-09-11,f34295d1133c4e39f503,9b0b1adcafba0fea37db,close_to_close,0.0073668835160083,{},,disabled,상승,0.3171179283214766,0.3158641232614792,0.3670179484170441,Logistic,20260912T134141_8b813658395c:direction:Logistic,direction,1,2026-09-14,,,,,,,,,,,,,,,,,63.51300048828125,63.51300048828125,-0.016126039477512788,0.0,0.0,,,,,,,1.1484815606523526,0.7008002426439508,scored,True,2026-09-24T03:10:19.134740+00:00
3,20260912T134141_8b813658395c,2026-09-12T13:42:03.176257+00:00,github-actions,823ac12bac50,2026-09-14,2026-09-11,f34295d1133c4e39f503,9b0b1adcafba0fea37db,close_to_close,0.0073668835160083,{},,disabled,,,,,Ridge,20260912T134141_8b813658395c:price:1,price,1,2026-09-14,1거래일,1.0,64.55400085449219,없음,,,64.55400085449219,62.60375010048967,66.5042516084947,0.788546255506608,simple,0.0170157884677498,0.0170565952171275,0.0,0.0,0.0,63.51300048828125,63.51300048828125,-0.016126039477512788,,,,,,,1.0,1.0410003662109375,,,scored,True,2026-09-24T03:10:19.134740+00:00
3,20260912T134141_8b813658395c,2026-09-12T13:42:03.176257+00:00,github-actions,823ac12bac50,2026-09-14,2026-09-11,f34295d1133c4e39f503,9b0b1adcafba0fea37db,close_to_close,0.0073668835160083,{},,disabled,,,,,Ridge,20260912T134141_8b813658395c:price:5,price,5,2026-09-18,1주일,5.0,64.55400085449219,없음,,,64.55400085449219,59.86296892023468,69.2450327887497,0.7716049382716049,simple,0.0400110375814085,0.0400735805043988,0.0,0.0,0.0,66.94000244140625,66.55599975585938,0.031012778059717583,,,,,,,1.0,-2.0019989013671875,,,scored,True,2026-09-24T03:10:19.134740+00:00
3,20260912T134141_8b813658395c,2026-09-12T13:42:03.176257+00:00,github-actions,823ac12bac50,2026-09-14,2026-09-11,f34295d1133c4e39f503,9b0b1adcafba0fea37db,close_to_close,0.0073668835160083,{},,disabled,,,,,Ridge,20260912T134141_8b813658395c:price:20,price,20,2026-10-09,1개월,20.0,64.55400085449219,없음,,,64.55400085449219,54.426850765650606,74.68115094333376,0.8100706713780919,simple,0.0769674985565506,0.0776036621011633,0.0,0.0,0.0,,,,,,,,,,,,,,pending,True,2026-09-24T03:10:19.134740+00:00
3,20260912T142218_af09f52920ca,2026-09-12T14:22:42.315384+00:00,github-actions,823ac12bac50,2026-09-14,2026-09-11,f34295d1133c4e39f503,9b0b1adcafba0fea37db,close_to_close,0.0073668835160083,{},,disabled,상승,0.317117936948783,0.3158641318546754,0.3670179311965416,Logistic,20260912T142218_af09f52920ca:direction:Logistic,direction,1,2026-09-14,,,,,,,,,,,,,,,,,63.51300048828125,63.51300048828125,-0.016126039477512788,0.0,0.0,,,,,,,1.1484815334469964,0.7008002236491834,scored,True,2026-09-24T03:10:19.134740+00:00
3,20260912T142218_af09f52920ca,2026-09-12T14:22:42.315384+00:00,github-actions,823ac12bac50,2026-09-14,2026-09-11,f34295d1133c4e39f503,9b0b1adcafba0fea37db,close_to_close,0.0073668835160083,{},,disabled,,,,,Ridge,20260912T142218_af09f52920ca:price:1,price,1,2026-09-14,1거래일,1.0,64.55400085449219,없음,,,64.55400085449219,62.60375010048967,66.5042516084947,0.788546255506608,simple,0.0170157884669423,0.0170565952171275,0.0,0.0,0.0,63.51300048828125,63.51300048828125,-0.016126039477512788,,,,,,,1.0,1.0410003662109375,,,scored,True,2026-09-24T03:10:19.134740+00:00
3,20260912T142218_af09f52920ca,2026-09-12T14:22:42.315384+00:00,github-actions,823ac12bac50,2026-09-14,2026-09-11,f34295d1133c4e39f503,9b0b1adcafba0fea37db,close_to_close,0.0073668835160083,{},,disabled,,,,,Ridge,20260912T142218_af09f52920ca:price:5,price,5,2026-09-18,1주일,5.0,64.55400085449219,없음,,,64.55400085449219,59.86296892023468,69.2450327887497,0.7716049382716049,simple,0.0400110376165623,0.0400735805043988,0.0,0.0,0.0,66.94000244140625,66.55599975585938,0.031012778059717583,,,,,,,1.0,-2.0019989013671875,,,scored,True,2026-09-24T03:10:19.134740+00:00
3,20260912T142218_af09f52920ca,2026-09-12T14:22:42.315384+00:00,github-actions,823ac12bac50,2026-09-14,2026-09-11,f34295d1133c4e39f503,9b0b1adcafba0fea37db,close_to_close,0.0073668835160083,{},,disabled,,,,,Ridge,20260912T142218_af09f52920ca:price:20,price,20,2026-10-09,1개월,20.0,64.55400085449219,없음,,,64.55400085449219,54.426850765650606,74.68115094333376,0.8100706713780919,simple,0.0769674984786931,0.0776036621011633,0.0,0.0,0.0,,,,,,,,,,,,,,pending,True,2026-09-24T03:10:19.134740+00:00
3,20260912T144812_ffcbaf0234ff,2026-09-12T14:48:32.921931+00:00,github-actions,823ac12bac50,2026-09-14,2026-09-11,f34295d1133c4e39f503,9b0b1adcafba0fea37db,close_to_close,0.0073668835160083,{},,disabled,상승,0.3171179283214766,0.3158641232614792,0.3670179484170441,Logistic,20260912T144812_ffcbaf0234ff:direction:Logistic,direction,1,2026-09-14,,,,,,,,,,,,,,,,,63.51300048828125,63.51300048828125,-0.016126039477512788,0.0,0.0,,,,,,,1.1484815606523526,0.7008002426439508,scored,True,2026-09-24T03:10:19.134740+00:00
3,20260912T144812_ffcbaf0234ff,2026-09-12T14:48:32.921931+00:00,github-actions,823ac12bac50,2026-09-14,2026-09-11,f34295d1133c4e39f503,9b0b1adcafba0fea37db,close_to_close,0.0073668835160083,{},,disabled,,,,,Ridge,20260912T144812_ffcbaf0234ff:price:1,price,1,2026-09-14,1거래일,1.0,64.55400085449219,없음,,,64.55400085449219,62.60375010048967,66.5042516084947,0.788546255506608,simple,0.0170157884677498,0.0170565952171275,0.0,0.0,0.0,63.51300048828125,63.51300048828125,-0.016126039477512788,,,,,,,1.0,1.0410003662109375,,,scored,True,2026-09-24T03:10:19.134740+00:00
3,20260912T144812_ffcbaf0234ff,2026-09-12T14:48:32.921931+00:00,github-actions,823ac12bac50,2026-09-14,2026-09-11,f34295d1133c4e39f503,9b0b1adcafba0fea37db,close_to_close,0.0073668835160083,{},,disabled,,,,,Ridge,20260912T144812_ffcbaf0234ff:price:5,price,5,2026-09-18,1주일,5.0,64.55400085449219,없음,,,64.55400085449219,59.86296892023468,69.2450327887497,0.7716049382716049,simple,0.0400110375814085,0.0400735805043988,0.0,0.0,0.0,66.94000244140625,66.55599975585938,0.031012778059717583,,,,,,,1.0,-2.0019989013671875,,,scored,True,2026-09-24T03:10:19.134740+00:00
3,20260912T144812_ffcbaf0234ff,2026-09-12T14:48:32.921931+00:00,github-actions,823ac12bac50,2026-09-14,2026-09-11,f34295d1133c4e39f503,9b0b1adcafba0fea37db,close_to_close,0.0073668835160083,{},,disabled,,,,,Ridge,20260912T144812_ffcbaf0234ff:price:20,price,20,2026-10-09,1개월,20.0,64.55400085449219,없음,,,64.55400085449219,54.426850765650606,74.68115094333376,0.8100706713780919,simple,0.0769674985565506,0.0776036621011633,0.0,0.0,0.0,,,,,,,,,,,,,,pending,True,2026-09-24T03:10:19.134740+00:00
3,20260912T224416_c8bee24be1c3,2026-09-12T22:44:39.889480+00:00,github-actions,823ac12bac50,2026-09-14,2026-09-11,f34295d1133c4e39f503,9b0b1adcafba0fea37db,close_to_close,0.0073668835160083,{},,disabled,상승,0.317117936948783,0.3158641318546754,0.3670179311965416,Logistic,20260912T224416_c8bee24be1c3:direction:Logistic,direction,1,2026-09-14,,,,,,,,,,,,,,,,,63.51300048828125,63.51300048828125,-0.016126039477512788,0.0,0.0,,,,,,,1.1484815334469964,0.7008002236491834,scored,True,2026-09-24T03:10:19.134740+00:00
3,20260912T224416_c8bee24be1c3,2026-09-12T22:44:39.889480+00:00,github-actions,823ac12bac50,2026-09-14,2026-09-11,f34295d1133c4e39f503,9b0b1adcafba0fea37db,close_to_close,0.0073668835160083,{},,disabled,,,,,Ridge,20260912T224416_c8bee24be1c3:price:1,price,1,2026-09-14,1거래일,1.0,64.55400085449219,없음,,,64.55400085449219,62.60375010048967,66.5042516084947,0.788546255506608,simple,0.0170157884669423,0.0170565952171275,0.0,0.0,0.0,63.51300048828125,63.51300048828125,-0.016126039477512788,,,,,,,1.0,1.0410003662109375,,,scored,True,2026-09-24T03:10:19.134740+00:00
3,20260912T224416_c8bee24be1c3,2026-09-12T22:44:39.889480+00:00,github-actions,823ac12bac50,2026-09-14,2026-09-11,f34295d1133c4e39f503,9b0b1adcafba0fea37db,close_to_close,0.0073668835160083,{},,disabled,,,,,Ridge,20260912T224416_c8bee24be1c3:price:5,price,5,2026-09-18,1주일,5.0,64.55400085449219,없음,,,64.55400085449219,59.86296892023468,69.2450327887497,0.7716049382716049,simple,0.0400110376165623,0.0400735805043988,0.0,0.0,0.0,66.94000244140625,66.55599975585938,0.031012778059717583,,,,,,,1.0,-2.0019989013671875,,,scored,True,2026-09-24T03:10:19.134740+00:00
3,20260912T224416_c8bee24be1c3,2026-09-12T22:44:39.889480+00:00,github-actions,823ac12bac50,2026-09-14,2026-09-11,f34295d1133c4e39f503,9b0b1adcafba0fea37db,close_to_close,0.0073668835160083,{},,disabled,,,,,Ridge,20260912T224416_c8bee24be1c3:price:20,price,20,2026-10-09,1개월,20.0,64.55400085449219,없음,,,64.55400085449219,54.426850765650606,74.68115094333376,0.8100706713780919,simple,0.0769674984786931,0.0776036621011633,0.0,0.0,0.0,,,,,,,,,,,,,,pending,True,2026-09-24T03:10:19.134740+00:00
3,20260913T042818_1b0d120081f4,2026-09-13T04:28:35.925756+00:00,github-actions,823ac12bac50,2026-09-14,2026-09-11,4a94ad8b23d90b27940f,9b0b1adcafba0fea37db,close_to_close,0.0074227489612228,{},,disabled,상승,0.3271581047478971,0.3089688069211455,0.3638730883309574,Logistic,20260913T042818_1b0d120081f4:direction:Logistic,direction,1,2026-09-14,,,,,,,,,,,,,,,,,63.51300048828125,63.51300048828125,-0.016126039477512788,0.0,0.0,,,,,,,1.1173117241756174,0.6805815640682267,scored,True,2026-09-24T03:10:19.134740+00:00
3,20260913T042818_1b0d120081f4,2026-09-13T04:28:35.925756+00:00,github-actions,823ac12bac50,2026-09-14,2026-09-11,4a94ad8b23d90b27940f,9b0b1adcafba0fea37db,close_to_close,0.0074227489612228,{},,disabled,,,,,Ridge,20260913T042818_1b0d120081f4:price:1,price,1,2026-09-14,1거래일,1.0,65.18800354003906,없음,,,65.18800354003906,63.20366420552354,67.17234287455459,0.788546255506608,simple,0.017024477918504,0.0170652846686892,0.0,0.0,0.0,63.51300048828125,63.51300048828125,-0.025694958593554862,,,,,,,1.0,1.6750030517578125,,,scored,True,2026-09-24T03:10:19.134740+00:00
3,20260913T042818_1b0d120081f4,2026-09-13T04:28:35.925756+00:00,github-actions,823ac12bac50,2026-09-14,2026-09-11,4a94ad8b23d90b27940f,9b0b1adcafba0fea37db,close_to_close,0.0074227489612228,{},,disabled,,,,,Ridge,20260913T042818_1b0d120081f4:price:5,price,5,2026-09-18,1주일,5.0,65.18800354003906,없음,,,65.18800354003906,60.41497670361226,69.96103037646586,0.7716049382716049,simple,0.0400026896962931,0.0400652325841295,0.0,0.0,0.0,66.94000244140625,66.55599975585938,0.020985398256292198,,,,,,,1.0,-1.3679962158203125,,,scored,True,2026-09-24T03:10:19.134740+00:00
3,20260913T042818_1b0d120081f4,2026-09-13T04:28:35.925756+00:00,github-actions,823ac12bac50,2026-09-14,2026-09-11,4a94ad8b23d90b27940f,9b0b1adcafba0fea37db,close_to_close,0.0074227489612228,{},,disabled,,,,,Ridge,20260913T042818_1b0d120081f4:price:20,price,20,2026-10-09,1개월,20.0,65.18800354003906,없음,,,65.18800354003906,54.88384022842996,75.49216685164815,0.8100706713780919,simple,0.0769623237454735,0.0776036076620623,0.0,0.0,0.0,,,,,,,,,,,,,,pending,True,2026-09-24T03:10:19.134740+00:00
3,20260913T045411_ac161ac9c346,2026-09-13T04:54:33.576839+00:00,github-actions,823ac12bac50,2026-09-14,2026-09-11,4a94ad8b23d90b27940f,9b0b1adcafba0fea37db,close_to_close,0.0074227489612228,{},,disabled,상승,0.3271581047478971,0.3089688069211455,0.3638730883309574,Logistic,20260913T045411_ac161ac9c346:direction:Logistic,direction,1,2026-09-14,,,,,,,,,,,,,,,,,63.51300048828125,63.51300048828125,-0.016126039477512788,0.0,0.0,,,,,,,1.1173117241756174,0.6805815640682267,scored,True,2026-09-24T03:10:19.134740+00:00
3,20260913T045411_ac161ac9c346,2026-09-13T04:54:33.576839+00:00,github-actions,823ac12bac50,2026-09-14,2026-09-11,4a94ad8b23d90b27940f,9b0b1adcafba0fea37db,close_to_close,0.0074227489612228,{},,disabled,,,,,Ridge,20260913T045411_ac161ac9c346:price:1,price,1,2026-09-14,1거래일,1.0,65.18800354003906,없음,,,65.18800354003906,63.20366420552354,67.17234287455459,0.788546255506608,simple,0.017024477918504,0.0170652846686892,0.0,0.0,0.0,63.51300048828125,63.51300048828125,-0.025694958593554862,,,,,,,1.0,1.6750030517578125,,,scored,True,2026-09-24T03:10:19.134740+00:00
3,20260913T045411_ac161ac9c346,2026-09-13T04:54:33.576839+00:00,github-actions,823ac12bac50,2026-09-14,2026-09-11,4a94ad8b23d90b27940f,9b0b1adcafba0fea37db,close_to_close,0.0074227489612228,{},,disabled,,,,,Ridge,20260913T045411_ac161ac9c346:price:5,price,5,2026-09-18,1주일,5.0,65.18800354003906,없음,,,65.18800354003906,60.41497670361226,69.96103037646586,0.7716049382716049,simple,0.0400026896962931,0.0400652325841295,0.0,0.0,0.0,66.94000244140625,66.55599975585938,0.020985398256292198,,,,,,,1.0,-1.3679962158203125,,,scored,True,2026-09-24T03:10:19.134740+00:00
3,20260913T045411_ac161ac9c346,2026-09-13T04:54:33.576839+00:00,github-actions,823ac12bac50,2026-09-14,2026-09-11,4a94ad8b23d90b27940f,9b0b1adcafba0fea37db,close_to_close,0.0074227489612228,{},,disabled,,,,,Ridge,20260913T045411_ac161ac9c346:price:20,price,20,2026-10-09,1개월,20.0,65.18800354003906,없음,,,65.18800354003906,54.88384022842996,75.49216685164815,0.8100706713780919,simple,0.0769623237454735,0.0776036076620623,0.0,0.0,0.0,,,,,,,,,,,,,,pending,True,2026-09-24T03:10:19.134740+00:00
3,20260913T053748_55056c4d3a96,2026-09-13T05:38:07.150579+00:00,github-actions,823ac12bac50,2026-09-14,2026-09-11,4a94ad8b23d90b27940f,9b0b1adcafba0fea37db,close_to_close,0.0074227489612228,{},,disabled,상승,0.3271581047478971,0.3089688069211455,0.3638730883309574,Logistic,20260913T053748_55056c4d3a96:direction:Logistic,direction,1,2026-09-14,,,,,,,,,,,,,,,,,63.51300048828125,63.51300048828125,-0.016126039477512788,0.0,0.0,,,,,,,1.1173117241756174,0.6805815640682267,scored,True,2026-09-24T03:10:19.134740+00:00
3,20260913T053748_55056c4d3a96,2026-09-13T05:38:07.150579+00:00,github-actions,823ac12bac50,2026-09-14,2026-09-11,4a94ad8b23d90b27940f,9b0b1adcafba0fea37db,close_to_close,0.0074227489612228,{},,disabled,,,,,Ridge,20260913T053748_55056c4d3a96:price:1,price,1,2026-09-14,1거래일,1.0,65.18800354003906,없음,,,65.18800354003906,63.20366420552354,67.17234287455459,0.788546255506608,simple,0.0170244779257539,0.0170652846686892,0.0,0.0,0.0,63.51300048828125,63.51300048828125,-0.025694958593554862,,,,,,,1.0,1.6750030517578125,,,scored,True,2026-09-24T03:10:19.134740+00:00
3,20260913T053748_55056c4d3a96,2026-09-13T05:38:07.150579+00:00,github-actions,823ac12bac50,2026-09-14,2026-09-11,4a94ad8b23d90b27940f,9b0b1adcafba0fea37db,close_to_close,0.0074227489612228,{},,disabled,,,,,Ridge,20260913T053748_55056c4d3a96:price:5,price,5,2026-09-18,1주일,5.0,65.18800354003906,없음,,,65.18800354003906,60.41497670361226,69.96103037646586,0.7716049382716049,simple,0.0400026896846241,0.0400652325841295,0.0,0.0,0.0,66.94000244140625,66.55599975585938,0.020985398256292198,,,,,,,1.0,-1.3679962158203125,,,scored,True,2026-09-24T03:10:19.134740+00:00
3,20260913T053748_55056c4d3a96,2026-09-13T05:38:07.150579+00:00,github-actions,823ac12bac50,2026-09-14,2026-09-11,4a94ad8b23d90b27940f,9b0b1adcafba0fea37db,close_to_close,0.0074227489612228,{},,disabled,,,,,Ridge,20260913T053748_55056c4d3a96:price:20,price,20,2026-10-09,1개월,20.0,65.18800354003906,없음,,,65.18800354003906,54.88384022842996,75.49216685164815,0.8100706713780919,simple,0.07696232375484,0.0776036076620623,0.0,0.0,0.0,,,,,,,,,,,,,,pending,True,2026-09-24T03:10:19.134740+00:00
3,20260913T060401_1c1409efcc32,2026-09-13T06:04:30.575034+00:00,github-actions,823ac12bac50,2026-09-14,2026-09-11,4a94ad8b23d90b27940f,9b0b1adcafba0fea37db,close_to_close,0.0074227489612228,{},,disabled,상승,0.3271580936872624,0.3089688270327498,0.3638730792799877,Logistic,20260913T060401_1c1409efcc32:direction:Logistic,direction,1,2026-09-14,,,,,,,,,,,,,,,,,63.51300048828125,63.51300048828125,-0.016126039477512788,0.0,0.0,,,,,,,1.1173117579838423,0.6805815847932523,scored,True,2026-09-24T03:10:19.134740+00:00
3,20260913T060401_1c1409efcc32,2026-09-13T06:04:30.575034+00:00,github-actions,823ac12bac50,2026-09-14,2026-09-11,4a94ad8b23d90b27940f,9b0b1adcafba0fea37db,close_to_close,0.0074227489612228,{},,disabled,,,,,Ridge,20260913T060401_1c1409efcc32:price:1,price,1,2026-09-14,1거래일,1.0,65.18800354003906,없음,,,65.18800354003906,63.20366420552354,67.17234287455459,0.788546255506608,simple,0.0170244779193115,0.0170652846686892,0.0,0.0,0.0,63.51300048828125,63.51300048828125,-0.025694958593554862,,,,,,,1.0,1.6750030517578125,,,scored,True,2026-09-24T03:10:19.134740+00:00
3,20260913T060401_1c1409efcc32,2026-09-13T06:04:30.575034+00:00,github-actions,823ac12bac50,2026-09-14,2026-09-11,4a94ad8b23d90b27940f,9b0b1adcafba0fea37db,close_to_close,0.0074227489612228,{},,disabled,,,,,Ridge,20260913T060401_1c1409efcc32:price:5,price,5,2026-09-18,1주일,5.0,65.18800354003906,없음,,,65.18800354003906,60.41497670361226,69.96103037646586,0.7716049382716049,simple,0.0400026896611393,0.0400652325841295,0.0,0.0,0.0,66.94000244140625,66.55599975585938,0.020985398256292198,,,,,,,1.0,-1.3679962158203125,,,scored,True,2026-09-24T03:10:19.134740+00:00
3,20260913T060401_1c1409efcc32,2026-09-13T06:04:30.575034+00:00,github-actions,823ac12bac50,2026-09-14,2026-09-11,4a94ad8b23d90b27940f,9b0b1adcafba0fea37db,close_to_close,0.0074227489612228,{},,disabled,,,,,Ridge,20260913T060401_1c1409efcc32:price:20,price,20,2026-10-09,1개월,20.0,65.18800354003906,없음,,,65.18800354003906,54.88384022842996,75.49216685164815,0.8100706713780919,simple,0.076962323823331,0.0776036076620623,0.0,0.0,0.0,,,,,,,,,,,,,,pending,True,2026-09-24T03:10:19.134740+00:00
3,20260913T061516_3b17f37241f6,2026-09-13T06:15:41.398607+00:00,github-actions,823ac12bac50,2026-09-14,2026-09-11,4a94ad8b23d90b27940f,9b0b1adcafba0fea37db,close_to_close,0.0074227489612228,{},,disabled,상승,0.3271580936872624,0.3089688270327498,0.3638730792799877,Logistic,20260913T061516_3b17f37241f6:direction:Logistic,direction,1,2026-09-14,,,,,,,,,,,,,,,,,63.51300048828125,63.51300048828125,-0.016126039477512788,0.0,0.0,,,,,,,1.1173117579838423,0.6805815847932523,scored,True,2026-09-24T03:10:19.134740+00:00
3,20260913T061516_3b17f37241f6,2026-09-13T06:15:41.398607+00:00,github-actions,823ac12bac50,2026-09-14,2026-09-11,4a94ad8b23d90b27940f,9b0b1adcafba0fea37db,close_to_close,0.0074227489612228,{},,disabled,,,,,Ridge,20260913T061516_3b17f37241f6:price:1,price,1,2026-09-14,1거래일,1.0,65.18800354003906,없음,,,65.18800354003906,63.20366420552354,67.17234287455459,0.788546255506608,simple,0.0170244779193115,0.0170652846686892,0.0,0.0,0.0,63.51300048828125,63.51300048828125,-0.025694958593554862,,,,,,,1.0,1.6750030517578125,,,scored,True,2026-09-24T03:10:19.134740+00:00
3,20260913T061516_3b17f37241f6,2026-09-13T06:15:41.398607+00:00,github-actions,823ac12bac50,2026-09-14,2026-09-11,4a94ad8b23d90b27940f,9b0b1adcafba0fea37db,close_to_close,0.0074227489612228,{},,disabled,,,,,Ridge,20260913T061516_3b17f37241f6:price:5,price,5,2026-09-18,1주일,5.0,65.18800354003906,없음,,,65.18800354003906,60.41497670361226,69.96103037646586,0.7716049382716049,simple,0.0400026896611393,0.0400652325841295,0.0,0.0,0.0,66.94000244140625,66.55599975585938,0.020985398256292198,,,,,,,1.0,-1.3679962158203125,,,scored,True,2026-09-24T03:10:19.134740+00:00
3,20260913T061516_3b17f37241f6,2026-09-13T06:15:41.398607+00:00,github-actions,823ac12bac50,2026-09-14,2026-09-11,4a94ad8b23d90b27940f,9b0b1adcafba0fea37db,close_to_close,0.0074227489612228,{},,disabled,,,,,Ridge,20260913T061516_3b17f37241f6:price:20,price,20,2026-10-09,1개월,20.0,65.18800354003906,없음,,,65.18800354003906,54.88384022842996,75.49216685164815,0.8100706713780919,simple,0.076962323823331,0.0776036076620623,0.0,0.0,0.0,,,,,,,,,,,,,,pending,True,2026-09-24T03:10:19.134740+00:00
3,20260913T064038_10549a43017e,2026-09-13T06:41:02.712864+00:00,github-actions,823ac12bac50,2026-09-14,2026-09-11,4a94ad8b23d90b27940f,9b0b1adcafba0fea37db,close_to_close,0.0074227489612228,{},,disabled,상승,0.3271580936872624,0.3089688270327498,0.3638730792799877,Logistic,20260913T064038_10549a43017e:direction:Logistic,direction,1,2026-09-14,,,,,,,,,,,,,,,,,63.51300048828125,63.51300048828125,-0.016126039477512788,0.0,0.0,,,,,,,1.1173117579838423,0.6805815847932523,scored,True,2026-09-24T03:10:19.134740+00:00
3,20260913T064038_10549a43017e,2026-09-13T06:41:02.712864+00:00,github-actions,823ac12bac50,2026-09-14,2026-09-11,4a94ad8b23d90b27940f,9b0b1adcafba0fea37db,close_to_close,0.0074227489612228,{},,disabled,,,,,Ridge,20260913T064038_10549a43017e:price:1,price,1,2026-09-14,1거래일,1.0,65.18800354003906,없음,,,65.18800354003906,63.20366420552354,67.17234287455459,0.788546255506608,simple,0.0170244779193115,0.0170652846686892,0.0,0.0,0.0,63.51300048828125,63.51300048828125,-0.025694958593554862,,,,,,,1.0,1.6750030517578125,,,scored,True,2026-09-24T03:10:19.134740+00:00
3,20260913T064038_10549a43017e,2026-09-13T06:41:02.712864+00:00,github-actions,823ac12bac50,2026-09-14,2026-09-11,4a94ad8b23d90b27940f,9b0b1adcafba0fea37db,close_to_close,0.0074227489612228,{},,disabled,,,,,Ridge,20260913T064038_10549a43017e:price:5,price,5,2026-09-18,1주일,5.0,65.18800354003906,없음,,,65.18800354003906,60.41497670361226,69.96103037646586,0.7716049382716049,simple,0.0400026896611393,0.0400652325841295,0.0,0.0,0.0,66.94000244140625,66.55599975585938,0.020985398256292198,,,,,,,1.0,-1.3679962158203125,,,scored,True,2026-09-24T03:10:19.134740+00:00
3,20260913T064038_10549a43017e,2026-09-13T06:41:02.712864+00:00,github-actions,823ac12bac50,2026-09-14,2026-09-11,4a94ad8b23d90b27940f,9b0b1adcafba0fea37db,close_to_close,0.0074227489612228,{},,disabled,,,,,Ridge,20260913T064038_10549a43017e:price:20,price,20,2026-10-09,1개월,20.0,65.18800354003906,없음,,,65.18800354003906,54.88384022842996,75.49216685164815,0.8100706713780919,simple,0.076962323823331,0.0776036076620623,0.0,0.0,0.0,,,,,,,,,,,,,,pending,True,2026-09-24T03:10:19.134740+00:00
3,20260913T091726_f8245cf2c611,2026-09-13T09:17:56.038426+00:00,github-actions,823ac12bac50,2026-09-14,2026-09-11,4a94ad8b23d90b27940f,9b0b1adcafba0fea37db,close_to_close,0.0074227489612228,{},,disabled,상승,0.3271580936872624,0.3089688270327498,0.3638730792799877,Logistic,20260913T091726_f8245cf2c611:direction:Logistic,direction,1,2026-09-14,,,,,,,,,,,,,,,,,63.51300048828125,63.51300048828125,-0.016126039477512788,0.0,0.0,,,,,,,1.1173117579838423,0.6805815847932523,scored,True,2026-09-24T03:10:19.134740+00:00
3,20260913T091726_f8245cf2c611,2026-09-13T09:17:56.038426+00:00,github-actions,823ac12bac50,2026-09-14,2026-09-11,4a94ad8b23d90b27940f,9b0b1adcafba0fea37db,close_to_close,0.0074227489612228,{},,disabled,,,,,Ridge,20260913T091726_f8245cf2c611:price:1,price,1,2026-09-14,1거래일,1.0,65.18800354003906,없음,,,65.18800354003906,63.20366420552354,67.17234287455459,0.788546255506608,simple,0.0170244779193115,0.0170652846686892,0.0,0.0,0.0,63.51300048828125,63.51300048828125,-0.025694958593554862,,,,,,,1.0,1.6750030517578125,,,scored,True,2026-09-24T03:10:19.134740+00:00
3,20260913T091726_f8245cf2c611,2026-09-13T09:17:56.038426+00:00,github-actions,823ac12bac50,2026-09-14,2026-09-11,4a94ad8b23d90b27940f,9b0b1adcafba0fea37db,close_to_close,0.0074227489612228,{},,disabled,,,,,Ridge,20260913T091726_f8245cf2c611:price:5,price,5,2026-09-18,1주일,5.0,65.18800354003906,없음,,,65.18800354003906,60.41497670361226,69.96103037646586,0.7716049382716049,simple,0.0400026896611393,0.0400652325841295,0.0,0.0,0.0,66.94000244140625,66.55599975585938,0.020985398256292198,,,,,,,1.0,-1.3679962158203125,,,scored,True,2026-09-24T03:10:19.134740+00:00
3,20260913T091726_f8245cf2c611,2026-09-13T09:17:56.038426+00:00,github-actions,823ac12bac50,2026-09-14,2026-09-11,4a94ad8b23d90b27940f,9b0b1adcafba0fea37db,close_to_close,0.0074227489612228,{},,disabled,,,,,Ridge,20260913T091726_f8245cf2c611:price:20,price,20,2026-10-09,1개월,20.0,65.18800354003906,없음,,,65.18800354003906,54.88384022842996,75.49216685164815,0.8100706713780919,simple,0.076962323823331,0.0776036076620623,0.0,0.0,0.0,,,,,,,,,,,,,,pending,True,2026-09-24T03:10:19.134740+00:00
3,20260913T122954_1aaac6fabd35,2026-09-13T12:30:14.525296+00:00,github-actions,823ac12bac50,2026-09-14,2026-09-11,4a94ad8b23d90b27940f,9b0b1adcafba0fea37db,close_to_close,0.0074227489612228,{},,disabled,상승,0.3271581047478971,0.3089688069211455,0.3638730883309574,Logistic,20260913T122954_1aaac6fabd35:direction:Logistic,direction,1,2026-09-14,,,,,,,,,,,,,,,,,63.51300048828125,63.51300048828125,-0.016126039477512788,0.0,0.0,,,,,,,1.1173117241756174,0.6805815640682267,scored,True,2026-09-24T03:10:19.134740+00:00
3,20260913T122954_1aaac6fabd35,2026-09-13T12:30:14.525296+00:00,github-actions,823ac12bac50,2026-09-14,2026-09-11,4a94ad8b23d90b27940f,9b0b1adcafba0fea37db,close_to_close,0.0074227489612228,{},,disabled,,,,,Ridge,20260913T122954_1aaac6fabd35:price:1,price,1,2026-09-14,1거래일,1.0,65.18800354003906,없음,,,65.18800354003906,63.20366420552354,67.17234287455459,0.788546255506608,simple,0.017024477918504,0.0170652846686892,0.0,0.0,0.0,63.51300048828125,63.51300048828125,-0.025694958593554862,,,,,,,1.0,1.6750030517578125,,,scored,True,2026-09-24T03:10:19.134740+00:00
3,20260913T122954_1aaac6fabd35,2026-09-13T12:30:14.525296+00:00,github-actions,823ac12bac50,2026-09-14,2026-09-11,4a94ad8b23d90b27940f,9b0b1adcafba0fea37db,close_to_close,0.0074227489612228,{},,disabled,,,,,Ridge,20260913T122954_1aaac6fabd35:price:5,price,5,2026-09-18,1주일,5.0,65.18800354003906,없음,,,65.18800354003906,60.41497670361226,69.96103037646586,0.7716049382716049,simple,0.0400026896962931,0.0400652325841295,0.0,0.0,0.0,66.94000244140625,66.55599975585938,0.020985398256292198,,,,,,,1.0,-1.3679962158203125,,,scored,True,2026-09-24T03:10:19.134740+00:00
3,20260913T122954_1aaac6fabd35,2026-09-13T12:30:14.525296+00:00,github-actions,823ac12bac50,2026-09-14,2026-09-11,4a94ad8b23d90b27940f,9b0b1adcafba0fea37db,close_to_close,0.0074227489612228,{},,disabled,,,,,Ridge,20260913T122954_1aaac6fabd35:price:20,price,20,2026-10-09,1개월,20.0,65.18800354003906,없음,,,65.18800354003906,54.88384022842996,75.49216685164815,0.8100706713780919,simple,0.0769623237454735,0.0776036076620623,0.0,0.0,0.0,,,,,,,,,,,,,,pending,True,2026-09-24T03:10:19.134740+00:00
3,20260913T231414_a3dc12d36b77,2026-09-13T23:14:33.574580+00:00,github-actions,823ac12bac50,2026-09-14,2026-09-11,f34295d1133c4e39f503,9b0b1adcafba0fea37db,close_to_close,0.0073668835160083,{},,disabled,상승,0.317117936948783,0.3158641318546754,0.3670179311965416,Logistic,20260913T231414_a3dc12d36b77:direction:Logistic,direction,1,2026-09-14,,,,,,,,,,,,,,,,,63.51300048828125,63.51300048828125,-0.016126039477512788,0.0,0.0,,,,,,,1.1484815334469964,0.7008002236491834,scored,True,2026-09-24T03:10:19.134740+00:00
3,20260913T231414_a3dc12d36b77,2026-09-13T23:14:33.574580+00:00,github-actions,823ac12bac50,2026-09-14,2026-09-11,f34295d1133c4e39f503,9b0b1adcafba0fea37db,close_to_close,0.0073668835160083,{},,disabled,,,,,Ridge,20260913T231414_a3dc12d36b77:price:1,price,1,2026-09-14,1거래일,1.0,64.55400085449219,없음,,,64.55400085449219,62.60375010048967,66.5042516084947,0.788546255506608,simple,0.0170157884669423,0.0170565952171275,0.0,0.0,0.0,63.51300048828125,63.51300048828125,-0.016126039477512788,,,,,,,1.0,1.0410003662109375,,,scored,True,2026-09-24T03:10:19.134740+00:00
3,20260913T231414_a3dc12d36b77,2026-09-13T23:14:33.574580+00:00,github-actions,823ac12bac50,2026-09-14,2026-09-11,f34295d1133c4e39f503,9b0b1adcafba0fea37db,close_to_close,0.0073668835160083,{},,disabled,,,,,Ridge,20260913T231414_a3dc12d36b77:price:5,price,5,2026-09-18,1주일,5.0,64.55400085449219,없음,,,64.55400085449219,59.86296892023468,69.2450327887497,0.7716049382716049,simple,0.0400110376165623,0.0400735805043988,0.0,0.0,0.0,66.94000244140625,66.55599975585938,0.031012778059717583,,,,,,,1.0,-2.0019989013671875,,,scored,True,2026-09-24T03:10:19.134740+00:00
3,20260913T231414_a3dc12d36b77,2026-09-13T23:14:33.574580+00:00,github-actions,823ac12bac50,2026-09-14,2026-09-11,f34295d1133c4e39f503,9b0b1adcafba0fea37db,close_to_close,0.0073668835160083,{},,disabled,,,,,Ridge,20260913T231414_a3dc12d36b77:price:20,price,20,2026-10-09,1개월,20.0,64.55400085449219,없음,,,64.55400085449219,54.426850765650606,74.68115094333376,0.8100706713780919,simple,0.0769674984786931,0.0776036621011633,0.0,0.0,0.0,,,,,,,,,,,,,,pending,True,2026-09-24T03:10:19.134740+00:00
3,20260914T003632_90fcf5546c89,2026-09-14T00:36:57.541282+00:00,github-actions,823ac12bac50,2026-09-14,2026-09-11,f34295d1133c4e39f503,9b0b1adcafba0fea37db,close_to_close,0.0073668835160083,{},,disabled,상승,0.3171179283214766,0.3158641232614792,0.3670179484170441,Logistic,20260914T003632_90fcf5546c89:direction:Logistic,direction,1,2026-09-14,,,,,,,,,,,,,,,,,63.51300048828125,63.51300048828125,-0.016126039477512788,0.0,0.0,,,,,,,1.1484815606523526,0.7008002426439508,scored,False,2026-09-24T03:10:19.134740+00:00
3,20260914T003632_90fcf5546c89,2026-09-14T00:36:57.541282+00:00,github-actions,823ac12bac50,2026-09-14,2026-09-11,f34295d1133c4e39f503,9b0b1adcafba0fea37db,close_to_close,0.0073668835160083,{},,disabled,,,,,Ridge,20260914T003632_90fcf5546c89:price:1,price,1,2026-09-14,1거래일,1.0,64.55400085449219,없음,,,64.55400085449219,62.60375010048967,66.5042516084947,0.788546255506608,simple,0.0170157884677498,0.0170565952171275,0.0,0.0,0.0,63.51300048828125,63.51300048828125,-0.016126039477512788,,,,,,,1.0,1.0410003662109375,,,scored,False,2026-09-24T03:10:19.134740+00:00
3,20260914T003632_90fcf5546c89,2026-09-14T00:36:57.541282+00:00,github-actions,823ac12bac50,2026-09-14,2026-09-11,f34295d1133c4e39f503,9b0b1adcafba0fea37db,close_to_close,0.0073668835160083,{},,disabled,,,,,Ridge,20260914T003632_90fcf5546c89:price:5,price,5,2026-09-18,1주일,5.0,64.55400085449219,없음,,,64.55400085449219,59.86296892023468,69.2450327887497,0.7716049382716049,simple,0.0400110375814085,0.0400735805043988,0.0,0.0,0.0,66.94000244140625,66.55599975585938,0.031012778059717583,,,,,,,1.0,-2.0019989013671875,,,scored,False,2026-09-24T03:10:19.134740+00:00
3,20260914T003632_90fcf5546c89,2026-09-14T00:36:57.541282+00:00,github-actions,823ac12bac50,2026-09-14,2026-09-11,f34295d1133c4e39f503,9b0b1adcafba0fea37db,close_to_close,0.0073668835160083,{},,disabled,,,,,Ridge,20260914T003632_90fcf5546c89:price:20,price,20,2026-10-09,1개월,20.0,64.55400085449219,없음,,,64.55400085449219,54.426850765650606,74.68115094333376,0.8100706713780919,simple,0.0769674985565506,0.0776036621011633,0.0,0.0,0.0,,,,,,,,,,,,,,pending,False,2026-09-24T03:10:19.134740+00:00
3,20260914T010112_c41c6134f5bc,2026-09-14T01:01:32.465209+00:00,github-actions,823ac12bac50,2026-09-14,2026-09-11,f34295d1133c4e39f503,9b0b1adcafba0fea37db,close_to_close,0.0073668835160083,{},,disabled,상승,0.3171179283214766,0.3158641232614792,0.3670179484170441,Logistic,20260914T010112_c41c6134f5bc:direction:Logistic,direction,1,2026-09-14,,,,,,,,,,,,,,,,,63.51300048828125,63.51300048828125,-0.016126039477512788,0.0,0.0,,,,,,,1.1484815606523526,0.7008002426439508,scored,False,2026-09-24T03:10:19.134740+00:00
3,20260914T010112_c41c6134f5bc,2026-09-14T01:01:32.465209+00:00,github-actions,823ac12bac50,2026-09-14,2026-09-11,f34295d1133c4e39f503,9b0b1adcafba0fea37db,close_to_close,0.0073668835160083,{},,disabled,,,,,Ridge,20260914T010112_c41c6134f5bc:price:1,price,1,2026-09-14,1거래일,1.0,64.55400085449219,없음,,,64.55400085449219,62.60375010048967,66.5042516084947,0.788546255506608,simple,0.0170157884677498,0.0170565952171275,0.0,0.0,0.0,63.51300048828125,63.51300048828125,-0.016126039477512788,,,,,,,1.0,1.0410003662109375,,,scored,False,2026-09-24T03:10:19.134740+00:00
3,20260914T010112_c41c6134f5bc,2026-09-14T01:01:32.465209+00:00,github-actions,823ac12bac50,2026-09-14,2026-09-11,f34295d1133c4e39f503,9b0b1adcafba0fea37db,close_to_close,0.0073668835160083,{},,disabled,,,,,Ridge,20260914T010112_c41c6134f5bc:price:5,price,5,2026-09-18,1주일,5.0,64.55400085449219,없음,,,64.55400085449219,59.86296892023468,69.2450327887497,0.7716049382716049,simple,0.0400110375814085,0.0400735805043988,0.0,0.0,0.0,66.94000244140625,66.55599975585938,0.031012778059717583,,,,,,,1.0,-2.0019989013671875,,,scored,False,2026-09-24T03:10:19.134740+00:00
3,20260914T010112_c41c6134f5bc,2026-09-14T01:01:32.465209+00:00,github-actions,823ac12bac50,2026-09-14,2026-09-11,f34295d1133c4e39f503,9b0b1adcafba0fea37db,close_to_close,0.0073668835160083,{},,disabled,,,,,Ridge,20260914T010112_c41c6134f5bc:price:20,price,20,2026-10-09,1개월,20.0,64.55400085449219,없음,,,64.55400085449219,54.426850765650606,74.68115094333376,0.8100706713780919,simple,0.0769674985565506,0.0776036621011633,0.0,0.0,0.0,,,,,,,,,,,,,,pending,False,2026-09-24T03:10:19.134740+00:00
3,20260914T014154_11ff32dbeff3,2026-09-14T01:42:17.874823+00:00,github-actions,823ac12bac50,2026-09-14,2026-09-11,f34295d1133c4e39f503,9b0b1adcafba0fea37db,close_to_close,0.0073668835160083,{},,disabled,상승,0.3171179283214766,0.3158641232614792,0.3670179484170441,Logistic,20260914T014154_11ff32dbeff3:direction:Logistic,direction,1,2026-09-14,,,,,,,,,,,,,,,,,63.51300048828125,63.51300048828125,-0.016126039477512788,0.0,0.0,,,,,,,1.1484815606523526,0.7008002426439508,scored,False,2026-09-24T03:10:19.134740+00:00
3,20260914T014154_11ff32dbeff3,2026-09-14T01:42:17.874823+00:00,github-actions,823ac12bac50,2026-09-14,2026-09-11,f34295d1133c4e39f503,9b0b1adcafba0fea37db,close_to_close,0.0073668835160083,{},,disabled,,,,,Ridge,20260914T014154_11ff32dbeff3:price:1,price,1,2026-09-14,1거래일,1.0,64.55400085449219,없음,,,64.55400085449219,62.60375010048967,66.5042516084947,0.788546255506608,simple,0.0170157884677498,0.0170565952171275,0.0,0.0,0.0,63.51300048828125,63.51300048828125,-0.016126039477512788,,,,,,,1.0,1.0410003662109375,,,scored,False,2026-09-24T03:10:19.134740+00:00
3,20260914T014154_11ff32dbeff3,2026-09-14T01:42:17.874823+00:00,github-actions,823ac12bac50,2026-09-14,2026-09-11,f34295d1133c4e39f503,9b0b1adcafba0fea37db,close_to_close,0.0073668835160083,{},,disabled,,,,,Ridge,20260914T014154_11ff32dbeff3:price:5,price,5,2026-09-18,1주일,5.0,64.55400085449219,없음,,,64.55400085449219,59.86296892023468,69.2450327887497,0.7716049382716049,simple,0.0400110375814085,0.0400735805043988,0.0,0.0,0.0,66.94000244140625,66.55599975585938,0.031012778059717583,,,,,,,1.0,-2.0019989013671875,,,scored,False,2026-09-24T03:10:19.134740+00:00
3,20260914T014154_11ff32dbeff3,2026-09-14T01:42:17.874823+00:00,github-actions,823ac12bac50,2026-09-14,2026-09-11,f34295d1133c4e39f503,9b0b1adcafba0fea37db,close_to_close,0.0073668835160083,{},,disabled,,,,,Ridge,20260914T014154_11ff32dbeff3:price:20,price,20,2026-10-09,1개월,20.0,64.55400085449219,없음,,,64.55400085449219,54.426850765650606,74.68115094333376,0.8100706713780919,simple,0.0769674985565506,0.0776036621011633,0.0,0.0,0.0,,,,,,,,,,,,,,pending,False,2026-09-24T03:10:19.134740+00:00
3,20260914T020859_196b7afa8f3f,2026-09-14T02:09:23.255590+00:00,github-actions,823ac12bac50,2026-09-14,2026-09-11,f34295d1133c4e39f503,9b0b1adcafba0fea37db,close_to_close,0.0073668835160083,{},,disabled,상승,0.317117936948783,0.3158641318546754,0.3670179311965416,Logistic,20260914T020859_196b7afa8f3f:direction:Logistic,direction,1,2026-09-14,,,,,,,,,,,,,,,,,63.51300048828125,63.51300048828125,-0.016126039477512788,0.0,0.0,,,,,,,1.1484815334469964,0.7008002236491834,scored,False,2026-09-24T03:10:19.134740+00:00
3,20260914T020859_196b7afa8f3f,2026-09-14T02:09:23.255590+00:00,github-actions,823ac12bac50,2026-09-14,2026-09-11,f34295d1133c4e39f503,9b0b1adcafba0fea37db,close_to_close,0.0073668835160083,{},,disabled,,,,,Ridge,20260914T020859_196b7afa8f3f:price:1,price,1,2026-09-14,1거래일,1.0,64.55400085449219,없음,,,64.55400085449219,62.60375010048967,66.5042516084947,0.788546255506608,simple,0.0170157884741922,0.0170565952171275,0.0,0.0,0.0,63.51300048828125,63.51300048828125,-0.016126039477512788,,,,,,,1.0,1.0410003662109375,,,scored,False,2026-09-24T03:10:19.134740+00:00
3,20260914T020859_196b7afa8f3f,2026-09-14T02:09:23.255590+00:00,github-actions,823ac12bac50,2026-09-14,2026-09-11,f34295d1133c4e39f503,9b0b1adcafba0fea37db,close_to_close,0.0073668835160083,{},,disabled,,,,,Ridge,20260914T020859_196b7afa8f3f:price:5,price,5,2026-09-18,1주일,5.0,64.55400085449219,없음,,,64.55400085449219,59.86296892023468,69.2450327887497,0.7716049382716049,simple,0.0400110376048933,0.0400735805043988,0.0,0.0,0.0,66.94000244140625,66.55599975585938,0.031012778059717583,,,,,,,1.0,-2.0019989013671875,,,scored,False,2026-09-24T03:10:19.134740+00:00
3,20260914T020859_196b7afa8f3f,2026-09-14T02:09:23.255590+00:00,github-actions,823ac12bac50,2026-09-14,2026-09-11,f34295d1133c4e39f503,9b0b1adcafba0fea37db,close_to_close,0.0073668835160083,{},,disabled,,,,,Ridge,20260914T020859_196b7afa8f3f:price:20,price,20,2026-10-09,1개월,20.0,64.55400085449219,없음,,,64.55400085449219,54.426850765650606,74.68115094333376,0.8100706713780919,simple,0.0769674984880597,0.0776036621011633,0.0,0.0,0.0,,,,,,,,,,,,,,pending,False,2026-09-24T03:10:19.134740+00:00
3,20260914T080659_47d1759793c6,2026-09-14T08:07:19.843616+00:00,github-actions,823ac12bac50,2026-09-14,2026-09-11,f34295d1133c4e39f503,9b0b1adcafba0fea37db,close_to_close,0.0073668835160083,{},,disabled,상승,0.3171179283214766,0.3158641232614792,0.3670179484170441,Logistic,20260914T080659_47d1759793c6:direction:Logistic,direction,1,2026-09-14,,,,,,,,,,,,,,,,,63.51300048828125,63.51300048828125,-0.016126039477512788,0.0,0.0,,,,,,,1.1484815606523526,0.7008002426439508,scored,False,2026-09-24T03:10:19.134740+00:00
3,20260914T080659_47d1759793c6,2026-09-14T08:07:19.843616+00:00,github-actions,823ac12bac50,2026-09-14,2026-09-11,f34295d1133c4e39f503,9b0b1adcafba0fea37db,close_to_close,0.0073668835160083,{},,disabled,,,,,Ridge,20260914T080659_47d1759793c6:price:1,price,1,2026-09-14,1거래일,1.0,64.55400085449219,없음,,,64.55400085449219,62.60375010048967,66.5042516084947,0.788546255506608,simple,0.0170157884677498,0.0170565952171275,0.0,0.0,0.0,63.51300048828125,63.51300048828125,-0.016126039477512788,,,,,,,1.0,1.0410003662109375,,,scored,False,2026-09-24T03:10:19.134740+00:00
3,20260914T080659_47d1759793c6,2026-09-14T08:07:19.843616+00:00,github-actions,823ac12bac50,2026-09-14,2026-09-11,f34295d1133c4e39f503,9b0b1adcafba0fea37db,close_to_close,0.0073668835160083,{},,disabled,,,,,Ridge,20260914T080659_47d1759793c6:price:5,price,5,2026-09-18,1주일,5.0,64.55400085449219,없음,,,64.55400085449219,59.86296892023468,69.2450327887497,0.7716049382716049,simple,0.0400110375814085,0.0400735805043988,0.0,0.0,0.0,66.94000244140625,66.55599975585938,0.031012778059717583,,,,,,,1.0,-2.0019989013671875,,,scored,False,2026-09-24T03:10:19.134740+00:00
3,20260914T080659_47d1759793c6,2026-09-14T08:07:19.843616+00:00,github-actions,823ac12bac50,2026-09-14,2026-09-11,f34295d1133c4e39f503,9b0b1adcafba0fea37db,close_to_close,0.0073668835160083,{},,disabled,,,,,Ridge,20260914T080659_47d1759793c6:price:20,price,20,2026-10-09,1개월,20.0,64.55400085449219,없음,,,64.55400085449219,54.426850765650606,74.68115094333376,0.8100706713780919,simple,0.0769674985565506,0.0776036621011633,0.0,0.0,0.0,,,,,,,,,,,,,,pending,False,2026-09-24T03:10:19.134740+00:00
3,20260914T224104_e635f720f8bb,2026-09-14T22:41:25.102494+00:00,github-actions,823ac12bac50,2026-09-15,2026-09-14,f84f126e091cd77a883d,9b0b1adcafba0fea37db,close_to_close,0.0074139049261737,{},,disabled,상승,0.3159695729508153,0.3191479328303788,0.364882494218806,Logistic,20260914T224104_e635f720f8bb:direction:Logistic,direction,1,2026-09-15,,,,,,,,,,,,,,,,,63.029998779296875,63.236000061035156,-0.004361318550793469,1.0,0.0,,,,,,,1.1421005444109367,0.696535542987204,scored,True,2026-09-24T03:10:19.134740+00:00
3,20260914T224104_e635f720f8bb,2026-09-14T22:41:25.102494+00:00,github-actions,823ac12bac50,2026-09-15,2026-09-14,f84f126e091cd77a883d,9b0b1adcafba0fea37db,close_to_close,0.0074139049261737,{},,disabled,,,,,Ridge,20260914T224104_e635f720f8bb:price:1,price,1,2026-09-15,1거래일,1.0,63.7400016784668,없음,,,63.7400016784668,61.80205166467606,65.67795169225752,0.7894273127753304,simple,0.016985927684585,0.0170274435081239,0.0,0.0,0.0,63.029998779296875,63.236000061035156,-0.00790714785314961,,,,,,,1.0,0.5040016174316406,,,scored,True,2026-09-24T03:10:19.134740+00:00
3,20260914T224104_e635f720f8bb,2026-09-14T22:41:25.102494+00:00,github-actions,823ac12bac50,2026-09-15,2026-09-14,f84f126e091cd77a883d,9b0b1adcafba0fea37db,close_to_close,0.0074139049261737,{},,disabled,,,,,Ridge,20260914T224104_e635f720f8bb:price:5,price,5,2026-09-21,1주일,5.0,63.7400016784668,없음,,,63.7400016784668,59.078557306234345,68.40144605069925,0.7716049382716049,simple,0.0400242153529557,0.0400842828616325,0.0,0.0,0.0,66.44000244140625,65.82499694824219,0.03271093841969197,,,,,,,1.0,-2.0849952697753906,,,scored,True,2026-09-24T03:10:19.134740+00:00
3,20260914T224104_e635f720f8bb,2026-09-14T22:41:25.102494+00:00,github-actions,823ac12bac50,2026-09-15,2026-09-14,f84f126e091cd77a883d,9b0b1adcafba0fea37db,close_to_close,0.0074139049261737,{},,disabled,,,,,Ridge,20260914T224104_e635f720f8bb:price:20,price,20,2026-10-12,1개월,20.0,63.7400016784668,없음,,,63.7400016784668,53.67672616681633,73.80327719011727,0.8100706713780919,simple,0.0768956627501599,0.0775234564913659,0.0,0.0,0.0,,,,,,,,,,,,,,pending,True,2026-09-24T03:10:19.134740+00:00
3,20260914T235451_5e03c0550bff,2026-09-14T23:55:08.481306+00:00,github-actions,823ac12bac50,2026-09-15,2026-09-14,df3f382e3267edb351a3,9b0b1adcafba0fea37db,close_to_close,0.007425115350912,{},,disabled,상승,0.313758201107377,0.3215776026049689,0.3646641962876539,Logistic,20260914T235451_5e03c0550bff:direction:Logistic,direction,1,2026-09-15,,,,,,,,,,,,,,,,,63.029998779296875,63.236000061035156,-0.004361318550793469,1.0,0.0,,,,,,,1.1345163877438222,0.6916811341034792,scored,True,2026-09-24T03:10:19.134740+00:00
3,20260914T235451_5e03c0550bff,2026-09-14T23:55:08.481306+00:00,github-actions,823ac12bac50,2026-09-15,2026-09-14,df3f382e3267edb351a3,9b0b1adcafba0fea37db,close_to_close,0.007425115350912,{},,disabled,,,,,Ridge,20260914T235451_5e03c0550bff:price:1,price,1,2026-09-15,1거래일,1.0,63.650001525878906,없음,,,63.650001525878906,61.71186167553692,65.58814137622089,0.7894273127753304,simple,0.0169871560364517,0.0170286718640364,0.0,0.0,0.0,63.029998779296875,63.236000061035156,-0.006504343360862697,,,,,,,1.0,0.41400146484375,,,scored,True,2026-09-24T03:10:19.134740+00:00
3,20260914T235451_5e03c0550bff,2026-09-14T23:55:08.481306+00:00,github-actions,823ac12bac50,2026-09-15,2026-09-14,df3f382e3267edb351a3,9b0b1adcafba0fea37db,close_to_close,0.007425115350912,{},,disabled,,,,,Ridge,20260914T235451_5e03c0550bff:price:5,price,5,2026-09-21,1주일,5.0,63.650001525878906,없음,,,63.650001525878906,58.98810053065971,68.3119025210981,0.7716049382716049,simple,0.0400254170194286,0.0400854845092084,0.0,0.0,0.0,66.44000244140625,65.82499694824219,0.03417117628000321,,,,,,,1.0,-2.1749954223632812,,,scored,True,2026-09-24T03:10:19.134740+00:00
3,20260914T235451_5e03c0550bff,2026-09-14T23:55:08.481306+00:00,github-actions,823ac12bac50,2026-09-15,2026-09-14,df3f382e3267edb351a3,9b0b1adcafba0fea37db,close_to_close,0.007425115350912,{},,disabled,,,,,Ridge,20260914T235451_5e03c0550bff:price:20,price,20,2026-10-12,1개월,20.0,63.650001525878906,없음,,,63.650001525878906,53.58574024188973,73.71426280986807,0.8100706713780919,simple,0.0768968861158794,0.0775246798777821,0.0,0.0,0.0,,,,,,,,,,,,,,pending,True,2026-09-24T03:10:19.134740+00:00
3,20260915T005425_41273bca780e,2026-09-15T00:54:52.717629+00:00,github-actions,823ac12bac50,2026-09-15,2026-09-14,8a8cf9e7694c8c72c53c,9b0b1adcafba0fea37db,close_to_close,0.0074403907558516,{},,disabled,상승,0.3121422688942623,0.3236470661596524,0.3642106649460854,Logistic,20260915T005425_41273bca780e:direction:Logistic,direction,1,2026-09-15,,,,,,,,,,,,,,,,,63.029998779296875,63.236000061035156,-0.004361318550793469,1.0,0.0,,,,,,,1.128101658886787,0.6875354956053732,scored,False,2026-09-24T03:10:19.134740+00:00
3,20260915T005425_41273bca780e,2026-09-15T00:54:52.717629+00:00,github-actions,823ac12bac50,2026-09-15,2026-09-14,8a8cf9e7694c8c72c53c,9b0b1adcafba0fea37db,close_to_close,0.0074403907558516,{},,disabled,,,,,Ridge,20260915T005425_41273bca780e:price:1,price,1,2026-09-15,1거래일,1.0,63.540000915527344,없음,,,63.540000915527344,61.601230209182106,65.47877162187258,0.7894273127753304,simple,0.0169886573701755,0.0170301731937143,0.0,0.0,0.0,63.029998779296875,63.236000061035156,-0.004784401166382346,,,,,,,1.0,0.3040008544921875,,,scored,False,2026-09-24T03:10:19.134740+00:00
3,20260915T005425_41273bca780e,2026-09-15T00:54:52.717629+00:00,github-actions,823ac12bac50,2026-09-15,2026-09-14,8a8cf9e7694c8c72c53c,9b0b1adcafba0fea37db,close_to_close,0.0074403907558516,{},,disabled,,,,,Ridge,20260915T005425_41273bca780e:price:5,price,5,2026-09-21,1주일,5.0,63.540000915527344,없음,,,63.540000915527344,58.87658249202303,68.20341933903165,0.7716049382716049,simple,0.0400268856865612,0.040086953195238,0.0,0.0,0.0,66.44000244140625,65.82499694824219,0.035961536037001585,,,,,,,1.0,-2.2849960327148438,,,scored,False,2026-09-24T03:10:19.134740+00:00
3,20260915T005425_41273bca780e,2026-09-15T00:54:52.717629+00:00,github-actions,823ac12bac50,2026-09-15,2026-09-14,8a8cf9e7694c8c72c53c,9b0b1adcafba0fea37db,close_to_close,0.0074403907558516,{},,disabled,,,,,Ridge,20260915T005425_41273bca780e:price:20,price,20,2026-10-12,1개월,20.0,63.540000915527344,없음,,,63.540000915527344,53.47246375872218,73.60753807233252,0.8100706713780919,simple,0.0768983813924019,0.0775261751336079,0.0,0.0,0.0,,,,,,,,,,,,,,pending,False,2026-09-24T03:10:19.134740+00:00
3,20260915T024551_0cb1469183bf,2026-09-15T02:46:16.460573+00:00,github-actions,823ac12bac50,2026-09-15,2026-09-14,c8596fb527c71bdbfcef,9b0b1adcafba0fea37db,close_to_close,0.0073888894158641,{},,disabled,상승,0.3179720114779087,0.3182679492689205,0.3637600392531707,Logistic,20260915T024551_0cb1469183bf:direction:Logistic,direction,1,2026-09-15,,,,,,,,,,,,,,,,,63.029998779296875,63.236000061035156,-0.004361318550793469,1.0,0.0,,,,,,,1.1448616432326932,0.6981861552347788,scored,False,2026-09-24T03:10:19.134740+00:00
3,20260915T024551_0cb1469183bf,2026-09-15T02:46:16.460573+00:00,github-actions,823ac12bac50,2026-09-15,2026-09-14,c8596fb527c71bdbfcef,9b0b1adcafba0fea37db,close_to_close,0.0073888894158641,{},,disabled,,,,,Ridge,20260915T024551_0cb1469183bf:price:1,price,1,2026-09-15,1거래일,1.0,63.9900016784668,없음,,,63.9900016784668,62.05101521882515,65.92898813810845,0.7894273127753304,simple,0.0169825155906109,0.0170240314141519,0.0,0.0,0.0,63.029998779296875,63.236000061035156,-0.011783116075231637,,,,,,,1.0,0.7540016174316406,,,scored,False,2026-09-24T03:10:19.134740+00:00
3,20260915T024551_0cb1469183bf,2026-09-15T02:46:16.460573+00:00,github-actions,823ac12bac50,2026-09-15,2026-09-14,c8596fb527c71bdbfcef,9b0b1adcafba0fea37db,close_to_close,0.0073888894158641,{},,disabled,,,,,Ridge,20260915T024551_0cb1469183bf:price:5,price,5,2026-09-21,1주일,5.0,63.9900016784668,없음,,,63.9900016784668,59.32606429318215,68.65393906375145,0.7716049382716049,simple,0.0400208774584413,0.0400809449573587,0.0,0.0,0.0,66.44000244140625,65.82499694824219,0.028676281007082416,,,,,,,1.0,-1.8349952697753906,,,scored,False,2026-09-24T03:10:19.134740+00:00
3,20260915T024551_0cb1469183bf,2026-09-15T02:46:16.460573+00:00,github-actions,823ac12bac50,2026-09-15,2026-09-14,c8596fb527c71bdbfcef,9b0b1adcafba0fea37db,close_to_close,0.0073888894158641,{},,disabled,,,,,Ridge,20260915T024551_0cb1469183bf:price:20,price,20,2026-10-12,1개월,20.0,63.9900016784668,없음,,,63.9900016784668,53.92134417033734,74.05865918659624,0.8100706713780919,simple,0.0768922644456864,0.0775200582015268,0.0,0.0,0.0,,,,,,,,,,,,,,pending,False,2026-09-24T03:10:19.134740+00:00
3,20260915T080707_5408265d010c,2026-09-15T08:07:36.956249+00:00,github-actions,823ac12bac50,2026-09-15,2026-09-14,8a0384f70a657132c4b1,9b0b1adcafba0fea37db,close_to_close,0.0074444037132792,{},,disabled,상승,0.3163050746496602,0.3142253942508813,0.3694695310994585,Logistic,20260915T080707_5408265d010c:direction:Logistic,direction,1,2026-09-15,,,,,,,,,,,,,,,,,63.029998779296875,63.236000061035156,-0.004361318550793469,1.0,0.0,,,,,,,1.1576447344950198,0.7068434445503401,scored,False,2026-09-24T03:10:19.134740+00:00
3,20260915T080707_5408265d010c,2026-09-15T08:07:36.956249+00:00,github-actions,823ac12bac50,2026-09-15,2026-09-14,8a0384f70a657132c4b1,9b0b1adcafba0fea37db,close_to_close,0.0074444037132792,{},,disabled,,,,,Ridge,20260915T080707_5408265d010c:price:1,price,1,2026-09-15,1거래일,1.0,63.51300048828125,없음,,,63.51300048828125,61.57400840808176,65.45199256848075,0.7894273127753304,simple,0.0169890258821556,0.0170305417056945,0.0,0.0,0.0,63.029998779296875,63.236000061035156,-0.004361318550793469,,,,,,,1.0,0.27700042724609375,,,scored,False,2026-09-24T03:10:19.134740+00:00
3,20260915T080707_5408265d010c,2026-09-15T08:07:36.956249+00:00,github-actions,823ac12bac50,2026-09-15,2026-09-14,8a0384f70a657132c4b1,9b0b1adcafba0fea37db,close_to_close,0.0074444037132792,{},,disabled,,,,,Ridge,20260915T080707_5408265d010c:price:5,price,5,2026-09-21,1주일,5.0,63.51300048828125,없음,,,63.51300048828125,58.84904958359852,68.17695139296399,0.7716049382716049,simple,0.0400272461859272,0.040087313694604,0.0,0.0,0.0,66.44000244140625,65.82499694824219,0.03640194042458322,,,,,,,1.0,-2.3119964599609375,,,scored,False,2026-09-24T03:10:19.134740+00:00
3,20260915T080707_5408265d010c,2026-09-15T08:07:36.956249+00:00,github-actions,823ac12bac50,2026-09-15,2026-09-14,8a0384f70a657132c4b1,9b0b1adcafba0fea37db,close_to_close,0.0074444037132792,{},,disabled,,,,,Ridge,20260915T080707_5408265d010c:price:20,price,20,2026-10-12,1개월,20.0,63.51300048828125,없음,,,63.51300048828125,53.4443137940419,73.5816871825206,0.8100706713780919,simple,0.0768987484135122,0.0775265421547181,0.0,0.0,0.0,,,,,,,,,,,,,,pending,False,2026-09-24T03:10:19.134740+00:00
3,20260915T233314_3e410a87d97e,2026-09-15T23:33:30.785135+00:00,github-actions,823ac12bac50,2026-09-16,2026-09-15,dd9766868ece6243cfa4,9b0b1adcafba0fea37db,close_to_close,0.0073815841476469,{},,disabled,상승,0.3234040515519549,0.3197469893739364,0.3568489590741087,Logistic,20260915T233314_3e410a87d97e:direction:Logistic,direction,1,2026-09-16,,,,,,,,,,,,,,,,,64.41999816894531,64.28800201416016,0.016636124234765237,2.0,1.0,,,,,,,1.030442670553738,0.6204715792179734,scored,True,2026-09-24T03:10:19.134740+00:00
3,20260915T233314_3e410a87d97e,2026-09-15T23:33:30.785135+00:00,github-actions,823ac12bac50,2026-09-16,2026-09-15,dd9766868ece6243cfa4,9b0b1adcafba0fea37db,close_to_close,0.0073815841476469,{},,disabled,,,,,Ridge,20260915T233314_3e410a87d97e:price:1,price,1,2026-09-16,1거래일,1.0,64.20999908447266,없음,,,64.20999908447266,62.26627002947945,66.15372813946587,0.7903083700440529,simple,0.0169607963602627,0.0170031502665459,0.0,0.0,0.0,64.41999816894531,64.28800201416016,0.001214809699418895,,,,,,,1.0,-0.0780029296875,,,scored,True,2026-09-24T03:10:19.134740+00:00
3,20260915T233314_3e410a87d97e,2026-09-15T23:33:30.785135+00:00,github-actions,823ac12bac50,2026-09-16,2026-09-15,dd9766868ece6243cfa4,9b0b1adcafba0fea37db,close_to_close,0.0073815841476469,{},,disabled,,,,,Ridge,20260915T233314_3e410a87d97e:price:5,price,5,2026-09-22,1주일,5.0,64.20999908447266,없음,,,64.20999908447266,59.53686572097285,68.88313244797247,0.7709251101321586,simple,0.0400209480402663,0.0400797297399285,0.0,0.0,0.0,65.38999938964844,65.93199920654297,0.026818254892122084,,,,,,,1.0,-1.7220001220703125,,,scored,True,2026-09-24T03:10:19.134740+00:00
3,20260915T233314_3e410a87d97e,2026-09-15T23:33:30.785135+00:00,github-actions,823ac12bac50,2026-09-16,2026-09-15,dd9766868ece6243cfa4,9b0b1adcafba0fea37db,close_to_close,0.0073815841476469,{},,disabled,,,,,Ridge,20260915T233314_3e410a87d97e:price:20,price,20,2026-10-13,1개월,20.0,64.20999908447266,없음,,,64.20999908447266,54.13858682229089,74.28141134665442,0.8074204946996466,simple,0.0768620471003357,0.0774810725432197,0.0,0.0,0.0,,,,,,,,,,,,,,pending,True,2026-09-24T03:10:19.134740+00:00
3,20260915T235809_7a5e8132df14,2026-09-15T23:58:33.124640+00:00,github-actions,823ac12bac50,2026-09-16,2026-09-15,e93b9e36d389d3e19a0b,9b0b1adcafba0fea37db,close_to_close,0.0073840696770897,{},,disabled,상승,0.3239022772122468,0.3196086366078569,0.3564890861798963,Logistic,20260915T235809_7a5e8132df14:direction:Logistic,direction,1,2026-09-16,,,,,,,,,,,,,,,,,64.41999816894531,64.28800201416016,0.016636124234765237,2.0,1.0,,,,,,,1.0314516533975306,0.6211686619831971,scored,True,2026-09-24T03:10:19.134740+00:00
3,20260915T235809_7a5e8132df14,2026-09-15T23:58:33.124640+00:00,github-actions,823ac12bac50,2026-09-16,2026-09-15,e93b9e36d389d3e19a0b,9b0b1adcafba0fea37db,close_to_close,0.0073840696770897,{},,disabled,,,,,Ridge,20260915T235809_7a5e8132df14:price:1,price,1,2026-09-16,1거래일,1.0,64.2300033569336,없음,,,64.2300033569336,62.28501404684105,66.17499266702615,0.7903083700440529,simple,0.0169610738639048,0.017003427767365,0.0,0.0,0.0,64.41999816894531,64.28800201416016,0.0009029838735061801,,,,,,,1.0,-0.0579986572265625,,,scored,True,2026-09-24T03:10:19.134740+00:00
3,20260915T235809_7a5e8132df14,2026-09-15T23:58:33.124640+00:00,github-actions,823ac12bac50,2026-09-16,2026-09-15,e93b9e36d389d3e19a0b,9b0b1adcafba0fea37db,close_to_close,0.0073840696770897,{},,disabled,,,,,Ridge,20260915T235809_7a5e8132df14:price:5,price,5,2026-09-22,1주일,5.0,64.2300033569336,없음,,,64.2300033569336,59.553840075176346,68.90616663869085,0.7709251101321586,simple,0.0400206821593294,0.040079463892146,0.0,0.0,0.0,65.38999938964844,65.93199920654297,0.026498454937814442,,,,,,,1.0,-1.701995849609375,,,scored,True,2026-09-24T03:10:19.134740+00:00
3,20260915T235809_7a5e8132df14,2026-09-15T23:58:33.124640+00:00,github-actions,823ac12bac50,2026-09-16,2026-09-15,e93b9e36d389d3e19a0b,9b0b1adcafba0fea37db,close_to_close,0.0073840696770897,{},,disabled,,,,,Ridge,20260915T235809_7a5e8132df14:price:20,price,20,2026-10-13,1개월,20.0,64.2300033569336,없음,,,64.2300033569336,54.152061095815846,74.30794561805133,0.8074204946996466,simple,0.0768617799655929,0.0774808052814089,0.0,0.0,0.0,,,,,,,,,,,,,,pending,True,2026-09-24T03:10:19.134740+00:00
3,20260916T002601_05488df3b605,2026-09-16T00:26:31.626225+00:00,github-actions,823ac12bac50,2026-09-16,2026-09-15,46cd88fd1b25595a50ff,9b0b1adcafba0fea37db,close_to_close,0.0073773794060006,{},,disabled,상승,0.3232900925809764,0.319309794864782,0.3574001125542415,Logistic,20260916T002601_05488df3b605:direction:Logistic,direction,1,2026-09-16,,,,,,,,,,,,,,,,,64.41999816894531,64.28800201416016,0.016636124234765237,2.0,1.0,,,,,,,1.0288993613317288,0.619409844402907,scored,False,2026-09-24T03:10:19.134740+00:00
3,20260916T002601_05488df3b605,2026-09-16T00:26:31.626225+00:00,github-actions,823ac12bac50,2026-09-16,2026-09-15,46cd88fd1b25595a50ff,9b0b1adcafba0fea37db,close_to_close,0.0073773794060006,{},,disabled,,,,,Ridge,20260916T002601_05488df3b605:price:1,price,1,2026-09-16,1거래일,1.0,64.17500305175781,없음,,,64.17500305175781,62.23343997202256,66.11656613149306,0.7903083700440529,simple,0.0169603108954057,0.0170026647988659,0.0,0.0,0.0,64.41999816894531,64.28800201416016,0.0017607940323931537,,,,,,,1.0,-0.11299896240234375,,,scored,False,2026-09-24T03:10:19.134740+00:00
3,20260916T002601_05488df3b605,2026-09-16T00:26:31.626225+00:00,github-actions,823ac12bac50,2026-09-16,2026-09-15,46cd88fd1b25595a50ff,9b0b1adcafba0fea37db,close_to_close,0.0073773794060006,{},,disabled,,,,,Ridge,20260916T002601_05488df3b605:price:5,price,5,2026-09-22,1주일,5.0,64.17500305175781,없음,,,64.17500305175781,59.50707714822597,68.84292895528965,0.7709251101321586,simple,0.0400214130886444,0.040080194821461,0.0,0.0,0.0,65.38999938964844,65.93199920654297,0.027378201343724484,,,,,,,1.0,-1.7569961547851562,,,scored,False,2026-09-24T03:10:19.134740+00:00
3,20260916T002601_05488df3b605,2026-09-16T00:26:31.626225+00:00,github-actions,823ac12bac50,2026-09-16,2026-09-15,46cd88fd1b25595a50ff,9b0b1adcafba0fea37db,close_to_close,0.0073773794060006,{},,disabled,,,,,Ridge,20260916T002601_05488df3b605:price:20,price,20,2026-10-13,1개월,20.0,64.17500305175781,없음,,,64.17500305175781,54.1148137682708,74.23519233524482,0.8074204946996466,simple,0.076862514782677,0.0774815400984929,0.0,0.0,0.0,,,,,,,,,,,,,,pending,False,2026-09-24T03:10:19.134740+00:00
3,20260916T005310_0d98f7ccf08a,2026-09-16T00:53:37.771541+00:00,github-actions,823ac12bac50,2026-09-16,2026-09-15,85f38f3d6635e81ac5c2,9b0b1adcafba0fea37db,close_to_close,0.007382819458733,{},,disabled,상승,0.3239561515485479,0.3185381529019458,0.3575056955495062,Logistic,20260916T005310_0d98f7ccf08a:direction:Logistic,direction,1,2026-09-16,,,,,,,,,,,,,,,,,64.41999816894531,64.28800201416016,0.016636124234765237,2.0,1.0,,,,,,,1.028603985367971,0.6192130742316531,scored,False,2026-09-24T03:10:19.134740+00:00
3,20260916T005310_0d98f7ccf08a,2026-09-16T00:53:37.771541+00:00,github-actions,823ac12bac50,2026-09-16,2026-09-15,85f38f3d6635e81ac5c2,9b0b1adcafba0fea37db,close_to_close,0.007382819458733,{},,disabled,,,,,Ridge,20260916T005310_0d98f7ccf08a:price:1,price,1,2026-09-16,1거래일,1.0,64.22000122070312,없음,,,64.22000122070312,62.275644052143576,66.16435838926267,0.7903083700440529,simple,0.0169609351134953,0.0170032890169555,0.0,0.0,0.0,64.41999816894531,64.28800201416016,0.0010588725033395807,,,,,,,1.0,-0.06800079345703125,,,scored,False,2026-09-24T03:10:19.134740+00:00
3,20260916T005310_0d98f7ccf08a,2026-09-16T00:53:37.771541+00:00,github-actions,823ac12bac50,2026-09-16,2026-09-15,85f38f3d6635e81ac5c2,9b0b1adcafba0fea37db,close_to_close,0.007382819458733,{},,disabled,,,,,Ridge,20260916T005310_0d98f7ccf08a:price:5,price,5,2026-09-22,1주일,5.0,64.22000122070312,없음,,,64.22000122070312,59.54535774011401,68.89464470129224,0.7709251101321586,simple,0.0400208150832207,0.0400795968160372,0.0,0.0,0.0,65.38999938964844,65.93199920654297,0.026658330010867815,,,,,,,1.0,-1.7119979858398438,,,scored,False,2026-09-24T03:10:19.134740+00:00
3,20260916T005310_0d98f7ccf08a,2026-09-16T00:53:37.771541+00:00,github-actions,823ac12bac50,2026-09-16,2026-09-15,85f38f3d6635e81ac5c2,9b0b1adcafba0fea37db,close_to_close,0.007382819458733,{},,disabled,,,,,Ridge,20260916T005310_0d98f7ccf08a:price:20,price,20,2026-10-13,1개월,20.0,64.22000122070312,없음,,,64.22000122070312,54.14533439448745,74.2946680469188,0.8074204946996466,simple,0.0768619135964984,0.0774809389123143,0.0,0.0,0.0,,,,,,,,,,,,,,pending,False,2026-09-24T03:10:19.134740+00:00
3,20260916T012046_4a6968e0db52,2026-09-16T01:21:09.192321+00:00,github-actions,823ac12bac50,2026-09-16,2026-09-15,68638f31cd608bbb2b4a,9b0b1adcafba0fea37db,close_to_close,0.0073750580452328,{},,disabled,상승,0.3229940226336185,0.3194967884881512,0.3575091888782302,Logistic,20260916T012046_4a6968e0db52:direction:Logistic,direction,1,2026-09-16,,,,,,,,,,,,,,,,,64.41999816894531,64.28800201416016,0.016636124234765237,2.0,1.0,,,,,,,1.0285942140225066,0.6191977788871985,scored,False,2026-09-24T03:10:19.134740+00:00
3,20260916T012046_4a6968e0db52,2026-09-16T01:21:09.192321+00:00,github-actions,823ac12bac50,2026-09-16,2026-09-15,68638f31cd608bbb2b4a,9b0b1adcafba0fea37db,close_to_close,0.0073750580452328,{},,disabled,,,,,Ridge,20260916T012046_4a6968e0db52:price:1,price,1,2026-09-16,1거래일,1.0,64.15499877929688,없음,,,64.15499877929688,62.21465165310082,66.09534590549293,0.7903083700440529,simple,0.0169600333945866,0.0170023872980468,0.0,0.0,0.0,64.41999816894531,64.28800201416016,0.0020731546628320885,,,,,,,1.0,-0.13300323486328125,,,scored,False,2026-09-24T03:10:19.134740+00:00
3,20260916T012046_4a6968e0db52,2026-09-16T01:21:09.192321+00:00,github-actions,823ac12bac50,2026-09-16,2026-09-15,68638f31cd608bbb2b4a,9b0b1adcafba0fea37db,close_to_close,0.0073750580452328,{},,disabled,,,,,Ridge,20260916T012046_4a6968e0db52:price:5,price,5,2026-09-22,1주일,5.0,64.15499877929688,없음,,,64.15499877929688,59.48999628375645,68.8200012748373,0.7709251101321586,simple,0.0400216789364269,0.0400804606692435,0.0,0.0,0.0,65.38999938964844,65.93199920654297,0.02769854977878272,,,,,,,1.0,-1.7770004272460938,,,scored,False,2026-09-24T03:10:19.134740+00:00
3,20260916T012046_4a6968e0db52,2026-09-16T01:21:09.192321+00:00,github-actions,823ac12bac50,2026-09-16,2026-09-15,68638f31cd608bbb2b4a,9b0b1adcafba0fea37db,close_to_close,0.0073750580452328,{},,disabled,,,,,Ridge,20260916T012046_4a6968e0db52:price:20,price,20,2026-10-13,1개월,20.0,64.15499877929688,없음,,,64.15499877929688,54.10110994666412,74.20888761192963,0.8074204946996466,simple,0.0768627820444878,0.0774818073603038,0.0,0.0,0.0,,,,,,,,,,,,,,pending,False,2026-09-24T03:10:19.134740+00:00
3,20260916T014750_0cb05e8bbf6c,2026-09-16T01:48:11.902643+00:00,github-actions,823ac12bac50,2026-09-16,2026-09-15,85f38f3d6635e81ac5c2,9b0b1adcafba0fea37db,close_to_close,0.007382819458733,{},,disabled,상승,0.3244117527756579,0.3185136296633616,0.3570746175609803,Logistic,20260916T014750_0cb05e8bbf6c:direction:Logistic,direction,1,2026-09-16,,,,,,,,,,,,,,,,,64.41999816894531,64.28800201416016,0.016636124234765237,2.0,1.0,,,,,,,1.0298105062667697,0.6200469650046634,scored,False,2026-09-24T03:10:19.134740+00:00
3,20260916T014750_0cb05e8bbf6c,2026-09-16T01:48:11.902643+00:00,github-actions,823ac12bac50,2026-09-16,2026-09-15,85f38f3d6635e81ac5c2,9b0b1adcafba0fea37db,close_to_close,0.007382819458733,{},,disabled,,,,,Ridge,20260916T014750_0cb05e8bbf6c:price:1,price,1,2026-09-16,1거래일,1.0,64.22000122070312,없음,,,64.22000122070312,62.275644052143576,66.16435838926267,0.7903083700440529,simple,0.0169609351113764,0.0170032890169555,0.0,0.0,0.0,64.41999816894531,64.28800201416016,0.0010588725033395807,,,,,,,1.0,-0.06800079345703125,,,scored,False,2026-09-24T03:10:19.134740+00:00
3,20260916T014750_0cb05e8bbf6c,2026-09-16T01:48:11.902643+00:00,github-actions,823ac12bac50,2026-09-16,2026-09-15,85f38f3d6635e81ac5c2,9b0b1adcafba0fea37db,close_to_close,0.007382819458733,{},,disabled,,,,,Ridge,20260916T014750_0cb05e8bbf6c:price:5,price,5,2026-09-22,1주일,5.0,64.22000122070312,없음,,,64.22000122070312,59.54535774011401,68.89464470129224,0.7709251101321586,simple,0.0400208151138109,0.0400795968160372,0.0,0.0,0.0,65.38999938964844,65.93199920654297,0.026658330010867815,,,,,,,1.0,-1.7119979858398438,,,scored,False,2026-09-24T03:10:19.134740+00:00
3,20260916T014750_0cb05e8bbf6c,2026-09-16T01:48:11.902643+00:00,github-actions,823ac12bac50,2026-09-16,2026-09-15,85f38f3d6635e81ac5c2,9b0b1adcafba0fea37db,close_to_close,0.007382819458733,{},,disabled,,,,,Ridge,20260916T014750_0cb05e8bbf6c:price:20,price,20,2026-10-13,1개월,20.0,64.22000122070312,없음,,,64.22000122070312,54.14533439448745,74.2946680469188,0.8074204946996466,simple,0.076861913393572,0.0774809389123143,0.0,0.0,0.0,,,,,,,,,,,,,,pending,False,2026-09-24T03:10:19.134740+00:00
3,20260916T041340_060fdbc18ffd,2026-09-16T04:14:03.925832+00:00,github-actions,823ac12bac50,2026-09-16,2026-09-15,10ecf218a9114688ade1,9b0b1adcafba0fea37db,close_to_close,0.0073335448298228,{},,disabled,상승,0.3181646950504773,0.3235265747352768,0.3583087302142457,Logistic,20260916T041340_060fdbc18ffd:direction:Logistic,direction,1,2026-09-16,,,,,,,,,,,,,,,,,64.41999816894531,64.28800201416016,0.016636124234765237,2.0,1.0,,,,,,,1.0263602893129014,0.6176659034557574,scored,False,2026-09-24T03:10:19.134740+00:00
3,20260916T041340_060fdbc18ffd,2026-09-16T04:14:03.925832+00:00,github-actions,823ac12bac50,2026-09-16,2026-09-15,10ecf218a9114688ade1,9b0b1adcafba0fea37db,close_to_close,0.0073335448298228,{},,disabled,,,,,Ridge,20260916T041340_060fdbc18ffd:price:1,price,1,2026-09-16,1거래일,1.0,63.23600006103516,없음,,,63.23600006103516,61.33421325411072,65.13778686795959,0.7903083700440529,simple,0.0169540915791231,0.0169973240193721,0.0,0.0,0.0,64.41999816894531,64.28800201416016,0.016636124234765015,,,,,,,1.0,-1.052001953124993,,,scored,False,2026-09-24T03:10:19.134740+00:00
3,20260916T041340_060fdbc18ffd,2026-09-16T04:14:03.925832+00:00,github-actions,823ac12bac50,2026-09-16,2026-09-15,10ecf218a9114688ade1,9b0b1adcafba0fea37db,close_to_close,0.0073335448298228,{},,disabled,,,,,Ridge,20260916T041340_060fdbc18ffd:price:5,price,5,2026-09-22,1주일,5.0,63.23600006103516,없음,,,63.23600006103516,58.66370468124859,67.80829544082172,0.7709251101321586,simple,0.0400338920159999,0.0400926737488165,0.0,0.0,0.0,65.38999938964844,65.93199920654297,0.04263392913697328,,,,,,,1.0,-2.6959991455078054,,,scored,False,2026-09-24T03:10:19.134740+00:00
3,20260916T041340_060fdbc18ffd,2026-09-16T04:14:03.925832+00:00,github-actions,823ac12bac50,2026-09-16,2026-09-15,10ecf218a9114688ade1,9b0b1adcafba0fea37db,close_to_close,0.0073335448298228,{},,disabled,,,,,Ridge,20260916T041340_060fdbc18ffd:price:20,price,20,2026-10-13,1개월,20.0,63.23600006103516,없음,,,63.23600006103516,53.38191112919008,73.09008899288023,0.8074204946996466,simple,0.0768750600846955,0.0774940854005115,0.0,0.0,0.0,,,,,,,,,,,,,,pending,False,2026-09-24T03:10:19.134740+00:00
3,20260916T050436_9774119a7054,2026-09-16T05:04:56.526883+00:00,github-actions,823ac12bac50,2026-09-16,2026-09-15,10ecf218a9114688ade1,9b0b1adcafba0fea37db,close_to_close,0.0073335448298228,{},,disabled,상승,0.3181647057253415,0.3235265696701208,0.3583087246045376,Logistic,20260916T050436_9774119a7054:direction:Logistic,direction,1,2026-09-16,,,,,,,,,,,,,,,,,64.41999816894531,64.28800201416016,0.016636124234765237,2.0,1.0,,,,,,,1.0263603049689758,0.6176659141704638,scored,False,2026-09-24T03:10:19.134740+00:00
3,20260916T050436_9774119a7054,2026-09-16T05:04:56.526883+00:00,github-actions,823ac12bac50,2026-09-16,2026-09-15,10ecf218a9114688ade1,9b0b1adcafba0fea37db,close_to_close,0.0073335448298228,{},,disabled,,,,,Ridge,20260916T050436_9774119a7054:price:1,price,1,2026-09-16,1거래일,1.0,63.23600006103516,없음,,,63.23600006103516,61.33421325411072,65.13778686795959,0.7903083700440529,simple,0.0169540915763001,0.0169973240193721,0.0,0.0,0.0,64.41999816894531,64.28800201416016,0.016636124234765015,,,,,,,1.0,-1.052001953124993,,,scored,False,2026-09-24T03:10:19.134740+00:00
3,20260916T050436_9774119a7054,2026-09-16T05:04:56.526883+00:00,github-actions,823ac12bac50,2026-09-16,2026-09-15,10ecf218a9114688ade1,9b0b1adcafba0fea37db,close_to_close,0.0073335448298228,{},,disabled,,,,,Ridge,20260916T050436_9774119a7054:price:5,price,5,2026-09-22,1주일,5.0,63.23600006103516,없음,,,63.23600006103516,58.66370468124859,67.80829544082172,0.7709251101321586,simple,0.0400338920491543,0.0400926737488165,0.0,0.0,0.0,65.38999938964844,65.93199920654297,0.04263392913697328,,,,,,,1.0,-2.6959991455078054,,,scored,False,2026-09-24T03:10:19.134740+00:00
3,20260916T050436_9774119a7054,2026-09-16T05:04:56.526883+00:00,github-actions,823ac12bac50,2026-09-16,2026-09-15,10ecf218a9114688ade1,9b0b1adcafba0fea37db,close_to_close,0.0073335448298228,{},,disabled,,,,,Ridge,20260916T050436_9774119a7054:price:20,price,20,2026-10-13,1개월,20.0,63.23600006103516,없음,,,63.23600006103516,53.38191112919008,73.09008899288023,0.8074204946996466,simple,0.0768750599576275,0.0774940854005115,0.0,0.0,0.0,,,,,,,,,,,,,,pending,False,2026-09-24T03:10:19.134740+00:00
3,20260916T061736_cdc8e83ac983,2026-09-16T06:17:53.654078+00:00,github-actions,823ac12bac50,2026-09-16,2026-09-15,10ecf218a9114688ade1,9b0b1adcafba0fea37db,close_to_close,0.0073335448298228,{},,disabled,상승,0.3181647057253415,0.3235265696701208,0.3583087246045376,Logistic,20260916T061736_cdc8e83ac983:direction:Logistic,direction,1,2026-09-16,,,,,,,,,,,,,,,,,64.41999816894531,64.28800201416016,0.016636124234765237,2.0,1.0,,,,,,,1.0263603049689758,0.6176659141704638,scored,False,2026-09-24T03:10:19.134740+00:00
3,20260916T061736_cdc8e83ac983,2026-09-16T06:17:53.654078+00:00,github-actions,823ac12bac50,2026-09-16,2026-09-15,10ecf218a9114688ade1,9b0b1adcafba0fea37db,close_to_close,0.0073335448298228,{},,disabled,,,,,Ridge,20260916T061736_cdc8e83ac983:price:1,price,1,2026-09-16,1거래일,1.0,63.23600006103516,없음,,,63.23600006103516,61.33421325411072,65.13778686795959,0.7903083700440529,simple,0.0169540915763001,0.0169973240193721,0.0,0.0,0.0,64.41999816894531,64.28800201416016,0.016636124234765015,,,,,,,1.0,-1.052001953124993,,,scored,False,2026-09-24T03:10:19.134740+00:00
3,20260916T061736_cdc8e83ac983,2026-09-16T06:17:53.654078+00:00,github-actions,823ac12bac50,2026-09-16,2026-09-15,10ecf218a9114688ade1,9b0b1adcafba0fea37db,close_to_close,0.0073335448298228,{},,disabled,,,,,Ridge,20260916T061736_cdc8e83ac983:price:5,price,5,2026-09-22,1주일,5.0,63.23600006103516,없음,,,63.23600006103516,58.66370468124859,67.80829544082172,0.7709251101321586,simple,0.0400338920491543,0.0400926737488165,0.0,0.0,0.0,65.38999938964844,65.93199920654297,0.04263392913697328,,,,,,,1.0,-2.6959991455078054,,,scored,False,2026-09-24T03:10:19.134740+00:00
3,20260916T061736_cdc8e83ac983,2026-09-16T06:17:53.654078+00:00,github-actions,823ac12bac50,2026-09-16,2026-09-15,10ecf218a9114688ade1,9b0b1adcafba0fea37db,close_to_close,0.0073335448298228,{},,disabled,,,,,Ridge,20260916T061736_cdc8e83ac983:price:20,price,20,2026-10-13,1개월,20.0,63.23600006103516,없음,,,63.23600006103516,53.38191112919008,73.09008899288023,0.8074204946996466,simple,0.0768750599576275,0.0774940854005115,0.0,0.0,0.0,,,,,,,,,,,,,,pending,False,2026-09-24T03:10:19.134740+00:00
3,20260916T092011_75e51217b109,2026-09-16T09:20:35.670967+00:00,github-actions,823ac12bac50,2026-09-16,2026-09-15,10ecf218a9114688ade1,9b0b1adcafba0fea37db,close_to_close,0.0073335448298228,{},,disabled,상승,0.3181646950504773,0.3235265747352768,0.3583087302142457,Logistic,20260916T092011_75e51217b109:direction:Logistic,direction,1,2026-09-16,,,,,,,,,,,,,,,,,64.41999816894531,64.28800201416016,0.016636124234765237,2.0,1.0,,,,,,,1.0263602893129014,0.6176659034557574,scored,False,2026-09-24T03:10:19.134740+00:00
3,20260916T092011_75e51217b109,2026-09-16T09:20:35.670967+00:00,github-actions,823ac12bac50,2026-09-16,2026-09-15,10ecf218a9114688ade1,9b0b1adcafba0fea37db,close_to_close,0.0073335448298228,{},,disabled,,,,,Ridge,20260916T092011_75e51217b109:price:1,price,1,2026-09-16,1거래일,1.0,63.23600006103516,없음,,,63.23600006103516,61.33421325411072,65.13778686795959,0.7903083700440529,simple,0.0169540915791231,0.0169973240193721,0.0,0.0,0.0,64.41999816894531,64.28800201416016,0.016636124234765015,,,,,,,1.0,-1.052001953124993,,,scored,False,2026-09-24T03:10:19.134740+00:00
3,20260916T092011_75e51217b109,2026-09-16T09:20:35.670967+00:00,github-actions,823ac12bac50,2026-09-16,2026-09-15,10ecf218a9114688ade1,9b0b1adcafba0fea37db,close_to_close,0.0073335448298228,{},,disabled,,,,,Ridge,20260916T092011_75e51217b109:price:5,price,5,2026-09-22,1주일,5.0,63.23600006103516,없음,,,63.23600006103516,58.66370468124859,67.80829544082172,0.7709251101321586,simple,0.0400338920159999,0.0400926737488165,0.0,0.0,0.0,65.38999938964844,65.93199920654297,0.04263392913697328,,,,,,,1.0,-2.6959991455078054,,,scored,False,2026-09-24T03:10:19.134740+00:00
3,20260916T092011_75e51217b109,2026-09-16T09:20:35.670967+00:00,github-actions,823ac12bac50,2026-09-16,2026-09-15,10ecf218a9114688ade1,9b0b1adcafba0fea37db,close_to_close,0.0073335448298228,{},,disabled,,,,,Ridge,20260916T092011_75e51217b109:price:20,price,20,2026-10-13,1개월,20.0,63.23600006103516,없음,,,63.23600006103516,53.38191112919008,73.09008899288023,0.8074204946996466,simple,0.0768750600846955,0.0774940854005115,0.0,0.0,0.0,,,,,,,,,,,,,,pending,False,2026-09-24T03:10:19.134740+00:00
3,20260916T093939_a06c811a3446,2026-09-16T09:40:02.682741+00:00,github-actions,823ac12bac50,2026-09-16,2026-09-15,10ecf218a9114688ade1,9b0b1adcafba0fea37db,close_to_close,0.0073335448298228,{},,disabled,상승,0.3181646950504773,0.3235265747352768,0.3583087302142457,Logistic,20260916T093939_a06c811a3446:direction:Logistic,direction,1,2026-09-16,,,,,,,,,,,,,,,,,64.41999816894531,64.28800201416016,0.016636124234765237,2.0,1.0,,,,,,,1.0263602893129014,0.6176659034557574,scored,False,2026-09-24T03:10:19.134740+00:00
3,20260916T093939_a06c811a3446,2026-09-16T09:40:02.682741+00:00,github-actions,823ac12bac50,2026-09-16,2026-09-15,10ecf218a9114688ade1,9b0b1adcafba0fea37db,close_to_close,0.0073335448298228,{},,disabled,,,,,Ridge,20260916T093939_a06c811a3446:price:1,price,1,2026-09-16,1거래일,1.0,63.23600006103516,없음,,,63.23600006103516,61.33421325411072,65.13778686795959,0.7903083700440529,simple,0.0169540915791231,0.0169973240193721,0.0,0.0,0.0,64.41999816894531,64.28800201416016,0.016636124234765015,,,,,,,1.0,-1.052001953124993,,,scored,False,2026-09-24T03:10:19.134740+00:00
3,20260916T093939_a06c811a3446,2026-09-16T09:40:02.682741+00:00,github-actions,823ac12bac50,2026-09-16,2026-09-15,10ecf218a9114688ade1,9b0b1adcafba0fea37db,close_to_close,0.0073335448298228,{},,disabled,,,,,Ridge,20260916T093939_a06c811a3446:price:5,price,5,2026-09-22,1주일,5.0,63.23600006103516,없음,,,63.23600006103516,58.66370468124859,67.80829544082172,0.7709251101321586,simple,0.0400338920159999,0.0400926737488165,0.0,0.0,0.0,65.38999938964844,65.93199920654297,0.04263392913697328,,,,,,,1.0,-2.6959991455078054,,,scored,False,2026-09-24T03:10:19.134740+00:00
3,20260916T093939_a06c811a3446,2026-09-16T09:40:02.682741+00:00,github-actions,823ac12bac50,2026-09-16,2026-09-15,10ecf218a9114688ade1,9b0b1adcafba0fea37db,close_to_close,0.0073335448298228,{},,disabled,,,,,Ridge,20260916T093939_a06c811a3446:price:20,price,20,2026-10-13,1개월,20.0,63.23600006103516,없음,,,63.23600006103516,53.38191112919008,73.09008899288023,0.8074204946996466,simple,0.0768750600846955,0.0774940854005115,0.0,0.0,0.0,,,,,,,,,,,,,,pending,False,2026-09-24T03:10:19.134740+00:00
3,20260916T095946_f791a8720848,2026-09-16T10:00:06.507271+00:00,github-actions,823ac12bac50,2026-09-16,2026-09-15,10ecf218a9114688ade1,9b0b1adcafba0fea37db,close_to_close,0.0073335448298228,{},,disabled,상승,0.3181647057253415,0.3235265696701208,0.3583087246045376,Logistic,20260916T095946_f791a8720848:direction:Logistic,direction,1,2026-09-16,,,,,,,,,,,,,,,,,64.41999816894531,64.28800201416016,0.016636124234765237,2.0,1.0,,,,,,,1.0263603049689758,0.6176659141704638,scored,False,2026-09-24T03:10:19.134740+00:00
3,20260916T095946_f791a8720848,2026-09-16T10:00:06.507271+00:00,github-actions,823ac12bac50,2026-09-16,2026-09-15,10ecf218a9114688ade1,9b0b1adcafba0fea37db,close_to_close,0.0073335448298228,{},,disabled,,,,,Ridge,20260916T095946_f791a8720848:price:1,price,1,2026-09-16,1거래일,1.0,63.23600006103516,없음,,,63.23600006103516,61.33421325411072,65.13778686795959,0.7903083700440529,simple,0.0169540915763001,0.0169973240193721,0.0,0.0,0.0,64.41999816894531,64.28800201416016,0.016636124234765015,,,,,,,1.0,-1.052001953124993,,,scored,False,2026-09-24T03:10:19.134740+00:00
3,20260916T095946_f791a8720848,2026-09-16T10:00:06.507271+00:00,github-actions,823ac12bac50,2026-09-16,2026-09-15,10ecf218a9114688ade1,9b0b1adcafba0fea37db,close_to_close,0.0073335448298228,{},,disabled,,,,,Ridge,20260916T095946_f791a8720848:price:5,price,5,2026-09-22,1주일,5.0,63.23600006103516,없음,,,63.23600006103516,58.66370468124859,67.80829544082172,0.7709251101321586,simple,0.0400338920491543,0.0400926737488165,0.0,0.0,0.0,65.38999938964844,65.93199920654297,0.04263392913697328,,,,,,,1.0,-2.6959991455078054,,,scored,False,2026-09-24T03:10:19.134740+00:00
3,20260916T095946_f791a8720848,2026-09-16T10:00:06.507271+00:00,github-actions,823ac12bac50,2026-09-16,2026-09-15,10ecf218a9114688ade1,9b0b1adcafba0fea37db,close_to_close,0.0073335448298228,{},,disabled,,,,,Ridge,20260916T095946_f791a8720848:price:20,price,20,2026-10-13,1개월,20.0,63.23600006103516,없음,,,63.23600006103516,53.38191112919008,73.09008899288023,0.8074204946996466,simple,0.0768750599576275,0.0774940854005115,0.0,0.0,0.0,,,,,,,,,,,,,,pending,False,2026-09-24T03:10:19.134740+00:00
3,20260916T104058_29d568adb494,2026-09-16T10:41:20.725076+00:00,github-actions,823ac12bac50,2026-09-16,2026-09-15,10ecf218a9114688ade1,9b0b1adcafba0fea37db,close_to_close,0.0073335448298228,{},,disabled,상승,0.3181647057253415,0.3235265696701208,0.3583087246045376,Logistic,20260916T104058_29d568adb494:direction:Logistic,direction,1,2026-09-16,,,,,,,,,,,,,,,,,64.41999816894531,64.28800201416016,0.016636124234765237,2.0,1.0,,,,,,,1.0263603049689758,0.6176659141704638,scored,False,2026-09-24T03:10:19.134740+00:00
3,20260916T104058_29d568adb494,2026-09-16T10:41:20.725076+00:00,github-actions,823ac12bac50,2026-09-16,2026-09-15,10ecf218a9114688ade1,9b0b1adcafba0fea37db,close_to_close,0.0073335448298228,{},,disabled,,,,,Ridge,20260916T104058_29d568adb494:price:1,price,1,2026-09-16,1거래일,1.0,63.23600006103516,없음,,,63.23600006103516,61.33421325411072,65.13778686795959,0.7903083700440529,simple,0.0169540915763001,0.0169973240193721,0.0,0.0,0.0,64.41999816894531,64.28800201416016,0.016636124234765015,,,,,,,1.0,-1.052001953124993,,,scored,False,2026-09-24T03:10:19.134740+00:00
3,20260916T104058_29d568adb494,2026-09-16T10:41:20.725076+00:00,github-actions,823ac12bac50,2026-09-16,2026-09-15,10ecf218a9114688ade1,9b0b1adcafba0fea37db,close_to_close,0.0073335448298228,{},,disabled,,,,,Ridge,20260916T104058_29d568adb494:price:5,price,5,2026-09-22,1주일,5.0,63.23600006103516,없음,,,63.23600006103516,58.66370468124859,67.80829544082172,0.7709251101321586,simple,0.0400338920491543,0.0400926737488165,0.0,0.0,0.0,65.38999938964844,65.93199920654297,0.04263392913697328,,,,,,,1.0,-2.6959991455078054,,,scored,False,2026-09-24T03:10:19.134740+00:00
3,20260916T104058_29d568adb494,2026-09-16T10:41:20.725076+00:00,github-actions,823ac12bac50,2026-09-16,2026-09-15,10ecf218a9114688ade1,9b0b1adcafba0fea37db,close_to_close,0.0073335448298228,{},,disabled,,,,,Ridge,20260916T104058_29d568adb494:price:20,price,20,2026-10-13,1개월,20.0,63.23600006103516,없음,,,63.23600006103516,53.38191112919008,73.09008899288023,0.8074204946996466,simple,0.0768750599576275,0.0774940854005115,0.0,0.0,0.0,,,,,,,,,,,,,,pending,False,2026-09-24T03:10:19.134740+00:00
3,20260916T110339_6251b94e9f08,2026-09-16T11:04:00.390603+00:00,github-actions,823ac12bac50,2026-09-16,2026-09-15,10ecf218a9114688ade1,9b0b1adcafba0fea37db,close_to_close,0.0073335448298228,{},,disabled,상승,0.3181646950504773,0.3235265747352768,0.3583087302142457,Logistic,20260916T110339_6251b94e9f08:direction:Logistic,direction,1,2026-09-16,,,,,,,,,,,,,,,,,64.41999816894531,64.28800201416016,0.016636124234765237,2.0,1.0,,,,,,,1.0263602893129014,0.6176659034557574,scored,False,2026-09-24T03:10:19.134740+00:00
3,20260916T110339_6251b94e9f08,2026-09-16T11:04:00.390603+00:00,github-actions,823ac12bac50,2026-09-16,2026-09-15,10ecf218a9114688ade1,9b0b1adcafba0fea37db,close_to_close,0.0073335448298228,{},,disabled,,,,,Ridge,20260916T110339_6251b94e9f08:price:1,price,1,2026-09-16,1거래일,1.0,63.23600006103516,없음,,,63.23600006103516,61.33421325411072,65.13778686795959,0.7903083700440529,simple,0.0169540915791231,0.0169973240193721,0.0,0.0,0.0,64.41999816894531,64.28800201416016,0.016636124234765015,,,,,,,1.0,-1.052001953124993,,,scored,False,2026-09-24T03:10:19.134740+00:00
3,20260916T110339_6251b94e9f08,2026-09-16T11:04:00.390603+00:00,github-actions,823ac12bac50,2026-09-16,2026-09-15,10ecf218a9114688ade1,9b0b1adcafba0fea37db,close_to_close,0.0073335448298228,{},,disabled,,,,,Ridge,20260916T110339_6251b94e9f08:price:5,price,5,2026-09-22,1주일,5.0,63.23600006103516,없음,,,63.23600006103516,58.66370468124859,67.80829544082172,0.7709251101321586,simple,0.0400338920159999,0.0400926737488165,0.0,0.0,0.0,65.38999938964844,65.93199920654297,0.04263392913697328,,,,,,,1.0,-2.6959991455078054,,,scored,False,2026-09-24T03:10:19.134740+00:00
3,20260916T110339_6251b94e9f08,2026-09-16T11:04:00.390603+00:00,github-actions,823ac12bac50,2026-09-16,2026-09-15,10ecf218a9114688ade1,9b0b1adcafba0fea37db,close_to_close,0.0073335448298228,{},,disabled,,,,,Ridge,20260916T110339_6251b94e9f08:price:20,price,20,2026-10-13,1개월,20.0,63.23600006103516,없음,,,63.23600006103516,53.38191112919008,73.09008899288023,0.8074204946996466,simple,0.0768750600846955,0.0774940854005115,0.0,0.0,0.0,,,,,,,,,,,,,,pending,False,2026-09-24T03:10:19.134740+00:00
3,20260916T113012_9f72a3454e67,2026-09-16T11:30:36.144025+00:00,github-actions,823ac12bac50,2026-09-16,2026-09-15,10ecf218a9114688ade1,9b0b1adcafba0fea37db,close_to_close,0.0073335448298228,{},,disabled,상승,0.3181647057253415,0.3235265696701208,0.3583087246045376,Logistic,20260916T113012_9f72a3454e67:direction:Logistic,direction,1,2026-09-16,,,,,,,,,,,,,,,,,64.41999816894531,64.28800201416016,0.016636124234765237,2.0,1.0,,,,,,,1.0263603049689758,0.6176659141704638,scored,False,2026-09-24T03:10:19.134740+00:00
3,20260916T113012_9f72a3454e67,2026-09-16T11:30:36.144025+00:00,github-actions,823ac12bac50,2026-09-16,2026-09-15,10ecf218a9114688ade1,9b0b1adcafba0fea37db,close_to_close,0.0073335448298228,{},,disabled,,,,,Ridge,20260916T113012_9f72a3454e67:price:1,price,1,2026-09-16,1거래일,1.0,63.23600006103516,없음,,,63.23600006103516,61.33421325411072,65.13778686795959,0.7903083700440529,simple,0.0169540915768413,0.0169973240193721,0.0,0.0,0.0,64.41999816894531,64.28800201416016,0.016636124234765015,,,,,,,1.0,-1.052001953124993,,,scored,False,2026-09-24T03:10:19.134740+00:00
3,20260916T113012_9f72a3454e67,2026-09-16T11:30:36.144025+00:00,github-actions,823ac12bac50,2026-09-16,2026-09-15,10ecf218a9114688ade1,9b0b1adcafba0fea37db,close_to_close,0.0073335448298228,{},,disabled,,,,,Ridge,20260916T113012_9f72a3454e67:price:5,price,5,2026-09-22,1주일,5.0,63.23600006103516,없음,,,63.23600006103516,58.66370468124859,67.80829544082172,0.7709251101321586,simple,0.0400338920465901,0.0400926737488165,0.0,0.0,0.0,65.38999938964844,65.93199920654297,0.04263392913697328,,,,,,,1.0,-2.6959991455078054,,,scored,False,2026-09-24T03:10:19.134740+00:00
3,20260916T113012_9f72a3454e67,2026-09-16T11:30:36.144025+00:00,github-actions,823ac12bac50,2026-09-16,2026-09-15,10ecf218a9114688ade1,9b0b1adcafba0fea37db,close_to_close,0.0073335448298228,{},,disabled,,,,,Ridge,20260916T113012_9f72a3454e67:price:20,price,20,2026-10-13,1개월,20.0,63.23600006103516,없음,,,63.23600006103516,53.38191112919008,73.09008899288023,0.8074204946996466,simple,0.0768750598817692,0.0774940854005115,0.0,0.0,0.0,,,,,,,,,,,,,,pending,False,2026-09-24T03:10:19.134740+00:00
3,20260916T121817_993cd2ed5bb1,2026-09-16T12:18:47.007323+00:00,github-actions,823ac12bac50,2026-09-16,2026-09-15,10ecf218a9114688ade1,9b0b1adcafba0fea37db,close_to_close,0.0073335448298228,{},,disabled,상승,0.3181646950504773,0.3235265747352768,0.3583087302142457,Logistic,20260916T121817_993cd2ed5bb1:direction:Logistic,direction,1,2026-09-16,,,,,,,,,,,,,,,,,64.41999816894531,64.28800201416016,0.016636124234765237,2.0,1.0,,,,,,,1.0263602893129014,0.6176659034557574,scored,False,2026-09-24T03:10:19.134740+00:00
3,20260916T121817_993cd2ed5bb1,2026-09-16T12:18:47.007323+00:00,github-actions,823ac12bac50,2026-09-16,2026-09-15,10ecf218a9114688ade1,9b0b1adcafba0fea37db,close_to_close,0.0073335448298228,{},,disabled,,,,,Ridge,20260916T121817_993cd2ed5bb1:price:1,price,1,2026-09-16,1거래일,1.0,63.23600006103516,없음,,,63.23600006103516,61.33421325411072,65.13778686795959,0.7903083700440529,simple,0.0169540915791231,0.0169973240193721,0.0,0.0,0.0,64.41999816894531,64.28800201416016,0.016636124234765015,,,,,,,1.0,-1.052001953124993,,,scored,False,2026-09-24T03:10:19.134740+00:00
3,20260916T121817_993cd2ed5bb1,2026-09-16T12:18:47.007323+00:00,github-actions,823ac12bac50,2026-09-16,2026-09-15,10ecf218a9114688ade1,9b0b1adcafba0fea37db,close_to_close,0.0073335448298228,{},,disabled,,,,,Ridge,20260916T121817_993cd2ed5bb1:price:5,price,5,2026-09-22,1주일,5.0,63.23600006103516,없음,,,63.23600006103516,58.66370468124859,67.80829544082172,0.7709251101321586,simple,0.0400338920159999,0.0400926737488165,0.0,0.0,0.0,65.38999938964844,65.93199920654297,0.04263392913697328,,,,,,,1.0,-2.6959991455078054,,,scored,False,2026-09-24T03:10:19.134740+00:00
3,20260916T121817_993cd2ed5bb1,2026-09-16T12:18:47.007323+00:00,github-actions,823ac12bac50,2026-09-16,2026-09-15,10ecf218a9114688ade1,9b0b1adcafba0fea37db,close_to_close,0.0073335448298228,{},,disabled,,,,,Ridge,20260916T121817_993cd2ed5bb1:price:20,price,20,2026-10-13,1개월,20.0,63.23600006103516,없음,,,63.23600006103516,53.38191112919008,73.09008899288023,0.8074204946996466,simple,0.0768750600846955,0.0774940854005115,0.0,0.0,0.0,,,,,,,,,,,,,,pending,False,2026-09-24T03:10:19.134740+00:00
3,20260916T230249_25bd79d6e1bc,2026-09-16T23:03:12.997735+00:00,github-actions,823ac12bac50,2026-09-17,2026-09-16,850423c4274f3cc82663,9b0b1adcafba0fea37db,close_to_close,0.0070000621415448,{},,disabled,하락,0.3553863638070949,0.3099133048827645,0.3347003313101407,Logistic,20260916T230249_25bd79d6e1bc:direction:Logistic,direction,1,2026-09-17,,,,,,,,,,,,,,,,,65.47000122070312,65.47000122070312,0.01838600002349766,2.0,0.0,,,,,,,1.094519680893399,0.6649693732822227,scored,True,2026-09-24T03:10:19.134740+00:00
3,20260916T230249_25bd79d6e1bc,2026-09-16T23:03:12.997735+00:00,github-actions,823ac12bac50,2026-09-17,2026-09-16,850423c4274f3cc82663,9b0b1adcafba0fea37db,close_to_close,0.0070000621415448,{},,disabled,,,,,Ridge,20260916T230249_25bd79d6e1bc:price:1,price,1,2026-09-17,1거래일,1.0,63.34999847412109,없음,,,63.34999847412109,61.531420226640606,65.16857672160158,0.7903083700440529,simple,0.0169443634953657,0.0169836904515552,0.0,0.0,0.0,65.47000122070312,65.47000122070312,0.03346492182550054,,,,,,,0.0,-2.1200027465820384,,,scored,True,2026-09-24T03:10:19.134740+00:00
3,20260916T230249_25bd79d6e1bc,2026-09-16T23:03:12.997735+00:00,github-actions,823ac12bac50,2026-09-17,2026-09-16,850423c4274f3cc82663,9b0b1adcafba0fea37db,close_to_close,0.0070000621415448,{},,disabled,,,,,Ridge,20260916T230249_25bd79d6e1bc:price:5,price,5,2026-09-23,1주일,5.0,63.34999847412109,없음,,,63.34999847412109,58.97775396781783,67.72224298042435,0.7700440528634361,simple,0.0400621831558353,0.0401173710764707,0.0,0.0,0.0,66.20500183105469,64.38200378417969,0.01629053409496417,,,,,,,1.0,-1.0320053100586009,,,scored,True,2026-09-24T05:03:06.973031+00:00
3,20260916T230249_25bd79d6e1bc,2026-09-16T23:03:12.997735+00:00,github-actions,823ac12bac50,2026-09-17,2026-09-16,850423c4274f3cc82663,9b0b1adcafba0fea37db,close_to_close,0.0070000621415448,{},,disabled,,,,,Ridge,20260916T230249_25bd79d6e1bc:price:20,price,20,2026-10-14,1개월,20.0,63.34999847412109,없음,,,63.34999847412109,53.92705384386963,72.77294310437257,0.8074204946996466,simple,0.0768458370834626,0.0774549041379702,0.0,0.0,0.0,,,,,,,,,,,,,,pending,True,2026-09-24T03:10:19.134740+00:00
3,20260916T234338_fc994eafc814,2026-09-16T23:43:57.463597+00:00,github-actions,823ac12bac50,2026-09-17,2026-09-16,f21d22c0d4fad7e7f17c,9b0b1adcafba0fea37db,close_to_close,0.0070104469412333,{},,disabled,하락,0.3567796601099963,0.3090057468012013,0.3342145930888024,Logistic,20260916T234338_fc994eafc814:direction:Logistic,direction,1,2026-09-17,,,,,,,,,,,,,,,,,65.47000122070312,65.47000122070312,0.01838600002349766,2.0,0.0,,,,,,,1.0959719980386693,0.6660464854802816,scored,True,2026-09-24T03:10:19.134740+00:00
3,20260916T234338_fc994eafc814,2026-09-16T23:43:57.463597+00:00,github-actions,823ac12bac50,2026-09-17,2026-09-16,f21d22c0d4fad7e7f17c,9b0b1adcafba0fea37db,close_to_close,0.0070104469412333,{},,disabled,,,,,Ridge,20260916T234338_fc994eafc814:price:1,price,1,2026-09-17,1거래일,1.0,63.59999847412109,없음,,,63.59999847412109,61.77153495513045,65.42846199311172,0.7903083700440529,simple,0.0169478467008974,0.0169871736623365,0.0,0.0,0.0,65.47000122070312,65.47000122070312,0.029402559613943113,,,,,,,0.0,-1.8700027465820384,,,scored,True,2026-09-24T03:10:19.134740+00:00
3,20260916T234338_fc994eafc814,2026-09-16T23:43:57.463597+00:00,github-actions,823ac12bac50,2026-09-17,2026-09-16,f21d22c0d4fad7e7f17c,9b0b1adcafba0fea37db,close_to_close,0.0070104469412333,{},,disabled,,,,,Ridge,20260916T234338_fc994eafc814:price:5,price,5,2026-09-23,1주일,5.0,63.59999847412109,없음,,,63.59999847412109,59.20398769649381,67.99600925174838,0.7700440528634361,simple,0.0400589412095999,0.0401141291302102,0.0,0.0,0.0,66.20500183105469,64.38200378417969,0.01229568127075975,,,,,,,1.0,-0.7820053100586009,,,scored,True,2026-09-24T05:03:06.973031+00:00
3,20260916T234338_fc994eafc814,2026-09-16T23:43:57.463597+00:00,github-actions,823ac12bac50,2026-09-17,2026-09-16,f21d22c0d4fad7e7f17c,9b0b1adcafba0fea37db,close_to_close,0.0070104469412333,{},,disabled,,,,,Ridge,20260916T234338_fc994eafc814:price:20,price,20,2026-10-14,1개월,20.0,63.59999847412109,없음,,,63.59999847412109,54.12583341042156,73.07416353782062,0.8074204946996466,simple,0.0768423830810215,0.0774514502030927,0.0,0.0,0.0,,,,,,,,,,,,,,pending,True,2026-09-24T03:10:19.134740+00:00
3,20260917T080554_540cdc28bf26,2026-09-17T08:06:18.089809+00:00,github-actions,823ac12bac50,2026-09-17,2026-09-16,cc5f02b5b5d8370c6d97,9b0b1adcafba0fea37db,close_to_close,0.0070903464041258,{},,disabled,하락,0.3683197781225973,0.2939322639216348,0.3377479579557678,Logistic,20260917T080554_540cdc28bf26:direction:Logistic,direction,1,2026-09-17,,,,,,,,,,,,,,,,,65.47000122070312,65.47000122070312,0.01838600002349766,2.0,0.0,,,,,,,1.0854553481829994,0.6606334019221323,scored,False,2026-09-24T03:10:19.134740+00:00
3,20260917T080554_540cdc28bf26,2026-09-17T08:06:18.089809+00:00,github-actions,823ac12bac50,2026-09-17,2026-09-16,cc5f02b5b5d8370c6d97,9b0b1adcafba0fea37db,close_to_close,0.0070903464041258,{},,disabled,,,,,Ridge,20260917T080554_540cdc28bf26:price:1,price,1,2026-09-17,1거래일,1.0,64.28800201416016,없음,,,64.28800201416016,62.41869399064324,66.15731003767706,0.7903083700440529,simple,0.0169574325515401,0.0169967595077296,0.0,0.0,0.0,65.47000122070312,65.47000122070312,0.01838600002349766,,,,,,,1.0,-1.1819992065429688,,,scored,False,2026-09-24T03:10:19.134740+00:00
3,20260917T080554_540cdc28bf26,2026-09-17T08:06:18.089809+00:00,github-actions,823ac12bac50,2026-09-17,2026-09-16,cc5f02b5b5d8370c6d97,9b0b1adcafba0fea37db,close_to_close,0.0070903464041258,{},,disabled,,,,,Ridge,20260917T080554_540cdc28bf26:price:5,price,5,2026-09-23,1주일,5.0,64.28800201416016,없음,,,64.28800201416016,59.79379245912251,68.78221156919781,0.7709251101321586,simple,0.0400500193275597,0.040105207248195,0.0,0.0,0.0,66.20500183105469,64.38200378417969,0.001462197720794478,,,,,,,1.0,-0.09400177001953125,,,scored,False,2026-09-24T05:03:06.973031+00:00
3,20260917T080554_540cdc28bf26,2026-09-17T08:06:18.089809+00:00,github-actions,823ac12bac50,2026-09-17,2026-09-16,cc5f02b5b5d8370c6d97,9b0b1adcafba0fea37db,close_to_close,0.0070903464041258,{},,disabled,,,,,Ridge,20260917T080554_540cdc28bf26:price:20,price,20,2026-10-14,1개월,20.0,64.28800201416016,없음,,,64.28800201416016,54.602201567086645,73.97380246123366,0.8074204946996466,simple,0.0768344722578326,0.0774515330519945,0.0,0.0,0.0,,,,,,,,,,,,,,pending,False,2026-09-24T03:10:19.134740+00:00
3,20260917T233506_1c4190ad0bd9,2026-09-17T23:35:25.435139+00:00,github-actions,823ac12bac50,2026-09-18,2026-09-17,e28f230f8705271ed9d9,9b0b1adcafba0fea37db,close_to_close,0.0070462534558773,{},,disabled,하락,0.3556054861762417,0.2920799758738286,0.3523145379499298,Logistic,20260917T233506_1c4190ad0bd9:direction:Logistic,direction,1,2026-09-18,,,,,,,,,,,,,,,,,66.94000244140625,66.55599975585938,0.016587727430999788,2.0,0.0,,,,,,,1.0432309286619739,0.6312624318561106,scored,True,2026-09-24T03:10:19.134740+00:00
3,20260917T233506_1c4190ad0bd9,2026-09-17T23:35:25.435139+00:00,github-actions,823ac12bac50,2026-09-18,2026-09-17,e28f230f8705271ed9d9,9b0b1adcafba0fea37db,close_to_close,0.0070462534558773,{},,disabled,,,,,Ridge,20260917T233506_1c4190ad0bd9:price:1,price,1,2026-09-18,1거래일,1.0,65.93000030517578,없음,,,65.93000030517578,64.02313687904203,67.83686373130953,0.7906772207563765,simple,0.0169650119924739,0.0170045208205147,0.0,0.0,0.0,66.94000244140625,66.55599975585938,0.009494910477566787,,,,,,,1.0,-0.6259994506835938,,,scored,True,2026-09-24T03:10:19.134740+00:00
3,20260917T233506_1c4190ad0bd9,2026-09-17T23:35:25.435139+00:00,github-actions,823ac12bac50,2026-09-18,2026-09-17,e28f230f8705271ed9d9,9b0b1adcafba0fea37db,close_to_close,0.0070462534558773,{},,disabled,,,,,Ridge,20260917T233506_1c4190ad0bd9:price:5,price,5,2026-09-24,1주일,5.0,65.93000030517578,없음,,,65.93000030517578,61.34966496503042,70.51033564532115,0.7709251101321586,simple,0.0400672744206006,0.0401166946739949,0.0,0.0,0.0,63.400001525878906,63.457000732421875,-0.03750947309732933,,,,,,,1.0,2.4729995727539062,,,scored,True,2026-09-25T05:06:25.813254+00:00
3,20260917T233506_1c4190ad0bd9,2026-09-17T23:35:25.435139+00:00,github-actions,823ac12bac50,2026-09-18,2026-09-17,e28f230f8705271ed9d9,9b0b1adcafba0fea37db,close_to_close,0.0070462534558773,{},,disabled,,,,,Ridge,20260917T233506_1c4190ad0bd9:price:20,price,20,2026-10-15,1개월,20.0,65.93000030517578,없음,,,65.93000030517578,56.05858386541547,75.80141674493608,0.8074204946996466,simple,0.0767880443642381,0.0774037480420262,0.0,0.0,0.0,,,,,,,,,,,,,,pending,True,2026-09-24T03:10:19.134740+00:00
3,20260920T000056_75ba2cd3d3eb,2026-09-20T00:01:16.729751+00:00,github-actions,823ac12bac50,2026-09-21,2026-09-18,18d62a49d4fcd9c7d0b4,9b0b1adcafba0fea37db,close_to_close,0.006606928943392,{},,disabled,하락,0.358792062599763,0.2877420554202478,0.3534658819799893,Logistic,20260920T000056_75ba2cd3d3eb:direction:Logistic,direction,1,2026-09-21,,,,,,,,,,,,,,,,,66.44000244140625,65.82499694824219,-0.010983274389967157,0.0,1.0,,,,,,,1.0250122711164318,0.618881239166427,scored,True,2026-09-24T03:10:19.134740+00:00
3,20260920T000056_75ba2cd3d3eb,2026-09-20T00:01:16.729751+00:00,github-actions,823ac12bac50,2026-09-21,2026-09-18,18d62a49d4fcd9c7d0b4,9b0b1adcafba0fea37db,close_to_close,0.006606928943392,{},,disabled,,,,,Ridge,20260920T000056_75ba2cd3d3eb:price:1,price,1,2026-09-21,1거래일,1.0,66.55599975585938,없음,,,66.55599975585938,64.75395956774476,68.358039943974,0.7897977132805629,simple,0.016958127341903,0.0169976216083795,0.0,0.0,0.0,66.44000244140625,65.82499694824219,-0.010983274389967157,,,,,,,1.0,0.7310028076171875,,,scored,True,2026-09-24T03:10:19.134740+00:00
3,20260920T000056_75ba2cd3d3eb,2026-09-20T00:01:16.729751+00:00,github-actions,823ac12bac50,2026-09-21,2026-09-18,18d62a49d4fcd9c7d0b4,9b0b1adcafba0fea37db,close_to_close,0.006606928943392,{},,disabled,,,,,Ridge,20260920T000056_75ba2cd3d3eb:price:5,price,5,2026-09-25,1주일,5.0,66.55599975585938,없음,,,66.55599975585938,62.220463881667904,70.89153563005085,0.7709251101321586,simple,0.0400699731221883,0.0401216437925343,0.0,0.0,0.0,63.630001068115234,64.24500274658203,-0.03472259477364237,,,,,,,1.0,2.3109970092773438,,,scored,True,2026-09-27T23:51:23.676650+00:00
3,20260920T000056_75ba2cd3d3eb,2026-09-20T00:01:16.729751+00:00,github-actions,823ac12bac50,2026-09-21,2026-09-18,18d62a49d4fcd9c7d0b4,9b0b1adcafba0fea37db,close_to_close,0.006606928943392,{},,disabled,,,,,Ridge,20260920T000056_75ba2cd3d3eb:price:20,price,20,2026-10-16,1개월,20.0,66.55599975585938,없음,,,66.55599975585938,57.21152778810752,75.90047172361123,0.8075904677846425,simple,0.0767460926124941,0.0773554163020076,0.0,0.0,0.0,,,,,,,,,,,,,,pending,True,2026-09-24T03:10:19.134740+00:00
3,20260920T005414_159ec6aa1191,2026-09-20T00:54:36.695911+00:00,github-actions,823ac12bac50,2026-09-21,2026-09-18,18d62a49d4fcd9c7d0b4,9b0b1adcafba0fea37db,close_to_close,0.006606928943392,{},,disabled,하락,0.3587920676890365,0.2877420595017149,0.3534658728092486,Logistic,20260920T005414_159ec6aa1191:direction:Logistic,direction,1,2026-09-21,,,,,,,,,,,,,,,,,66.44000244140625,65.82499694824219,-0.010983274389967157,0.0,1.0,,,,,,,1.0250122569319668,0.6188812285055935,scored,True,2026-09-24T03:10:19.134740+00:00
3,20260920T005414_159ec6aa1191,2026-09-20T00:54:36.695911+00:00,github-actions,823ac12bac50,2026-09-21,2026-09-18,18d62a49d4fcd9c7d0b4,9b0b1adcafba0fea37db,close_to_close,0.006606928943392,{},,disabled,,,,,Ridge,20260920T005414_159ec6aa1191:price:1,price,1,2026-09-21,1거래일,1.0,66.55599975585938,없음,,,66.55599975585938,64.75395956774476,68.358039943974,0.7897977132805629,simple,0.0169581273454983,0.0169976216083795,0.0,0.0,0.0,66.44000244140625,65.82499694824219,-0.010983274389967157,,,,,,,1.0,0.7310028076171875,,,scored,True,2026-09-24T03:10:19.134740+00:00
3,20260920T005414_159ec6aa1191,2026-09-20T00:54:36.695911+00:00,github-actions,823ac12bac50,2026-09-21,2026-09-18,18d62a49d4fcd9c7d0b4,9b0b1adcafba0fea37db,close_to_close,0.006606928943392,{},,disabled,,,,,Ridge,20260920T005414_159ec6aa1191:price:5,price,5,2026-09-25,1주일,5.0,66.55599975585938,없음,,,66.55599975585938,62.220463881667904,70.89153563005085,0.7709251101321586,simple,0.0400699731002844,0.0401216437925343,0.0,0.0,0.0,63.630001068115234,64.24500274658203,-0.03472259477364237,,,,,,,1.0,2.3109970092773438,,,scored,True,2026-09-27T23:51:23.676650+00:00
3,20260920T005414_159ec6aa1191,2026-09-20T00:54:36.695911+00:00,github-actions,823ac12bac50,2026-09-21,2026-09-18,18d62a49d4fcd9c7d0b4,9b0b1adcafba0fea37db,close_to_close,0.006606928943392,{},,disabled,,,,,Ridge,20260920T005414_159ec6aa1191:price:20,price,20,2026-10-16,1개월,20.0,66.55599975585938,없음,,,66.55599975585938,57.21152778810752,75.90047172361123,0.8075904677846425,simple,0.076746092583622,0.0773554163020076,0.0,0.0,0.0,,,,,,,,,,,,,,pending,True,2026-09-24T03:10:19.134740+00:00
3,20260920T030726_2c40a5769220,2026-09-20T03:07:49.320671+00:00,github-actions,823ac12bac50,2026-09-21,2026-09-18,18d62a49d4fcd9c7d0b4,9b0b1adcafba0fea37db,close_to_close,0.006606928943392,{},,disabled,하락,0.3587920676890365,0.2877420595017149,0.3534658728092486,Logistic,20260920T030726_2c40a5769220:direction:Logistic,direction,1,2026-09-21,,,,,,,,,,,,,,,,,66.44000244140625,65.82499694824219,-0.010983274389967157,0.0,1.0,,,,,,,1.0250122569319668,0.6188812285055935,scored,True,2026-09-24T03:10:19.134740+00:00
3,20260920T030726_2c40a5769220,2026-09-20T03:07:49.320671+00:00,github-actions,823ac12bac50,2026-09-21,2026-09-18,18d62a49d4fcd9c7d0b4,9b0b1adcafba0fea37db,close_to_close,0.006606928943392,{},,disabled,,,,,Ridge,20260920T030726_2c40a5769220:price:1,price,1,2026-09-21,1거래일,1.0,66.55599975585938,없음,,,66.55599975585938,64.75395956774476,68.358039943974,0.7897977132805629,simple,0.0169581273454983,0.0169976216083795,0.0,0.0,0.0,66.44000244140625,65.82499694824219,-0.010983274389967157,,,,,,,1.0,0.7310028076171875,,,scored,True,2026-09-24T03:10:19.134740+00:00
3,20260920T030726_2c40a5769220,2026-09-20T03:07:49.320671+00:00,github-actions,823ac12bac50,2026-09-21,2026-09-18,18d62a49d4fcd9c7d0b4,9b0b1adcafba0fea37db,close_to_close,0.006606928943392,{},,disabled,,,,,Ridge,20260920T030726_2c40a5769220:price:5,price,5,2026-09-25,1주일,5.0,66.55599975585938,없음,,,66.55599975585938,62.220463881667904,70.89153563005085,0.7709251101321586,simple,0.0400699731002844,0.0401216437925343,0.0,0.0,0.0,63.630001068115234,64.24500274658203,-0.03472259477364237,,,,,,,1.0,2.3109970092773438,,,scored,True,2026-09-27T23:51:23.676650+00:00
3,20260920T030726_2c40a5769220,2026-09-20T03:07:49.320671+00:00,github-actions,823ac12bac50,2026-09-21,2026-09-18,18d62a49d4fcd9c7d0b4,9b0b1adcafba0fea37db,close_to_close,0.006606928943392,{},,disabled,,,,,Ridge,20260920T030726_2c40a5769220:price:20,price,20,2026-10-16,1개월,20.0,66.55599975585938,없음,,,66.55599975585938,57.21152778810752,75.90047172361123,0.8075904677846425,simple,0.076746092583622,0.0773554163020076,0.0,0.0,0.0,,,,,,,,,,,,,,pending,True,2026-09-24T03:10:19.134740+00:00
3,20260920T033314_f6736e81f715,2026-09-20T03:33:41.026695+00:00,github-actions,823ac12bac50,2026-09-21,2026-09-18,18d62a49d4fcd9c7d0b4,9b0b1adcafba0fea37db,close_to_close,0.006606928943392,{},,disabled,하락,0.3587920676890365,0.2877420595017149,0.3534658728092486,Logistic,20260920T033314_f6736e81f715:direction:Logistic,direction,1,2026-09-21,,,,,,,,,,,,,,,,,66.44000244140625,65.82499694824219,-0.010983274389967157,0.0,1.0,,,,,,,1.0250122569319668,0.6188812285055935,scored,True,2026-09-24T03:10:19.134740+00:00
3,20260920T033314_f6736e81f715,2026-09-20T03:33:41.026695+00:00,github-actions,823ac12bac50,2026-09-21,2026-09-18,18d62a49d4fcd9c7d0b4,9b0b1adcafba0fea37db,close_to_close,0.006606928943392,{},,disabled,,,,,Ridge,20260920T033314_f6736e81f715:price:1,price,1,2026-09-21,1거래일,1.0,66.55599975585938,없음,,,66.55599975585938,64.75395956774476,68.358039943974,0.7897977132805629,simple,0.0169581273454983,0.0169976216083795,0.0,0.0,0.0,66.44000244140625,65.82499694824219,-0.010983274389967157,,,,,,,1.0,0.7310028076171875,,,scored,True,2026-09-24T03:10:19.134740+00:00
3,20260920T033314_f6736e81f715,2026-09-20T03:33:41.026695+00:00,github-actions,823ac12bac50,2026-09-21,2026-09-18,18d62a49d4fcd9c7d0b4,9b0b1adcafba0fea37db,close_to_close,0.006606928943392,{},,disabled,,,,,Ridge,20260920T033314_f6736e81f715:price:5,price,5,2026-09-25,1주일,5.0,66.55599975585938,없음,,,66.55599975585938,62.220463881667904,70.89153563005085,0.7709251101321586,simple,0.0400699731002844,0.0401216437925343,0.0,0.0,0.0,63.630001068115234,64.24500274658203,-0.03472259477364237,,,,,,,1.0,2.3109970092773438,,,scored,True,2026-09-27T23:51:23.676650+00:00
3,20260920T033314_f6736e81f715,2026-09-20T03:33:41.026695+00:00,github-actions,823ac12bac50,2026-09-21,2026-09-18,18d62a49d4fcd9c7d0b4,9b0b1adcafba0fea37db,close_to_close,0.006606928943392,{},,disabled,,,,,Ridge,20260920T033314_f6736e81f715:price:20,price,20,2026-10-16,1개월,20.0,66.55599975585938,없음,,,66.55599975585938,57.21152778810752,75.90047172361123,0.8075904677846425,simple,0.076746092583622,0.0773554163020076,0.0,0.0,0.0,,,,,,,,,,,,,,pending,True,2026-09-24T03:10:19.134740+00:00
3,20260920T035328_678d02cc78df,2026-09-20T03:53:51.777587+00:00,github-actions,823ac12bac50,2026-09-21,2026-09-18,18d62a49d4fcd9c7d0b4,9b0b1adcafba0fea37db,close_to_close,0.006606928943392,{},,disabled,하락,0.3587920676890365,0.2877420595017149,0.3534658728092486,Logistic,20260920T035328_678d02cc78df:direction:Logistic,direction,1,2026-09-21,,,,,,,,,,,,,,,,,66.44000244140625,65.82499694824219,-0.010983274389967157,0.0,1.0,,,,,,,1.0250122569319668,0.6188812285055935,scored,True,2026-09-24T03:10:19.134740+00:00
3,20260920T035328_678d02cc78df,2026-09-20T03:53:51.777587+00:00,github-actions,823ac12bac50,2026-09-21,2026-09-18,18d62a49d4fcd9c7d0b4,9b0b1adcafba0fea37db,close_to_close,0.006606928943392,{},,disabled,,,,,Ridge,20260920T035328_678d02cc78df:price:1,price,1,2026-09-21,1거래일,1.0,66.55599975585938,없음,,,66.55599975585938,64.75395956774476,68.358039943974,0.7897977132805629,simple,0.0169581273454983,0.0169976216083795,0.0,0.0,0.0,66.44000244140625,65.82499694824219,-0.010983274389967157,,,,,,,1.0,0.7310028076171875,,,scored,True,2026-09-24T03:10:19.134740+00:00
3,20260920T035328_678d02cc78df,2026-09-20T03:53:51.777587+00:00,github-actions,823ac12bac50,2026-09-21,2026-09-18,18d62a49d4fcd9c7d0b4,9b0b1adcafba0fea37db,close_to_close,0.006606928943392,{},,disabled,,,,,Ridge,20260920T035328_678d02cc78df:price:5,price,5,2026-09-25,1주일,5.0,66.55599975585938,없음,,,66.55599975585938,62.220463881667904,70.89153563005085,0.7709251101321586,simple,0.0400699731002844,0.0401216437925343,0.0,0.0,0.0,63.630001068115234,64.24500274658203,-0.03472259477364237,,,,,,,1.0,2.3109970092773438,,,scored,True,2026-09-27T23:51:23.676650+00:00
3,20260920T035328_678d02cc78df,2026-09-20T03:53:51.777587+00:00,github-actions,823ac12bac50,2026-09-21,2026-09-18,18d62a49d4fcd9c7d0b4,9b0b1adcafba0fea37db,close_to_close,0.006606928943392,{},,disabled,,,,,Ridge,20260920T035328_678d02cc78df:price:20,price,20,2026-10-16,1개월,20.0,66.55599975585938,없음,,,66.55599975585938,57.21152778810752,75.90047172361123,0.8075904677846425,simple,0.076746092583622,0.0773554163020076,0.0,0.0,0.0,,,,,,,,,,,,,,pending,True,2026-09-24T03:10:19.134740+00:00
3,20260920T045518_cdb959d31501,2026-09-20T04:55:39.057286+00:00,github-actions,823ac12bac50,2026-09-21,2026-09-18,94e247c84311b94caa80,9b0b1adcafba0fea37db,close_to_close,0.006746687622817,{},,disabled,하락,0.371276539514172,0.2798226396690833,0.3489008208167447,Logistic,20260920T045518_cdb959d31501:direction:Logistic,direction,1,2026-09-21,,,,,,,,,,,,,,,,,66.44000244140625,65.82499694824219,-0.010983274389967157,0.0,1.0,,,,,,,0.990808104513434,0.5953256822032463,scored,True,2026-09-24T03:10:19.134740+00:00
3,20260920T045518_cdb959d31501,2026-09-20T04:55:39.057286+00:00,github-actions,823ac12bac50,2026-09-21,2026-09-18,94e247c84311b94caa80,9b0b1adcafba0fea37db,close_to_close,0.006746687622817,{},,disabled,,,,,Ridge,20260920T045518_cdb959d31501:price:1,price,1,2026-09-21,1거래일,1.0,67.14900207519531,없음,,,67.14900207519531,65.29244720227969,69.00555694811094,0.7897977132805629,simple,0.0169660935854238,0.0170055878519003,0.0,0.0,0.0,66.44000244140625,65.82499694824219,-0.01971742075139804,,,,,,,1.0,1.324005126953125,,,scored,True,2026-09-24T03:10:19.134740+00:00
3,20260920T045518_cdb959d31501,2026-09-20T04:55:39.057286+00:00,github-actions,823ac12bac50,2026-09-21,2026-09-18,94e247c84311b94caa80,9b0b1adcafba0fea37db,close_to_close,0.006746687622817,{},,disabled,,,,,Ridge,20260920T045518_cdb959d31501:price:5,price,5,2026-09-25,1주일,5.0,67.14900207519531,없음,,,67.14900207519531,62.68230909741435,71.61569505297628,0.7709251101321586,simple,0.0400780666407449,0.0401297373110909,0.0,0.0,0.0,63.630001068115234,64.24500274658203,-0.043247095844571204,,,,,,,1.0,2.9039993286132812,,,scored,True,2026-09-27T23:51:23.676650+00:00
3,20260920T045518_cdb959d31501,2026-09-20T04:55:39.057286+00:00,github-actions,823ac12bac50,2026-09-21,2026-09-18,94e247c84311b94caa80,9b0b1adcafba0fea37db,close_to_close,0.006746687622817,{},,disabled,,,,,Ridge,20260920T045518_cdb959d31501:price:20,price,20,2026-10-16,1개월,20.0,67.14900207519531,없음,,,67.14900207519531,57.521844434108544,76.7761597162821,0.8075904677846425,simple,0.0767383986238473,0.0773477223133608,0.0,0.0,0.0,,,,,,,,,,,,,,pending,True,2026-09-24T03:10:19.134740+00:00
3,20260920T054712_80fb9bc7e364,2026-09-20T05:47:35.600480+00:00,github-actions,823ac12bac50,2026-09-21,2026-09-18,94e247c84311b94caa80,9b0b1adcafba0fea37db,close_to_close,0.006746687622817,{},,disabled,하락,0.3712765500576582,0.2798226463914333,0.3489008035509084,Logistic,20260920T054712_80fb9bc7e364:direction:Logistic,direction,1,2026-09-21,,,,,,,,,,,,,,,,,66.44000244140625,65.82499694824219,-0.010983274389967157,0.0,1.0,,,,,,,0.9908080761155019,0.5953256606593751,scored,True,2026-09-24T03:10:19.134740+00:00
3,20260920T054712_80fb9bc7e364,2026-09-20T05:47:35.600480+00:00,github-actions,823ac12bac50,2026-09-21,2026-09-18,94e247c84311b94caa80,9b0b1adcafba0fea37db,close_to_close,0.006746687622817,{},,disabled,,,,,Ridge,20260920T054712_80fb9bc7e364:price:1,price,1,2026-09-21,1거래일,1.0,67.14900207519531,없음,,,67.14900207519531,65.29244720227969,69.00555694811094,0.7897977132805629,simple,0.0169660935890191,0.0170055878519003,0.0,0.0,0.0,66.44000244140625,65.82499694824219,-0.01971742075139804,,,,,,,1.0,1.324005126953125,,,scored,True,2026-09-24T03:10:19.134740+00:00
3,20260920T054712_80fb9bc7e364,2026-09-20T05:47:35.600480+00:00,github-actions,823ac12bac50,2026-09-21,2026-09-18,94e247c84311b94caa80,9b0b1adcafba0fea37db,close_to_close,0.006746687622817,{},,disabled,,,,,Ridge,20260920T054712_80fb9bc7e364:price:5,price,5,2026-09-25,1주일,5.0,67.14900207519531,없음,,,67.14900207519531,62.68230909741435,71.61569505297628,0.7709251101321586,simple,0.040078066618841,0.0401297373110909,0.0,0.0,0.0,63.630001068115234,64.24500274658203,-0.043247095844571204,,,,,,,1.0,2.9039993286132812,,,scored,True,2026-09-27T23:51:23.676650+00:00
3,20260920T054712_80fb9bc7e364,2026-09-20T05:47:35.600480+00:00,github-actions,823ac12bac50,2026-09-21,2026-09-18,94e247c84311b94caa80,9b0b1adcafba0fea37db,close_to_close,0.006746687622817,{},,disabled,,,,,Ridge,20260920T054712_80fb9bc7e364:price:20,price,20,2026-10-16,1개월,20.0,67.14900207519531,없음,,,67.14900207519531,57.521844434108544,76.7761597162821,0.8075904677846425,simple,0.0767383985949752,0.0773477223133608,0.0,0.0,0.0,,,,,,,,,,,,,,pending,True,2026-09-24T03:10:19.134740+00:00
3,20260920T071428_46e4a4663e04,2026-09-20T07:14:49.137338+00:00,github-actions,823ac12bac50,2026-09-21,2026-09-18,94e247c84311b94caa80,9b0b1adcafba0fea37db,close_to_close,0.006746687622817,{},,disabled,하락,0.371276539514172,0.2798226396690833,0.3489008208167447,Logistic,20260920T071428_46e4a4663e04:direction:Logistic,direction,1,2026-09-21,,,,,,,,,,,,,,,,,66.44000244140625,65.82499694824219,-0.010983274389967157,0.0,1.0,,,,,,,0.990808104513434,0.5953256822032463,scored,True,2026-09-24T03:10:19.134740+00:00
3,20260920T071428_46e4a4663e04,2026-09-20T07:14:49.137338+00:00,github-actions,823ac12bac50,2026-09-21,2026-09-18,94e247c84311b94caa80,9b0b1adcafba0fea37db,close_to_close,0.006746687622817,{},,disabled,,,,,Ridge,20260920T071428_46e4a4663e04:price:1,price,1,2026-09-21,1거래일,1.0,67.14900207519531,없음,,,67.14900207519531,65.29244720227969,69.00555694811094,0.7897977132805629,simple,0.0169660935854238,0.0170055878519003,0.0,0.0,0.0,66.44000244140625,65.82499694824219,-0.01971742075139804,,,,,,,1.0,1.324005126953125,,,scored,True,2026-09-24T03:10:19.134740+00:00
3,20260920T071428_46e4a4663e04,2026-09-20T07:14:49.137338+00:00,github-actions,823ac12bac50,2026-09-21,2026-09-18,94e247c84311b94caa80,9b0b1adcafba0fea37db,close_to_close,0.006746687622817,{},,disabled,,,,,Ridge,20260920T071428_46e4a4663e04:price:5,price,5,2026-09-25,1주일,5.0,67.14900207519531,없음,,,67.14900207519531,62.68230909741435,71.61569505297628,0.7709251101321586,simple,0.0400780666407449,0.0401297373110909,0.0,0.0,0.0,63.630001068115234,64.24500274658203,-0.043247095844571204,,,,,,,1.0,2.9039993286132812,,,scored,True,2026-09-27T23:51:23.676650+00:00
3,20260920T071428_46e4a4663e04,2026-09-20T07:14:49.137338+00:00,github-actions,823ac12bac50,2026-09-21,2026-09-18,94e247c84311b94caa80,9b0b1adcafba0fea37db,close_to_close,0.006746687622817,{},,disabled,,,,,Ridge,20260920T071428_46e4a4663e04:price:20,price,20,2026-10-16,1개월,20.0,67.14900207519531,없음,,,67.14900207519531,57.521844434108544,76.7761597162821,0.8075904677846425,simple,0.0767383986238473,0.0773477223133608,0.0,0.0,0.0,,,,,,,,,,,,,,pending,True,2026-09-24T03:10:19.134740+00:00
3,20260920T072242_bb4045148531,2026-09-20T07:23:09.955128+00:00,github-actions,823ac12bac50,2026-09-21,2026-09-18,94e247c84311b94caa80,9b0b1adcafba0fea37db,close_to_close,0.006746687622817,{},,disabled,하락,0.3712765500576582,0.2798226463914333,0.3489008035509084,Logistic,20260920T072242_bb4045148531:direction:Logistic,direction,1,2026-09-21,,,,,,,,,,,,,,,,,66.44000244140625,65.82499694824219,-0.010983274389967157,0.0,1.0,,,,,,,0.9908080761155019,0.5953256606593751,scored,True,2026-09-24T03:10:19.134740+00:00
3,20260920T072242_bb4045148531,2026-09-20T07:23:09.955128+00:00,github-actions,823ac12bac50,2026-09-21,2026-09-18,94e247c84311b94caa80,9b0b1adcafba0fea37db,close_to_close,0.006746687622817,{},,disabled,,,,,Ridge,20260920T072242_bb4045148531:price:1,price,1,2026-09-21,1거래일,1.0,67.14900207519531,없음,,,67.14900207519531,65.29244720227969,69.00555694811094,0.7897977132805629,simple,0.0169660935890191,0.0170055878519003,0.0,0.0,0.0,66.44000244140625,65.82499694824219,-0.01971742075139804,,,,,,,1.0,1.324005126953125,,,scored,True,2026-09-24T03:10:19.134740+00:00
3,20260920T072242_bb4045148531,2026-09-20T07:23:09.955128+00:00,github-actions,823ac12bac50,2026-09-21,2026-09-18,94e247c84311b94caa80,9b0b1adcafba0fea37db,close_to_close,0.006746687622817,{},,disabled,,,,,Ridge,20260920T072242_bb4045148531:price:5,price,5,2026-09-25,1주일,5.0,67.14900207519531,없음,,,67.14900207519531,62.68230909741435,71.61569505297628,0.7709251101321586,simple,0.040078066618841,0.0401297373110909,0.0,0.0,0.0,63.630001068115234,64.24500274658203,-0.043247095844571204,,,,,,,1.0,2.9039993286132812,,,scored,True,2026-09-27T23:51:23.676650+00:00
3,20260920T072242_bb4045148531,2026-09-20T07:23:09.955128+00:00,github-actions,823ac12bac50,2026-09-21,2026-09-18,94e247c84311b94caa80,9b0b1adcafba0fea37db,close_to_close,0.006746687622817,{},,disabled,,,,,Ridge,20260920T072242_bb4045148531:price:20,price,20,2026-10-16,1개월,20.0,67.14900207519531,없음,,,67.14900207519531,57.521844434108544,76.7761597162821,0.8075904677846425,simple,0.0767383985949752,0.0773477223133608,0.0,0.0,0.0,,,,,,,,,,,,,,pending,True,2026-09-24T03:10:19.134740+00:00
3,20260920T072741_96772a01968a,2026-09-20T07:28:05.119094+00:00,github-actions,823ac12bac50,2026-09-21,2026-09-18,94e247c84311b94caa80,9b0b1adcafba0fea37db,close_to_close,0.006746687622817,{},,disabled,하락,0.3712765500576582,0.2798226463914333,0.3489008035509084,Logistic,20260920T072741_96772a01968a:direction:Logistic,direction,1,2026-09-21,,,,,,,,,,,,,,,,,66.44000244140625,65.82499694824219,-0.010983274389967157,0.0,1.0,,,,,,,0.9908080761155019,0.5953256606593751,scored,True,2026-09-24T03:10:19.134740+00:00
3,20260920T072741_96772a01968a,2026-09-20T07:28:05.119094+00:00,github-actions,823ac12bac50,2026-09-21,2026-09-18,94e247c84311b94caa80,9b0b1adcafba0fea37db,close_to_close,0.006746687622817,{},,disabled,,,,,Ridge,20260920T072741_96772a01968a:price:1,price,1,2026-09-21,1거래일,1.0,67.14900207519531,없음,,,67.14900207519531,65.29244720227969,69.00555694811094,0.7897977132805629,simple,0.0169660935890191,0.0170055878519003,0.0,0.0,0.0,66.44000244140625,65.82499694824219,-0.01971742075139804,,,,,,,1.0,1.324005126953125,,,scored,True,2026-09-24T03:10:19.134740+00:00
3,20260920T072741_96772a01968a,2026-09-20T07:28:05.119094+00:00,github-actions,823ac12bac50,2026-09-21,2026-09-18,94e247c84311b94caa80,9b0b1adcafba0fea37db,close_to_close,0.006746687622817,{},,disabled,,,,,Ridge,20260920T072741_96772a01968a:price:5,price,5,2026-09-25,1주일,5.0,67.14900207519531,없음,,,67.14900207519531,62.68230909741435,71.61569505297628,0.7709251101321586,simple,0.040078066618841,0.0401297373110909,0.0,0.0,0.0,63.630001068115234,64.24500274658203,-0.043247095844571204,,,,,,,1.0,2.9039993286132812,,,scored,True,2026-09-27T23:51:23.676650+00:00
3,20260920T072741_96772a01968a,2026-09-20T07:28:05.119094+00:00,github-actions,823ac12bac50,2026-09-21,2026-09-18,94e247c84311b94caa80,9b0b1adcafba0fea37db,close_to_close,0.006746687622817,{},,disabled,,,,,Ridge,20260920T072741_96772a01968a:price:20,price,20,2026-10-16,1개월,20.0,67.14900207519531,없음,,,67.14900207519531,57.521844434108544,76.7761597162821,0.8075904677846425,simple,0.0767383985949752,0.0773477223133608,0.0,0.0,0.0,,,,,,,,,,,,,,pending,True,2026-09-24T03:10:19.134740+00:00
3,20260920T081454_3daf1160121c,2026-09-20T08:15:17.160550+00:00,github-actions,823ac12bac50,2026-09-21,2026-09-18,94e247c84311b94caa80,9b0b1adcafba0fea37db,close_to_close,0.006746687622817,{},,disabled,하락,0.3712765500576582,0.2798226463914333,0.3489008035509084,Logistic,20260920T081454_3daf1160121c:direction:Logistic,direction,1,2026-09-21,,,,,,,,,,,,,,,,,66.44000244140625,65.82499694824219,-0.010983274389967157,0.0,1.0,,,,,,,0.9908080761155019,0.5953256606593751,scored,True,2026-09-24T03:10:19.134740+00:00
3,20260920T081454_3daf1160121c,2026-09-20T08:15:17.160550+00:00,github-actions,823ac12bac50,2026-09-21,2026-09-18,94e247c84311b94caa80,9b0b1adcafba0fea37db,close_to_close,0.006746687622817,{},,disabled,,,,,Ridge,20260920T081454_3daf1160121c:price:1,price,1,2026-09-21,1거래일,1.0,67.14900207519531,없음,,,67.14900207519531,65.29244720227969,69.00555694811094,0.7897977132805629,simple,0.0169660935890191,0.0170055878519003,0.0,0.0,0.0,66.44000244140625,65.82499694824219,-0.01971742075139804,,,,,,,1.0,1.324005126953125,,,scored,True,2026-09-24T03:10:19.134740+00:00
3,20260920T081454_3daf1160121c,2026-09-20T08:15:17.160550+00:00,github-actions,823ac12bac50,2026-09-21,2026-09-18,94e247c84311b94caa80,9b0b1adcafba0fea37db,close_to_close,0.006746687622817,{},,disabled,,,,,Ridge,20260920T081454_3daf1160121c:price:5,price,5,2026-09-25,1주일,5.0,67.14900207519531,없음,,,67.14900207519531,62.68230909741435,71.61569505297628,0.7709251101321586,simple,0.040078066618841,0.0401297373110909,0.0,0.0,0.0,63.630001068115234,64.24500274658203,-0.043247095844571204,,,,,,,1.0,2.9039993286132812,,,scored,True,2026-09-27T23:51:23.676650+00:00
3,20260920T081454_3daf1160121c,2026-09-20T08:15:17.160550+00:00,github-actions,823ac12bac50,2026-09-21,2026-09-18,94e247c84311b94caa80,9b0b1adcafba0fea37db,close_to_close,0.006746687622817,{},,disabled,,,,,Ridge,20260920T081454_3daf1160121c:price:20,price,20,2026-10-16,1개월,20.0,67.14900207519531,없음,,,67.14900207519531,57.521844434108544,76.7761597162821,0.8075904677846425,simple,0.0767383985949752,0.0773477223133608,0.0,0.0,0.0,,,,,,,,,,,,,,pending,True,2026-09-24T03:10:19.134740+00:00
3,20260920T231854_4a707855173d,2026-09-20T23:19:22.231140+00:00,github-actions,823ac12bac50,2026-09-21,2026-09-18,18d62a49d4fcd9c7d0b4,9b0b1adcafba0fea37db,close_to_close,0.006606928943392,{},,disabled,하락,0.3587920676890365,0.2877420595017149,0.3534658728092486,Logistic,20260920T231854_4a707855173d:direction:Logistic,direction,1,2026-09-21,,,,,,,,,,,,,,,,,66.44000244140625,65.82499694824219,-0.010983274389967157,0.0,1.0,,,,,,,1.0250122569319668,0.6188812285055935,scored,True,2026-09-24T03:10:19.134740+00:00
3,20260920T231854_4a707855173d,2026-09-20T23:19:22.231140+00:00,github-actions,823ac12bac50,2026-09-21,2026-09-18,18d62a49d4fcd9c7d0b4,9b0b1adcafba0fea37db,close_to_close,0.006606928943392,{},,disabled,,,,,Ridge,20260920T231854_4a707855173d:price:1,price,1,2026-09-21,1거래일,1.0,66.55599975585938,없음,,,66.55599975585938,64.75395956774476,68.358039943974,0.7897977132805629,simple,0.0169581273454983,0.0169976216083795,0.0,0.0,0.0,66.44000244140625,65.82499694824219,-0.010983274389967157,,,,,,,1.0,0.7310028076171875,,,scored,True,2026-09-24T03:10:19.134740+00:00
3,20260920T231854_4a707855173d,2026-09-20T23:19:22.231140+00:00,github-actions,823ac12bac50,2026-09-21,2026-09-18,18d62a49d4fcd9c7d0b4,9b0b1adcafba0fea37db,close_to_close,0.006606928943392,{},,disabled,,,,,Ridge,20260920T231854_4a707855173d:price:5,price,5,2026-09-25,1주일,5.0,66.55599975585938,없음,,,66.55599975585938,62.220463881667904,70.89153563005085,0.7709251101321586,simple,0.0400699731002844,0.0401216437925343,0.0,0.0,0.0,63.630001068115234,64.24500274658203,-0.03472259477364237,,,,,,,1.0,2.3109970092773438,,,scored,True,2026-09-27T23:51:23.676650+00:00
3,20260920T231854_4a707855173d,2026-09-20T23:19:22.231140+00:00,github-actions,823ac12bac50,2026-09-21,2026-09-18,18d62a49d4fcd9c7d0b4,9b0b1adcafba0fea37db,close_to_close,0.006606928943392,{},,disabled,,,,,Ridge,20260920T231854_4a707855173d:price:20,price,20,2026-10-16,1개월,20.0,66.55599975585938,없음,,,66.55599975585938,57.21152778810752,75.90047172361123,0.8075904677846425,simple,0.076746092583622,0.0773554163020076,0.0,0.0,0.0,,,,,,,,,,,,,,pending,True,2026-09-24T03:10:19.134740+00:00
3,20260921T100617_aa5b37de7be7,2026-09-21T10:06:43.128671+00:00,github-actions,823ac12bac50,2026-09-21,2026-09-18,18d62a49d4fcd9c7d0b4,9b0b1adcafba0fea37db,close_to_close,0.006606928943392,{},,disabled,하락,0.3587920676890365,0.2877420595017149,0.3534658728092486,Logistic,20260921T100617_aa5b37de7be7:direction:Logistic,direction,1,2026-09-21,,,,,,,,,,,,,,,,,66.44000244140625,65.82499694824219,-0.010983274389967157,0.0,1.0,,,,,,,1.0250122569319668,0.6188812285055935,scored,False,2026-09-24T03:10:19.134740+00:00
3,20260921T100617_aa5b37de7be7,2026-09-21T10:06:43.128671+00:00,github-actions,823ac12bac50,2026-09-21,2026-09-18,18d62a49d4fcd9c7d0b4,9b0b1adcafba0fea37db,close_to_close,0.006606928943392,{},,disabled,,,,,Ridge,20260921T100617_aa5b37de7be7:price:1,price,1,2026-09-21,1거래일,1.0,66.55599975585938,없음,,,66.55599975585938,64.75395956774476,68.358039943974,0.7897977132805629,simple,0.0169581273454983,0.0169976216083795,0.0,0.0,0.0,66.44000244140625,65.82499694824219,-0.010983274389967157,,,,,,,1.0,0.7310028076171875,,,scored,False,2026-09-24T03:10:19.134740+00:00
3,20260921T100617_aa5b37de7be7,2026-09-21T10:06:43.128671+00:00,github-actions,823ac12bac50,2026-09-21,2026-09-18,18d62a49d4fcd9c7d0b4,9b0b1adcafba0fea37db,close_to_close,0.006606928943392,{},,disabled,,,,,Ridge,20260921T100617_aa5b37de7be7:price:5,price,5,2026-09-25,1주일,5.0,66.55599975585938,없음,,,66.55599975585938,62.220463881667904,70.89153563005085,0.7709251101321586,simple,0.0400699731002844,0.0401216437925343,0.0,0.0,0.0,63.630001068115234,64.24500274658203,-0.03472259477364237,,,,,,,1.0,2.3109970092773438,,,scored,False,2026-09-27T23:51:23.676650+00:00
3,20260921T100617_aa5b37de7be7,2026-09-21T10:06:43.128671+00:00,github-actions,823ac12bac50,2026-09-21,2026-09-18,18d62a49d4fcd9c7d0b4,9b0b1adcafba0fea37db,close_to_close,0.006606928943392,{},,disabled,,,,,Ridge,20260921T100617_aa5b37de7be7:price:20,price,20,2026-10-16,1개월,20.0,66.55599975585938,없음,,,66.55599975585938,57.21152778810752,75.90047172361123,0.8075904677846425,simple,0.076746092583622,0.0773554163020076,0.0,0.0,0.0,,,,,,,,,,,,,,pending,False,2026-09-24T03:10:19.134740+00:00
3,20260921T222628_eef193917ea5,2026-09-21T22:26:53.785420+00:00,github-actions,823ac12bac50,2026-09-22,2026-09-21,711cc100c30eceaa8ee9,9b0b1adcafba0fea37db,close_to_close,0.0064246597192846,{},,disabled,하락,0.3710062250200193,0.2755239238823064,0.3534698510976742,Logistic,20260921T222628_eef193917ea5:direction:Logistic,direction,1,2026-09-22,,,,,,,,,,,,,,,,,65.38999938964844,65.93199920654297,0.0016255566010114908,1.0,0.0,,,,,,,1.2890808161110736,0.7874521395055074,scored,True,2026-09-24T03:10:19.134740+00:00
3,20260921T222628_eef193917ea5,2026-09-21T22:26:53.785420+00:00,github-actions,823ac12bac50,2026-09-22,2026-09-21,711cc100c30eceaa8ee9,9b0b1adcafba0fea37db,close_to_close,0.0064246597192846,{},,disabled,,,,,Ridge,20260921T222628_eef193917ea5:price:1,price,1,2026-09-22,1거래일,1.0,66.62999725341797,없음,,,66.62999725341797,64.8757227545114,68.38427175232454,0.7897977132805629,simple,0.0169563204337145,0.0169953771165041,0.0,0.0,0.0,65.38999938964844,65.93199920654297,-0.010475732787745162,,,,,,,1.0,0.697998046875,,,scored,True,2026-09-24T03:10:19.134740+00:00
3,20260921T222628_eef193917ea5,2026-09-21T22:26:53.785420+00:00,github-actions,823ac12bac50,2026-09-22,2026-09-21,711cc100c30eceaa8ee9,9b0b1adcafba0fea37db,close_to_close,0.0064246597192846,{},,disabled,,,,,Ridge,20260921T222628_eef193917ea5:price:5,price,5,2026-09-28,1주일,5.0,66.62999725341797,없음,,,66.62999725341797,62.40605195417363,70.8539425526623,0.7735682819383259,simple,0.0400529514540232,0.0401070480240534,0.0,0.0,0.0,61.3849983215332,61.220001220703125,-0.08119460086631358,,,,,,,0.0,5.409996032714844,,,scored,True,2026-09-29T04:04:16.926023+00:00
3,20260921T222628_eef193917ea5,2026-09-21T22:26:53.785420+00:00,github-actions,823ac12bac50,2026-09-22,2026-09-21,711cc100c30eceaa8ee9,9b0b1adcafba0fea37db,close_to_close,0.0064246597192846,{},,disabled,,,,,Ridge,20260921T222628_eef193917ea5:price:20,price,20,2026-10-19,1개월,20.0,66.62999725341797,없음,,,66.62999725341797,57.53321407017213,75.7267804366638,0.8075904677846425,simple,0.0767093273307845,0.077317290934624,0.0,0.0,0.0,,,,,,,,,,,,,,pending,True,2026-09-24T03:10:19.134740+00:00
3,20260921T225734_5591c66e1926,2026-09-21T22:57:55.603845+00:00,github-actions,823ac12bac50,2026-09-22,2026-09-21,a3c34f7ff4080a92b89b,9b0b1adcafba0fea37db,close_to_close,0.006428743638718,{},,disabled,하락,0.3724414313997102,0.2747093947274797,0.35284917387281,Logistic,20260921T225734_5591c66e1926:direction:Logistic,direction,1,2026-09-22,,,,,,,,,,,,,,,,,65.38999938964844,65.93199920654297,0.0016255566010114908,1.0,0.0,,,,,,,1.292041486511292,0.7892616214223684,scored,True,2026-09-24T03:10:19.134740+00:00
3,20260921T225734_5591c66e1926,2026-09-21T22:57:55.603845+00:00,github-actions,823ac12bac50,2026-09-22,2026-09-21,a3c34f7ff4080a92b89b,9b0b1adcafba0fea37db,close_to_close,0.006428743638718,{},,disabled,,,,,Ridge,20260921T225734_5591c66e1926:price:1,price,1,2026-09-22,1거래일,1.0,66.7300033569336,없음,,,66.7300033569336,64.9719790360325,68.4880276778347,0.7897977132805629,simple,0.0169576419695435,0.0169966986519929,0.0,0.0,0.0,65.38999938964844,65.93199920654297,-0.011958700887847451,,,,,,,1.0,0.798004150390625,,,scored,True,2026-09-24T03:10:19.134740+00:00
3,20260921T225734_5591c66e1926,2026-09-21T22:57:55.603845+00:00,github-actions,823ac12bac50,2026-09-22,2026-09-21,a3c34f7ff4080a92b89b,9b0b1adcafba0fea37db,close_to_close,0.006428743638718,{},,disabled,,,,,Ridge,20260921T225734_5591c66e1926:price:5,price,5,2026-09-28,1주일,5.0,66.7300033569336,없음,,,66.7300033569336,62.49702922953453,70.96297748433267,0.7735682819383259,simple,0.0400543387536738,0.0401084353164777,0.0,0.0,0.0,61.3849983215332,61.220001220703125,-0.08257158488001115,,,,,,,0.0,5.510002136230469,,,scored,True,2026-09-29T04:04:16.926023+00:00
3,20260921T225734_5591c66e1926,2026-09-21T22:57:55.603845+00:00,github-actions,823ac12bac50,2026-09-22,2026-09-21,a3c34f7ff4080a92b89b,9b0b1adcafba0fea37db,close_to_close,0.006428743638718,{},,disabled,,,,,Ridge,20260921T225734_5591c66e1926:price:20,price,20,2026-10-19,1개월,20.0,66.7300033569336,없음,,,66.7300033569336,57.613775487191226,75.84623122667595,0.8075904677846425,simple,0.076708056499411,0.0773160202894737,0.0,0.0,0.0,,,,,,,,,,,,,,pending,True,2026-09-24T03:10:19.134740+00:00
3,20260921T235631_12647ef9295e,2026-09-21T23:56:54.849835+00:00,github-actions,823ac12bac50,2026-09-22,2026-09-21,c31d021a13a9bd2b1ac1,9b0b1adcafba0fea37db,close_to_close,0.0064549041114103,{},,disabled,하락,0.3762773889260656,0.2680374952173621,0.3556851158565722,Logistic,20260921T235631_12647ef9295e:direction:Logistic,direction,1,2026-09-22,,,,,,,,,,,,,,,,,65.38999938964844,65.93199920654297,0.0016255566010114908,1.0,0.0,,,,,,,1.3166284007299551,0.8038656834665943,scored,True,2026-09-24T03:10:19.134740+00:00
3,20260921T235631_12647ef9295e,2026-09-21T23:56:54.849835+00:00,github-actions,823ac12bac50,2026-09-22,2026-09-21,c31d021a13a9bd2b1ac1,9b0b1adcafba0fea37db,close_to_close,0.0064549041114103,{},,disabled,,,,,Ridge,20260921T235631_12647ef9295e:price:1,price,1,2026-09-22,1거래일,1.0,67.07499694824219,없음,,,67.07499694824219,65.30069274513102,68.84930115135336,0.7897977132805629,simple,0.0169622009074352,0.0170012575864808,0.0,0.0,0.0,65.38999938964844,65.93199920654297,-0.017040593271755222,,,,,,,1.0,1.1429977416992188,,,scored,True,2026-09-24T03:10:19.134740+00:00
3,20260921T235631_12647ef9295e,2026-09-21T23:56:54.849835+00:00,github-actions,823ac12bac50,2026-09-22,2026-09-21,c31d021a13a9bd2b1ac1,9b0b1adcafba0fea37db,close_to_close,0.0064549041114103,{},,disabled,,,,,Ridge,20260921T235631_12647ef9295e:price:5,price,5,2026-09-28,1주일,5.0,67.07499694824219,없음,,,67.07499694824219,62.80282409112532,71.34716980535906,0.7735682819383259,simple,0.0400591245127039,0.0401132210943334,0.0,0.0,0.0,61.3849983215332,61.220001220703125,-0.08729028690164553,,,,,,,0.0,5.8549957275390625,,,scored,True,2026-09-29T04:04:16.926023+00:00
3,20260921T235631_12647ef9295e,2026-09-21T23:56:54.849835+00:00,github-actions,823ac12bac50,2026-09-22,2026-09-21,c31d021a13a9bd2b1ac1,9b0b1adcafba0fea37db,close_to_close,0.0064549041114103,{},,disabled,,,,,Ridge,20260921T235631_12647ef9295e:price:20,price,20,2026-10-19,1개월,20.0,67.07499694824219,없음,,,67.07499694824219,57.87434981640253,76.27564408008183,0.8075904677846425,simple,0.0767036731202659,0.0773116369126772,0.0,0.0,0.0,,,,,,,,,,,,,,pending,True,2026-09-24T03:10:19.134740+00:00
3,20260922T001912_ca0e4443264c,2026-09-22T00:19:30.247597+00:00,github-actions,823ac12bac50,2026-09-22,2026-09-21,a340a79a83df99af8a08,9b0b1adcafba0fea37db,close_to_close,0.0064720753858737,{},,disabled,하락,0.3794081637668641,0.2705232325767521,0.3500686036563837,Logistic,20260922T001912_ca0e4443264c:direction:Logistic,direction,1,2026-09-22,,,,,,,,,,,,,,,,,65.38999938964844,65.93199920654297,0.0016255566010114908,1.0,0.0,,,,,,,1.3073972968541407,0.7986349362091452,scored,False,2026-09-24T03:10:19.134740+00:00
3,20260922T001912_ca0e4443264c,2026-09-22T00:19:30.247597+00:00,github-actions,823ac12bac50,2026-09-22,2026-09-21,a340a79a83df99af8a08,9b0b1adcafba0fea37db,close_to_close,0.0064720753858737,{},,disabled,,,,,Ridge,20260922T001912_ca0e4443264c:price:1,price,1,2026-09-22,1거래일,1.0,67.2249984741211,없음,,,67.2249984741211,65.44199580670477,69.00800114153743,0.7897977132805629,simple,0.0169641831098494,0.017003239788895,0.0,0.0,0.0,65.38999938964844,65.93199920654297,-0.01923390549537729,,,,,,,1.0,1.292999267578125,,,scored,False,2026-09-24T03:10:19.134740+00:00
3,20260922T001912_ca0e4443264c,2026-09-22T00:19:30.247597+00:00,github-actions,823ac12bac50,2026-09-22,2026-09-21,a340a79a83df99af8a08,9b0b1adcafba0fea37db,close_to_close,0.0064720753858737,{},,disabled,,,,,Ridge,20260922T001912_ca0e4443264c:price:5,price,5,2026-09-28,1주일,5.0,67.2249984741211,없음,,,67.2249984741211,62.93188143897775,71.51811550926445,0.7735682819383259,simple,0.0400612053455047,0.0401153019271342,0.0,0.0,0.0,61.3849983215332,61.220001220703125,-0.08932684848969763,,,,,,,0.0,6.004997253417969,,,scored,False,2026-09-29T04:04:16.926023+00:00
3,20260922T001912_ca0e4443264c,2026-09-22T00:19:30.247597+00:00,github-actions,823ac12bac50,2026-09-22,2026-09-21,a340a79a83df99af8a08,9b0b1adcafba0fea37db,close_to_close,0.0064720753858737,{},,disabled,,,,,Ridge,20260922T001912_ca0e4443264c:price:20,price,20,2026-10-19,1개월,20.0,67.2249984741211,없음,,,67.2249984741211,57.9792454914807,76.47075145676149,0.8075904677846425,simple,0.0767017672494771,0.0773097310418885,0.0,0.0,0.0,,,,,,,,,,,,,,pending,False,2026-09-24T03:10:19.134740+00:00
3,20260922T020457_0f871101489c,2026-09-22T02:05:23.613101+00:00,github-actions,823ac12bac50,2026-09-22,2026-09-21,b3452f5862e9d88efc99,9b0b1adcafba0fea37db,close_to_close,0.0064294922193724,{},,disabled,하락,0.3695317260153816,0.2790859170803974,0.351382356904221,Logistic,20260922T020457_0f871101489c:direction:Logistic,direction,1,2026-09-22,,,,,,,,,,,,,,,,,65.38999938964844,65.93199920654297,0.0016255566010114908,1.0,0.0,,,,,,,1.2762355980418485,0.779740372227284,scored,False,2026-09-24T03:10:19.134740+00:00
3,20260922T020457_0f871101489c,2026-09-22T02:05:23.613101+00:00,github-actions,823ac12bac50,2026-09-22,2026-09-21,b3452f5862e9d88efc99,9b0b1adcafba0fea37db,close_to_close,0.0064294922193724,{},,disabled,,,,,Ridge,20260922T020457_0f871101489c:price:1,price,1,2026-09-22,1거래일,1.0,66.74500274658203,없음,,,66.74500274658203,64.98637850651104,68.50362698665302,0.7897977132805629,simple,0.016957840179703,0.0169968968621524,0.0,0.0,0.0,65.38999938964844,65.93199920654297,-0.012180740228985854,,,,,,,1.0,0.8130035400390625,,,scored,False,2026-09-24T03:10:19.134740+00:00
3,20260922T020457_0f871101489c,2026-09-22T02:05:23.613101+00:00,github-actions,823ac12bac50,2026-09-22,2026-09-21,b3452f5862e9d88efc99,9b0b1adcafba0fea37db,close_to_close,0.0064294922193724,{},,disabled,,,,,Ridge,20260922T020457_0f871101489c:price:5,price,5,2026-09-28,1주일,5.0,66.74500274658203,없음,,,66.74500274658203,62.5105841327248,70.97942136043925,0.7735682819383259,simple,0.0400545468263704,0.0401086433891742,0.0,0.0,0.0,61.3849983215332,61.220001220703125,-0.08277775561499756,,,,,,,0.0,5.525001525878906,,,scored,False,2026-09-29T04:04:16.926023+00:00
3,20260922T020457_0f871101489c,2026-09-22T02:05:23.613101+00:00,github-actions,823ac12bac50,2026-09-22,2026-09-21,b3452f5862e9d88efc99,9b0b1adcafba0fea37db,close_to_close,0.0064294922193724,{},,disabled,,,,,Ridge,20260922T020457_0f871101489c:price:20,price,20,2026-10-19,1개월,20.0,66.74500274658203,없음,,,66.74500274658203,57.625663998456986,75.86434149470708,0.8075904677846425,simple,0.0767078659220257,0.0773158297120885,0.0,0.0,0.0,,,,,,,,,,,,,,pending,False,2026-09-24T03:10:19.134740+00:00
3,20260922T022504_e34561170aa8,2026-09-22T02:25:29.192037+00:00,github-actions,823ac12bac50,2026-09-22,2026-09-21,711cc100c30eceaa8ee9,9b0b1adcafba0fea37db,close_to_close,0.0064246597192846,{},,disabled,하락,0.3670235145937266,0.2805700458330756,0.3524064395731976,Logistic,20260922T022504_e34561170aa8:direction:Logistic,direction,1,2026-09-22,,,,,,,,,,,,,,,,,65.38999938964844,65.93199920654297,0.0016255566010114908,1.0,0.0,,,,,,,1.2709318674287018,0.7764760178700123,scored,False,2026-09-24T03:10:19.134740+00:00
3,20260922T022504_e34561170aa8,2026-09-22T02:25:29.192037+00:00,github-actions,823ac12bac50,2026-09-22,2026-09-21,711cc100c30eceaa8ee9,9b0b1adcafba0fea37db,close_to_close,0.0064246597192846,{},,disabled,,,,,Ridge,20260922T022504_e34561170aa8:price:1,price,1,2026-09-22,1거래일,1.0,66.62999725341797,없음,,,66.62999725341797,64.8757227545114,68.38427175232454,0.7897977132805629,simple,0.0169563204337145,0.0169953771165041,0.0,0.0,0.0,65.38999938964844,65.93199920654297,-0.010475732787745162,,,,,,,1.0,0.697998046875,,,scored,False,2026-09-24T03:10:19.134740+00:00
3,20260922T022504_e34561170aa8,2026-09-22T02:25:29.192037+00:00,github-actions,823ac12bac50,2026-09-22,2026-09-21,711cc100c30eceaa8ee9,9b0b1adcafba0fea37db,close_to_close,0.0064246597192846,{},,disabled,,,,,Ridge,20260922T022504_e34561170aa8:price:5,price,5,2026-09-28,1주일,5.0,66.62999725341797,없음,,,66.62999725341797,62.40605195417363,70.8539425526623,0.7735682819383259,simple,0.0400529514540232,0.0401070480240534,0.0,0.0,0.0,61.3849983215332,61.220001220703125,-0.08119460086631358,,,,,,,0.0,5.409996032714844,,,scored,False,2026-09-29T04:04:16.926023+00:00
3,20260922T022504_e34561170aa8,2026-09-22T02:25:29.192037+00:00,github-actions,823ac12bac50,2026-09-22,2026-09-21,711cc100c30eceaa8ee9,9b0b1adcafba0fea37db,close_to_close,0.0064246597192846,{},,disabled,,,,,Ridge,20260922T022504_e34561170aa8:price:20,price,20,2026-10-19,1개월,20.0,66.62999725341797,없음,,,66.62999725341797,57.53321407017213,75.7267804366638,0.8075904677846425,simple,0.0767093273307845,0.077317290934624,0.0,0.0,0.0,,,,,,,,,,,,,,pending,False,2026-09-24T03:10:19.134740+00:00
3,20260922T055615_90f287861e06,2026-09-22T05:56:41.691304+00:00,github-actions,823ac12bac50,2026-09-22,2026-09-21,6cad81783387a4b1cbf8,9b0b1adcafba0fea37db,close_to_close,0.0064493261316432,{},,disabled,상승,0.3538511853469805,0.2827541264032671,0.3633946882497523,Logistic,20260922T055615_90f287861e06:direction:Logistic,direction,1,2026-09-22,,,,,,,,,,,,,,,,,65.38999938964844,65.93199920654297,0.0016255566010114908,1.0,0.0,,,,,,,1.2631775702700543,0.7717080040111384,scored,False,2026-09-24T03:10:19.134740+00:00
3,20260922T055615_90f287861e06,2026-09-22T05:56:41.691304+00:00,github-actions,823ac12bac50,2026-09-22,2026-09-21,6cad81783387a4b1cbf8,9b0b1adcafba0fea37db,close_to_close,0.0064493261316432,{},,disabled,,,,,Ridge,20260922T055615_90f287861e06:price:1,price,1,2026-09-22,1거래일,1.0,65.82499694824219,없음,,,65.82499694824219,64.08526310753508,67.56473078894929,0.7897977132805629,simple,0.0169652142424376,0.0170040591449308,0.0,0.0,0.0,65.38999938964844,65.93199920654297,0.0016255566010114908,,,,,,,1.0,-0.10700225830078125,,,scored,False,2026-09-24T03:10:19.134740+00:00
3,20260922T055615_90f287861e06,2026-09-22T05:56:41.691304+00:00,github-actions,823ac12bac50,2026-09-22,2026-09-21,6cad81783387a4b1cbf8,9b0b1adcafba0fea37db,close_to_close,0.0064493261316432,{},,disabled,,,,,Ridge,20260922T055615_90f287861e06:price:5,price,5,2026-09-28,1주일,5.0,65.82499694824219,없음,,,65.82499694824219,61.63606267200924,70.01393122447513,0.7735682819383259,simple,0.0400417844273555,0.0400958809973857,0.0,0.0,0.0,61.3849983215332,61.220001220703125,-0.06995816089683904,,,,,,,0.0,4.6049957275390625,,,scored,False,2026-09-29T04:04:16.926023+00:00
3,20260922T055615_90f287861e06,2026-09-22T05:56:41.691304+00:00,github-actions,823ac12bac50,2026-09-22,2026-09-21,6cad81783387a4b1cbf8,9b0b1adcafba0fea37db,close_to_close,0.0064493261316432,{},,disabled,,,,,Ridge,20260922T055615_90f287861e06:price:20,price,20,2026-10-19,1개월,20.0,65.82499694824219,없음,,,65.82499694824219,56.80361428815541,74.84637960832897,0.8075904677846425,simple,0.0767195554038495,0.077327519007689,0.0,0.0,0.0,,,,,,,,,,,,,,pending,False,2026-09-24T03:10:19.134740+00:00
3,20260922T092145_0214fd3a39bc,2026-09-22T09:22:10.239798+00:00,github-actions,823ac12bac50,2026-09-22,2026-09-21,6cad81783387a4b1cbf8,9b0b1adcafba0fea37db,close_to_close,0.0064493261316432,{},,disabled,상승,0.3538511853469805,0.2827541264032671,0.3633946882497523,Logistic,20260922T092145_0214fd3a39bc:direction:Logistic,direction,1,2026-09-22,,,,,,,,,,,,,,,,,65.38999938964844,65.93199920654297,0.0016255566010114908,1.0,0.0,,,,,,,1.2631775702700543,0.7717080040111384,scored,False,2026-09-24T03:10:19.134740+00:00
3,20260922T092145_0214fd3a39bc,2026-09-22T09:22:10.239798+00:00,github-actions,823ac12bac50,2026-09-22,2026-09-21,6cad81783387a4b1cbf8,9b0b1adcafba0fea37db,close_to_close,0.0064493261316432,{},,disabled,,,,,Ridge,20260922T092145_0214fd3a39bc:price:1,price,1,2026-09-22,1거래일,1.0,65.82499694824219,없음,,,65.82499694824219,64.08526310753508,67.56473078894929,0.7897977132805629,simple,0.0169652142424376,0.0170040591449308,0.0,0.0,0.0,65.38999938964844,65.93199920654297,0.0016255566010114908,,,,,,,1.0,-0.10700225830078125,,,scored,False,2026-09-24T03:10:19.134740+00:00
3,20260922T092145_0214fd3a39bc,2026-09-22T09:22:10.239798+00:00,github-actions,823ac12bac50,2026-09-22,2026-09-21,6cad81783387a4b1cbf8,9b0b1adcafba0fea37db,close_to_close,0.0064493261316432,{},,disabled,,,,,Ridge,20260922T092145_0214fd3a39bc:price:5,price,5,2026-09-28,1주일,5.0,65.82499694824219,없음,,,65.82499694824219,61.63606267200924,70.01393122447513,0.7735682819383259,simple,0.0400417844273555,0.0400958809973857,0.0,0.0,0.0,61.3849983215332,61.220001220703125,-0.06995816089683904,,,,,,,0.0,4.6049957275390625,,,scored,False,2026-09-29T04:04:16.926023+00:00
3,20260922T092145_0214fd3a39bc,2026-09-22T09:22:10.239798+00:00,github-actions,823ac12bac50,2026-09-22,2026-09-21,6cad81783387a4b1cbf8,9b0b1adcafba0fea37db,close_to_close,0.0064493261316432,{},,disabled,,,,,Ridge,20260922T092145_0214fd3a39bc:price:20,price,20,2026-10-19,1개월,20.0,65.82499694824219,없음,,,65.82499694824219,56.80361428815541,74.84637960832897,0.8075904677846425,simple,0.0767195554038495,0.077327519007689,0.0,0.0,0.0,,,,,,,,,,,,,,pending,False,2026-09-24T03:10:19.134740+00:00
3,20260922T233846_cf8673cac866,2026-09-22T23:39:10.696658+00:00,github-actions,823ac12bac50,2026-09-23,2026-09-22,3078a66a70212fbe4011,9b0b1adcafba0fea37db,close_to_close,0.0067881070171723,{},,disabled,하락,0.385252156011273,0.2685257361523397,0.3462221078363872,Logistic,20260922T233846_cf8673cac866:direction:Logistic,direction,1,2026-09-23,,,,,,,,,,,,,,,,,66.20500183105469,64.38200378417969,-0.023509000804111224,0.0,1.0,,,,,,,0.9538572084023139,0.5698907306196151,scored,True,2026-09-24T05:03:06.973031+00:00
3,20260922T233846_cf8673cac866,2026-09-22T23:39:10.696658+00:00,github-actions,823ac12bac50,2026-09-23,2026-09-22,3078a66a70212fbe4011,9b0b1adcafba0fea37db,close_to_close,0.0067881070171723,{},,disabled,,,,,Ridge,20260922T233846_cf8673cac866:price:1,price,1,2026-09-23,1거래일,1.0,67.91000366210938,없음,,,67.91000366210938,66.02088143006952,69.79912589414923,0.7897977132805629,simple,0.0169614063336403,0.0170028768375477,0.0,0.0,0.0,66.20500183105469,64.38200378417969,-0.05195110716652995,,,,,,,0.0,3.5279998779296875,,,scored,True,2026-09-24T05:03:06.973031+00:00
3,20260922T233846_cf8673cac866,2026-09-22T23:39:10.696658+00:00,github-actions,823ac12bac50,2026-09-23,2026-09-22,3078a66a70212fbe4011,9b0b1adcafba0fea37db,close_to_close,0.0067881070171723,{},,disabled,,,,,Ridge,20260922T233846_cf8673cac866:price:5,price,5,2026-09-29,1주일,5.0,67.91000366210938,없음,,,67.91000366210938,63.36137174806378,72.45863557615498,0.7726872246696035,simple,0.0400667333127297,0.0401238206755203,0.0,0.0,0.0,60.65999984741211,60.667999267578125,-0.10664120164923441,,,,,,,0.0,7.24200439453125,,,scored,True,2026-09-30T05:43:25.037121+00:00
3,20260922T233846_cf8673cac866,2026-09-22T23:39:10.696658+00:00,github-actions,823ac12bac50,2026-09-23,2026-09-22,3078a66a70212fbe4011,9b0b1adcafba0fea37db,close_to_close,0.0067881070171723,{},,disabled,,,,,Ridge,20260922T233846_cf8673cac866:price:20,price,20,2026-10-20,1개월,20.0,67.91000366210938,없음,,,67.91000366210938,58.115647533423285,77.70435979079546,0.8075904677846425,simple,0.0766878153980652,0.0772919833424226,0.0,0.0,0.0,,,,,,,,,,,,,,pending,True,2026-09-24T03:10:19.134740+00:00
3,20260923T010411_eca00b79c523,2026-09-23T01:04:35.436203+00:00,github-actions,823ac12bac50,2026-09-23,2026-09-22,27ea147558f47a228398,9b0b1adcafba0fea37db,close_to_close,0.0067813710160223,{},,disabled,하락,0.3820935532478648,0.269034269721331,0.348872177030804,Logistic,20260923T010411_eca00b79c523:direction:Logistic,direction,1,2026-09-23,,,,,,,,,,,,,,,,,66.20500183105469,64.38200378417969,-0.023509000804111224,0.0,1.0,,,,,,,0.9620897965693774,0.5758996111285517,scored,False,2026-09-24T05:03:06.973031+00:00
3,20260923T010411_eca00b79c523,2026-09-23T01:04:35.436203+00:00,github-actions,823ac12bac50,2026-09-23,2026-09-22,27ea147558f47a228398,9b0b1adcafba0fea37db,close_to_close,0.0067813710160223,{},,disabled,,,,,Ridge,20260923T010411_eca00b79c523:price:1,price,1,2026-09-23,1거래일,1.0,67.88999938964844,없음,,,67.88999938964844,66.00330770599787,69.776691073299,0.7897977132805629,simple,0.0169611390505717,0.0170026095544791,0.0,0.0,0.0,66.20500183105469,64.38200378417969,-0.051671757799479856,,,,,,,0.0,3.50799560546875,,,scored,False,2026-09-24T05:03:06.973031+00:00
3,20260923T010411_eca00b79c523,2026-09-23T01:04:35.436203+00:00,github-actions,823ac12bac50,2026-09-23,2026-09-22,27ea147558f47a228398,9b0b1adcafba0fea37db,close_to_close,0.0067813710160223,{},,disabled,,,,,Ridge,20260923T010411_eca00b79c523:price:5,price,5,2026-09-29,1주일,5.0,67.88999938964844,없음,,,67.88999938964844,63.34721975439384,72.43277902490304,0.7726872246696035,simple,0.0400664545963396,0.0401235419591302,0.0,0.0,0.0,60.65999984741211,60.667999267578125,-0.10637796710853253,,,,,,,0.0,7.2220001220703125,,,scored,False,2026-09-30T05:43:25.037121+00:00
3,20260923T010411_eca00b79c523,2026-09-23T01:04:35.436203+00:00,github-actions,823ac12bac50,2026-09-23,2026-09-22,27ea147558f47a228398,9b0b1adcafba0fea37db,close_to_close,0.0067813710160223,{},,disabled,,,,,Ridge,20260923T010411_eca00b79c523:price:20,price,20,2026-10-20,1개월,20.0,67.88999938964844,없음,,,67.88999938964844,58.10824469887302,77.67175408042385,0.8075904677846425,simple,0.0766880729960211,0.0772922409403785,0.0,0.0,0.0,,,,,,,,,,,,,,pending,False,2026-09-24T03:10:19.134740+00:00
3,20260923T022749_e2df1b5e2dbf,2026-09-23T02:28:12.456064+00:00,github-actions,823ac12bac50,2026-09-23,2026-09-22,1fdfd9a414a23a65b26b,9b0b1adcafba0fea37db,close_to_close,0.0065320965672798,{},,disabled,하락,0.3762784391106573,0.2725199209117552,0.3512016399775874,Logistic,20260923T022749_e2df1b5e2dbf:direction:Logistic,direction,1,2026-09-23,,,,,,,,,,,,,,,,,66.20500183105469,64.38200378417969,-0.023509000804111224,0.0,1.0,,,,,,,0.9774258800993393,0.5866382847349343,scored,False,2026-09-24T05:03:06.973031+00:00
3,20260923T022749_e2df1b5e2dbf,2026-09-23T02:28:12.456064+00:00,github-actions,823ac12bac50,2026-09-23,2026-09-22,1fdfd9a414a23a65b26b,9b0b1adcafba0fea37db,close_to_close,0.0065320965672798,{},,disabled,,,,,Ridge,20260923T022749_e2df1b5e2dbf:price:1,price,1,2026-09-23,1거래일,1.0,66.96499633789062,없음,,,66.96499633789062,65.17241830303557,68.75757437274568,0.7906772207563765,simple,0.0169487798080819,0.0169902503119893,0.0,0.0,0.0,66.20500183105469,64.38200378417969,-0.03857227947385711,,,,,,,0.0,2.5829925537109375,,,scored,False,2026-09-24T05:03:06.973031+00:00
3,20260923T022749_e2df1b5e2dbf,2026-09-23T02:28:12.456064+00:00,github-actions,823ac12bac50,2026-09-23,2026-09-22,1fdfd9a414a23a65b26b,9b0b1adcafba0fea37db,close_to_close,0.0065320965672798,{},,disabled,,,,,Ridge,20260923T022749_e2df1b5e2dbf:price:5,price,5,2026-09-29,1주일,5.0,66.96499633789062,없음,,,66.96499633789062,62.64882371577581,71.28116896000545,0.7735682819383259,simple,0.0400535666739291,0.0401106540367197,0.0,0.0,0.0,60.65999984741211,60.667999267578125,-0.09403415836147055,,,,,,,0.0,6.2969970703125,,,scored,False,2026-09-30T05:43:25.037121+00:00
3,20260923T022749_e2df1b5e2dbf,2026-09-23T02:28:12.456064+00:00,github-actions,823ac12bac50,2026-09-23,2026-09-22,1fdfd9a414a23a65b26b,9b0b1adcafba0fea37db,close_to_close,0.0065320965672798,{},,disabled,,,,,Ridge,20260923T022749_e2df1b5e2dbf:price:20,price,20,2026-10-20,1개월,20.0,66.96499633789062,없음,,,66.96499633789062,57.67118391852556,76.2588087572557,0.8075904677846425,simple,0.0766999843962381,0.0773041523405955,0.0,0.0,0.0,,,,,,,,,,,,,,pending,False,2026-09-24T03:10:19.134740+00:00
3,20260923T061157_0ab880c38e77,2026-09-23T06:12:24.769778+00:00,github-actions,823ac12bac50,2026-09-23,2026-09-22,f442adacf550aa19789b,9b0b1adcafba0fea37db,close_to_close,0.0064080196558338,{},,disabled,하락,0.3607463257817627,0.2877366206878641,0.3515170535303732,Logistic,20260923T061157_0ab880c38e77:direction:Logistic,direction,1,2026-09-23,,,,,,,,,,,,,,,,,66.20500183105469,64.38200378417969,-0.023509000804111224,0.0,1.0,,,,,,,1.0195802663231623,0.6150018618090634,scored,False,2026-09-24T05:03:06.973031+00:00
3,20260923T061157_0ab880c38e77,2026-09-23T06:12:24.769778+00:00,github-actions,823ac12bac50,2026-09-23,2026-09-22,f442adacf550aa19789b,9b0b1adcafba0fea37db,close_to_close,0.0064080196558338,{},,disabled,,,,,Ridge,20260923T061157_0ab880c38e77:price:1,price,1,2026-09-23,1거래일,1.0,65.93199920654297,없음,,,65.93199920654297,64.20059804486787,67.66340036821806,0.7906772207563765,simple,0.0169353612331414,0.0169764481282956,0.0,0.0,0.0,66.20500183105469,64.38200378417969,-0.023509000804111224,,,,,,,1.0,1.5499954223632812,,,scored,False,2026-09-24T05:03:06.973031+00:00
3,20260923T061157_0ab880c38e77,2026-09-23T06:12:24.769778+00:00,github-actions,823ac12bac50,2026-09-23,2026-09-22,f442adacf550aa19789b,9b0b1adcafba0fea37db,close_to_close,0.0064080196558338,{},,disabled,,,,,Ridge,20260923T061157_0ab880c38e77:price:5,price,5,2026-09-29,1주일,5.0,65.93199920654297,없음,,,65.93199920654297,61.76312836989676,70.10087004318918,0.7735682819383259,simple,0.0400391740869491,0.0400962614497397,0.0,0.0,0.0,60.65999984741211,60.667999267578125,-0.07983983501659775,,,,,,,0.0,5.263999938964844,,,scored,False,2026-09-30T05:43:25.037121+00:00
3,20260923T061157_0ab880c38e77,2026-09-23T06:12:24.769778+00:00,github-actions,823ac12bac50,2026-09-23,2026-09-22,f442adacf550aa19789b,9b0b1adcafba0fea37db,close_to_close,0.0064080196558338,{},,disabled,,,,,Ridge,20260923T061157_0ab880c38e77:price:20,price,20,2026-10-20,1개월,20.0,65.93199920654297,없음,,,65.93199920654297,56.95536482499974,74.90863358808619,0.8075904677846425,simple,0.0767132864520866,0.077317454396444,0.0,0.0,0.0,,,,,,,,,,,,,,pending,False,2026-09-24T03:10:19.134740+00:00
3,20260923T141104_640eec9ce626,2026-09-23T14:11:25.472639+00:00,github-actions,823ac12bac50,2026-09-23,2026-09-22,f442adacf550aa19789b,9b0b1adcafba0fea37db,close_to_close,0.0064080196558338,{},,disabled,하락,0.3607463309275712,0.2877366247922374,0.3515170442801913,Logistic,20260923T141104_640eec9ce626:direction:Logistic,direction,1,2026-09-23,,,,,,,,,,,,,,,,,66.20500183105469,64.38200378417969,-0.023509000804111224,0.0,1.0,,,,,,,1.0195802520588217,0.6150018510888732,scored,False,2026-09-24T05:03:06.973031+00:00
3,20260923T141104_640eec9ce626,2026-09-23T14:11:25.472639+00:00,github-actions,823ac12bac50,2026-09-23,2026-09-22,f442adacf550aa19789b,9b0b1adcafba0fea37db,close_to_close,0.0064080196558338,{},,disabled,,,,,Ridge,20260923T141104_640eec9ce626:price:1,price,1,2026-09-23,1거래일,1.0,65.93199920654297,없음,,,65.93199920654297,64.20059804486787,67.66340036821806,0.7906772207563765,simple,0.0169353612433794,0.0169764481282956,0.0,0.0,0.0,66.20500183105469,64.38200378417969,-0.023509000804111224,,,,,,,1.0,1.5499954223632812,,,scored,False,2026-09-24T05:03:06.973031+00:00
3,20260923T141104_640eec9ce626,2026-09-23T14:11:25.472639+00:00,github-actions,823ac12bac50,2026-09-23,2026-09-22,f442adacf550aa19789b,9b0b1adcafba0fea37db,close_to_close,0.0064080196558338,{},,disabled,,,,,Ridge,20260923T141104_640eec9ce626:price:5,price,5,2026-09-29,1주일,5.0,65.93199920654297,없음,,,65.93199920654297,61.76312836989676,70.10087004318918,0.7735682819383259,simple,0.0400391740942574,0.0400962614497397,0.0,0.0,0.0,60.65999984741211,60.667999267578125,-0.07983983501659775,,,,,,,0.0,5.263999938964844,,,scored,False,2026-09-30T05:43:25.037121+00:00
3,20260923T141104_640eec9ce626,2026-09-23T14:11:25.472639+00:00,github-actions,823ac12bac50,2026-09-23,2026-09-22,f442adacf550aa19789b,9b0b1adcafba0fea37db,close_to_close,0.0064080196558338,{},,disabled,,,,,Ridge,20260923T141104_640eec9ce626:price:20,price,20,2026-10-20,1개월,20.0,65.93199920654297,없음,,,65.93199920654297,56.95536482499974,74.90863358808619,0.8075904677846425,simple,0.076713286491704,0.077317454396444,0.0,0.0,0.0,,,,,,,,,,,,,,pending,False,2026-09-24T03:10:19.134740+00:00
3,20260923T142435_514d659821fc,2026-09-23T14:24:58.120413+00:00,github-actions,823ac12bac50,2026-09-23,2026-09-22,f442adacf550aa19789b,9b0b1adcafba0fea37db,close_to_close,0.0064080196558338,{},,disabled,하락,0.3607463309275712,0.2877366247922374,0.3515170442801913,Logistic,20260923T142435_514d659821fc:direction:Logistic,direction,1,2026-09-23,,,,,,,,,,,,,,,,,66.20500183105469,64.38200378417969,-0.023509000804111224,0.0,1.0,,,,,,,1.0195802520588217,0.6150018510888732,scored,False,2026-09-24T05:03:06.973031+00:00
3,20260923T142435_514d659821fc,2026-09-23T14:24:58.120413+00:00,github-actions,823ac12bac50,2026-09-23,2026-09-22,f442adacf550aa19789b,9b0b1adcafba0fea37db,close_to_close,0.0064080196558338,{},,disabled,,,,,Ridge,20260923T142435_514d659821fc:price:1,price,1,2026-09-23,1거래일,1.0,65.93199920654297,없음,,,65.93199920654297,64.20059804486787,67.66340036821806,0.7906772207563765,simple,0.0169353612370172,0.0169764481282956,0.0,0.0,0.0,66.20500183105469,64.38200378417969,-0.023509000804111224,,,,,,,1.0,1.5499954223632812,,,scored,False,2026-09-24T05:03:06.973031+00:00
3,20260923T142435_514d659821fc,2026-09-23T14:24:58.120413+00:00,github-actions,823ac12bac50,2026-09-23,2026-09-22,f442adacf550aa19789b,9b0b1adcafba0fea37db,close_to_close,0.0064080196558338,{},,disabled,,,,,Ridge,20260923T142435_514d659821fc:price:5,price,5,2026-09-29,1주일,5.0,65.93199920654297,없음,,,65.93199920654297,61.76312836989676,70.10087004318918,0.7735682819383259,simple,0.0400391740968709,0.0400962614497397,0.0,0.0,0.0,60.65999984741211,60.667999267578125,-0.07983983501659775,,,,,,,0.0,5.263999938964844,,,scored,False,2026-09-30T05:43:25.037121+00:00
3,20260923T142435_514d659821fc,2026-09-23T14:24:58.120413+00:00,github-actions,823ac12bac50,2026-09-23,2026-09-22,f442adacf550aa19789b,9b0b1adcafba0fea37db,close_to_close,0.0064080196558338,{},,disabled,,,,,Ridge,20260923T142435_514d659821fc:price:20,price,20,2026-10-20,1개월,20.0,65.93199920654297,없음,,,65.93199920654297,56.95536482499974,74.90863358808619,0.8075904677846425,simple,0.0767132865455538,0.077317454396444,0.0,0.0,0.0,,,,,,,,,,,,,,pending,False,2026-09-24T03:10:19.134740+00:00
3,20260923T143842_3bd82405a7f6,2026-09-23T14:39:07.293074+00:00,github-actions,823ac12bac50,2026-09-23,2026-09-22,f442adacf550aa19789b,9b0b1adcafba0fea37db,close_to_close,0.0064080196558338,{},,disabled,하락,0.3607463257817627,0.2877366206878641,0.3515170535303732,Logistic,20260923T143842_3bd82405a7f6:direction:Logistic,direction,1,2026-09-23,,,,,,,,,,,,,,,,,66.20500183105469,64.38200378417969,-0.023509000804111224,0.0,1.0,,,,,,,1.0195802663231623,0.6150018618090634,scored,False,2026-09-24T05:03:06.973031+00:00
3,20260923T143842_3bd82405a7f6,2026-09-23T14:39:07.293074+00:00,github-actions,823ac12bac50,2026-09-23,2026-09-22,f442adacf550aa19789b,9b0b1adcafba0fea37db,close_to_close,0.0064080196558338,{},,disabled,,,,,Ridge,20260923T143842_3bd82405a7f6:price:1,price,1,2026-09-23,1거래일,1.0,65.93199920654297,없음,,,65.93199920654297,64.20059804486787,67.66340036821806,0.7906772207563765,simple,0.0169353612331414,0.0169764481282956,0.0,0.0,0.0,66.20500183105469,64.38200378417969,-0.023509000804111224,,,,,,,1.0,1.5499954223632812,,,scored,False,2026-09-24T05:03:06.973031+00:00
3,20260923T143842_3bd82405a7f6,2026-09-23T14:39:07.293074+00:00,github-actions,823ac12bac50,2026-09-23,2026-09-22,f442adacf550aa19789b,9b0b1adcafba0fea37db,close_to_close,0.0064080196558338,{},,disabled,,,,,Ridge,20260923T143842_3bd82405a7f6:price:5,price,5,2026-09-29,1주일,5.0,65.93199920654297,없음,,,65.93199920654297,61.76312836989676,70.10087004318918,0.7735682819383259,simple,0.0400391740869491,0.0400962614497397,0.0,0.0,0.0,60.65999984741211,60.667999267578125,-0.07983983501659775,,,,,,,0.0,5.263999938964844,,,scored,False,2026-09-30T05:43:25.037121+00:00
3,20260923T143842_3bd82405a7f6,2026-09-23T14:39:07.293074+00:00,github-actions,823ac12bac50,2026-09-23,2026-09-22,f442adacf550aa19789b,9b0b1adcafba0fea37db,close_to_close,0.0064080196558338,{},,disabled,,,,,Ridge,20260923T143842_3bd82405a7f6:price:20,price,20,2026-10-20,1개월,20.0,65.93199920654297,없음,,,65.93199920654297,56.95536482499974,74.90863358808619,0.8075904677846425,simple,0.0767132864520866,0.077317454396444,0.0,0.0,0.0,,,,,,,,,,,,,,pending,False,2026-09-24T03:10:19.134740+00:00
3,20260923T230052_7937e00fa2f9,2026-09-23T23:01:16.482500+00:00,github-actions,823ac12bac50,2026-09-24,2026-09-23,60bc5062bae4a00d46a8,9b0b1adcafba0fea37db,close_to_close,0.0064698088813538,{},,disabled,상승,0.3431149015741022,0.3116478166952467,0.3452372817306511,Logistic,20260923T230052_7937e00fa2f9:direction:Logistic,direction,1,2026-09-24,,,,,,,,,,,,,,,,,63.400001525878906,63.457000732421875,-0.014367416318053605,0.0,0.0,,,,,,,1.069689897900864,0.6478111748816845,scored,True,2026-09-25T05:06:25.813254+00:00
3,20260923T230052_7937e00fa2f9,2026-09-23T23:01:16.482500+00:00,github-actions,823ac12bac50,2026-09-24,2026-09-23,60bc5062bae4a00d46a8,9b0b1adcafba0fea37db,close_to_close,0.0064698088813538,{},,disabled,,,,,Ridge,20260923T230052_7937e00fa2f9:price:1,price,1,2026-09-24,1거래일,1.0,64.90499877929688,없음,,,64.90499877929688,63.18413211215167,66.62586544644208,0.7906772207563765,simple,0.0169473141791208,0.0169859322370284,0.0,0.0,0.0,63.400001525878906,63.457000732421875,-0.022309499639600605,,,,,,,1.0,1.447998046875,,,scored,True,2026-09-25T05:06:25.813254+00:00
3,20260923T230052_7937e00fa2f9,2026-09-23T23:01:16.482500+00:00,github-actions,823ac12bac50,2026-09-24,2026-09-23,60bc5062bae4a00d46a8,9b0b1adcafba0fea37db,close_to_close,0.0064698088813538,{},,disabled,,,,,Ridge,20260923T230052_7937e00fa2f9:price:5,price,5,2026-09-30,1주일,5.0,64.90499877929688,없음,,,64.90499877929688,60.76666765995813,69.04332989863562,0.772207563764292,simple,0.0400165716042301,0.0400712895752738,0.0,0.0,0.0,60.81999969482422,60.097999572753906,-0.07406207991604319,,,,,,,0.0,4.806999206542969,,,scored,True,2026-10-01T06:09:02.565843+00:00
3,20260923T230052_7937e00fa2f9,2026-09-23T23:01:16.482500+00:00,github-actions,823ac12bac50,2026-09-24,2026-09-23,60bc5062bae4a00d46a8,9b0b1adcafba0fea37db,close_to_close,0.0064698088813538,{},,disabled,,,,,Ridge,20260923T230052_7937e00fa2f9:price:20,price,20,2026-10-21,1개월,20.0,64.90499877929688,없음,,,64.90499877929688,55.9829816106113,73.82701594798246,0.8075904677846425,simple,0.0767210252683605,0.07731793754289,0.0,0.0,0.0,,,,,,,,,,,,,,pending,True,2026-09-24T03:10:19.134740+00:00
3,20260923T230452_8e793935777c,2026-09-23T23:05:13.229368+00:00,github-actions,823ac12bac50,2026-09-24,2026-09-23,4e38b261926af2665b8b,9b0b1adcafba0fea37db,close_to_close,0.0064683718429609,{},,disabled,상승,0.3434468239444203,0.3114065898272765,0.3451465862283032,Logistic,20260923T230452_8e793935777c:direction:Logistic,direction,1,2026-09-24,,,,,,,,,,,,,,,,,63.400001525878906,63.457000732421875,-0.014367416318053605,0.0,0.0,,,,,,,1.0687229858699685,0.6471623031615742,scored,True,2026-09-25T05:06:25.813254+00:00
3,20260923T230452_8e793935777c,2026-09-23T23:05:13.229368+00:00,github-actions,823ac12bac50,2026-09-24,2026-09-23,4e38b261926af2665b8b,9b0b1adcafba0fea37db,close_to_close,0.0064683718429609,{},,disabled,,,,,Ridge,20260923T230452_8e793935777c:price:1,price,1,2026-09-24,1거래일,1.0,64.91500091552734,없음,,,64.91500091552734,63.19425134386313,66.63575048719156,0.7906772207563765,simple,0.0169471807485055,0.0169857988123834,0.0,0.0,0.0,63.400001525878906,63.457000732421875,-0.022460142687246276,,,,,,,1.0,1.4580001831054688,,,scored,True,2026-09-25T05:06:25.813254+00:00
3,20260923T230452_8e793935777c,2026-09-23T23:05:13.229368+00:00,github-actions,823ac12bac50,2026-09-24,2026-09-23,4e38b261926af2665b8b,9b0b1adcafba0fea37db,close_to_close,0.0064683718429609,{},,disabled,,,,,Ridge,20260923T230452_8e793935777c:price:5,price,5,2026-09-30,1주일,5.0,64.91500091552734,없음,,,64.91500091552734,60.77695138678603,69.05305044426866,0.772207563764292,simple,0.040016708443625,0.0400714264119045,0.0,0.0,0.0,60.81999969482422,60.097999572753906,-0.07420474889989925,,,,,,,0.0,4.8170013427734375,,,scored,True,2026-10-01T06:09:02.565843+00:00
3,20260923T230452_8e793935777c,2026-09-23T23:05:13.229368+00:00,github-actions,823ac12bac50,2026-09-24,2026-09-23,4e38b261926af2665b8b,9b0b1adcafba0fea37db,close_to_close,0.0064683718429609,{},,disabled,,,,,Ridge,20260923T230452_8e793935777c:price:20,price,20,2026-10-21,1개월,20.0,64.91500091552734,없음,,,64.91500091552734,55.99359084087856,73.83641099017612,0.8075904677846425,simple,0.0767208966925505,0.0773178089221867,0.0,0.0,0.0,,,,,,,,,,,,,,pending,True,2026-09-24T03:10:19.134740+00:00
3,20260923T234751_b16ea3e12884,2026-09-23T23:48:18.545664+00:00,github-actions,823ac12bac50,2026-09-24,2026-09-23,8fd330b21e20f7b30e05,9b0b1adcafba0fea37db,close_to_close,0.0064842384503725,{},,disabled,상승,0.3417658246394203,0.3125514763350397,0.3456826990255399,Logistic,20260923T234751_b16ea3e12884:direction:Logistic,direction,1,2026-09-24,,,,,,,,,,,,,,,,,63.400001525878906,63.457000732421875,-0.014367416318053605,0.0,0.0,,,,,,,1.0736294997261284,0.6504571833774173,scored,True,2026-09-25T05:06:25.813254+00:00
3,20260923T234751_b16ea3e12884,2026-09-23T23:48:18.545664+00:00,github-actions,823ac12bac50,2026-09-24,2026-09-23,8fd330b21e20f7b30e05,9b0b1adcafba0fea37db,close_to_close,0.0064842384503725,{},,disabled,,,,,Ridge,20260923T234751_b16ea3e12884:price:1,price,1,2026-09-24,1거래일,1.0,64.80999755859375,없음,,,64.80999755859375,63.08781729895349,66.53217781823402,0.7906772207563765,simple,0.0169485814588154,0.0169871995167231,0.0,0.0,0.0,63.400001525878906,63.457000732421875,-0.020876359776879294,,,,,,,1.0,1.352996826171875,,,scored,True,2026-09-25T05:06:25.813254+00:00
3,20260923T234751_b16ea3e12884,2026-09-23T23:48:18.545664+00:00,github-actions,823ac12bac50,2026-09-24,2026-09-23,8fd330b21e20f7b30e05,9b0b1adcafba0fea37db,close_to_close,0.0064842384503725,{},,disabled,,,,,Ridge,20260923T234751_b16ea3e12884:price:5,price,5,2026-09-30,1주일,5.0,64.80999755859375,없음,,,64.80999755859375,60.668507518924784,68.95148759826272,0.772207563764292,simple,0.040015271917178,0.0400699898882218,0.0,0.0,0.0,60.81999969482422,60.097999572753906,-0.07270480116250266,,,,,,,0.0,4.711997985839844,,,scored,True,2026-10-01T06:09:02.565843+00:00
3,20260923T234751_b16ea3e12884,2026-09-23T23:48:18.545664+00:00,github-actions,823ac12bac50,2026-09-24,2026-09-23,8fd330b21e20f7b30e05,9b0b1adcafba0fea37db,close_to_close,0.0064842384503725,{},,disabled,,,,,Ridge,20260923T234751_b16ea3e12884:price:20,price,20,2026-10-21,1개월,20.0,64.80999755859375,없음,,,64.80999755859375,55.8811699292157,73.7388251879718,0.8075904677846425,simple,0.0767222469197696,0.0773191591942991,0.0,0.0,0.0,,,,,,,,,,,,,,pending,True,2026-09-24T03:10:19.134740+00:00
3,20260924T011639_cecb6bf0331a,2026-09-24T01:17:06.286210+00:00,github-actions,823ac12bac50,2026-09-24,2026-09-23,45837c1f81450c3174eb,9b0b1adcafba0fea37db,close_to_close,0.006509878057904,{},,disabled,상승,0.3411484438687044,0.3005803028731703,0.3582712532581252,Logistic,20260924T011639_cecb6bf0331a:direction:Logistic,direction,1,2026-09-24,,,,,,,,,,,,,,,,,63.400001525878906,63.457000732421875,-0.014367416318053605,0.0,0.0,,,,,,,1.0754375771594986,0.6527921824031042,scored,False,2026-09-25T05:06:25.813254+00:00
3,20260924T011639_cecb6bf0331a,2026-09-24T01:17:06.286210+00:00,github-actions,823ac12bac50,2026-09-24,2026-09-23,45837c1f81450c3174eb,9b0b1adcafba0fea37db,close_to_close,0.006509878057904,{},,disabled,,,,,Ridge,20260924T011639_cecb6bf0331a:price:1,price,1,2026-09-24,1거래일,1.0,64.66000366210938,없음,,,64.66000366210938,62.93501516652779,66.38499215769097,0.7906772207563765,simple,0.0169505823196246,0.0169892003775322,0.0,0.0,0.0,63.400001525878906,63.457000732421875,-0.018605055081251987,,,,,,,1.0,1.2030029296875,,,scored,False,2026-09-25T05:06:25.813254+00:00
3,20260924T011639_cecb6bf0331a,2026-09-24T01:17:06.286210+00:00,github-actions,823ac12bac50,2026-09-24,2026-09-23,45837c1f81450c3174eb,9b0b1adcafba0fea37db,close_to_close,0.006509878057904,{},,disabled,,,,,Ridge,20260924T011639_cecb6bf0331a:price:5,price,5,2026-09-30,1주일,5.0,64.66000366210938,없음,,,64.66000366210938,60.51176039140381,68.80824693281494,0.772207563764292,simple,0.0400132198895967,0.0400679378606404,0.0,0.0,0.0,60.81999969482422,60.097999572753906,-0.07055372457438935,,,,,,,0.0,4.562004089355469,,,scored,False,2026-10-01T06:09:02.565843+00:00
3,20260924T011639_cecb6bf0331a,2026-09-24T01:17:06.286210+00:00,github-actions,823ac12bac50,2026-09-24,2026-09-23,45837c1f81450c3174eb,9b0b1adcafba0fea37db,close_to_close,0.006509878057904,{},,disabled,,,,,Ridge,20260924T011639_cecb6bf0331a:price:20,price,20,2026-10-21,1개월,20.0,64.66000366210938,없음,,,64.66000366210938,55.71661643333842,73.60339089088033,0.8075904677846425,simple,0.0767241757397746,0.0773210880143041,0.0,0.0,0.0,,,,,,,,,,,,,,pending,False,2026-09-24T03:10:19.134740+00:00
3,20260924T021303_ede605f16645,2026-09-24T02:13:24.831514+00:00,github-actions,823ac12bac50,2026-09-24,2026-09-23,0c4bbdb133e44d803bdd,9b0b1adcafba0fea37db,close_to_close,0.0065515829292394,{},,disabled,상승,0.3370079016935257,0.314705166048063,0.3482869322584113,Logistic,20260924T021303_ede605f16645:direction:Logistic,direction,1,2026-09-24,,,,,,,,,,,,,,,,,63.400001525878906,63.457000732421875,-0.014367416318053605,0.0,0.0,,,,,,,1.0876489017428586,0.6599016511361357,scored,False,2026-09-25T05:06:25.813254+00:00
3,20260924T021303_ede605f16645,2026-09-24T02:13:24.831514+00:00,github-actions,823ac12bac50,2026-09-24,2026-09-23,0c4bbdb133e44d803bdd,9b0b1adcafba0fea37db,close_to_close,0.0065515829292394,{},,disabled,,,,,Ridge,20260924T021303_ede605f16645:price:1,price,1,2026-09-24,1거래일,1.0,64.44999694824219,없음,,,64.44999694824219,62.71959590451141,66.18039799197297,0.7906772207563765,simple,0.0169533837223336,0.0169920017862115,0.0,0.0,0.0,63.400001525878906,63.457000732421875,-0.015407234489363208,,,,,,,1.0,0.9929962158203125,,,scored,False,2026-09-25T05:06:25.813254+00:00
3,20260924T021303_ede605f16645,2026-09-24T02:13:24.831514+00:00,github-actions,823ac12bac50,2026-09-24,2026-09-23,0c4bbdb133e44d803bdd,9b0b1adcafba0fea37db,close_to_close,0.0065515829292394,{},,disabled,,,,,Ridge,20260924T021303_ede605f16645:price:5,price,5,2026-09-30,1주일,5.0,64.44999694824219,없음,,,64.44999694824219,60.28873761018616,68.61125628629821,0.772207563764292,simple,0.0400103468449955,0.040065064813275,0.0,0.0,0.0,60.81999969482422,60.097999572753906,-0.06752517581937567,,,,,,,0.0,4.351997375488281,,,scored,False,2026-10-01T06:09:02.565843+00:00
3,20260924T021303_ede605f16645,2026-09-24T02:13:24.831514+00:00,github-actions,823ac12bac50,2026-09-24,2026-09-23,0c4bbdb133e44d803bdd,9b0b1adcafba0fea37db,close_to_close,0.0065515829292394,{},,disabled,,,,,Ridge,20260924T021303_ede605f16645:price:20,price,20,2026-10-21,1개월,20.0,64.44999694824219,없음,,,64.44999694824219,55.47854778507772,73.42144611140665,0.8075904677846425,simple,0.0767268763288926,0.0773237885585288,0.0,0.0,0.0,,,,,,,,,,,,,,pending,False,2026-09-24T03:10:19.134740+00:00
3,20260924T025039_aee1ad91f137,2026-09-24T02:51:02.744408+00:00,github-actions,823ac12bac50,2026-09-24,2026-09-23,72e678882f683bf5dcb7,9b0b1adcafba0fea37db,close_to_close,0.0065135601523982,{},,disabled,상승,0.3430366824987175,0.3098818198251015,0.3470814976761809,Logistic,20260924T025039_aee1ad91f137:direction:Logistic,direction,1,2026-09-24,,,,,,,,,,,,,,,,,63.400001525878906,63.457000732421875,-0.014367416318053605,0.0,0.0,,,,,,,1.0699178914741183,0.6480931088295484,scored,False,2026-09-25T05:06:25.813254+00:00
3,20260924T025039_aee1ad91f137,2026-09-24T02:51:02.744408+00:00,github-actions,823ac12bac50,2026-09-24,2026-09-23,72e678882f683bf5dcb7,9b0b1adcafba0fea37db,close_to_close,0.0065135601523982,{},,disabled,,,,,Ridge,20260924T025039_aee1ad91f137:price:1,price,1,2026-09-24,1거래일,1.0,64.63999938964844,없음,,,64.63999938964844,62.91456918450278,66.3654295947941,0.7906772207563765,simple,0.0169508491689146,0.0169894672268223,0.0,0.0,0.0,63.400001525878906,63.457000732421875,-0.01830134078584178,,,,,,,1.0,1.1829986572265625,,,scored,False,2026-09-25T05:06:25.813254+00:00
3,20260924T025039_aee1ad91f137,2026-09-24T02:51:02.744408+00:00,github-actions,823ac12bac50,2026-09-24,2026-09-23,72e678882f683bf5dcb7,9b0b1adcafba0fea37db,close_to_close,0.0065135601523982,{},,disabled,,,,,Ridge,20260924T025039_aee1ad91f137:price:5,price,5,2026-09-30,1주일,5.0,64.63999938964844,없음,,,64.63999938964844,60.49069389810404,68.78930488119283,0.772207563764292,simple,0.0400129462163353,0.0400676641873791,0.0,0.0,0.0,60.81999969482422,60.097999572753906,-0.07026608693968983,,,,,,,0.0,4.541999816894531,,,scored,False,2026-10-01T06:09:02.565843+00:00
3,20260924T025039_aee1ad91f137,2026-09-24T02:51:02.744408+00:00,github-actions,823ac12bac50,2026-09-24,2026-09-23,72e678882f683bf5dcb7,9b0b1adcafba0fea37db,close_to_close,0.0065135601523982,{},,disabled,,,,,Ridge,20260924T025039_aee1ad91f137:price:20,price,20,2026-10-21,1개월,20.0,64.63999938964844,없음,,,64.63999938964844,55.69432207043096,73.58567670886592,0.8075904677846425,simple,0.0767244329811812,0.0773213452557107,0.0,0.0,0.0,,,,,,,,,,,,,,pending,False,2026-09-24T03:10:19.134740+00:00
3,20260924T030609_94e73652337f,2026-09-24T03:06:30.496547+00:00,github-actions,823ac12bac50,2026-09-24,2026-09-23,e90e52434513e3e98831,9b0b1adcafba0fea37db,close_to_close,0.0065308843120652,{},,disabled,상승,0.3417235760078733,0.3103413008141773,0.3479351231779493,Logistic,20260924T030609_94e73652337f:direction:Logistic,direction,1,2026-09-24,,,,,,,,,,,,,,,,,63.400001525878906,63.457000732421875,-0.014367416318053605,0.0,0.0,,,,,,,1.0737531260224857,0.6506984233157526,scored,False,2026-09-25T05:06:25.813254+00:00
3,20260924T030609_94e73652337f,2026-09-24T03:06:30.496547+00:00,github-actions,823ac12bac50,2026-09-24,2026-09-23,e90e52434513e3e98831,9b0b1adcafba0fea37db,close_to_close,0.0065308843120652,{},,disabled,,,,,Ridge,20260924T030609_94e73652337f:price:1,price,1,2026-09-24,1거래일,1.0,64.55000305175781,없음,,,64.55000305175781,62.82239236250191,66.27761374101371,0.7906772207563765,simple,0.0169520496854001,0.0169906677433078,0.0,0.0,0.0,63.400001525878906,63.457000732421875,-0.016932645509862176,,,,,,,1.0,1.0930023193359375,,,scored,False,2026-09-25T05:06:25.813254+00:00
3,20260924T030609_94e73652337f,2026-09-24T03:06:30.496547+00:00,github-actions,823ac12bac50,2026-09-24,2026-09-23,e90e52434513e3e98831,9b0b1adcafba0fea37db,close_to_close,0.0065308843120652,{},,disabled,,,,,Ridge,20260924T030609_94e73652337f:price:5,price,5,2026-09-30,1주일,5.0,64.55000305175781,없음,,,64.55000305175781,60.39545394348185,68.70455216003378,0.772207563764292,simple,0.0400117149997865,0.0400664329708302,0.0,0.0,0.0,60.81999969482422,60.097999572753906,-0.06896984149534713,,,,,,,0.0,4.452003479003906,,,scored,False,2026-10-01T06:09:02.565843+00:00
3,20260924T030609_94e73652337f,2026-09-24T03:06:30.496547+00:00,github-actions,823ac12bac50,2026-09-24,2026-09-23,e90e52434513e3e98831,9b0b1adcafba0fea37db,close_to_close,0.0065308843120652,{},,disabled,,,,,Ridge,20260924T030609_94e73652337f:price:20,price,20,2026-10-21,1개월,20.0,64.55000305175781,없음,,,64.55000305175781,55.59302077961223,73.50698532390341,0.8075904677846425,simple,0.0767255902731842,0.0773225025477137,0.0,0.0,0.0,,,,,,,,,,,,,,pending,False,2026-09-24T03:10:19.134740+00:00
3,20260924T030957_5177e8024fb7,2026-09-24T03:10:18.753198+00:00,github-actions,823ac12bac50,2026-09-24,2026-09-23,c11f3529f11fa5f4922a,9b0b1adcafba0fea37db,close_to_close,0.0065369354160186,{},,disabled,상승,0.341543829650424,0.3104521769083279,0.3480039934412481,Logistic,20260924T030957_5177e8024fb7:direction:Logistic,direction,1,2026-09-24,,,,,,,,,,,,,,,,,63.400001525878906,63.457000732421875,-0.014367416318053605,0.0,0.0,,,,,,,1.074279263695986,0.6510518618696057,scored,False,2026-09-25T05:06:25.813254+00:00
3,20260924T030957_5177e8024fb7,2026-09-24T03:10:18.753198+00:00,github-actions,823ac12bac50,2026-09-24,2026-09-23,c11f3529f11fa5f4922a,9b0b1adcafba0fea37db,close_to_close,0.0065369354160186,{},,disabled,,,,,Ridge,20260924T030957_5177e8024fb7:price:1,price,1,2026-09-24,1거래일,1.0,64.5199966430664,없음,,,64.5199966430664,62.79158909212945,66.24840419400336,0.7906772207563765,simple,0.0169524499593351,0.0169910680172428,0.0,0.0,0.0,63.400001525878906,63.457000732421875,-0.016475448945311832,,,,,,,1.0,1.0629959106445312,,,scored,False,2026-09-25T05:06:25.813254+00:00
3,20260924T030957_5177e8024fb7,2026-09-24T03:10:18.753198+00:00,github-actions,823ac12bac50,2026-09-24,2026-09-23,c11f3529f11fa5f4922a,9b0b1adcafba0fea37db,close_to_close,0.0065369354160186,{},,disabled,,,,,Ridge,20260924T030957_5177e8024fb7:price:5,price,5,2026-09-30,1주일,5.0,64.5199966430664,없음,,,64.5199966430664,60.36353124600672,68.6764620401261,0.772207563764292,simple,0.0400113044898944,0.0400660224609382,0.0,0.0,0.0,60.81999969482422,60.097999572753906,-0.06853684594522846,,,,,,,0.0,4.4219970703125,,,scored,False,2026-10-01T06:09:02.565843+00:00
3,20260924T030957_5177e8024fb7,2026-09-24T03:10:18.753198+00:00,github-actions,823ac12bac50,2026-09-24,2026-09-23,c11f3529f11fa5f4922a,9b0b1adcafba0fea37db,close_to_close,0.0065369354160186,{},,disabled,,,,,Ridge,20260924T030957_5177e8024fb7:price:20,price,20,2026-10-21,1개월,20.0,64.5199966430664,없음,,,64.5199966430664,55.55888295636372,73.4811103297691,0.8075904677846425,simple,0.076725976135294,0.0773228884098235,0.0,0.0,0.0,,,,,,,,,,,,,,pending,False,2026-09-24T03:10:19.134740+00:00
3,20260924T034728_35b362a5646d,2026-09-24T03:47:49.564937+00:00,github-actions,823ac12bac50,2026-09-24,2026-09-23,0c4bbdb133e44d803bdd,9b0b1adcafba0fea37db,close_to_close,0.0065515829292394,{},,disabled,상승,0.3391286914644459,0.31183965746167,0.349031651073884,Logistic,20260924T034728_35b362a5646d:direction:Logistic,direction,1,2026-09-24,,,,,,,,,,,,,,,,,63.400001525878906,63.457000732421875,-0.014367416318053605,0.0,0.0,,,,,,,1.081375622800373,0.6558179518626686,scored,False,2026-09-25T05:06:25.813254+00:00
3,20260924T034728_35b362a5646d,2026-09-24T03:47:49.564937+00:00,github-actions,823ac12bac50,2026-09-24,2026-09-23,0c4bbdb133e44d803bdd,9b0b1adcafba0fea37db,close_to_close,0.0065515829292394,{},,disabled,,,,,Ridge,20260924T034728_35b362a5646d:price:1,price,1,2026-09-24,1거래일,1.0,64.44999694824219,없음,,,64.44999694824219,62.71959590451141,66.18039799197297,0.7906772207563765,simple,0.0169533837283038,0.0169920017862115,0.0,0.0,0.0,63.400001525878906,63.457000732421875,-0.015407234489363208,,,,,,,1.0,0.9929962158203125,,,scored,False,2026-09-25T05:06:25.813254+00:00
3,20260924T034728_35b362a5646d,2026-09-24T03:47:49.564937+00:00,github-actions,823ac12bac50,2026-09-24,2026-09-23,0c4bbdb133e44d803bdd,9b0b1adcafba0fea37db,close_to_close,0.0065515829292394,{},,disabled,,,,,Ridge,20260924T034728_35b362a5646d:price:5,price,5,2026-09-30,1주일,5.0,64.44999694824219,없음,,,64.44999694824219,60.28873761018616,68.61125628629821,0.772207563764292,simple,0.0400103468422312,0.040065064813275,0.0,0.0,0.0,60.81999969482422,60.097999572753906,-0.06752517581937567,,,,,,,0.0,4.351997375488281,,,scored,False,2026-10-01T06:09:02.565843+00:00
3,20260924T034728_35b362a5646d,2026-09-24T03:47:49.564937+00:00,github-actions,823ac12bac50,2026-09-24,2026-09-23,0c4bbdb133e44d803bdd,9b0b1adcafba0fea37db,close_to_close,0.0065515829292394,{},,disabled,,,,,Ridge,20260924T034728_35b362a5646d:price:20,price,20,2026-10-21,1개월,20.0,64.44999694824219,없음,,,64.44999694824219,55.47854778507772,73.42144611140665,0.8075904677846425,simple,0.0767268762839993,0.0773237885585288,0.0,0.0,0.0,,,,,,,,,,,,,,pending,False,2026-09-24T03:47:50.180060+00:00
3,20260924T035811_5f6856c6cd8c,2026-09-24T03:58:30.635417+00:00,github-actions,823ac12bac50,2026-09-24,2026-09-23,1cef08d85f14b66e2c63,9b0b1adcafba0fea37db,close_to_close,0.0065338919638626,{},,disabled,상승,0.3402421672601839,0.3112625433858815,0.3484952893539345,Logistic,20260924T035811_5f6856c6cd8c:direction:Logistic,direction,1,2026-09-24,,,,,,,,,,,,,,,,,63.400001525878906,63.457000732421875,-0.014367416318053605,0.0,0.0,,,,,,,1.0780976582587156,0.6536137354784693,scored,False,2026-09-25T05:06:25.813254+00:00
3,20260924T035811_5f6856c6cd8c,2026-09-24T03:58:30.635417+00:00,github-actions,823ac12bac50,2026-09-24,2026-09-23,1cef08d85f14b66e2c63,9b0b1adcafba0fea37db,close_to_close,0.0065338919638626,{},,disabled,,,,,Ridge,20260924T035811_5f6856c6cd8c:price:1,price,1,2026-09-24,1거래일,1.0,64.53500366210938,없음,,,64.53500366210938,62.80699898786938,66.26300833634937,0.7906772207563765,simple,0.0169522497660758,0.0169908678293887,0.0,0.0,0.0,63.400001525878906,63.457000732421875,-0.016704158495623234,,,,,,,1.0,1.0780029296875,,,scored,False,2026-09-25T05:06:25.813254+00:00
3,20260924T035811_5f6856c6cd8c,2026-09-24T03:58:30.635417+00:00,github-actions,823ac12bac50,2026-09-24,2026-09-23,1cef08d85f14b66e2c63,9b0b1adcafba0fea37db,close_to_close,0.0065338919638626,{},,disabled,,,,,Ridge,20260924T035811_5f6856c6cd8c:price:5,price,5,2026-09-30,1주일,5.0,64.53500366210938,없음,,,64.53500366210938,60.379507100813726,68.69050022340502,0.772207563764292,simple,0.0400115098081527,0.0400662277680721,0.0,0.0,0.0,60.81999969482422,60.097999572753906,-0.06875344909851733,,,,,,,0.0,4.437004089355469,,,scored,False,2026-10-01T06:09:02.565843+00:00
3,20260924T035811_5f6856c6cd8c,2026-09-24T03:58:30.635417+00:00,github-actions,823ac12bac50,2026-09-24,2026-09-23,1cef08d85f14b66e2c63,9b0b1adcafba0fea37db,close_to_close,0.0065338919638626,{},,disabled,,,,,Ridge,20260924T035811_5f6856c6cd8c:price:20,price,20,2026-10-21,1개월,20.0,64.53500366210938,없음,,,64.53500366210938,55.575978732703085,73.49402859151567,0.8075904677846425,simple,0.0767257831885115,0.0773226954297142,0.0,0.0,0.0,,,,,,,,,,,,,,pending,False,2026-09-24T03:58:30.836099+00:00
3,20260924T082531_2fca184a97f5,2026-09-24T08:25:53.454911+00:00,github-actions,823ac12bac50,2026-09-24,2026-09-23,fa584a82480cb414f2ec,9b0b1adcafba0fea37db,close_to_close,0.0065665188956464,{},,disabled,상승,0.3333653512764404,0.3142774030735183,0.3523572456500413,Logistic,20260924T082531_2fca184a97f5:direction:Logistic,direction,1,2026-09-24,,,,,,,,,,,,,,,,,63.400001525878906,63.457000732421875,-0.014367416318053605,0.0,0.0,,,,,,,1.098516239451662,0.6673276695235019,scored,False,2026-09-25T05:06:25.813254+00:00
3,20260924T082531_2fca184a97f5,2026-09-24T08:25:53.454911+00:00,github-actions,823ac12bac50,2026-09-24,2026-09-23,fa584a82480cb414f2ec,9b0b1adcafba0fea37db,close_to_close,0.0065665188956464,{},,disabled,,,,,Ridge,20260924T082531_2fca184a97f5:price:1,price,1,2026-09-24,1거래일,1.0,64.38200378417969,없음,,,64.38200378417969,62.649487552290125,66.11452001606925,0.7906772207563765,simple,0.016954290730925,0.0169929087888326,0.0,0.0,0.0,63.400001525878906,63.457000732421875,-0.014367416318053605,,,,,,,1.0,0.9250030517578125,,,scored,False,2026-09-25T05:06:25.813254+00:00
3,20260924T082531_2fca184a97f5,2026-09-24T08:25:53.454911+00:00,github-actions,823ac12bac50,2026-09-24,2026-09-23,fa584a82480cb414f2ec,9b0b1adcafba0fea37db,close_to_close,0.0065665188956464,{},,disabled,,,,,Ridge,20260924T082531_2fca184a97f5:price:5,price,5,2026-09-30,1주일,5.0,64.38200378417969,없음,,,64.38200378417969,60.21565785275309,68.54834971560628,0.772207563764292,simple,0.0400094166453947,0.0400641346164385,0.0,0.0,0.0,60.81999969482422,60.097999572753906,-0.06654039886342389,,,,,,,0.0,4.284004211425781,,,scored,False,2026-10-01T06:09:02.565843+00:00
3,20260924T082531_2fca184a97f5,2026-09-24T08:25:53.454911+00:00,github-actions,823ac12bac50,2026-09-24,2026-09-23,fa584a82480cb414f2ec,9b0b1adcafba0fea37db,close_to_close,0.0065665188956464,{},,disabled,,,,,Ridge,20260924T082531_2fca184a97f5:price:20,price,20,2026-10-21,1개월,20.0,64.38200378417969,없음,,,64.38200378417969,55.39958820192655,73.36441936643283,0.8075904677846425,simple,0.0767277506300769,0.0773246629046064,0.0,0.0,0.0,,,,,,,,,,,,,,pending,False,2026-09-24T08:25:53.849391+00:00
3,20260924T235458_3dc6a0926a91,2026-09-24T23:55:19.325794+00:00,github-actions,823ac12bac50,2026-09-25,2026-09-24,b534cd4f0a0f85fd85c3,9b0b1adcafba0fea37db,close_to_close,0.0065507174576469,{},,disabled,하락,0.3494697405503131,0.3049982189816624,0.3455320404680244,Logistic,20260924T235458_3dc6a0926a91:direction:Logistic,direction,1,2026-09-25,,,,,,,,,,,,,,,,,63.630001068115234,64.24500274658203,0.012417889359172651,2.0,0.0,,,,,,,1.062669903553123,0.6434813231962369,scored,True,2026-09-27T23:51:23.676650+00:00
3,20260924T235458_3dc6a0926a91,2026-09-24T23:55:19.325794+00:00,github-actions,823ac12bac50,2026-09-25,2026-09-24,b534cd4f0a0f85fd85c3,9b0b1adcafba0fea37db,close_to_close,0.0065507174576469,{},,disabled,,,,,Ridge,20260924T235458_3dc6a0926a91:price:1,price,1,2026-09-25,1거래일,1.0,64.20999908447266,없음,,,64.20999908447266,62.486269417107,65.93372875183832,0.7906772207563765,simple,0.0169392543108626,0.0169793998843255,0.0,0.0,0.0,63.630001068115234,64.24500274658203,0.0005451434762260288,,,,,,,1.0,-0.035003662109375,,,scored,True,2026-09-27T23:51:23.676650+00:00
3,20260924T235458_3dc6a0926a91,2026-09-24T23:55:19.325794+00:00,github-actions,823ac12bac50,2026-09-25,2026-09-24,b534cd4f0a0f85fd85c3,9b0b1adcafba0fea37db,close_to_close,0.0065507174576469,{},,disabled,,,,,Ridge,20260924T235458_3dc6a0926a91:price:5,price,5,2026-10-01,1주일,5.0,64.20999908447266,없음,,,64.20999908447266,60.06090813662988,68.35909003231544,0.7730870712401056,simple,0.0399939057662902,0.0400439440909232,0.0,0.0,0.0,61.04999923706055,60.724998474121094,-0.05427504532069538,,,,,,,1.0,3.4850006103515625,,,scored,True,2026-10-02T05:52:38.636960+00:00
3,20260924T235458_3dc6a0926a91,2026-09-24T23:55:19.325794+00:00,github-actions,823ac12bac50,2026-09-25,2026-09-24,b534cd4f0a0f85fd85c3,9b0b1adcafba0fea37db,close_to_close,0.0065507174576469,{},,disabled,,,,,Ridge,20260924T235458_3dc6a0926a91:price:20,price,20,2026-10-22,1개월,20.0,64.20999908447266,없음,,,64.20999908447266,55.2731383851356,73.14685978380972,0.8075904677846425,simple,0.0767638414958876,0.0773528938923447,0.0,0.0,0.0,,,,,,,,,,,,,,pending,True,2026-09-24T23:55:19.690439+00:00
3,20260926T205130_19de99cd280e,2026-09-26T20:51:46.795747+00:00,github-actions,823ac12bac50,2026-09-28,2026-09-25,2caac4c4047c7c88f126,9b0b1adcafba0fea37db,close_to_close,0.0064696681630651,{},,disabled,상승,0.35695362085279,0.2819324751867265,0.3611139039604834,Logistic,20260926T205130_19de99cd280e:direction:Logistic,direction,1,2026-09-28,,,,,,,,,,,,,,,,,61.3849983215332,61.220001220703125,-0.047085398031831205,0.0,0.0,,,,,,,1.0301494192196168,0.6233978179328328,scored,True,2026-09-29T04:04:16.926023+00:00
3,20260926T205130_19de99cd280e,2026-09-26T20:51:46.795747+00:00,github-actions,823ac12bac50,2026-09-28,2026-09-25,2caac4c4047c7c88f126,9b0b1adcafba0fea37db,close_to_close,0.0064696681630651,{},,disabled,,,,,Ridge,20260926T205130_19de99cd280e:price:1,price,1,2026-09-28,1거래일,1.0,64.24500274658203,없음,,,64.24500274658203,62.543722048583454,65.9462834445806,0.7908611599297012,simple,0.0169462245853903,0.0169856690221037,0.0,0.0,0.0,61.3849983215332,61.220001220703125,-0.047085398031831205,,,,,,,0.0,3.0250015258789062,,,scored,True,2026-09-29T04:04:16.926023+00:00
3,20260926T205130_19de99cd280e,2026-09-26T20:51:46.795747+00:00,github-actions,823ac12bac50,2026-09-28,2026-09-25,2caac4c4047c7c88f126,9b0b1adcafba0fea37db,close_to_close,0.0064696681630651,{},,disabled,,,,,Ridge,20260926T205130_19de99cd280e:price:5,price,5,2026-10-02,1주일,5.0,64.24500274658203,없음,,,64.24500274658203,60.14501290537576,68.34499258778831,0.7730870712401056,simple,0.0400156478770066,0.0400638544103295,0.0,0.0,0.0,61.55500030517578,59.97700119018555,-0.06643320684772713,,,,,,,0.0,4.268001556396484,,,scored,True,2026-10-05T00:00:38.288778+00:00
3,20260926T205130_19de99cd280e,2026-09-26T20:51:46.795747+00:00,github-actions,823ac12bac50,2026-09-28,2026-09-25,2caac4c4047c7c88f126,9b0b1adcafba0fea37db,close_to_close,0.0064696681630651,{},,disabled,,,,,Ridge,20260926T205130_19de99cd280e:price:20,price,20,2026-10-23,1개월,20.0,64.24500274658203,없음,,,64.24500274658203,55.41390250314,73.07610299002408,0.8075904677846425,simple,0.0768266827383288,0.0774064645065818,0.0,0.0,0.0,,,,,,,,,,,,,,pending,True,2026-09-26T20:51:47.401992+00:00
3,20260927T071628_a492ba82acf3,2026-09-27T07:16:44.457789+00:00,github-actions,823ac12bac50,2026-09-28,2026-09-25,420742949f55310586dc,9b0b1adcafba0fea37db,close_to_close,0.0065981647877083,{},,disabled,상승,0.3579628426984819,0.2814139606903773,0.3606231966111408,Logistic,20260927T071628_a492ba82acf3:direction:Logistic,direction,1,2026-09-28,,,,,,,,,,,,,,,,,61.3849983215332,61.220001220703125,-0.047085398031831205,0.0,0.0,,,,,,,1.0273260893131537,0.621454618561297,scored,True,2026-09-29T04:04:16.926023+00:00
3,20260927T071628_a492ba82acf3,2026-09-27T07:16:44.457789+00:00,github-actions,823ac12bac50,2026-09-28,2026-09-25,420742949f55310586dc,9b0b1adcafba0fea37db,close_to_close,0.0065981647877083,{},,disabled,,,,,Ridge,20260927T071628_a492ba82acf3:price:1,price,1,2026-09-28,1거래일,1.0,64.8010025024414,없음,,,64.8010025024414,63.05091606433445,66.55108894054835,0.7908611599297012,simple,0.0169539239100392,0.0169933683496758,0.0,0.0,0.0,61.3849983215332,61.220001220703125,-0.055261510523751056,,,,,,,0.0,3.5810012817382812,,,scored,True,2026-09-29T04:04:16.926023+00:00
3,20260927T071628_a492ba82acf3,2026-09-27T07:16:44.457789+00:00,github-actions,823ac12bac50,2026-09-28,2026-09-25,420742949f55310586dc,9b0b1adcafba0fea37db,close_to_close,0.0065981647877083,{},,disabled,,,,,Ridge,20260927T071628_a492ba82acf3:price:5,price,5,2026-10-02,1주일,5.0,64.8010025024414,없음,,,64.8010025024414,60.58339359997598,69.01861140490684,0.7730870712401056,simple,0.0400083006005596,0.040056507124681,0.0,0.0,0.0,61.55500030517578,59.97700119018555,-0.07444331300390161,,,,,,,0.0,4.824001312255859,,,scored,True,2026-10-05T00:00:38.288778+00:00
3,20260927T071628_a492ba82acf3,2026-09-27T07:16:44.457789+00:00,github-actions,823ac12bac50,2026-09-28,2026-09-25,420742949f55310586dc,9b0b1adcafba0fea37db,close_to_close,0.0065981647877083,{},,disabled,,,,,Ridge,20260927T071628_a492ba82acf3:price:20,price,20,2026-10-23,1개월,20.0,64.8010025024414,없음,,,64.8010025024414,55.71655877261318,73.88544623226963,0.8075904677846425,simple,0.0768196145937725,0.0773993963888374,0.0,0.0,0.0,,,,,,,,,,,,,,pending,True,2026-09-27T07:16:45.135365+00:00
3,20260927T081513_d8f3246601d3,2026-09-27T08:15:33.647238+00:00,github-actions,823ac12bac50,2026-09-28,2026-09-25,420742949f55310586dc,9b0b1adcafba0fea37db,close_to_close,0.0065981647877083,{},,disabled,상승,0.3579628246644816,0.2814139685949345,0.3606232067405838,Logistic,20260927T081513_d8f3246601d3:direction:Logistic,direction,1,2026-09-28,,,,,,,,,,,,,,,,,61.3849983215332,61.220001220703125,-0.047085398031831205,0.0,0.0,,,,,,,1.0273261396926863,0.6214546534730238,scored,True,2026-09-29T04:04:16.926023+00:00
3,20260927T081513_d8f3246601d3,2026-09-27T08:15:33.647238+00:00,github-actions,823ac12bac50,2026-09-28,2026-09-25,420742949f55310586dc,9b0b1adcafba0fea37db,close_to_close,0.0065981647877083,{},,disabled,,,,,Ridge,20260927T081513_d8f3246601d3:price:1,price,1,2026-09-28,1거래일,1.0,64.8010025024414,없음,,,64.8010025024414,63.05091606433445,66.55108894054835,0.7908611599297012,simple,0.0169539239086313,0.0169933683496758,0.0,0.0,0.0,61.3849983215332,61.220001220703125,-0.055261510523751056,,,,,,,0.0,3.5810012817382812,,,scored,True,2026-09-29T04:04:16.926023+00:00
3,20260927T081513_d8f3246601d3,2026-09-27T08:15:33.647238+00:00,github-actions,823ac12bac50,2026-09-28,2026-09-25,420742949f55310586dc,9b0b1adcafba0fea37db,close_to_close,0.0065981647877083,{},,disabled,,,,,Ridge,20260927T081513_d8f3246601d3:price:5,price,5,2026-10-02,1주일,5.0,64.8010025024414,없음,,,64.8010025024414,60.58339359997598,69.01861140490684,0.7730870712401056,simple,0.0400083006034501,0.040056507124681,0.0,0.0,0.0,61.55500030517578,59.97700119018555,-0.07444331300390161,,,,,,,0.0,4.824001312255859,,,scored,True,2026-10-05T00:00:38.288778+00:00
3,20260927T081513_d8f3246601d3,2026-09-27T08:15:33.647238+00:00,github-actions,823ac12bac50,2026-09-28,2026-09-25,420742949f55310586dc,9b0b1adcafba0fea37db,close_to_close,0.0065981647877083,{},,disabled,,,,,Ridge,20260927T081513_d8f3246601d3:price:20,price,20,2026-10-23,1개월,20.0,64.8010025024414,없음,,,64.8010025024414,55.71655877261318,73.88544623226963,0.8075904677846425,simple,0.0768196144737493,0.0773993963888374,0.0,0.0,0.0,,,,,,,,,,,,,,pending,True,2026-09-27T08:15:34.040466+00:00
3,20260927T084312_0e5d87cea70b,2026-09-27T08:43:34.500435+00:00,github-actions,823ac12bac50,2026-09-28,2026-09-25,420742949f55310586dc,9b0b1adcafba0fea37db,close_to_close,0.0065981647877083,{},,disabled,상승,0.3579628246644816,0.2814139685949345,0.3606232067405838,Logistic,20260927T084312_0e5d87cea70b:direction:Logistic,direction,1,2026-09-28,,,,,,,,,,,,,,,,,61.3849983215332,61.220001220703125,-0.047085398031831205,0.0,0.0,,,,,,,1.0273261396926863,0.6214546534730238,scored,True,2026-09-29T04:04:16.926023+00:00
3,20260927T084312_0e5d87cea70b,2026-09-27T08:43:34.500435+00:00,github-actions,823ac12bac50,2026-09-28,2026-09-25,420742949f55310586dc,9b0b1adcafba0fea37db,close_to_close,0.0065981647877083,{},,disabled,,,,,Ridge,20260927T084312_0e5d87cea70b:price:1,price,1,2026-09-28,1거래일,1.0,64.8010025024414,없음,,,64.8010025024414,63.05091606433445,66.55108894054835,0.7908611599297012,simple,0.0169539239086313,0.0169933683496758,0.0,0.0,0.0,61.3849983215332,61.220001220703125,-0.055261510523751056,,,,,,,0.0,3.5810012817382812,,,scored,True,2026-09-29T04:04:16.926023+00:00
3,20260927T084312_0e5d87cea70b,2026-09-27T08:43:34.500435+00:00,github-actions,823ac12bac50,2026-09-28,2026-09-25,420742949f55310586dc,9b0b1adcafba0fea37db,close_to_close,0.0065981647877083,{},,disabled,,,,,Ridge,20260927T084312_0e5d87cea70b:price:5,price,5,2026-10-02,1주일,5.0,64.8010025024414,없음,,,64.8010025024414,60.58339359997598,69.01861140490684,0.7730870712401056,simple,0.0400083006034501,0.040056507124681,0.0,0.0,0.0,61.55500030517578,59.97700119018555,-0.07444331300390161,,,,,,,0.0,4.824001312255859,,,scored,True,2026-10-05T00:00:38.288778+00:00
3,20260927T084312_0e5d87cea70b,2026-09-27T08:43:34.500435+00:00,github-actions,823ac12bac50,2026-09-28,2026-09-25,420742949f55310586dc,9b0b1adcafba0fea37db,close_to_close,0.0065981647877083,{},,disabled,,,,,Ridge,20260927T084312_0e5d87cea70b:price:20,price,20,2026-10-23,1개월,20.0,64.8010025024414,없음,,,64.8010025024414,55.71655877261318,73.88544623226963,0.8075904677846425,simple,0.0768196144737493,0.0773993963888374,0.0,0.0,0.0,,,,,,,,,,,,,,pending,True,2026-09-27T08:43:34.844520+00:00
3,20260927T090427_0b4be756853f,2026-09-27T09:04:42.414395+00:00,github-actions,823ac12bac50,2026-09-28,2026-09-25,420742949f55310586dc,9b0b1adcafba0fea37db,close_to_close,0.0065981647877083,{},,disabled,상승,0.3579628426984819,0.2814139606903773,0.3606231966111408,Logistic,20260927T090427_0b4be756853f:direction:Logistic,direction,1,2026-09-28,,,,,,,,,,,,,,,,,61.3849983215332,61.220001220703125,-0.047085398031831205,0.0,0.0,,,,,,,1.0273260893131537,0.621454618561297,scored,True,2026-09-29T04:04:16.926023+00:00
3,20260927T090427_0b4be756853f,2026-09-27T09:04:42.414395+00:00,github-actions,823ac12bac50,2026-09-28,2026-09-25,420742949f55310586dc,9b0b1adcafba0fea37db,close_to_close,0.0065981647877083,{},,disabled,,,,,Ridge,20260927T090427_0b4be756853f:price:1,price,1,2026-09-28,1거래일,1.0,64.8010025024414,없음,,,64.8010025024414,63.05091606433445,66.55108894054835,0.7908611599297012,simple,0.0169539239100392,0.0169933683496758,0.0,0.0,0.0,61.3849983215332,61.220001220703125,-0.055261510523751056,,,,,,,0.0,3.5810012817382812,,,scored,True,2026-09-29T04:04:16.926023+00:00
3,20260927T090427_0b4be756853f,2026-09-27T09:04:42.414395+00:00,github-actions,823ac12bac50,2026-09-28,2026-09-25,420742949f55310586dc,9b0b1adcafba0fea37db,close_to_close,0.0065981647877083,{},,disabled,,,,,Ridge,20260927T090427_0b4be756853f:price:5,price,5,2026-10-02,1주일,5.0,64.8010025024414,없음,,,64.8010025024414,60.58339359997598,69.01861140490684,0.7730870712401056,simple,0.0400083006005596,0.040056507124681,0.0,0.0,0.0,61.55500030517578,59.97700119018555,-0.07444331300390161,,,,,,,0.0,4.824001312255859,,,scored,True,2026-10-05T00:00:38.288778+00:00
3,20260927T090427_0b4be756853f,2026-09-27T09:04:42.414395+00:00,github-actions,823ac12bac50,2026-09-28,2026-09-25,420742949f55310586dc,9b0b1adcafba0fea37db,close_to_close,0.0065981647877083,{},,disabled,,,,,Ridge,20260927T090427_0b4be756853f:price:20,price,20,2026-10-23,1개월,20.0,64.8010025024414,없음,,,64.8010025024414,55.71655877261318,73.88544623226963,0.8075904677846425,simple,0.0768196145937725,0.0773993963888374,0.0,0.0,0.0,,,,,,,,,,,,,,pending,True,2026-09-27T09:04:42.858796+00:00
3,20260927T091945_6a170c70d685,2026-09-27T09:19:58.017209+00:00,github-actions,823ac12bac50,2026-09-28,2026-09-25,420742949f55310586dc,9b0b1adcafba0fea37db,close_to_close,0.0065981647877083,{},,disabled,상승,0.3579628426984819,0.2814139606903773,0.3606231966111408,Logistic,20260927T091945_6a170c70d685:direction:Logistic,direction,1,2026-09-28,,,,,,,,,,,,,,,,,61.3849983215332,61.220001220703125,-0.047085398031831205,0.0,0.0,,,,,,,1.0273260893131537,0.621454618561297,scored,True,2026-09-29T04:04:16.926023+00:00
3,20260927T091945_6a170c70d685,2026-09-27T09:19:58.017209+00:00,github-actions,823ac12bac50,2026-09-28,2026-09-25,420742949f55310586dc,9b0b1adcafba0fea37db,close_to_close,0.0065981647877083,{},,disabled,,,,,Ridge,20260927T091945_6a170c70d685:price:1,price,1,2026-09-28,1거래일,1.0,64.8010025024414,없음,,,64.8010025024414,63.05091606433445,66.55108894054835,0.7908611599297012,simple,0.0169539239100392,0.0169933683496758,0.0,0.0,0.0,61.3849983215332,61.220001220703125,-0.055261510523751056,,,,,,,0.0,3.5810012817382812,,,scored,True,2026-09-29T04:04:16.926023+00:00
3,20260927T091945_6a170c70d685,2026-09-27T09:19:58.017209+00:00,github-actions,823ac12bac50,2026-09-28,2026-09-25,420742949f55310586dc,9b0b1adcafba0fea37db,close_to_close,0.0065981647877083,{},,disabled,,,,,Ridge,20260927T091945_6a170c70d685:price:5,price,5,2026-10-02,1주일,5.0,64.8010025024414,없음,,,64.8010025024414,60.58339359997598,69.01861140490684,0.7730870712401056,simple,0.0400083006005596,0.040056507124681,0.0,0.0,0.0,61.55500030517578,59.97700119018555,-0.07444331300390161,,,,,,,0.0,4.824001312255859,,,scored,True,2026-10-05T00:00:38.288778+00:00
3,20260927T091945_6a170c70d685,2026-09-27T09:19:58.017209+00:00,github-actions,823ac12bac50,2026-09-28,2026-09-25,420742949f55310586dc,9b0b1adcafba0fea37db,close_to_close,0.0065981647877083,{},,disabled,,,,,Ridge,20260927T091945_6a170c70d685:price:20,price,20,2026-10-23,1개월,20.0,64.8010025024414,없음,,,64.8010025024414,55.71655877261318,73.88544623226963,0.8075904677846425,simple,0.0768196145937725,0.0773993963888374,0.0,0.0,0.0,,,,,,,,,,,,,,pending,True,2026-09-27T09:19:58.506387+00:00
3,20260927T111436_be895d4accc9,2026-09-27T11:14:57.977778+00:00,github-actions,823ac12bac50,2026-09-28,2026-09-25,420742949f55310586dc,9b0b1adcafba0fea37db,close_to_close,0.0065981647877083,{},,disabled,상승,0.3579628246644816,0.2814139685949345,0.3606232067405838,Logistic,20260927T111436_be895d4accc9:direction:Logistic,direction,1,2026-09-28,,,,,,,,,,,,,,,,,61.3849983215332,61.220001220703125,-0.047085398031831205,0.0,0.0,,,,,,,1.0273261396926863,0.6214546534730238,scored,True,2026-09-29T04:04:16.926023+00:00
3,20260927T111436_be895d4accc9,2026-09-27T11:14:57.977778+00:00,github-actions,823ac12bac50,2026-09-28,2026-09-25,420742949f55310586dc,9b0b1adcafba0fea37db,close_to_close,0.0065981647877083,{},,disabled,,,,,Ridge,20260927T111436_be895d4accc9:price:1,price,1,2026-09-28,1거래일,1.0,64.8010025024414,없음,,,64.8010025024414,63.05091606433445,66.55108894054835,0.7908611599297012,simple,0.0169539239086313,0.0169933683496758,0.0,0.0,0.0,61.3849983215332,61.220001220703125,-0.055261510523751056,,,,,,,0.0,3.5810012817382812,,,scored,True,2026-09-29T04:04:16.926023+00:00
3,20260927T111436_be895d4accc9,2026-09-27T11:14:57.977778+00:00,github-actions,823ac12bac50,2026-09-28,2026-09-25,420742949f55310586dc,9b0b1adcafba0fea37db,close_to_close,0.0065981647877083,{},,disabled,,,,,Ridge,20260927T111436_be895d4accc9:price:5,price,5,2026-10-02,1주일,5.0,64.8010025024414,없음,,,64.8010025024414,60.58339359997598,69.01861140490684,0.7730870712401056,simple,0.0400083006034501,0.040056507124681,0.0,0.0,0.0,61.55500030517578,59.97700119018555,-0.07444331300390161,,,,,,,0.0,4.824001312255859,,,scored,True,2026-10-05T00:00:38.288778+00:00
3,20260927T111436_be895d4accc9,2026-09-27T11:14:57.977778+00:00,github-actions,823ac12bac50,2026-09-28,2026-09-25,420742949f55310586dc,9b0b1adcafba0fea37db,close_to_close,0.0065981647877083,{},,disabled,,,,,Ridge,20260927T111436_be895d4accc9:price:20,price,20,2026-10-23,1개월,20.0,64.8010025024414,없음,,,64.8010025024414,55.71655877261318,73.88544623226963,0.8075904677846425,simple,0.0768196144737493,0.0773993963888374,0.0,0.0,0.0,,,,,,,,,,,,,,pending,True,2026-09-27T11:14:58.191526+00:00
3,20260927T123302_8e14b8d6958f,2026-09-27T12:33:24.786101+00:00,github-actions,823ac12bac50,2026-09-28,2026-09-25,420742949f55310586dc,9b0b1adcafba0fea37db,close_to_close,0.0065981647877083,{},,disabled,상승,0.3579628426984819,0.2814139606903773,0.3606231966111408,Logistic,20260927T123302_8e14b8d6958f:direction:Logistic,direction,1,2026-09-28,,,,,,,,,,,,,,,,,61.3849983215332,61.220001220703125,-0.047085398031831205,0.0,0.0,,,,,,,1.0273260893131537,0.621454618561297,scored,True,2026-09-29T04:04:16.926023+00:00
3,20260927T123302_8e14b8d6958f,2026-09-27T12:33:24.786101+00:00,github-actions,823ac12bac50,2026-09-28,2026-09-25,420742949f55310586dc,9b0b1adcafba0fea37db,close_to_close,0.0065981647877083,{},,disabled,,,,,Ridge,20260927T123302_8e14b8d6958f:price:1,price,1,2026-09-28,1거래일,1.0,64.8010025024414,없음,,,64.8010025024414,63.05091606433445,66.55108894054835,0.7908611599297012,simple,0.0169539239100392,0.0169933683496758,0.0,0.0,0.0,61.3849983215332,61.220001220703125,-0.055261510523751056,,,,,,,0.0,3.5810012817382812,,,scored,True,2026-09-29T04:04:16.926023+00:00
3,20260927T123302_8e14b8d6958f,2026-09-27T12:33:24.786101+00:00,github-actions,823ac12bac50,2026-09-28,2026-09-25,420742949f55310586dc,9b0b1adcafba0fea37db,close_to_close,0.0065981647877083,{},,disabled,,,,,Ridge,20260927T123302_8e14b8d6958f:price:5,price,5,2026-10-02,1주일,5.0,64.8010025024414,없음,,,64.8010025024414,60.58339359997598,69.01861140490684,0.7730870712401056,simple,0.0400083006005596,0.040056507124681,0.0,0.0,0.0,61.55500030517578,59.97700119018555,-0.07444331300390161,,,,,,,0.0,4.824001312255859,,,scored,True,2026-10-05T00:00:38.288778+00:00
3,20260927T123302_8e14b8d6958f,2026-09-27T12:33:24.786101+00:00,github-actions,823ac12bac50,2026-09-28,2026-09-25,420742949f55310586dc,9b0b1adcafba0fea37db,close_to_close,0.0065981647877083,{},,disabled,,,,,Ridge,20260927T123302_8e14b8d6958f:price:20,price,20,2026-10-23,1개월,20.0,64.8010025024414,없음,,,64.8010025024414,55.71655877261318,73.88544623226963,0.8075904677846425,simple,0.0768196145937725,0.0773993963888374,0.0,0.0,0.0,,,,,,,,,,,,,,pending,True,2026-09-27T12:33:25.462901+00:00
3,20260927T143520_b4475b3977ec,2026-09-27T14:35:40.632955+00:00,github-actions,823ac12bac50,2026-09-28,2026-09-25,420742949f55310586dc,9b0b1adcafba0fea37db,close_to_close,0.0065981647877083,{},,disabled,상승,0.3579628246644816,0.2814139685949345,0.3606232067405838,Logistic,20260927T143520_b4475b3977ec:direction:Logistic,direction,1,2026-09-28,,,,,,,,,,,,,,,,,61.3849983215332,61.220001220703125,-0.047085398031831205,0.0,0.0,,,,,,,1.0273261396926863,0.6214546534730238,scored,True,2026-09-29T04:04:16.926023+00:00
3,20260927T143520_b4475b3977ec,2026-09-27T14:35:40.632955+00:00,github-actions,823ac12bac50,2026-09-28,2026-09-25,420742949f55310586dc,9b0b1adcafba0fea37db,close_to_close,0.0065981647877083,{},,disabled,,,,,Ridge,20260927T143520_b4475b3977ec:price:1,price,1,2026-09-28,1거래일,1.0,64.8010025024414,없음,,,64.8010025024414,63.05091606433445,66.55108894054835,0.7908611599297012,simple,0.0169539239086313,0.0169933683496758,0.0,0.0,0.0,61.3849983215332,61.220001220703125,-0.055261510523751056,,,,,,,0.0,3.5810012817382812,,,scored,True,2026-09-29T04:04:16.926023+00:00
3,20260927T143520_b4475b3977ec,2026-09-27T14:35:40.632955+00:00,github-actions,823ac12bac50,2026-09-28,2026-09-25,420742949f55310586dc,9b0b1adcafba0fea37db,close_to_close,0.0065981647877083,{},,disabled,,,,,Ridge,20260927T143520_b4475b3977ec:price:5,price,5,2026-10-02,1주일,5.0,64.8010025024414,없음,,,64.8010025024414,60.58339359997598,69.01861140490684,0.7730870712401056,simple,0.0400083006034501,0.040056507124681,0.0,0.0,0.0,61.55500030517578,59.97700119018555,-0.07444331300390161,,,,,,,0.0,4.824001312255859,,,scored,True,2026-10-05T00:00:38.288778+00:00
3,20260927T143520_b4475b3977ec,2026-09-27T14:35:40.632955+00:00,github-actions,823ac12bac50,2026-09-28,2026-09-25,420742949f55310586dc,9b0b1adcafba0fea37db,close_to_close,0.0065981647877083,{},,disabled,,,,,Ridge,20260927T143520_b4475b3977ec:price:20,price,20,2026-10-23,1개월,20.0,64.8010025024414,없음,,,64.8010025024414,55.71655877261318,73.88544623226963,0.8075904677846425,simple,0.0768196144737493,0.0773993963888374,0.0,0.0,0.0,,,,,,,,,,,,,,pending,True,2026-09-27T14:35:40.829612+00:00
3,20260927T145441_f90a8e47f211,2026-09-27T14:55:03.354403+00:00,github-actions,823ac12bac50,2026-09-28,2026-09-25,420742949f55310586dc,9b0b1adcafba0fea37db,close_to_close,0.0065981647877083,{},,disabled,상승,0.3579628246644816,0.2814139685949345,0.3606232067405838,Logistic,20260927T145441_f90a8e47f211:direction:Logistic,direction,1,2026-09-28,,,,,,,,,,,,,,,,,61.3849983215332,61.220001220703125,-0.047085398031831205,0.0,0.0,,,,,,,1.0273261396926863,0.6214546534730238,scored,True,2026-09-29T04:04:16.926023+00:00
3,20260927T145441_f90a8e47f211,2026-09-27T14:55:03.354403+00:00,github-actions,823ac12bac50,2026-09-28,2026-09-25,420742949f55310586dc,9b0b1adcafba0fea37db,close_to_close,0.0065981647877083,{},,disabled,,,,,Ridge,20260927T145441_f90a8e47f211:price:1,price,1,2026-09-28,1거래일,1.0,64.8010025024414,없음,,,64.8010025024414,63.05091606433445,66.55108894054835,0.7908611599297012,simple,0.0169539239086313,0.0169933683496758,0.0,0.0,0.0,61.3849983215332,61.220001220703125,-0.055261510523751056,,,,,,,0.0,3.5810012817382812,,,scored,True,2026-09-29T04:04:16.926023+00:00
3,20260927T145441_f90a8e47f211,2026-09-27T14:55:03.354403+00:00,github-actions,823ac12bac50,2026-09-28,2026-09-25,420742949f55310586dc,9b0b1adcafba0fea37db,close_to_close,0.0065981647877083,{},,disabled,,,,,Ridge,20260927T145441_f90a8e47f211:price:5,price,5,2026-10-02,1주일,5.0,64.8010025024414,없음,,,64.8010025024414,60.58339359997598,69.01861140490684,0.7730870712401056,simple,0.0400083006034501,0.040056507124681,0.0,0.0,0.0,61.55500030517578,59.97700119018555,-0.07444331300390161,,,,,,,0.0,4.824001312255859,,,scored,True,2026-10-05T00:00:38.288778+00:00
3,20260927T145441_f90a8e47f211,2026-09-27T14:55:03.354403+00:00,github-actions,823ac12bac50,2026-09-28,2026-09-25,420742949f55310586dc,9b0b1adcafba0fea37db,close_to_close,0.0065981647877083,{},,disabled,,,,,Ridge,20260927T145441_f90a8e47f211:price:20,price,20,2026-10-23,1개월,20.0,64.8010025024414,없음,,,64.8010025024414,55.71655877261318,73.88544623226963,0.8075904677846425,simple,0.0768196144737493,0.0773993963888374,0.0,0.0,0.0,,,,,,,,,,,,,,pending,True,2026-09-27T14:55:03.932421+00:00
3,20260927T150909_89a639c260f6,2026-09-27T15:09:26.683869+00:00,github-actions,823ac12bac50,2026-09-28,2026-09-25,420742949f55310586dc,9b0b1adcafba0fea37db,close_to_close,0.0065981647877083,{},,disabled,상승,0.3579628426984819,0.2814139606903773,0.3606231966111408,Logistic,20260927T150909_89a639c260f6:direction:Logistic,direction,1,2026-09-28,,,,,,,,,,,,,,,,,61.3849983215332,61.220001220703125,-0.047085398031831205,0.0,0.0,,,,,,,1.0273260893131537,0.621454618561297,scored,True,2026-09-29T04:04:16.926023+00:00
3,20260927T150909_89a639c260f6,2026-09-27T15:09:26.683869+00:00,github-actions,823ac12bac50,2026-09-28,2026-09-25,420742949f55310586dc,9b0b1adcafba0fea37db,close_to_close,0.0065981647877083,{},,disabled,,,,,Ridge,20260927T150909_89a639c260f6:price:1,price,1,2026-09-28,1거래일,1.0,64.8010025024414,없음,,,64.8010025024414,63.05091606433445,66.55108894054835,0.7908611599297012,simple,0.0169539239129624,0.0169933683496758,0.0,0.0,0.0,61.3849983215332,61.220001220703125,-0.055261510523751056,,,,,,,0.0,3.5810012817382812,,,scored,True,2026-09-29T04:04:16.926023+00:00
3,20260927T150909_89a639c260f6,2026-09-27T15:09:26.683869+00:00,github-actions,823ac12bac50,2026-09-28,2026-09-25,420742949f55310586dc,9b0b1adcafba0fea37db,close_to_close,0.0065981647877083,{},,disabled,,,,,Ridge,20260927T150909_89a639c260f6:price:5,price,5,2026-10-02,1주일,5.0,64.8010025024414,없음,,,64.8010025024414,60.58339359997598,69.01861140490684,0.7730870712401056,simple,0.040008300591358,0.040056507124681,0.0,0.0,0.0,61.55500030517578,59.97700119018555,-0.07444331300390161,,,,,,,0.0,4.824001312255859,,,scored,True,2026-10-05T00:00:38.288778+00:00
3,20260927T150909_89a639c260f6,2026-09-27T15:09:26.683869+00:00,github-actions,823ac12bac50,2026-09-28,2026-09-25,420742949f55310586dc,9b0b1adcafba0fea37db,close_to_close,0.0065981647877083,{},,disabled,,,,,Ridge,20260927T150909_89a639c260f6:price:20,price,20,2026-10-23,1개월,20.0,64.8010025024414,없음,,,64.8010025024414,55.71655877261318,73.88544623226963,0.8075904677846425,simple,0.0768196146205843,0.0773993963888374,0.0,0.0,0.0,,,,,,,,,,,,,,pending,True,2026-09-27T15:09:27.412294+00:00
3,20260927T152647_0f2d49521125,2026-09-27T15:27:08.254982+00:00,github-actions,823ac12bac50,2026-09-28,2026-09-25,420742949f55310586dc,9b0b1adcafba0fea37db,close_to_close,0.0065981647877083,{},,disabled,상승,0.3579628246644816,0.2814139685949345,0.3606232067405838,Logistic,20260927T152647_0f2d49521125:direction:Logistic,direction,1,2026-09-28,,,,,,,,,,,,,,,,,61.3849983215332,61.220001220703125,-0.047085398031831205,0.0,0.0,,,,,,,1.0273261396926863,0.6214546534730238,scored,True,2026-09-29T04:04:16.926023+00:00
3,20260927T152647_0f2d49521125,2026-09-27T15:27:08.254982+00:00,github-actions,823ac12bac50,2026-09-28,2026-09-25,420742949f55310586dc,9b0b1adcafba0fea37db,close_to_close,0.0065981647877083,{},,disabled,,,,,Ridge,20260927T152647_0f2d49521125:price:1,price,1,2026-09-28,1거래일,1.0,64.8010025024414,없음,,,64.8010025024414,63.05091606433445,66.55108894054835,0.7908611599297012,simple,0.0169539239086313,0.0169933683496758,0.0,0.0,0.0,61.3849983215332,61.220001220703125,-0.055261510523751056,,,,,,,0.0,3.5810012817382812,,,scored,True,2026-09-29T04:04:16.926023+00:00
3,20260927T152647_0f2d49521125,2026-09-27T15:27:08.254982+00:00,github-actions,823ac12bac50,2026-09-28,2026-09-25,420742949f55310586dc,9b0b1adcafba0fea37db,close_to_close,0.0065981647877083,{},,disabled,,,,,Ridge,20260927T152647_0f2d49521125:price:5,price,5,2026-10-02,1주일,5.0,64.8010025024414,없음,,,64.8010025024414,60.58339359997598,69.01861140490684,0.7730870712401056,simple,0.0400083006034501,0.040056507124681,0.0,0.0,0.0,61.55500030517578,59.97700119018555,-0.07444331300390161,,,,,,,0.0,4.824001312255859,,,scored,True,2026-10-05T00:00:38.288778+00:00
3,20260927T152647_0f2d49521125,2026-09-27T15:27:08.254982+00:00,github-actions,823ac12bac50,2026-09-28,2026-09-25,420742949f55310586dc,9b0b1adcafba0fea37db,close_to_close,0.0065981647877083,{},,disabled,,,,,Ridge,20260927T152647_0f2d49521125:price:20,price,20,2026-10-23,1개월,20.0,64.8010025024414,없음,,,64.8010025024414,55.71655877261318,73.88544623226963,0.8075904677846425,simple,0.0768196144737493,0.0773993963888374,0.0,0.0,0.0,,,,,,,,,,,,,,pending,True,2026-09-27T15:27:08.545591+00:00
3,20260927T153342_97e2169e4247,2026-09-27T15:33:57.944971+00:00,github-actions,823ac12bac50,2026-09-28,2026-09-25,420742949f55310586dc,9b0b1adcafba0fea37db,close_to_close,0.0065981647877083,{},,disabled,상승,0.3579628426984819,0.2814139606903773,0.3606231966111408,Logistic,20260927T153342_97e2169e4247:direction:Logistic,direction,1,2026-09-28,,,,,,,,,,,,,,,,,61.3849983215332,61.220001220703125,-0.047085398031831205,0.0,0.0,,,,,,,1.0273260893131537,0.621454618561297,scored,True,2026-09-29T04:04:16.926023+00:00
3,20260927T153342_97e2169e4247,2026-09-27T15:33:57.944971+00:00,github-actions,823ac12bac50,2026-09-28,2026-09-25,420742949f55310586dc,9b0b1adcafba0fea37db,close_to_close,0.0065981647877083,{},,disabled,,,,,Ridge,20260927T153342_97e2169e4247:price:1,price,1,2026-09-28,1거래일,1.0,64.8010025024414,없음,,,64.8010025024414,63.05091606433445,66.55108894054835,0.7908611599297012,simple,0.0169539239100392,0.0169933683496758,0.0,0.0,0.0,61.3849983215332,61.220001220703125,-0.055261510523751056,,,,,,,0.0,3.5810012817382812,,,scored,True,2026-09-29T04:04:16.926023+00:00
3,20260927T153342_97e2169e4247,2026-09-27T15:33:57.944971+00:00,github-actions,823ac12bac50,2026-09-28,2026-09-25,420742949f55310586dc,9b0b1adcafba0fea37db,close_to_close,0.0065981647877083,{},,disabled,,,,,Ridge,20260927T153342_97e2169e4247:price:5,price,5,2026-10-02,1주일,5.0,64.8010025024414,없음,,,64.8010025024414,60.58339359997598,69.01861140490684,0.7730870712401056,simple,0.0400083006005596,0.040056507124681,0.0,0.0,0.0,61.55500030517578,59.97700119018555,-0.07444331300390161,,,,,,,0.0,4.824001312255859,,,scored,True,2026-10-05T00:00:38.288778+00:00
3,20260927T153342_97e2169e4247,2026-09-27T15:33:57.944971+00:00,github-actions,823ac12bac50,2026-09-28,2026-09-25,420742949f55310586dc,9b0b1adcafba0fea37db,close_to_close,0.0065981647877083,{},,disabled,,,,,Ridge,20260927T153342_97e2169e4247:price:20,price,20,2026-10-23,1개월,20.0,64.8010025024414,없음,,,64.8010025024414,55.71655877261318,73.88544623226963,0.8075904677846425,simple,0.0768196145937725,0.0773993963888374,0.0,0.0,0.0,,,,,,,,,,,,,,pending,True,2026-09-27T15:33:58.442972+00:00
3,20260927T235102_faa8d8b79bc5,2026-09-27T23:51:23.439041+00:00,github-actions,823ac12bac50,2026-09-28,2026-09-25,2caac4c4047c7c88f126,9b0b1adcafba0fea37db,close_to_close,0.0064696681630651,{},,disabled,상승,0.356953603647921,0.2819324816332461,0.3611139147188329,Logistic,20260927T235102_faa8d8b79bc5:direction:Logistic,direction,1,2026-09-28,,,,,,,,,,,,,,,,,61.3849983215332,61.220001220703125,-0.047085398031831205,0.0,0.0,,,,,,,1.03014946741879,0.6233978514648362,scored,True,2026-09-29T04:04:16.926023+00:00
3,20260927T235102_faa8d8b79bc5,2026-09-27T23:51:23.439041+00:00,github-actions,823ac12bac50,2026-09-28,2026-09-25,2caac4c4047c7c88f126,9b0b1adcafba0fea37db,close_to_close,0.0064696681630651,{},,disabled,,,,,Ridge,20260927T235102_faa8d8b79bc5:price:1,price,1,2026-09-28,1거래일,1.0,64.24500274658203,없음,,,64.24500274658203,62.543722048583454,65.9462834445806,0.7908611599297012,simple,0.0169462245810592,0.0169856690221037,0.0,0.0,0.0,61.3849983215332,61.220001220703125,-0.047085398031831205,,,,,,,0.0,3.0250015258789062,,,scored,True,2026-09-29T04:04:16.926023+00:00
3,20260927T235102_faa8d8b79bc5,2026-09-27T23:51:23.439041+00:00,github-actions,823ac12bac50,2026-09-28,2026-09-25,2caac4c4047c7c88f126,9b0b1adcafba0fea37db,close_to_close,0.0064696681630651,{},,disabled,,,,,Ridge,20260927T235102_faa8d8b79bc5:price:5,price,5,2026-10-02,1주일,5.0,64.24500274658203,없음,,,64.24500274658203,60.14501290537576,68.34499258778831,0.7730870712401056,simple,0.0400156478890987,0.0400638544103295,0.0,0.0,0.0,61.55500030517578,59.97700119018555,-0.06643320684772713,,,,,,,0.0,4.268001556396484,,,scored,True,2026-10-05T00:00:38.288778+00:00
3,20260927T235102_faa8d8b79bc5,2026-09-27T23:51:23.439041+00:00,github-actions,823ac12bac50,2026-09-28,2026-09-25,2caac4c4047c7c88f126,9b0b1adcafba0fea37db,close_to_close,0.0064696681630651,{},,disabled,,,,,Ridge,20260927T235102_faa8d8b79bc5:price:20,price,20,2026-10-23,1개월,20.0,64.24500274658203,없음,,,64.24500274658203,55.41390250314,73.07610299002408,0.8075904677846425,simple,0.0768266825914937,0.0774064645065818,0.0,0.0,0.0,,,,,,,,,,,,,,pending,True,2026-09-27T23:51:23.676650+00:00
3,20260928T010451_b9741177ddc7,2026-09-28T01:05:12.223402+00:00,github-actions,823ac12bac50,2026-09-28,2026-09-25,2caac4c4047c7c88f126,9b0b1adcafba0fea37db,close_to_close,0.0064696681630651,{},,disabled,상승,0.356953603647921,0.2819324816332461,0.3611139147188329,Logistic,20260928T010451_b9741177ddc7:direction:Logistic,direction,1,2026-09-28,,,,,,,,,,,,,,,,,61.3849983215332,61.220001220703125,-0.047085398031831205,0.0,0.0,,,,,,,1.03014946741879,0.6233978514648362,scored,False,2026-09-29T04:04:16.926023+00:00
3,20260928T010451_b9741177ddc7,2026-09-28T01:05:12.223402+00:00,github-actions,823ac12bac50,2026-09-28,2026-09-25,2caac4c4047c7c88f126,9b0b1adcafba0fea37db,close_to_close,0.0064696681630651,{},,disabled,,,,,Ridge,20260928T010451_b9741177ddc7:price:1,price,1,2026-09-28,1거래일,1.0,64.24500274658203,없음,,,64.24500274658203,62.543722048583454,65.9462834445806,0.7908611599297012,simple,0.0169462245810592,0.0169856690221037,0.0,0.0,0.0,61.3849983215332,61.220001220703125,-0.047085398031831205,,,,,,,0.0,3.0250015258789062,,,scored,False,2026-09-29T04:04:16.926023+00:00
3,20260928T010451_b9741177ddc7,2026-09-28T01:05:12.223402+00:00,github-actions,823ac12bac50,2026-09-28,2026-09-25,2caac4c4047c7c88f126,9b0b1adcafba0fea37db,close_to_close,0.0064696681630651,{},,disabled,,,,,Ridge,20260928T010451_b9741177ddc7:price:5,price,5,2026-10-02,1주일,5.0,64.24500274658203,없음,,,64.24500274658203,60.14501290537576,68.34499258778831,0.7730870712401056,simple,0.0400156478890987,0.0400638544103295,0.0,0.0,0.0,61.55500030517578,59.97700119018555,-0.06643320684772713,,,,,,,0.0,4.268001556396484,,,scored,False,2026-10-05T00:00:38.288778+00:00
3,20260928T010451_b9741177ddc7,2026-09-28T01:05:12.223402+00:00,github-actions,823ac12bac50,2026-09-28,2026-09-25,2caac4c4047c7c88f126,9b0b1adcafba0fea37db,close_to_close,0.0064696681630651,{},,disabled,,,,,Ridge,20260928T010451_b9741177ddc7:price:20,price,20,2026-10-23,1개월,20.0,64.24500274658203,없음,,,64.24500274658203,55.41390250314,73.07610299002408,0.8075904677846425,simple,0.0768266825914937,0.0774064645065818,0.0,0.0,0.0,,,,,,,,,,,,,,pending,False,2026-09-28T01:05:12.559799+00:00
3,20260928T014117_0c1c4103008c,2026-09-28T01:41:39.324535+00:00,github-actions,823ac12bac50,2026-09-28,2026-09-25,2caac4c4047c7c88f126,9b0b1adcafba0fea37db,close_to_close,0.0064696681630651,{},,disabled,상승,0.356953603647921,0.2819324816332461,0.3611139147188329,Logistic,20260928T014117_0c1c4103008c:direction:Logistic,direction,1,2026-09-28,,,,,,,,,,,,,,,,,61.3849983215332,61.220001220703125,-0.047085398031831205,0.0,0.0,,,,,,,1.03014946741879,0.6233978514648362,scored,False,2026-09-29T04:04:16.926023+00:00
3,20260928T014117_0c1c4103008c,2026-09-28T01:41:39.324535+00:00,github-actions,823ac12bac50,2026-09-28,2026-09-25,2caac4c4047c7c88f126,9b0b1adcafba0fea37db,close_to_close,0.0064696681630651,{},,disabled,,,,,Ridge,20260928T014117_0c1c4103008c:price:1,price,1,2026-09-28,1거래일,1.0,64.24500274658203,없음,,,64.24500274658203,62.543722048583454,65.9462834445806,0.7908611599297012,simple,0.0169462245810592,0.0169856690221037,0.0,0.0,0.0,61.3849983215332,61.220001220703125,-0.047085398031831205,,,,,,,0.0,3.0250015258789062,,,scored,False,2026-09-29T04:04:16.926023+00:00
3,20260928T014117_0c1c4103008c,2026-09-28T01:41:39.324535+00:00,github-actions,823ac12bac50,2026-09-28,2026-09-25,2caac4c4047c7c88f126,9b0b1adcafba0fea37db,close_to_close,0.0064696681630651,{},,disabled,,,,,Ridge,20260928T014117_0c1c4103008c:price:5,price,5,2026-10-02,1주일,5.0,64.24500274658203,없음,,,64.24500274658203,60.14501290537576,68.34499258778831,0.7730870712401056,simple,0.0400156478890987,0.0400638544103295,0.0,0.0,0.0,61.55500030517578,59.97700119018555,-0.06643320684772713,,,,,,,0.0,4.268001556396484,,,scored,False,2026-10-05T00:00:38.288778+00:00
3,20260928T014117_0c1c4103008c,2026-09-28T01:41:39.324535+00:00,github-actions,823ac12bac50,2026-09-28,2026-09-25,2caac4c4047c7c88f126,9b0b1adcafba0fea37db,close_to_close,0.0064696681630651,{},,disabled,,,,,Ridge,20260928T014117_0c1c4103008c:price:20,price,20,2026-10-23,1개월,20.0,64.24500274658203,없음,,,64.24500274658203,55.41390250314,73.07610299002408,0.8075904677846425,simple,0.0768266825914937,0.0774064645065818,0.0,0.0,0.0,,,,,,,,,,,,,,pending,False,2026-09-28T01:41:40.048120+00:00
3,20260928T024421_32494c1515a8,2026-09-28T02:44:35.422532+00:00,github-actions,823ac12bac50,2026-09-28,2026-09-25,2caac4c4047c7c88f126,9b0b1adcafba0fea37db,close_to_close,0.0064696681630651,{},,disabled,상승,0.35695362085279,0.2819324751867265,0.3611139039604834,Logistic,20260928T024421_32494c1515a8:direction:Logistic,direction,1,2026-09-28,,,,,,,,,,,,,,,,,61.3849983215332,61.220001220703125,-0.047085398031831205,0.0,0.0,,,,,,,1.0301494192196168,0.6233978179328328,scored,False,2026-09-29T04:04:16.926023+00:00
3,20260928T024421_32494c1515a8,2026-09-28T02:44:35.422532+00:00,github-actions,823ac12bac50,2026-09-28,2026-09-25,2caac4c4047c7c88f126,9b0b1adcafba0fea37db,close_to_close,0.0064696681630651,{},,disabled,,,,,Ridge,20260928T024421_32494c1515a8:price:1,price,1,2026-09-28,1거래일,1.0,64.24500274658203,없음,,,64.24500274658203,62.543722048583454,65.9462834445806,0.7908611599297012,simple,0.0169462245824672,0.0169856690221037,0.0,0.0,0.0,61.3849983215332,61.220001220703125,-0.047085398031831205,,,,,,,0.0,3.0250015258789062,,,scored,False,2026-09-29T04:04:16.926023+00:00
3,20260928T024421_32494c1515a8,2026-09-28T02:44:35.422532+00:00,github-actions,823ac12bac50,2026-09-28,2026-09-25,2caac4c4047c7c88f126,9b0b1adcafba0fea37db,close_to_close,0.0064696681630651,{},,disabled,,,,,Ridge,20260928T024421_32494c1515a8:price:5,price,5,2026-10-02,1주일,5.0,64.24500274658203,없음,,,64.24500274658203,60.14501290537576,68.34499258778831,0.7730870712401056,simple,0.0400156478862081,0.0400638544103295,0.0,0.0,0.0,61.55500030517578,59.97700119018555,-0.06643320684772713,,,,,,,0.0,4.268001556396484,,,scored,False,2026-10-05T00:00:38.288778+00:00
3,20260928T024421_32494c1515a8,2026-09-28T02:44:35.422532+00:00,github-actions,823ac12bac50,2026-09-28,2026-09-25,2caac4c4047c7c88f126,9b0b1adcafba0fea37db,close_to_close,0.0064696681630651,{},,disabled,,,,,Ridge,20260928T024421_32494c1515a8:price:20,price,20,2026-10-23,1개월,20.0,64.24500274658203,없음,,,64.24500274658203,55.41390250314,73.07610299002408,0.8075904677846425,simple,0.076826682711517,0.0774064645065818,0.0,0.0,0.0,,,,,,,,,,,,,,pending,False,2026-09-28T02:44:35.868757+00:00
3,20260928T031832_eb83e5fa9be2,2026-09-28T03:18:53.208961+00:00,github-actions,823ac12bac50,2026-09-28,2026-09-25,2caac4c4047c7c88f126,9b0b1adcafba0fea37db,close_to_close,0.0064696681630651,{},,disabled,상승,0.356953603647921,0.2819324816332461,0.3611139147188329,Logistic,20260928T031832_eb83e5fa9be2:direction:Logistic,direction,1,2026-09-28,,,,,,,,,,,,,,,,,61.3849983215332,61.220001220703125,-0.047085398031831205,0.0,0.0,,,,,,,1.03014946741879,0.6233978514648362,scored,False,2026-09-29T04:04:16.926023+00:00
3,20260928T031832_eb83e5fa9be2,2026-09-28T03:18:53.208961+00:00,github-actions,823ac12bac50,2026-09-28,2026-09-25,2caac4c4047c7c88f126,9b0b1adcafba0fea37db,close_to_close,0.0064696681630651,{},,disabled,,,,,Ridge,20260928T031832_eb83e5fa9be2:price:1,price,1,2026-09-28,1거래일,1.0,64.24500274658203,없음,,,64.24500274658203,62.543722048583454,65.9462834445806,0.7908611599297012,simple,0.0169462245810592,0.0169856690221037,0.0,0.0,0.0,61.3849983215332,61.220001220703125,-0.047085398031831205,,,,,,,0.0,3.0250015258789062,,,scored,False,2026-09-29T04:04:16.926023+00:00
3,20260928T031832_eb83e5fa9be2,2026-09-28T03:18:53.208961+00:00,github-actions,823ac12bac50,2026-09-28,2026-09-25,2caac4c4047c7c88f126,9b0b1adcafba0fea37db,close_to_close,0.0064696681630651,{},,disabled,,,,,Ridge,20260928T031832_eb83e5fa9be2:price:5,price,5,2026-10-02,1주일,5.0,64.24500274658203,없음,,,64.24500274658203,60.14501290537576,68.34499258778831,0.7730870712401056,simple,0.0400156478890987,0.0400638544103295,0.0,0.0,0.0,61.55500030517578,59.97700119018555,-0.06643320684772713,,,,,,,0.0,4.268001556396484,,,scored,False,2026-10-05T00:00:38.288778+00:00
3,20260928T031832_eb83e5fa9be2,2026-09-28T03:18:53.208961+00:00,github-actions,823ac12bac50,2026-09-28,2026-09-25,2caac4c4047c7c88f126,9b0b1adcafba0fea37db,close_to_close,0.0064696681630651,{},,disabled,,,,,Ridge,20260928T031832_eb83e5fa9be2:price:20,price,20,2026-10-23,1개월,20.0,64.24500274658203,없음,,,64.24500274658203,55.41390250314,73.07610299002408,0.8075904677846425,simple,0.0768266825914937,0.0774064645065818,0.0,0.0,0.0,,,,,,,,,,,,,,pending,False,2026-09-28T03:18:53.782444+00:00
3,20260928T041605_a79e523cbcbf,2026-09-28T04:16:23.973464+00:00,github-actions,823ac12bac50,2026-09-28,2026-09-25,2caac4c4047c7c88f126,9b0b1adcafba0fea37db,close_to_close,0.0064696681630651,{},,disabled,상승,0.35695362085279,0.2819324751867265,0.3611139039604834,Logistic,20260928T041605_a79e523cbcbf:direction:Logistic,direction,1,2026-09-28,,,,,,,,,,,,,,,,,61.3849983215332,61.220001220703125,-0.047085398031831205,0.0,0.0,,,,,,,1.0301494192196168,0.6233978179328328,scored,False,2026-09-29T04:04:16.926023+00:00
3,20260928T041605_a79e523cbcbf,2026-09-28T04:16:23.973464+00:00,github-actions,823ac12bac50,2026-09-28,2026-09-25,2caac4c4047c7c88f126,9b0b1adcafba0fea37db,close_to_close,0.0064696681630651,{},,disabled,,,,,Ridge,20260928T041605_a79e523cbcbf:price:1,price,1,2026-09-28,1거래일,1.0,64.24500274658203,없음,,,64.24500274658203,62.543722048583454,65.9462834445806,0.7908611599297012,simple,0.0169462245824672,0.0169856690221037,0.0,0.0,0.0,61.3849983215332,61.220001220703125,-0.047085398031831205,,,,,,,0.0,3.0250015258789062,,,scored,False,2026-09-29T04:04:16.926023+00:00
3,20260928T041605_a79e523cbcbf,2026-09-28T04:16:23.973464+00:00,github-actions,823ac12bac50,2026-09-28,2026-09-25,2caac4c4047c7c88f126,9b0b1adcafba0fea37db,close_to_close,0.0064696681630651,{},,disabled,,,,,Ridge,20260928T041605_a79e523cbcbf:price:5,price,5,2026-10-02,1주일,5.0,64.24500274658203,없음,,,64.24500274658203,60.14501290537576,68.34499258778831,0.7730870712401056,simple,0.0400156478862081,0.0400638544103295,0.0,0.0,0.0,61.55500030517578,59.97700119018555,-0.06643320684772713,,,,,,,0.0,4.268001556396484,,,scored,False,2026-10-05T00:00:38.288778+00:00
3,20260928T041605_a79e523cbcbf,2026-09-28T04:16:23.973464+00:00,github-actions,823ac12bac50,2026-09-28,2026-09-25,2caac4c4047c7c88f126,9b0b1adcafba0fea37db,close_to_close,0.0064696681630651,{},,disabled,,,,,Ridge,20260928T041605_a79e523cbcbf:price:20,price,20,2026-10-23,1개월,20.0,64.24500274658203,없음,,,64.24500274658203,55.41390250314,73.07610299002408,0.8075904677846425,simple,0.076826682711517,0.0774064645065818,0.0,0.0,0.0,,,,,,,,,,,,,,pending,False,2026-09-28T04:16:24.351396+00:00
3,20260928T083500_da1216772ca7,2026-09-28T08:35:21.510327+00:00,github-actions,823ac12bac50,2026-09-28,2026-09-25,2caac4c4047c7c88f126,9b0b1adcafba0fea37db,close_to_close,0.0064696681630651,{},,disabled,상승,0.356953603647921,0.2819324816332461,0.3611139147188329,Logistic,20260928T083500_da1216772ca7:direction:Logistic,direction,1,2026-09-28,,,,,,,,,,,,,,,,,61.3849983215332,61.220001220703125,-0.047085398031831205,0.0,0.0,,,,,,,1.03014946741879,0.6233978514648362,scored,False,2026-09-29T04:04:16.926023+00:00
3,20260928T083500_da1216772ca7,2026-09-28T08:35:21.510327+00:00,github-actions,823ac12bac50,2026-09-28,2026-09-25,2caac4c4047c7c88f126,9b0b1adcafba0fea37db,close_to_close,0.0064696681630651,{},,disabled,,,,,Ridge,20260928T083500_da1216772ca7:price:1,price,1,2026-09-28,1거래일,1.0,64.24500274658203,없음,,,64.24500274658203,62.543722048583454,65.9462834445806,0.7908611599297012,simple,0.0169462245810592,0.0169856690221037,0.0,0.0,0.0,61.3849983215332,61.220001220703125,-0.047085398031831205,,,,,,,0.0,3.0250015258789062,,,scored,False,2026-09-29T04:04:16.926023+00:00
3,20260928T083500_da1216772ca7,2026-09-28T08:35:21.510327+00:00,github-actions,823ac12bac50,2026-09-28,2026-09-25,2caac4c4047c7c88f126,9b0b1adcafba0fea37db,close_to_close,0.0064696681630651,{},,disabled,,,,,Ridge,20260928T083500_da1216772ca7:price:5,price,5,2026-10-02,1주일,5.0,64.24500274658203,없음,,,64.24500274658203,60.14501290537576,68.34499258778831,0.7730870712401056,simple,0.0400156478890987,0.0400638544103295,0.0,0.0,0.0,61.55500030517578,59.97700119018555,-0.06643320684772713,,,,,,,0.0,4.268001556396484,,,scored,False,2026-10-05T00:00:38.288778+00:00
3,20260928T083500_da1216772ca7,2026-09-28T08:35:21.510327+00:00,github-actions,823ac12bac50,2026-09-28,2026-09-25,2caac4c4047c7c88f126,9b0b1adcafba0fea37db,close_to_close,0.0064696681630651,{},,disabled,,,,,Ridge,20260928T083500_da1216772ca7:price:20,price,20,2026-10-23,1개월,20.0,64.24500274658203,없음,,,64.24500274658203,55.41390250314,73.07610299002408,0.8075904677846425,simple,0.0768266825914937,0.0774064645065818,0.0,0.0,0.0,,,,,,,,,,,,,,pending,False,2026-09-28T08:35:21.776317+00:00
3,20260928T091502_27adb0a2eb6e,2026-09-28T09:15:18.551768+00:00,github-actions,823ac12bac50,2026-09-28,2026-09-25,2caac4c4047c7c88f126,9b0b1adcafba0fea37db,close_to_close,0.0064696681630651,{},,disabled,상승,0.35695362085279,0.2819324751867265,0.3611139039604834,Logistic,20260928T091502_27adb0a2eb6e:direction:Logistic,direction,1,2026-09-28,,,,,,,,,,,,,,,,,61.3849983215332,61.220001220703125,-0.047085398031831205,0.0,0.0,,,,,,,1.0301494192196168,0.6233978179328328,scored,False,2026-09-29T04:04:16.926023+00:00
3,20260928T091502_27adb0a2eb6e,2026-09-28T09:15:18.551768+00:00,github-actions,823ac12bac50,2026-09-28,2026-09-25,2caac4c4047c7c88f126,9b0b1adcafba0fea37db,close_to_close,0.0064696681630651,{},,disabled,,,,,Ridge,20260928T091502_27adb0a2eb6e:price:1,price,1,2026-09-28,1거래일,1.0,64.24500274658203,없음,,,64.24500274658203,62.543722048583454,65.9462834445806,0.7908611599297012,simple,0.0169462245853903,0.0169856690221037,0.0,0.0,0.0,61.3849983215332,61.220001220703125,-0.047085398031831205,,,,,,,0.0,3.0250015258789062,,,scored,False,2026-09-29T04:04:16.926023+00:00
3,20260928T091502_27adb0a2eb6e,2026-09-28T09:15:18.551768+00:00,github-actions,823ac12bac50,2026-09-28,2026-09-25,2caac4c4047c7c88f126,9b0b1adcafba0fea37db,close_to_close,0.0064696681630651,{},,disabled,,,,,Ridge,20260928T091502_27adb0a2eb6e:price:5,price,5,2026-10-02,1주일,5.0,64.24500274658203,없음,,,64.24500274658203,60.14501290537576,68.34499258778831,0.7730870712401056,simple,0.0400156478770066,0.0400638544103295,0.0,0.0,0.0,61.55500030517578,59.97700119018555,-0.06643320684772713,,,,,,,0.0,4.268001556396484,,,scored,False,2026-10-05T00:00:38.288778+00:00
3,20260928T091502_27adb0a2eb6e,2026-09-28T09:15:18.551768+00:00,github-actions,823ac12bac50,2026-09-28,2026-09-25,2caac4c4047c7c88f126,9b0b1adcafba0fea37db,close_to_close,0.0064696681630651,{},,disabled,,,,,Ridge,20260928T091502_27adb0a2eb6e:price:20,price,20,2026-10-23,1개월,20.0,64.24500274658203,없음,,,64.24500274658203,55.41390250314,73.07610299002408,0.8075904677846425,simple,0.0768266827383288,0.0774064645065818,0.0,0.0,0.0,,,,,,,,,,,,,,pending,False,2026-09-28T09:15:19.263161+00:00
3,20260928T105833_73e6f0832eeb,2026-09-28T10:58:45.183058+00:00,github-actions,823ac12bac50,2026-09-28,2026-09-25,2caac4c4047c7c88f126,9b0b1adcafba0fea37db,close_to_close,0.0064696681630651,{},,disabled,상승,0.35695362085279,0.2819324751867265,0.3611139039604834,Logistic,20260928T105833_73e6f0832eeb:direction:Logistic,direction,1,2026-09-28,,,,,,,,,,,,,,,,,61.3849983215332,61.220001220703125,-0.047085398031831205,0.0,0.0,,,,,,,1.0301494192196168,0.6233978179328328,scored,False,2026-09-29T04:04:16.926023+00:00
3,20260928T105833_73e6f0832eeb,2026-09-28T10:58:45.183058+00:00,github-actions,823ac12bac50,2026-09-28,2026-09-25,2caac4c4047c7c88f126,9b0b1adcafba0fea37db,close_to_close,0.0064696681630651,{},,disabled,,,,,Ridge,20260928T105833_73e6f0832eeb:price:1,price,1,2026-09-28,1거래일,1.0,64.24500274658203,없음,,,64.24500274658203,62.543722048583454,65.9462834445806,0.7908611599297012,simple,0.0169462245853903,0.0169856690221037,0.0,0.0,0.0,61.3849983215332,61.220001220703125,-0.047085398031831205,,,,,,,0.0,3.0250015258789062,,,scored,False,2026-09-29T04:04:16.926023+00:00
3,20260928T105833_73e6f0832eeb,2026-09-28T10:58:45.183058+00:00,github-actions,823ac12bac50,2026-09-28,2026-09-25,2caac4c4047c7c88f126,9b0b1adcafba0fea37db,close_to_close,0.0064696681630651,{},,disabled,,,,,Ridge,20260928T105833_73e6f0832eeb:price:5,price,5,2026-10-02,1주일,5.0,64.24500274658203,없음,,,64.24500274658203,60.14501290537576,68.34499258778831,0.7730870712401056,simple,0.0400156478770066,0.0400638544103295,0.0,0.0,0.0,61.55500030517578,59.97700119018555,-0.06643320684772713,,,,,,,0.0,4.268001556396484,,,scored,False,2026-10-05T00:00:38.288778+00:00
3,20260928T105833_73e6f0832eeb,2026-09-28T10:58:45.183058+00:00,github-actions,823ac12bac50,2026-09-28,2026-09-25,2caac4c4047c7c88f126,9b0b1adcafba0fea37db,close_to_close,0.0064696681630651,{},,disabled,,,,,Ridge,20260928T105833_73e6f0832eeb:price:20,price,20,2026-10-23,1개월,20.0,64.24500274658203,없음,,,64.24500274658203,55.41390250314,73.07610299002408,0.8075904677846425,simple,0.0768266827383288,0.0774064645065818,0.0,0.0,0.0,,,,,,,,,,,,,,pending,False,2026-09-28T10:58:45.633017+00:00
3,20260928T113243_68fdb0bb9066,2026-09-28T11:32:55.096934+00:00,github-actions,823ac12bac50,2026-09-28,2026-09-25,2caac4c4047c7c88f126,9b0b1adcafba0fea37db,close_to_close,0.0064696681630651,{},,disabled,상승,0.35695362085279,0.2819324751867265,0.3611139039604834,Logistic,20260928T113243_68fdb0bb9066:direction:Logistic,direction,1,2026-09-28,,,,,,,,,,,,,,,,,61.3849983215332,61.220001220703125,-0.047085398031831205,0.0,0.0,,,,,,,1.0301494192196168,0.6233978179328328,scored,False,2026-09-29T04:04:16.926023+00:00
3,20260928T113243_68fdb0bb9066,2026-09-28T11:32:55.096934+00:00,github-actions,823ac12bac50,2026-09-28,2026-09-25,2caac4c4047c7c88f126,9b0b1adcafba0fea37db,close_to_close,0.0064696681630651,{},,disabled,,,,,Ridge,20260928T113243_68fdb0bb9066:price:1,price,1,2026-09-28,1거래일,1.0,64.24500274658203,없음,,,64.24500274658203,62.543722048583454,65.9462834445806,0.7908611599297012,simple,0.0169462245853903,0.0169856690221037,0.0,0.0,0.0,61.3849983215332,61.220001220703125,-0.047085398031831205,,,,,,,0.0,3.0250015258789062,,,scored,False,2026-09-29T04:04:16.926023+00:00
3,20260928T113243_68fdb0bb9066,2026-09-28T11:32:55.096934+00:00,github-actions,823ac12bac50,2026-09-28,2026-09-25,2caac4c4047c7c88f126,9b0b1adcafba0fea37db,close_to_close,0.0064696681630651,{},,disabled,,,,,Ridge,20260928T113243_68fdb0bb9066:price:5,price,5,2026-10-02,1주일,5.0,64.24500274658203,없음,,,64.24500274658203,60.14501290537576,68.34499258778831,0.7730870712401056,simple,0.0400156478770066,0.0400638544103295,0.0,0.0,0.0,61.55500030517578,59.97700119018555,-0.06643320684772713,,,,,,,0.0,4.268001556396484,,,scored,False,2026-10-05T00:00:38.288778+00:00
3,20260928T113243_68fdb0bb9066,2026-09-28T11:32:55.096934+00:00,github-actions,823ac12bac50,2026-09-28,2026-09-25,2caac4c4047c7c88f126,9b0b1adcafba0fea37db,close_to_close,0.0064696681630651,{},,disabled,,,,,Ridge,20260928T113243_68fdb0bb9066:price:20,price,20,2026-10-23,1개월,20.0,64.24500274658203,없음,,,64.24500274658203,55.41390250314,73.07610299002408,0.8075904677846425,simple,0.0768266827383288,0.0774064645065818,0.0,0.0,0.0,,,,,,,,,,,,,,pending,False,2026-09-28T11:32:55.616754+00:00
3,20260928T115544_9d85f29f8dd1,2026-09-28T11:56:03.742707+00:00,github-actions,823ac12bac50,2026-09-28,2026-09-25,2caac4c4047c7c88f126,9b0b1adcafba0fea37db,close_to_close,0.0064696681630651,{},,disabled,상승,0.356953603647921,0.2819324816332461,0.3611139147188329,Logistic,20260928T115544_9d85f29f8dd1:direction:Logistic,direction,1,2026-09-28,,,,,,,,,,,,,,,,,61.3849983215332,61.220001220703125,-0.047085398031831205,0.0,0.0,,,,,,,1.03014946741879,0.6233978514648362,scored,False,2026-09-29T04:04:16.926023+00:00
3,20260928T115544_9d85f29f8dd1,2026-09-28T11:56:03.742707+00:00,github-actions,823ac12bac50,2026-09-28,2026-09-25,2caac4c4047c7c88f126,9b0b1adcafba0fea37db,close_to_close,0.0064696681630651,{},,disabled,,,,,Ridge,20260928T115544_9d85f29f8dd1:price:1,price,1,2026-09-28,1거래일,1.0,64.24500274658203,없음,,,64.24500274658203,62.543722048583454,65.9462834445806,0.7908611599297012,simple,0.0169462245810592,0.0169856690221037,0.0,0.0,0.0,61.3849983215332,61.220001220703125,-0.047085398031831205,,,,,,,0.0,3.0250015258789062,,,scored,False,2026-09-29T04:04:16.926023+00:00
3,20260928T115544_9d85f29f8dd1,2026-09-28T11:56:03.742707+00:00,github-actions,823ac12bac50,2026-09-28,2026-09-25,2caac4c4047c7c88f126,9b0b1adcafba0fea37db,close_to_close,0.0064696681630651,{},,disabled,,,,,Ridge,20260928T115544_9d85f29f8dd1:price:5,price,5,2026-10-02,1주일,5.0,64.24500274658203,없음,,,64.24500274658203,60.14501290537576,68.34499258778831,0.7730870712401056,simple,0.0400156478890987,0.0400638544103295,0.0,0.0,0.0,61.55500030517578,59.97700119018555,-0.06643320684772713,,,,,,,0.0,4.268001556396484,,,scored,False,2026-10-05T00:00:38.288778+00:00
3,20260928T115544_9d85f29f8dd1,2026-09-28T11:56:03.742707+00:00,github-actions,823ac12bac50,2026-09-28,2026-09-25,2caac4c4047c7c88f126,9b0b1adcafba0fea37db,close_to_close,0.0064696681630651,{},,disabled,,,,,Ridge,20260928T115544_9d85f29f8dd1:price:20,price,20,2026-10-23,1개월,20.0,64.24500274658203,없음,,,64.24500274658203,55.41390250314,73.07610299002408,0.8075904677846425,simple,0.0768266825914937,0.0774064645065818,0.0,0.0,0.0,,,,,,,,,,,,,,pending,False,2026-09-28T11:56:04.168451+00:00
3,20260928T122724_0c4a3f1a5d9e,2026-09-28T12:27:39.942531+00:00,github-actions,823ac12bac50,2026-09-28,2026-09-25,2caac4c4047c7c88f126,9b0b1adcafba0fea37db,close_to_close,0.0064696681630651,{},,disabled,상승,0.35695362085279,0.2819324751867265,0.3611139039604834,Logistic,20260928T122724_0c4a3f1a5d9e:direction:Logistic,direction,1,2026-09-28,,,,,,,,,,,,,,,,,61.3849983215332,61.220001220703125,-0.047085398031831205,0.0,0.0,,,,,,,1.0301494192196168,0.6233978179328328,scored,False,2026-09-29T04:04:16.926023+00:00
3,20260928T122724_0c4a3f1a5d9e,2026-09-28T12:27:39.942531+00:00,github-actions,823ac12bac50,2026-09-28,2026-09-25,2caac4c4047c7c88f126,9b0b1adcafba0fea37db,close_to_close,0.0064696681630651,{},,disabled,,,,,Ridge,20260928T122724_0c4a3f1a5d9e:price:1,price,1,2026-09-28,1거래일,1.0,64.24500274658203,없음,,,64.24500274658203,62.543722048583454,65.9462834445806,0.7908611599297012,simple,0.0169462245853903,0.0169856690221037,0.0,0.0,0.0,61.3849983215332,61.220001220703125,-0.047085398031831205,,,,,,,0.0,3.0250015258789062,,,scored,False,2026-09-29T04:04:16.926023+00:00
3,20260928T122724_0c4a3f1a5d9e,2026-09-28T12:27:39.942531+00:00,github-actions,823ac12bac50,2026-09-28,2026-09-25,2caac4c4047c7c88f126,9b0b1adcafba0fea37db,close_to_close,0.0064696681630651,{},,disabled,,,,,Ridge,20260928T122724_0c4a3f1a5d9e:price:5,price,5,2026-10-02,1주일,5.0,64.24500274658203,없음,,,64.24500274658203,60.14501290537576,68.34499258778831,0.7730870712401056,simple,0.0400156478770066,0.0400638544103295,0.0,0.0,0.0,61.55500030517578,59.97700119018555,-0.06643320684772713,,,,,,,0.0,4.268001556396484,,,scored,False,2026-10-05T00:00:38.288778+00:00
3,20260928T122724_0c4a3f1a5d9e,2026-09-28T12:27:39.942531+00:00,github-actions,823ac12bac50,2026-09-28,2026-09-25,2caac4c4047c7c88f126,9b0b1adcafba0fea37db,close_to_close,0.0064696681630651,{},,disabled,,,,,Ridge,20260928T122724_0c4a3f1a5d9e:price:20,price,20,2026-10-23,1개월,20.0,64.24500274658203,없음,,,64.24500274658203,55.41390250314,73.07610299002408,0.8075904677846425,simple,0.0768266827383288,0.0774064645065818,0.0,0.0,0.0,,,,,,,,,,,,,,pending,False,2026-09-28T12:27:40.176701+00:00
3,20260928T234520_2639e9532a19,2026-09-28T23:45:41.595645+00:00,github-actions,823ac12bac50,2026-09-29,2026-09-28,f39f02e4eed7ce177e7f,9b0b1adcafba0fea37db,close_to_close,0.0067980376926518,{},,disabled,상승,0.3070015643433004,0.3238279873955508,0.3691704482611488,Logistic,20260928T234520_2639e9532a19:direction:Logistic,direction,1,2026-09-29,,,,,,,,,,,,,,,,,60.65999984741211,60.667999267578125,-0.00901669294541485,0.0,0.0,,,,,,,1.1809024358271394,0.7213982171126234,scored,True,2026-09-30T05:43:25.037121+00:00
3,20260928T234520_2639e9532a19,2026-09-28T23:45:41.595645+00:00,github-actions,823ac12bac50,2026-09-29,2026-09-28,f39f02e4eed7ce177e7f,9b0b1adcafba0fea37db,close_to_close,0.0067980376926518,{},,disabled,,,,,Ridge,20260928T234520_2639e9532a19:price:1,price,1,2026-09-29,1거래일,1.0,61.20000076293945,없음,,,61.20000076293945,59.49709893074154,62.90290259513736,0.7908611599297012,simple,0.0169576861836968,0.0169947618903307,0.0,0.0,0.0,60.65999984741211,60.667999267578125,-0.008692834783157188,,,,,,,1.0,0.5320014953613281,,,scored,True,2026-09-30T05:43:25.037121+00:00
3,20260928T234520_2639e9532a19,2026-09-28T23:45:41.595645+00:00,github-actions,823ac12bac50,2026-09-29,2026-09-28,f39f02e4eed7ce177e7f,9b0b1adcafba0fea37db,close_to_close,0.0067980376926518,{},,disabled,,,,,Ridge,20260928T234520_2639e9532a19:price:5,price,5,2026-10-05,1주일,5.0,61.20000076293945,없음,,,61.20000076293945,57.09610408040104,65.30389744547787,0.772207563764292,simple,0.0400446853530647,0.0400902423066205,0.0,0.0,0.0,61.52000045776367,60.86899948120117,-0.005408517608037733,,,,,,,1.0,0.33100128173828125,,,scored,True,2026-10-06T06:31:33.777911+00:00
3,20260928T234520_2639e9532a19,2026-09-28T23:45:41.595645+00:00,github-actions,823ac12bac50,2026-09-29,2026-09-28,f39f02e4eed7ce177e7f,9b0b1adcafba0fea37db,close_to_close,0.0067980376926518,{},,disabled,,,,,Ridge,20260928T234520_2639e9532a19:price:20,price,20,2026-10-26,1개월,20.0,61.20000076293945,없음,,,61.20000076293945,52.35957603151188,70.04042549436703,0.8077601410934744,simple,0.07684140281743,0.0774144826318183,0.0,0.0,0.0,,,,,,,,,,,,,,pending,True,2026-09-28T23:45:41.841115+00:00
3,20260929T004615_164e2ed7b129,2026-09-29T00:46:37.470956+00:00,github-actions,823ac12bac50,2026-09-29,2026-09-28,80f48592c3ae0d8f94f6,9b0b1adcafba0fea37db,close_to_close,0.0068144884616652,{},,disabled,상승,0.3056120959739565,0.3188449353787959,0.3755429686472474,Logistic,20260929T004615_164e2ed7b129:direction:Logistic,direction,1,2026-09-29,,,,,,,,,,,,,,,,,60.65999984741211,60.667999267578125,-0.00901669294541485,0.0,0.0,,,,,,,1.1854386414064697,0.7248691753747778,scored,False,2026-09-30T05:43:25.037121+00:00
3,20260929T004615_164e2ed7b129,2026-09-29T00:46:37.470956+00:00,github-actions,823ac12bac50,2026-09-29,2026-09-28,80f48592c3ae0d8f94f6,9b0b1adcafba0fea37db,close_to_close,0.0068144884616652,{},,disabled,,,,,Ridge,20260929T004615_164e2ed7b129:price:1,price,1,2026-09-29,1거래일,1.0,61.165000915527344,없음,,,61.165000915527344,59.45895441591019,62.871047415144496,0.7908611599297012,simple,0.0169581649069651,0.0169952406135991,0.0,0.0,0.0,60.65999984741211,60.667999267578125,-0.00812558882547243,,,,,,,1.0,0.49700164794921875,,,scored,False,2026-09-30T05:43:25.037121+00:00
3,20260929T004615_164e2ed7b129,2026-09-29T00:46:37.470956+00:00,github-actions,823ac12bac50,2026-09-29,2026-09-28,80f48592c3ae0d8f94f6,9b0b1adcafba0fea37db,close_to_close,0.0068144884616652,{},,disabled,,,,,Ridge,20260929T004615_164e2ed7b129:price:5,price,5,2026-10-05,1주일,5.0,61.165000915527344,없음,,,61.165000915527344,57.05352576314087,65.27647606791382,0.772207563764292,simple,0.0400451529964962,0.040090709950052,0.0,0.0,0.0,61.52000045776367,60.86899948120117,-0.004839392297810496,,,,,,,1.0,0.2960014343261719,,,scored,False,2026-10-06T06:31:33.777911+00:00
3,20260929T004615_164e2ed7b129,2026-09-29T00:46:37.470956+00:00,github-actions,823ac12bac50,2026-09-29,2026-09-28,80f48592c3ae0d8f94f6,9b0b1adcafba0fea37db,close_to_close,0.0068144884616652,{},,disabled,,,,,Ridge,20260929T004615_164e2ed7b129:price:20,price,20,2026-10-26,1개월,20.0,61.165000915527344,없음,,,61.165000915527344,52.30825099429756,70.02175083675714,0.8077601410934744,simple,0.0768418635094474,0.0774149433238358,0.0,0.0,0.0,,,,,,,,,,,,,,pending,False,2026-09-29T00:46:38.136666+00:00
3,20260929T010241_0ddabcf6ae13,2026-09-29T01:03:04.844371+00:00,github-actions,823ac12bac50,2026-09-29,2026-09-28,9245efa9269a8859cb0c,9b0b1adcafba0fea37db,close_to_close,0.0069214183989095,{},,disabled,상승,0.3006973514968402,0.3226545406141533,0.3766481078890065,Logistic,20260929T010241_0ddabcf6ae13:direction:Logistic,direction,1,2026-09-29,,,,,,,,,,,,,,,,,60.65999984741211,60.667999267578125,-0.00901669294541485,0.0,0.0,,,,,,,1.2016509968187932,0.7349939439588328,scored,False,2026-09-30T05:43:25.037121+00:00
3,20260929T010241_0ddabcf6ae13,2026-09-29T01:03:04.844371+00:00,github-actions,823ac12bac50,2026-09-29,2026-09-28,9245efa9269a8859cb0c,9b0b1adcafba0fea37db,close_to_close,0.0069214183989095,{},,disabled,,,,,Ridge,20260929T010241_0ddabcf6ae13:price:1,price,1,2026-09-29,1거래일,1.0,60.94499969482422,없음,,,60.94499969482422,59.21841534825625,62.67158404139218,0.7908611599297012,simple,0.0169611740544674,0.0169982497611013,0.0,0.0,0.0,60.65999984741211,60.667999267578125,-0.004545088664092978,,,,,,,1.0,0.27700042724609375,,,scored,False,2026-09-30T05:43:25.037121+00:00
3,20260929T010241_0ddabcf6ae13,2026-09-29T01:03:04.844371+00:00,github-actions,823ac12bac50,2026-09-29,2026-09-28,9245efa9269a8859cb0c,9b0b1adcafba0fea37db,close_to_close,0.0069214183989095,{},,disabled,,,,,Ridge,20260929T010241_0ddabcf6ae13:price:5,price,5,2026-10-05,1주일,5.0,60.94499969482422,없음,,,60.94499969482422,56.7840294979353,65.10596989171314,0.772207563764292,simple,0.0400480924986195,0.0400936494521753,0.0,0.0,0.0,61.52000045776367,60.86899948120117,-0.0012470295184774383,,,,,,,1.0,0.07600021362304688,,,scored,False,2026-10-06T06:31:33.777911+00:00
3,20260929T010241_0ddabcf6ae13,2026-09-29T01:03:04.844371+00:00,github-actions,823ac12bac50,2026-09-29,2026-09-28,9245efa9269a8859cb0c,9b0b1adcafba0fea37db,close_to_close,0.0069214183989095,{},,disabled,,,,,Ridge,20260929T010241_0ddabcf6ae13:price:20,price,20,2026-10-26,1개월,20.0,60.94499969482422,없음,,,60.94499969482422,51.98162983421723,69.90836955543121,0.8077601410934744,simple,0.0768447593165351,0.0774178391309235,0.0,0.0,0.0,,,,,,,,,,,,,,pending,False,2026-09-29T01:03:05.324272+00:00
3,20260929T015003_25a68a74546f,2026-09-29T01:50:24.163617+00:00,github-actions,823ac12bac50,2026-09-29,2026-09-28,88eb9dc71a1e4430c1a7,9b0b1adcafba0fea37db,close_to_close,0.0068842903165066,{},,disabled,상승,0.3024426418133383,0.3287171900055932,0.3688401681810685,Logistic,20260929T015003_25a68a74546f:direction:Logistic,direction,1,2026-09-29,,,,,,,,,,,,,,,,,60.65999984741211,60.667999267578125,-0.00901669294541485,0.0,0.0,,,,,,,1.1958636333304218,0.7306843286293668,scored,False,2026-09-30T05:43:25.037121+00:00
3,20260929T015003_25a68a74546f,2026-09-29T01:50:24.163617+00:00,github-actions,823ac12bac50,2026-09-29,2026-09-28,88eb9dc71a1e4430c1a7,9b0b1adcafba0fea37db,close_to_close,0.0068842903165066,{},,disabled,,,,,Ridge,20260929T015003_25a68a74546f:price:1,price,1,2026-09-29,1거래일,1.0,61.02000045776367,없음,,,61.02000045776367,59.30056451813361,62.73943639739373,0.7908611599297012,simple,0.0169601482039846,0.0169972239106186,0.0,0.0,0.0,60.65999984741211,60.667999267578125,-0.005768619920433982,,,,,,,1.0,0.3520011901855469,,,scored,False,2026-09-30T05:43:25.037121+00:00
3,20260929T015003_25a68a74546f,2026-09-29T01:50:24.163617+00:00,github-actions,823ac12bac50,2026-09-29,2026-09-28,88eb9dc71a1e4430c1a7,9b0b1adcafba0fea37db,close_to_close,0.0068842903165066,{},,disabled,,,,,Ridge,20260929T015003_25a68a74546f:price:5,price,5,2026-10-05,1주일,5.0,61.02000045776367,없음,,,61.02000045776367,56.87625751553103,65.16374339999632,0.772207563764292,simple,0.0400470903909894,0.0400926473445451,0.0,0.0,0.0,61.52000045776367,60.86899948120117,-0.002474614477707471,,,,,,,1.0,0.1510009765625,,,scored,False,2026-10-06T06:31:33.777911+00:00
3,20260929T015003_25a68a74546f,2026-09-29T01:50:24.163617+00:00,github-actions,823ac12bac50,2026-09-29,2026-09-28,88eb9dc71a1e4430c1a7,9b0b1adcafba0fea37db,close_to_close,0.0068842903165066,{},,disabled,,,,,Ridge,20260929T015003_25a68a74546f:price:20,price,20,2026-10-26,1개월,20.0,61.02000045776367,없음,,,61.02000045776367,52.09374075364917,69.94626016187817,0.8077601410934744,simple,0.0768437721050087,0.0774168519193971,0.0,0.0,0.0,,,,,,,,,,,,,,pending,False,2026-09-29T01:50:24.403627+00:00
3,20260929T025433_43b32f750e22,2026-09-29T02:54:50.655571+00:00,github-actions,823ac12bac50,2026-09-29,2026-09-28,4b8c96cf170e5e32436f,9b0b1adcafba0fea37db,close_to_close,0.0068990580995735,{},,disabled,상승,0.3038638009423234,0.3273509964724968,0.3687852025851797,Logistic,20260929T025433_43b32f750e22:direction:Logistic,direction,1,2026-09-29,,,,,,,,,,,,,,,,,60.65999984741211,60.667999267578125,-0.00901669294541485,0.0,0.0,,,,,,,1.1911757011843445,0.7277668081757979,scored,False,2026-09-30T05:43:25.037121+00:00
3,20260929T025433_43b32f750e22,2026-09-29T02:54:50.655571+00:00,github-actions,823ac12bac50,2026-09-29,2026-09-28,4b8c96cf170e5e32436f,9b0b1adcafba0fea37db,close_to_close,0.0068990580995735,{},,disabled,,,,,Ridge,20260929T025433_43b32f750e22:price:1,price,1,2026-09-29,1거래일,1.0,60.9900016784668,없음,,,60.9900016784668,59.267724429876885,62.71227892705671,0.7908611599297012,simple,0.0169605585177864,0.0169976342299409,0.0,0.0,0.0,60.65999984741211,60.667999267578125,-0.005279593409199035,,,,,,,1.0,0.3220024108886719,,,scored,False,2026-09-30T05:43:25.037121+00:00
3,20260929T025433_43b32f750e22,2026-09-29T02:54:50.655571+00:00,github-actions,823ac12bac50,2026-09-29,2026-09-28,4b8c96cf170e5e32436f,9b0b1adcafba0fea37db,close_to_close,0.0068990580995735,{},,disabled,,,,,Ridge,20260929T025433_43b32f750e22:price:5,price,5,2026-10-05,1주일,5.0,60.9900016784668,없음,,,60.9900016784668,56.83941134304099,65.1405920138926,0.772207563764292,simple,0.0400474912131489,0.0400930481672095,0.0,0.0,0.0,61.52000045776367,60.86899948120117,-0.0019839677641515507,,,,,,,1.0,0.121002197265625,,,scored,False,2026-10-06T06:31:33.777911+00:00
3,20260929T025433_43b32f750e22,2026-09-29T02:54:50.655571+00:00,github-actions,823ac12bac50,2026-09-29,2026-09-28,4b8c96cf170e5e32436f,9b0b1adcafba0fea37db,close_to_close,0.0068990580995735,{},,disabled,,,,,Ridge,20260929T025433_43b32f750e22:price:20,price,20,2026-10-26,1개월,20.0,60.9900016784668,없음,,,60.9900016784668,52.04899163612176,69.93101172081184,0.8077601410934744,simple,0.0768441671092865,0.077417246783923,0.0,0.0,0.0,,,,,,,,,,,,,,pending,False,2026-09-29T02:54:51.305836+00:00
3,20260929T040354_4bd475229bdc,2026-09-29T04:04:16.553757+00:00,github-actions,823ac12bac50,2026-09-29,2026-09-28,6cf10a805056005097b9,9b0b1adcafba0fea37db,close_to_close,0.0067887074312187,{},,disabled,상승,0.3336666308390386,0.3008176484772528,0.3655157206837085,Logistic,20260929T040354_4bd475229bdc:direction:Logistic,direction,1,2026-09-29,,,,,,,,,,,,,,,,,60.65999984741211,60.667999267578125,-0.00901669294541485,0.0,0.0,,,,,,,1.0976128957105404,0.668093158559713,scored,False,2026-09-30T05:43:25.037121+00:00
3,20260929T040354_4bd475229bdc,2026-09-29T04:04:16.553757+00:00,github-actions,823ac12bac50,2026-09-29,2026-09-28,6cf10a805056005097b9,9b0b1adcafba0fea37db,close_to_close,0.0067887074312187,{},,disabled,,,,,Ridge,20260929T040354_4bd475229bdc:price:1,price,1,2026-09-29,1거래일,1.0,61.220001220703125,없음,,,61.220001220703125,59.518880857140445,62.9211215842658,0.7908611599297012,simple,0.0169574126200896,0.0169944883267235,0.0,0.0,0.0,60.65999984741211,60.667999267578125,-0.00901669294541485,,,,,,,1.0,0.552001953125,,,scored,False,2026-09-30T05:43:25.037121+00:00
3,20260929T040354_4bd475229bdc,2026-09-29T04:04:16.553757+00:00,github-actions,823ac12bac50,2026-09-29,2026-09-28,6cf10a805056005097b9,9b0b1adcafba0fea37db,close_to_close,0.0067887074312187,{},,disabled,,,,,Ridge,20260929T040354_4bd475229bdc:price:5,price,5,2026-10-05,1주일,5.0,61.220001220703125,없음,,,61.220001220703125,57.12039777637958,65.31960466502667,0.772207563764292,simple,0.0400444181209654,0.0400899750745211,0.0,0.0,0.0,61.52000045776367,60.86899948120117,-0.005733448750459225,,,,,,,1.0,0.3510017395019531,,,scored,False,2026-10-06T06:31:33.777911+00:00
3,20260929T040354_4bd475229bdc,2026-09-29T04:04:16.553757+00:00,github-actions,823ac12bac50,2026-09-29,2026-09-28,6cf10a805056005097b9,9b0b1adcafba0fea37db,close_to_close,0.0067887074312187,{},,disabled,,,,,Ridge,20260929T040354_4bd475229bdc:price:20,price,20,2026-10-26,1개월,20.0,61.220001220703125,없음,,,61.220001220703125,52.388824784792895,70.05117765661336,0.8077601410934744,simple,0.0768411395576755,0.0774142193720638,0.0,0.0,0.0,,,,,,,,,,,,,,pending,False,2026-09-29T04:04:16.926023+00:00
3,20260929T042535_ccfc931a823f,2026-09-29T04:25:57.592424+00:00,github-actions,823ac12bac50,2026-09-29,2026-09-28,6cf10a805056005097b9,9b0b1adcafba0fea37db,close_to_close,0.0067887074312187,{},,disabled,상승,0.308215141614361,0.3219920068334329,0.3697928515522061,Logistic,20260929T042535_ccfc931a823f:direction:Logistic,direction,1,2026-09-29,,,,,,,,,,,,,,,,,60.65999984741211,60.667999267578125,-0.00901669294541485,0.0,0.0,,,,,,,1.1769572281193998,0.718991895815372,scored,False,2026-09-30T05:43:25.037121+00:00
3,20260929T042535_ccfc931a823f,2026-09-29T04:25:57.592424+00:00,github-actions,823ac12bac50,2026-09-29,2026-09-28,6cf10a805056005097b9,9b0b1adcafba0fea37db,close_to_close,0.0067887074312187,{},,disabled,,,,,Ridge,20260929T042535_ccfc931a823f:price:1,price,1,2026-09-29,1거래일,1.0,61.220001220703125,없음,,,61.220001220703125,59.518880857140445,62.9211215842658,0.7908611599297012,simple,0.0169574126200896,0.0169944883267235,0.0,0.0,0.0,60.65999984741211,60.667999267578125,-0.00901669294541485,,,,,,,1.0,0.552001953125,,,scored,False,2026-09-30T05:43:25.037121+00:00
3,20260929T042535_ccfc931a823f,2026-09-29T04:25:57.592424+00:00,github-actions,823ac12bac50,2026-09-29,2026-09-28,6cf10a805056005097b9,9b0b1adcafba0fea37db,close_to_close,0.0067887074312187,{},,disabled,,,,,Ridge,20260929T042535_ccfc931a823f:price:5,price,5,2026-10-05,1주일,5.0,61.220001220703125,없음,,,61.220001220703125,57.12039777637958,65.31960466502667,0.772207563764292,simple,0.0400444181209654,0.0400899750745211,0.0,0.0,0.0,61.52000045776367,60.86899948120117,-0.005733448750459225,,,,,,,1.0,0.3510017395019531,,,scored,False,2026-10-06T06:31:33.777911+00:00
3,20260929T042535_ccfc931a823f,2026-09-29T04:25:57.592424+00:00,github-actions,823ac12bac50,2026-09-29,2026-09-28,6cf10a805056005097b9,9b0b1adcafba0fea37db,close_to_close,0.0067887074312187,{},,disabled,,,,,Ridge,20260929T042535_ccfc931a823f:price:20,price,20,2026-10-26,1개월,20.0,61.220001220703125,없음,,,61.220001220703125,52.388824784792895,70.05117765661336,0.8077601410934744,simple,0.0768411395576755,0.0774142193720638,0.0,0.0,0.0,,,,,,,,,,,,,,pending,False,2026-09-29T04:25:57.819565+00:00
3,20260929T092418_c7b2ea4f47e9,2026-09-29T09:24:40.396265+00:00,github-actions,823ac12bac50,2026-09-29,2026-09-28,6cf10a805056005097b9,9b0b1adcafba0fea37db,close_to_close,0.0067887074312187,{},,disabled,상승,0.3082151675985058,0.3219920156189433,0.3697928167825507,Logistic,20260929T092418_c7b2ea4f47e9:direction:Logistic,direction,1,2026-09-29,,,,,,,,,,,,,,,,,60.65999984741211,60.667999267578125,-0.00901669294541485,0.0,0.0,,,,,,,1.176957143814185,0.7189918398070864,scored,False,2026-09-30T05:43:25.037121+00:00
3,20260929T092418_c7b2ea4f47e9,2026-09-29T09:24:40.396265+00:00,github-actions,823ac12bac50,2026-09-29,2026-09-28,6cf10a805056005097b9,9b0b1adcafba0fea37db,close_to_close,0.0067887074312187,{},,disabled,,,,,Ridge,20260929T092418_c7b2ea4f47e9:price:1,price,1,2026-09-29,1거래일,1.0,61.220001220703125,없음,,,61.220001220703125,59.518880857140445,62.9211215842658,0.7908611599297012,simple,0.0169574126200896,0.0169944883267235,0.0,0.0,0.0,60.65999984741211,60.667999267578125,-0.00901669294541485,,,,,,,1.0,0.552001953125,,,scored,False,2026-09-30T05:43:25.037121+00:00
3,20260929T092418_c7b2ea4f47e9,2026-09-29T09:24:40.396265+00:00,github-actions,823ac12bac50,2026-09-29,2026-09-28,6cf10a805056005097b9,9b0b1adcafba0fea37db,close_to_close,0.0067887074312187,{},,disabled,,,,,Ridge,20260929T092418_c7b2ea4f47e9:price:5,price,5,2026-10-05,1주일,5.0,61.220001220703125,없음,,,61.220001220703125,57.12039777637958,65.31960466502667,0.772207563764292,simple,0.0400444181209654,0.0400899750745211,0.0,0.0,0.0,61.52000045776367,60.86899948120117,-0.005733448750459225,,,,,,,1.0,0.3510017395019531,,,scored,False,2026-10-06T06:31:33.777911+00:00
3,20260929T092418_c7b2ea4f47e9,2026-09-29T09:24:40.396265+00:00,github-actions,823ac12bac50,2026-09-29,2026-09-28,6cf10a805056005097b9,9b0b1adcafba0fea37db,close_to_close,0.0067887074312187,{},,disabled,,,,,Ridge,20260929T092418_c7b2ea4f47e9:price:20,price,20,2026-10-26,1개월,20.0,61.220001220703125,없음,,,61.220001220703125,52.388824784792895,70.05117765661336,0.8077601410934744,simple,0.0768411395576755,0.0774142193720638,0.0,0.0,0.0,,,,,,,,,,,,,,pending,False,2026-09-29T09:24:40.617090+00:00
3,20260929T094051_de8db62ea3f4,2026-09-29T09:41:12.692211+00:00,github-actions,823ac12bac50,2026-09-29,2026-09-28,6cf10a805056005097b9,9b0b1adcafba0fea37db,close_to_close,0.0067887074312187,{},,disabled,상승,0.3336666736156699,0.3008176600325559,0.3655156663517741,Logistic,20260929T094051_de8db62ea3f4:direction:Logistic,direction,1,2026-09-29,,,,,,,,,,,,,,,,,60.65999984741211,60.667999267578125,-0.00901669294541485,0.0,0.0,,,,,,,1.0976127675088427,0.66809306878645,scored,False,2026-09-30T05:43:25.037121+00:00
3,20260929T094051_de8db62ea3f4,2026-09-29T09:41:12.692211+00:00,github-actions,823ac12bac50,2026-09-29,2026-09-28,6cf10a805056005097b9,9b0b1adcafba0fea37db,close_to_close,0.0067887074312187,{},,disabled,,,,,Ridge,20260929T094051_de8db62ea3f4:price:1,price,1,2026-09-29,1거래일,1.0,61.220001220703125,없음,,,61.220001220703125,59.518880857140445,62.9211215842658,0.7908611599297012,simple,0.0169574126145691,0.0169944883267235,0.0,0.0,0.0,60.65999984741211,60.667999267578125,-0.00901669294541485,,,,,,,1.0,0.552001953125,,,scored,False,2026-09-30T05:43:25.037121+00:00
3,20260929T094051_de8db62ea3f4,2026-09-29T09:41:12.692211+00:00,github-actions,823ac12bac50,2026-09-29,2026-09-28,6cf10a805056005097b9,9b0b1adcafba0fea37db,close_to_close,0.0067887074312187,{},,disabled,,,,,Ridge,20260929T094051_de8db62ea3f4:price:5,price,5,2026-10-05,1주일,5.0,61.220001220703125,없음,,,61.220001220703125,57.12039777637958,65.31960466502667,0.772207563764292,simple,0.0400444181204606,0.0400899750745211,0.0,0.0,0.0,61.52000045776367,60.86899948120117,-0.005733448750459225,,,,,,,1.0,0.3510017395019531,,,scored,False,2026-10-06T06:31:33.777911+00:00
3,20260929T094051_de8db62ea3f4,2026-09-29T09:41:12.692211+00:00,github-actions,823ac12bac50,2026-09-29,2026-09-28,6cf10a805056005097b9,9b0b1adcafba0fea37db,close_to_close,0.0067887074312187,{},,disabled,,,,,Ridge,20260929T094051_de8db62ea3f4:price:20,price,20,2026-10-26,1개월,20.0,61.220001220703125,없음,,,61.220001220703125,52.388824784792895,70.05117765661336,0.8077601410934744,simple,0.0768411396974274,0.0774142193720638,0.0,0.0,0.0,,,,,,,,,,,,,,pending,False,2026-09-29T09:41:13.505798+00:00
3,20260929T231121_1303754bbca6,2026-09-29T23:11:37.779710+00:00,github-actions,823ac12bac50,2026-09-30,2026-09-29,523ae3a7a371e3242d86,9b0b1adcafba0fea37db,close_to_close,0.006839254472558,{},,disabled,하락,0.3574871553426454,0.2889492000561532,0.3535636446012012,Logistic,20260929T231121_1303754bbca6:direction:Logistic,direction,1,2026-09-30,,,,,,,,,,,,,,,,,60.81999969482422,60.097999572753906,-0.009395392986510376,0.0,1.0,,,,,,,1.028655846605022,0.6213216465464612,scored,True,2026-10-01T06:09:02.565843+00:00
3,20260929T231121_1303754bbca6,2026-09-29T23:11:37.779710+00:00,github-actions,823ac12bac50,2026-09-30,2026-09-29,523ae3a7a371e3242d86,9b0b1adcafba0fea37db,close_to_close,0.006839254472558,{},,disabled,,,,,Ridge,20260929T231121_1303754bbca6:price:1,price,1,2026-09-30,1거래일,1.0,61.875,없음,,,61.875,60.13956855251615,63.61043144748385,0.7917398945518453,simple,0.0169466735483253,0.0169857204340283,0.0,0.0,0.0,60.81999969482422,60.097999572753906,-0.02871919882417928,,,,,,,0.0,1.7770004272460938,,,scored,True,2026-10-01T06:09:02.565843+00:00
3,20260929T231121_1303754bbca6,2026-09-29T23:11:37.779710+00:00,github-actions,823ac12bac50,2026-09-30,2026-09-29,523ae3a7a371e3242d86,9b0b1adcafba0fea37db,close_to_close,0.006839254472558,{},,disabled,,,,,Ridge,20260929T231121_1303754bbca6:price:5,price,5,2026-10-06,1주일,5.0,61.875,없음,,,61.875,57.700683275264105,66.0493167247359,0.772207563764292,simple,0.0401018804222157,0.040142769947833,0.0,0.0,0.0,60.91999816894531,61.167999267578125,-0.011426274463383845,,,,,,,1.0,0.707000732421875,,,scored,True,2026-10-07T05:38:17.158369+00:00
3,20260929T231121_1303754bbca6,2026-09-29T23:11:37.779710+00:00,github-actions,823ac12bac50,2026-09-30,2026-09-29,523ae3a7a371e3242d86,9b0b1adcafba0fea37db,close_to_close,0.006839254472558,{},,disabled,,,,,Ridge,20260929T231121_1303754bbca6:price:20,price,20,2026-10-27,1개월,20.0,61.875,없음,,,61.875,52.88617245276627,70.86382754723373,0.8077601410934744,simple,0.0768703565826792,0.0774287265294166,0.0,0.0,0.0,,,,,,,,,,,,,,pending,True,2026-09-29T23:11:38.157063+00:00
3,20260929T234343_64086daf0740,2026-09-29T23:44:06.169912+00:00,github-actions,823ac12bac50,2026-09-30,2026-09-29,f57b023f51bc5918f7c0,9b0b1adcafba0fea37db,close_to_close,0.0068353943546306,{},,disabled,하락,0.3581164262908328,0.2886830853749594,0.3532004883342077,Logistic,20260929T234343_64086daf0740:direction:Logistic,direction,1,2026-09-30,,,,,,,,,,,,,,,,,60.81999969482422,60.097999572753906,-0.009395392986510376,0.0,1.0,,,,,,,1.0268971323488705,0.6201030309387808,scored,True,2026-10-01T06:09:02.565843+00:00
3,20260929T234343_64086daf0740,2026-09-29T23:44:06.169912+00:00,github-actions,823ac12bac50,2026-09-30,2026-09-29,f57b023f51bc5918f7c0,9b0b1adcafba0fea37db,close_to_close,0.0068353943546306,{},,disabled,,,,,Ridge,20260929T234343_64086daf0740:price:1,price,1,2026-09-30,1거래일,1.0,61.84999847412109,없음,,,61.84999847412109,60.11624734642505,63.58374960181714,0.7917398945518453,simple,0.0169463146804579,0.0169853615691809,0.0,0.0,0.0,60.81999969482422,60.097999572753906,-0.028326579540664643,,,,,,,0.0,1.7519989013671804,,,scored,True,2026-10-01T06:09:02.565843+00:00
3,20260929T234343_64086daf0740,2026-09-29T23:44:06.169912+00:00,github-actions,823ac12bac50,2026-09-30,2026-09-29,f57b023f51bc5918f7c0,9b0b1adcafba0fea37db,close_to_close,0.0068353943546306,{},,disabled,,,,,Ridge,20260929T234343_64086daf0740:price:5,price,5,2026-10-06,1주일,5.0,61.84999847412109,없음,,,61.84999847412109,57.67972350338436,66.02027344485782,0.772207563764292,simple,0.0401022138941409,0.0401431034585589,0.0,0.0,0.0,60.91999816894531,61.167999267578125,-0.011026664888735938,,,,,,,1.0,0.6819992065429616,,,scored,True,2026-10-07T05:38:17.158369+00:00
3,20260929T234343_64086daf0740,2026-09-29T23:44:06.169912+00:00,github-actions,823ac12bac50,2026-09-30,2026-09-29,f57b023f51bc5918f7c0,9b0b1adcafba0fea37db,close_to_close,0.0068353943546306,{},,disabled,,,,,Ridge,20260929T234343_64086daf0740:price:20,price,20,2026-10-27,1개월,20.0,61.84999847412109,없음,,,61.84999847412109,52.86987429850063,70.83012264974155,0.8077601410934744,simple,0.0768706895971894,0.0774290594630891,0.0,0.0,0.0,,,,,,,,,,,,,,pending,True,2026-09-29T23:44:06.422713+00:00
3,20260930T001124_a2a58179eb2c,2026-09-30T00:11:46.807341+00:00,github-actions,823ac12bac50,2026-09-30,2026-09-29,c3d56a895fe8a24da4d4,9b0b1adcafba0fea37db,close_to_close,0.0068408282667455,{},,disabled,하락,0.3592804698637841,0.2864392365006403,0.3542802936355755,Logistic,20260930T001124_a2a58179eb2c:direction:Logistic,direction,1,2026-09-30,,,,,,,,,,,,,,,,,60.81999969482422,60.097999572753906,-0.009395392986510376,0.0,1.0,,,,,,,1.023651942410746,0.6180834789635525,scored,False,2026-10-01T06:09:02.565843+00:00
3,20260930T001124_a2a58179eb2c,2026-09-30T00:11:46.807341+00:00,github-actions,823ac12bac50,2026-09-30,2026-09-29,c3d56a895fe8a24da4d4,9b0b1adcafba0fea37db,close_to_close,0.0068408282667455,{},,disabled,,,,,Ridge,20260930T001124_a2a58179eb2c:price:1,price,1,2026-09-30,1거래일,1.0,61.8849983215332,없음,,,61.8849983215332,60.148887039311575,63.62110960375483,0.7917398945518453,simple,0.0169468170583912,0.0169858639471142,0.0,0.0,0.0,60.81999969482422,60.097999572753906,-0.02887612179440746,,,,,,,0.0,1.7869987487792969,,,scored,False,2026-10-01T06:09:02.565843+00:00
3,20260930T001124_a2a58179eb2c,2026-09-30T00:11:46.807341+00:00,github-actions,823ac12bac50,2026-09-30,2026-09-29,c3d56a895fe8a24da4d4,9b0b1adcafba0fea37db,close_to_close,0.0068408282667455,{},,disabled,,,,,Ridge,20260930T001124_a2a58179eb2c:price:5,price,5,2026-10-06,1주일,5.0,61.8849983215332,없음,,,61.8849983215332,57.70904635760645,66.06095028545995,0.772207563764292,simple,0.0401017470096566,0.0401426365740745,0.0,0.0,0.0,60.91999816894531,61.167999267578125,-0.01158599132910687,,,,,,,1.0,0.7169990539550781,,,scored,False,2026-10-07T05:38:17.158369+00:00
3,20260930T001124_a2a58179eb2c,2026-09-30T00:11:46.807341+00:00,github-actions,823ac12bac50,2026-09-30,2026-09-29,c3d56a895fe8a24da4d4,9b0b1adcafba0fea37db,close_to_close,0.0068408282667455,{},,disabled,,,,,Ridge,20260930T001124_a2a58179eb2c:price:20,price,20,2026-10-27,1개월,20.0,61.8849983215332,없음,,,61.8849983215332,52.89264950745407,70.87734713561234,0.8077601410934744,simple,0.076870223520527,0.0774285933864267,0.0,0.0,0.0,,,,,,,,,,,,,,pending,False,2026-09-30T00:11:47.030096+00:00
3,20260930T003344_8ad033164e0b,2026-09-30T00:34:06.449719+00:00,github-actions,823ac12bac50,2026-09-30,2026-09-29,2310aebebe4bd0b1c9a2,9b0b1adcafba0fea37db,close_to_close,0.0068196927269967,{},,disabled,하락,0.357681364824491,0.287832084516971,0.354486550658538,Logistic,20260930T003344_8ad033164e0b:direction:Logistic,direction,1,2026-09-30,,,,,,,,,,,,,,,,,60.81999969482422,60.097999572753906,-0.009395392986510376,0.0,1.0,,,,,,,1.0281127312940348,0.6210812525689017,scored,False,2026-10-01T06:09:02.565843+00:00
3,20260930T003344_8ad033164e0b,2026-09-30T00:34:06.449719+00:00,github-actions,823ac12bac50,2026-09-30,2026-09-29,2310aebebe4bd0b1c9a2,9b0b1adcafba0fea37db,close_to_close,0.0068196927269967,{},,disabled,,,,,Ridge,20260930T003344_8ad033164e0b:price:1,price,1,2026-09-30,1거래일,1.0,61.7400016784668,없음,,,61.7400016784668,60.01330945893361,63.46669389799999,0.7917398945518453,simple,0.0169447358174926,0.0169837827062156,0.0,0.0,0.0,60.81999969482422,60.097999572753906,-0.02659543344789983,,,,,,,1.0,1.6420021057128906,,,scored,False,2026-10-01T06:09:02.565843+00:00
3,20260930T003344_8ad033164e0b,2026-09-30T00:34:06.449719+00:00,github-actions,823ac12bac50,2026-09-30,2026-09-29,2310aebebe4bd0b1c9a2,9b0b1adcafba0fea37db,close_to_close,0.0068196927269967,{},,disabled,,,,,Ridge,20260930T003344_8ad033164e0b:price:5,price,5,2026-10-06,1주일,5.0,61.7400016784668,없음,,,61.7400016784668,57.58670583902639,65.8932975179072,0.7713280562884784,simple,0.0401036812090298,0.0401445707734478,0.0,0.0,0.0,60.91999816894531,61.167999267578125,-0.009264697041434844,,,,,,,1.0,0.5720024108886719,,,scored,False,2026-10-07T05:38:17.158369+00:00
3,20260930T003344_8ad033164e0b,2026-09-30T00:34:06.449719+00:00,github-actions,823ac12bac50,2026-09-30,2026-09-29,2310aebebe4bd0b1c9a2,9b0b1adcafba0fea37db,close_to_close,0.0068196927269967,{},,disabled,,,,,Ridge,20260930T003344_8ad033164e0b:price:20,price,20,2026-10-27,1개월,20.0,61.7400016784668,없음,,,61.7400016784668,52.79643976996424,70.68356358696936,0.8077601410934744,simple,0.0768721543732723,0.077430524239172,0.0,0.0,0.0,,,,,,,,,,,,,,pending,False,2026-09-30T00:34:06.755961+00:00
3,20260930T004959_58c72841d3c7,2026-09-30T00:50:20.904912+00:00,github-actions,823ac12bac50,2026-09-30,2026-09-29,204d93b516dbfb10ed98,9b0b1adcafba0fea37db,close_to_close,0.0068177134151173,{},,disabled,하락,0.3570596651745052,0.2880416124327446,0.3548987223927502,Logistic,20260930T004959_58c72841d3c7:direction:Logistic,direction,1,2026-09-30,,,,,,,,,,,,,,,,,60.81999969482422,60.097999572753906,-0.009395392986510376,0.0,1.0,,,,,,,1.0298523818266996,0.6222933477943811,scored,False,2026-10-01T06:09:02.565843+00:00
3,20260930T004959_58c72841d3c7,2026-09-30T00:50:20.904912+00:00,github-actions,823ac12bac50,2026-09-30,2026-09-29,204d93b516dbfb10ed98,9b0b1adcafba0fea37db,close_to_close,0.0068177134151173,{},,disabled,,,,,Ridge,20260930T004959_58c72841d3c7:price:1,price,1,2026-09-30,1거래일,1.0,61.72499847412109,없음,,,61.72499847412109,59.99922687585458,63.450770072387606,0.7917398945518453,simple,0.0169445204657311,0.0169835673544541,0.0,0.0,0.0,60.81999969482422,60.097999572753906,-0.026358832589510994,,,,,,,1.0,1.6269989013671804,,,scored,False,2026-10-01T06:09:02.565843+00:00
3,20260930T004959_58c72841d3c7,2026-09-30T00:50:20.904912+00:00,github-actions,823ac12bac50,2026-09-30,2026-09-29,204d93b516dbfb10ed98,9b0b1adcafba0fea37db,close_to_close,0.0068177134151173,{},,disabled,,,,,Ridge,20260930T004959_58c72841d3c7:price:5,price,5,2026-10-06,1주일,5.0,61.72499847412109,없음,,,61.72499847412109,57.57391704928992,65.87607989895227,0.7713280562884784,simple,0.0401038813459974,0.0401447709104153,0.0,0.0,0.0,60.91999816894531,61.167999267578125,-0.009023883682662048,,,,,,,1.0,0.5569992065429616,,,scored,False,2026-10-07T05:38:17.158369+00:00
3,20260930T004959_58c72841d3c7,2026-09-30T00:50:20.904912+00:00,github-actions,823ac12bac50,2026-09-30,2026-09-29,204d93b516dbfb10ed98,9b0b1adcafba0fea37db,close_to_close,0.0068177134151173,{},,disabled,,,,,Ridge,20260930T004959_58c72841d3c7:price:20,price,20,2026-10-27,1개월,20.0,61.72499847412109,없음,,,61.72499847412109,52.78620500854058,70.66379193970161,0.8077601410934744,simple,0.0768723541639549,0.0774307240298546,0.0,0.0,0.0,,,,,,,,,,,,,,pending,False,2026-09-30T00:50:21.129930+00:00
3,20260930T013529_0e1c90111bf9,2026-09-30T01:35:48.177375+00:00,github-actions,823ac12bac50,2026-09-30,2026-09-29,79e707f59c417299a249,9b0b1adcafba0fea37db,close_to_close,0.0067852268857137,{},,disabled,하락,0.3538758815075773,0.2942486535208076,0.351875464971615,Logistic,20260930T013529_0e1c90111bf9:direction:Logistic,direction,1,2026-09-30,,,,,,,,,,,,,,,,,60.81999969482422,60.097999572753906,-0.009395392986510376,0.0,1.0,,,,,,,1.0388090445391813,0.6278749894454088,scored,False,2026-10-01T06:09:02.565843+00:00
3,20260930T013529_0e1c90111bf9,2026-09-30T01:35:48.177375+00:00,github-actions,823ac12bac50,2026-09-30,2026-09-29,79e707f59c417299a249,9b0b1adcafba0fea37db,close_to_close,0.0067852268857137,{},,disabled,,,,,Ridge,20260930T013529_0e1c90111bf9:price:1,price,1,2026-09-30,1거래일,1.0,61.40999984741211,없음,,,61.40999984741211,59.701216675329775,63.11878301949444,0.7917398945518453,simple,0.0169399990643312,0.0169790459530542,0.0,0.0,0.0,60.81999969482422,60.097999572753906,-0.02136460312519428,,,,,,,1.0,1.3120002746582031,,,scored,False,2026-10-01T06:09:02.565843+00:00
3,20260930T013529_0e1c90111bf9,2026-09-30T01:35:48.177375+00:00,github-actions,823ac12bac50,2026-09-30,2026-09-29,79e707f59c417299a249,9b0b1adcafba0fea37db,close_to_close,0.0067852268857137,{},,disabled,,,,,Ridge,20260930T013529_0e1c90111bf9:price:5,price,5,2026-10-06,1주일,5.0,61.40999984741211,없음,,,61.40999984741211,57.29978150112567,65.52021819369854,0.7713280562884784,simple,0.0401080833063564,0.0401489728707744,0.0,0.0,0.0,60.91999816894531,61.167999267578125,-0.003940735717884558,,,,,,,1.0,0.24200057983398438,,,scored,False,2026-10-07T05:38:17.158369+00:00
3,20260930T013529_0e1c90111bf9,2026-09-30T01:35:48.177375+00:00,github-actions,823ac12bac50,2026-09-30,2026-09-29,79e707f59c417299a249,9b0b1adcafba0fea37db,close_to_close,0.0067852268857137,{},,disabled,,,,,Ridge,20260930T013529_0e1c90111bf9:price:20,price,20,2026-10-27,1개월,20.0,61.40999984741211,없음,,,61.40999984741211,52.55919950509202,70.26080018973221,0.8077601410934744,simple,0.0768765488539165,0.0774349187198162,0.0,0.0,0.0,,,,,,,,,,,,,,pending,False,2026-09-30T01:35:48.555581+00:00
3,20260930T064150_77c123cc26bf,2026-09-30T06:42:10.291322+00:00,github-actions,823ac12bac50,2026-09-30,2026-09-29,6870b203be57bef2305f,9b0b1adcafba0fea37db,close_to_close,0.0067779076834422,{},,disabled,상승,0.3486237865948006,0.2973840645692349,0.3539921488359644,Logistic,20260930T064150_77c123cc26bf:direction:Logistic,direction,1,2026-09-30,,,,,,,,,,,,,,,,,60.81999969482422,60.097999572753906,-0.009395392986510376,0.0,0.0,,,,,,,1.0537619135861112,0.6380386946873183,scored,False,2026-10-01T06:09:02.565843+00:00
3,20260930T064150_77c123cc26bf,2026-09-30T06:42:10.291322+00:00,github-actions,823ac12bac50,2026-09-30,2026-09-29,6870b203be57bef2305f,9b0b1adcafba0fea37db,close_to_close,0.0067779076834422,{},,disabled,,,,,Ridge,20260930T064150_77c123cc26bf:price:1,price,1,2026-09-30,1거래일,1.0,60.667999267578125,없음,,,60.667999267578125,58.98168385214764,62.35431468300861,0.7917398945518453,simple,0.016943875098914,0.0169842420466496,0.0,0.0,0.0,60.81999969482422,60.097999572753906,-0.009395392986510376,,,,,,,1.0,0.5699996948242188,,,scored,False,2026-10-01T06:09:02.565843+00:00
3,20260930T064150_77c123cc26bf,2026-09-30T06:42:10.291322+00:00,github-actions,823ac12bac50,2026-09-30,2026-09-29,6870b203be57bef2305f,9b0b1adcafba0fea37db,close_to_close,0.0067779076834422,{},,disabled,,,,,Ridge,20260930T064150_77c123cc26bf:price:5,price,5,2026-10-06,1주일,5.0,60.667999267578125,없음,,,60.667999267578125,56.611823696934096,64.72417483822215,0.7713280562884784,simple,0.0401179813083111,0.0401588708727291,0.0,0.0,0.0,60.91999816894531,61.167999267578125,0.008241577207692918,,,,,,,1.0,-0.5,,,scored,False,2026-10-07T05:38:17.158369+00:00
3,20260930T064150_77c123cc26bf,2026-09-30T06:42:10.291322+00:00,github-actions,823ac12bac50,2026-09-30,2026-09-29,6870b203be57bef2305f,9b0b1adcafba0fea37db,close_to_close,0.0067779076834422,{},,disabled,,,,,Ridge,20260930T064150_77c123cc26bf:price:20,price,20,2026-10-27,1개월,20.0,60.667999267578125,없음,,,60.667999267578125,51.93357274700108,69.40242578815517,0.8077601410934744,simple,0.0768864297299579,0.0774447995958576,0.0,0.0,0.0,,,,,,,,,,,,,,pending,False,2026-09-30T06:42:10.574491+00:00
3,20260930T065231_4cc9a838ec98,2026-09-30T06:52:49.336502+00:00,github-actions,823ac12bac50,2026-09-30,2026-09-29,6870b203be57bef2305f,9b0b1adcafba0fea37db,close_to_close,0.0067779076834422,{},,disabled,상승,0.3486238106908857,0.2973840728990095,0.3539921164101046,Logistic,20260930T065231_4cc9a838ec98:direction:Logistic,direction,1,2026-09-30,,,,,,,,,,,,,,,,,60.81999969482422,60.097999572753906,-0.009395392986510376,0.0,0.0,,,,,,,1.0537618444683825,0.6380386452933715,scored,False,2026-10-01T06:09:02.565843+00:00
3,20260930T065231_4cc9a838ec98,2026-09-30T06:52:49.336502+00:00,github-actions,823ac12bac50,2026-09-30,2026-09-29,6870b203be57bef2305f,9b0b1adcafba0fea37db,close_to_close,0.0067779076834422,{},,disabled,,,,,Ridge,20260930T065231_4cc9a838ec98:price:1,price,1,2026-09-30,1거래일,1.0,60.667999267578125,없음,,,60.667999267578125,58.98168385214764,62.35431468300861,0.7917398945518453,simple,0.0169438751010263,0.0169842420466496,0.0,0.0,0.0,60.81999969482422,60.097999572753906,-0.009395392986510376,,,,,,,1.0,0.5699996948242188,,,scored,False,2026-10-01T06:09:02.565843+00:00
3,20260930T065231_4cc9a838ec98,2026-09-30T06:52:49.336502+00:00,github-actions,823ac12bac50,2026-09-30,2026-09-29,6870b203be57bef2305f,9b0b1adcafba0fea37db,close_to_close,0.0067779076834422,{},,disabled,,,,,Ridge,20260930T065231_4cc9a838ec98:price:5,price,5,2026-10-06,1주일,5.0,60.667999267578125,없음,,,60.667999267578125,56.611823696934096,64.72417483822215,0.7713280562884784,simple,0.0401179813190727,0.0401588708727291,0.0,0.0,0.0,60.91999816894531,61.167999267578125,0.008241577207692918,,,,,,,1.0,-0.5,,,scored,False,2026-10-07T05:38:17.158369+00:00
3,20260930T065231_4cc9a838ec98,2026-09-30T06:52:49.336502+00:00,github-actions,823ac12bac50,2026-09-30,2026-09-29,6870b203be57bef2305f,9b0b1adcafba0fea37db,close_to_close,0.0067779076834422,{},,disabled,,,,,Ridge,20260930T065231_4cc9a838ec98:price:20,price,20,2026-10-27,1개월,20.0,60.667999267578125,없음,,,60.667999267578125,51.93357274700108,69.40242578815517,0.8077601410934744,simple,0.0768864296303596,0.0774447995958576,0.0,0.0,0.0,,,,,,,,,,,,,,pending,False,2026-09-30T06:52:50.024913+00:00
3,20260930T071548_71b4e984e72f,2026-09-30T07:16:11.276819+00:00,github-actions,823ac12bac50,2026-09-30,2026-09-29,6870b203be57bef2305f,9b0b1adcafba0fea37db,close_to_close,0.0067779076834422,{},,disabled,상승,0.3486237865948006,0.2973840645692349,0.3539921488359644,Logistic,20260930T071548_71b4e984e72f:direction:Logistic,direction,1,2026-09-30,,,,,,,,,,,,,,,,,60.81999969482422,60.097999572753906,-0.009395392986510376,0.0,0.0,,,,,,,1.0537619135861112,0.6380386946873183,scored,False,2026-10-01T06:09:02.565843+00:00
3,20260930T071548_71b4e984e72f,2026-09-30T07:16:11.276819+00:00,github-actions,823ac12bac50,2026-09-30,2026-09-29,6870b203be57bef2305f,9b0b1adcafba0fea37db,close_to_close,0.0067779076834422,{},,disabled,,,,,Ridge,20260930T071548_71b4e984e72f:price:1,price,1,2026-09-30,1거래일,1.0,60.667999267578125,없음,,,60.667999267578125,58.98168385214764,62.35431468300861,0.7917398945518453,simple,0.016943875098914,0.0169842420466496,0.0,0.0,0.0,60.81999969482422,60.097999572753906,-0.009395392986510376,,,,,,,1.0,0.5699996948242188,,,scored,False,2026-10-01T06:09:02.565843+00:00
3,20260930T071548_71b4e984e72f,2026-09-30T07:16:11.276819+00:00,github-actions,823ac12bac50,2026-09-30,2026-09-29,6870b203be57bef2305f,9b0b1adcafba0fea37db,close_to_close,0.0067779076834422,{},,disabled,,,,,Ridge,20260930T071548_71b4e984e72f:price:5,price,5,2026-10-06,1주일,5.0,60.667999267578125,없음,,,60.667999267578125,56.611823696934096,64.72417483822215,0.7713280562884784,simple,0.0401179813083111,0.0401588708727291,0.0,0.0,0.0,60.91999816894531,61.167999267578125,0.008241577207692918,,,,,,,1.0,-0.5,,,scored,False,2026-10-07T05:38:17.158369+00:00
3,20260930T071548_71b4e984e72f,2026-09-30T07:16:11.276819+00:00,github-actions,823ac12bac50,2026-09-30,2026-09-29,6870b203be57bef2305f,9b0b1adcafba0fea37db,close_to_close,0.0067779076834422,{},,disabled,,,,,Ridge,20260930T071548_71b4e984e72f:price:20,price,20,2026-10-27,1개월,20.0,60.667999267578125,없음,,,60.667999267578125,51.93357274700108,69.40242578815517,0.8077601410934744,simple,0.0768864297299579,0.0774447995958576,0.0,0.0,0.0,,,,,,,,,,,,,,pending,False,2026-09-30T07:16:11.808298+00:00
3,20260930T074901_380721964855,2026-09-30T07:49:22.949545+00:00,github-actions,823ac12bac50,2026-09-30,2026-09-29,6870b203be57bef2305f,9b0b1adcafba0fea37db,close_to_close,0.0067779076834422,{},,disabled,상승,0.3486237865948006,0.2973840645692349,0.3539921488359644,Logistic,20260930T074901_380721964855:direction:Logistic,direction,1,2026-09-30,,,,,,,,,,,,,,,,,60.81999969482422,60.097999572753906,-0.009395392986510376,0.0,0.0,,,,,,,1.0537619135861112,0.6380386946873183,scored,False,2026-10-01T06:09:02.565843+00:00
3,20260930T074901_380721964855,2026-09-30T07:49:22.949545+00:00,github-actions,823ac12bac50,2026-09-30,2026-09-29,6870b203be57bef2305f,9b0b1adcafba0fea37db,close_to_close,0.0067779076834422,{},,disabled,,,,,Ridge,20260930T074901_380721964855:price:1,price,1,2026-09-30,1거래일,1.0,60.667999267578125,없음,,,60.667999267578125,58.98168385214764,62.35431468300861,0.7917398945518453,simple,0.016943875098914,0.0169842420466496,0.0,0.0,0.0,60.81999969482422,60.097999572753906,-0.009395392986510376,,,,,,,1.0,0.5699996948242188,,,scored,False,2026-10-01T06:09:02.565843+00:00
3,20260930T074901_380721964855,2026-09-30T07:49:22.949545+00:00,github-actions,823ac12bac50,2026-09-30,2026-09-29,6870b203be57bef2305f,9b0b1adcafba0fea37db,close_to_close,0.0067779076834422,{},,disabled,,,,,Ridge,20260930T074901_380721964855:price:5,price,5,2026-10-06,1주일,5.0,60.667999267578125,없음,,,60.667999267578125,56.611823696934096,64.72417483822215,0.7713280562884784,simple,0.0401179813083111,0.0401588708727291,0.0,0.0,0.0,60.91999816894531,61.167999267578125,0.008241577207692918,,,,,,,1.0,-0.5,,,scored,False,2026-10-07T05:38:17.158369+00:00
3,20260930T074901_380721964855,2026-09-30T07:49:22.949545+00:00,github-actions,823ac12bac50,2026-09-30,2026-09-29,6870b203be57bef2305f,9b0b1adcafba0fea37db,close_to_close,0.0067779076834422,{},,disabled,,,,,Ridge,20260930T074901_380721964855:price:20,price,20,2026-10-27,1개월,20.0,60.667999267578125,없음,,,60.667999267578125,51.93357274700108,69.40242578815517,0.8077601410934744,simple,0.0768864297299579,0.0774447995958576,0.0,0.0,0.0,,,,,,,,,,,,,,pending,False,2026-09-30T07:49:23.343354+00:00
3,20260930T085940_7d16f804b486,2026-09-30T08:59:58.169202+00:00,github-actions,823ac12bac50,2026-09-30,2026-09-29,6870b203be57bef2305f,9b0b1adcafba0fea37db,close_to_close,0.0067779076834422,{},,disabled,상승,0.3486238106908857,0.2973840728990095,0.3539921164101046,Logistic,20260930T085940_7d16f804b486:direction:Logistic,direction,1,2026-09-30,,,,,,,,,,,,,,,,,60.81999969482422,60.097999572753906,-0.009395392986510376,0.0,0.0,,,,,,,1.0537618444683825,0.6380386452933715,scored,False,2026-10-01T06:09:02.565843+00:00
3,20260930T085940_7d16f804b486,2026-09-30T08:59:58.169202+00:00,github-actions,823ac12bac50,2026-09-30,2026-09-29,6870b203be57bef2305f,9b0b1adcafba0fea37db,close_to_close,0.0067779076834422,{},,disabled,,,,,Ridge,20260930T085940_7d16f804b486:price:1,price,1,2026-09-30,1거래일,1.0,60.667999267578125,없음,,,60.667999267578125,58.98168385214764,62.35431468300861,0.7917398945518453,simple,0.0169438751016376,0.0169842420466496,0.0,0.0,0.0,60.81999969482422,60.097999572753906,-0.009395392986510376,,,,,,,1.0,0.5699996948242188,,,scored,False,2026-10-01T06:09:02.565843+00:00
3,20260930T085940_7d16f804b486,2026-09-30T08:59:58.169202+00:00,github-actions,823ac12bac50,2026-09-30,2026-09-29,6870b203be57bef2305f,9b0b1adcafba0fea37db,close_to_close,0.0067779076834422,{},,disabled,,,,,Ridge,20260930T085940_7d16f804b486:price:5,price,5,2026-10-06,1주일,5.0,60.667999267578125,없음,,,60.667999267578125,56.611823696934096,64.72417483822215,0.7713280562884784,simple,0.0401179813471119,0.0401588708727291,0.0,0.0,0.0,60.91999816894531,61.167999267578125,0.008241577207692918,,,,,,,1.0,-0.5,,,scored,False,2026-10-07T05:38:17.158369+00:00
3,20260930T085940_7d16f804b486,2026-09-30T08:59:58.169202+00:00,github-actions,823ac12bac50,2026-09-30,2026-09-29,6870b203be57bef2305f,9b0b1adcafba0fea37db,close_to_close,0.0067779076834422,{},,disabled,,,,,Ridge,20260930T085940_7d16f804b486:price:20,price,20,2026-10-27,1개월,20.0,60.667999267578125,없음,,,60.667999267578125,51.93357274700108,69.40242578815517,0.8077601410934744,simple,0.0768864296491202,0.0774447995958576,0.0,0.0,0.0,,,,,,,,,,,,,,pending,False,2026-09-30T08:59:58.656489+00:00
3,20260930T091554_c3fa14681b98,2026-09-30T09:16:15.953305+00:00,github-actions,823ac12bac50,2026-09-30,2026-09-29,6870b203be57bef2305f,9b0b1adcafba0fea37db,close_to_close,0.0067779076834422,{},,disabled,상승,0.3486237865948006,0.2973840645692349,0.3539921488359644,Logistic,20260930T091554_c3fa14681b98:direction:Logistic,direction,1,2026-09-30,,,,,,,,,,,,,,,,,60.81999969482422,60.097999572753906,-0.009395392986510376,0.0,0.0,,,,,,,1.0537619135861112,0.6380386946873183,scored,False,2026-10-01T06:09:02.565843+00:00
3,20260930T091554_c3fa14681b98,2026-09-30T09:16:15.953305+00:00,github-actions,823ac12bac50,2026-09-30,2026-09-29,6870b203be57bef2305f,9b0b1adcafba0fea37db,close_to_close,0.0067779076834422,{},,disabled,,,,,Ridge,20260930T091554_c3fa14681b98:price:1,price,1,2026-09-30,1거래일,1.0,60.667999267578125,없음,,,60.667999267578125,58.98168385214764,62.35431468300861,0.7917398945518453,simple,0.016943875098914,0.0169842420466496,0.0,0.0,0.0,60.81999969482422,60.097999572753906,-0.009395392986510376,,,,,,,1.0,0.5699996948242188,,,scored,False,2026-10-01T06:09:02.565843+00:00
3,20260930T091554_c3fa14681b98,2026-09-30T09:16:15.953305+00:00,github-actions,823ac12bac50,2026-09-30,2026-09-29,6870b203be57bef2305f,9b0b1adcafba0fea37db,close_to_close,0.0067779076834422,{},,disabled,,,,,Ridge,20260930T091554_c3fa14681b98:price:5,price,5,2026-10-06,1주일,5.0,60.667999267578125,없음,,,60.667999267578125,56.611823696934096,64.72417483822215,0.7713280562884784,simple,0.0401179813083111,0.0401588708727291,0.0,0.0,0.0,60.91999816894531,61.167999267578125,0.008241577207692918,,,,,,,1.0,-0.5,,,scored,False,2026-10-07T05:38:17.158369+00:00
3,20260930T091554_c3fa14681b98,2026-09-30T09:16:15.953305+00:00,github-actions,823ac12bac50,2026-09-30,2026-09-29,6870b203be57bef2305f,9b0b1adcafba0fea37db,close_to_close,0.0067779076834422,{},,disabled,,,,,Ridge,20260930T091554_c3fa14681b98:price:20,price,20,2026-10-27,1개월,20.0,60.667999267578125,없음,,,60.667999267578125,51.93357274700108,69.40242578815517,0.8077601410934744,simple,0.0768864297299579,0.0774447995958576,0.0,0.0,0.0,,,,,,,,,,,,,,pending,False,2026-09-30T09:16:16.364208+00:00
3,20260930T093811_c342f3ab3362,2026-09-30T09:38:29.893169+00:00,github-actions,823ac12bac50,2026-09-30,2026-09-29,6870b203be57bef2305f,9b0b1adcafba0fea37db,close_to_close,0.0067779076834422,{},,disabled,상승,0.3486237865948006,0.2973840645692349,0.3539921488359644,Logistic,20260930T093811_c342f3ab3362:direction:Logistic,direction,1,2026-09-30,,,,,,,,,,,,,,,,,60.81999969482422,60.097999572753906,-0.009395392986510376,0.0,0.0,,,,,,,1.0537619135861112,0.6380386946873183,scored,False,2026-10-01T06:09:02.565843+00:00
3,20260930T093811_c342f3ab3362,2026-09-30T09:38:29.893169+00:00,github-actions,823ac12bac50,2026-09-30,2026-09-29,6870b203be57bef2305f,9b0b1adcafba0fea37db,close_to_close,0.0067779076834422,{},,disabled,,,,,Ridge,20260930T093811_c342f3ab3362:price:1,price,1,2026-09-30,1거래일,1.0,60.667999267578125,없음,,,60.667999267578125,58.98168385214764,62.35431468300861,0.7917398945518453,simple,0.016943875098914,0.0169842420466496,0.0,0.0,0.0,60.81999969482422,60.097999572753906,-0.009395392986510376,,,,,,,1.0,0.5699996948242188,,,scored,False,2026-10-01T06:09:02.565843+00:00
3,20260930T093811_c342f3ab3362,2026-09-30T09:38:29.893169+00:00,github-actions,823ac12bac50,2026-09-30,2026-09-29,6870b203be57bef2305f,9b0b1adcafba0fea37db,close_to_close,0.0067779076834422,{},,disabled,,,,,Ridge,20260930T093811_c342f3ab3362:price:5,price,5,2026-10-06,1주일,5.0,60.667999267578125,없음,,,60.667999267578125,56.611823696934096,64.72417483822215,0.7713280562884784,simple,0.0401179813083111,0.0401588708727291,0.0,0.0,0.0,60.91999816894531,61.167999267578125,0.008241577207692918,,,,,,,1.0,-0.5,,,scored,False,2026-10-07T05:38:17.158369+00:00
3,20260930T093811_c342f3ab3362,2026-09-30T09:38:29.893169+00:00,github-actions,823ac12bac50,2026-09-30,2026-09-29,6870b203be57bef2305f,9b0b1adcafba0fea37db,close_to_close,0.0067779076834422,{},,disabled,,,,,Ridge,20260930T093811_c342f3ab3362:price:20,price,20,2026-10-27,1개월,20.0,60.667999267578125,없음,,,60.667999267578125,51.93357274700108,69.40242578815517,0.8077601410934744,simple,0.0768864297299579,0.0774447995958576,0.0,0.0,0.0,,,,,,,,,,,,,,pending,False,2026-09-30T09:38:30.252910+00:00
3,20260930T100907_1b57b38b125c,2026-09-30T10:09:28.387250+00:00,github-actions,823ac12bac50,2026-09-30,2026-09-29,6870b203be57bef2305f,9b0b1adcafba0fea37db,close_to_close,0.0067779076834422,{},,disabled,상승,0.3486237865948006,0.2973840645692349,0.3539921488359644,Logistic,20260930T100907_1b57b38b125c:direction:Logistic,direction,1,2026-09-30,,,,,,,,,,,,,,,,,60.81999969482422,60.097999572753906,-0.009395392986510376,0.0,0.0,,,,,,,1.0537619135861112,0.6380386946873183,scored,False,2026-10-01T06:09:02.565843+00:00
3,20260930T100907_1b57b38b125c,2026-09-30T10:09:28.387250+00:00,github-actions,823ac12bac50,2026-09-30,2026-09-29,6870b203be57bef2305f,9b0b1adcafba0fea37db,close_to_close,0.0067779076834422,{},,disabled,,,,,Ridge,20260930T100907_1b57b38b125c:price:1,price,1,2026-09-30,1거래일,1.0,60.667999267578125,없음,,,60.667999267578125,58.98168385214764,62.35431468300861,0.7917398945518453,simple,0.016943875098914,0.0169842420466496,0.0,0.0,0.0,60.81999969482422,60.097999572753906,-0.009395392986510376,,,,,,,1.0,0.5699996948242188,,,scored,False,2026-10-01T06:09:02.565843+00:00
3,20260930T100907_1b57b38b125c,2026-09-30T10:09:28.387250+00:00,github-actions,823ac12bac50,2026-09-30,2026-09-29,6870b203be57bef2305f,9b0b1adcafba0fea37db,close_to_close,0.0067779076834422,{},,disabled,,,,,Ridge,20260930T100907_1b57b38b125c:price:5,price,5,2026-10-06,1주일,5.0,60.667999267578125,없음,,,60.667999267578125,56.611823696934096,64.72417483822215,0.7713280562884784,simple,0.0401179813083111,0.0401588708727291,0.0,0.0,0.0,60.91999816894531,61.167999267578125,0.008241577207692918,,,,,,,1.0,-0.5,,,scored,False,2026-10-07T05:38:17.158369+00:00
3,20260930T100907_1b57b38b125c,2026-09-30T10:09:28.387250+00:00,github-actions,823ac12bac50,2026-09-30,2026-09-29,6870b203be57bef2305f,9b0b1adcafba0fea37db,close_to_close,0.0067779076834422,{},,disabled,,,,,Ridge,20260930T100907_1b57b38b125c:price:20,price,20,2026-10-27,1개월,20.0,60.667999267578125,없음,,,60.667999267578125,51.93357274700108,69.40242578815517,0.8077601410934744,simple,0.0768864297299579,0.0774447995958576,0.0,0.0,0.0,,,,,,,,,,,,,,pending,False,2026-09-30T10:09:28.670324+00:00
3,20260930T102424_683277a1c944,2026-09-30T10:24:41.415159+00:00,github-actions,823ac12bac50,2026-09-30,2026-09-29,6870b203be57bef2305f,9b0b1adcafba0fea37db,close_to_close,0.0067779076834422,{},,disabled,상승,0.3486238106908857,0.2973840728990095,0.3539921164101046,Logistic,20260930T102424_683277a1c944:direction:Logistic,direction,1,2026-09-30,,,,,,,,,,,,,,,,,60.81999969482422,60.097999572753906,-0.009395392986510376,0.0,0.0,,,,,,,1.0537618444683825,0.6380386452933715,scored,False,2026-10-01T06:09:02.565843+00:00
3,20260930T102424_683277a1c944,2026-09-30T10:24:41.415159+00:00,github-actions,823ac12bac50,2026-09-30,2026-09-29,6870b203be57bef2305f,9b0b1adcafba0fea37db,close_to_close,0.0067779076834422,{},,disabled,,,,,Ridge,20260930T102424_683277a1c944:price:1,price,1,2026-09-30,1거래일,1.0,60.667999267578125,없음,,,60.667999267578125,58.98168385214764,62.35431468300861,0.7917398945518453,simple,0.0169438751016376,0.0169842420466496,0.0,0.0,0.0,60.81999969482422,60.097999572753906,-0.009395392986510376,,,,,,,1.0,0.5699996948242188,,,scored,False,2026-10-01T06:09:02.565843+00:00
3,20260930T102424_683277a1c944,2026-09-30T10:24:41.415159+00:00,github-actions,823ac12bac50,2026-09-30,2026-09-29,6870b203be57bef2305f,9b0b1adcafba0fea37db,close_to_close,0.0067779076834422,{},,disabled,,,,,Ridge,20260930T102424_683277a1c944:price:5,price,5,2026-10-06,1주일,5.0,60.667999267578125,없음,,,60.667999267578125,56.611823696934096,64.72417483822215,0.7713280562884784,simple,0.0401179813471119,0.0401588708727291,0.0,0.0,0.0,60.91999816894531,61.167999267578125,0.008241577207692918,,,,,,,1.0,-0.5,,,scored,False,2026-10-07T05:38:17.158369+00:00
3,20260930T102424_683277a1c944,2026-09-30T10:24:41.415159+00:00,github-actions,823ac12bac50,2026-09-30,2026-09-29,6870b203be57bef2305f,9b0b1adcafba0fea37db,close_to_close,0.0067779076834422,{},,disabled,,,,,Ridge,20260930T102424_683277a1c944:price:20,price,20,2026-10-27,1개월,20.0,60.667999267578125,없음,,,60.667999267578125,51.93357274700108,69.40242578815517,0.8077601410934744,simple,0.0768864296491202,0.0774447995958576,0.0,0.0,0.0,,,,,,,,,,,,,,pending,False,2026-09-30T10:24:41.870727+00:00
3,20261001T001510_4203b04551ea,2026-10-01T00:15:33.322792+00:00,github-actions,823ac12bac50,2026-10-01,2026-09-30,8b164d55c73a3d96fd99,9b0b1adcafba0fea37db,close_to_close,0.006628390767116,{},,disabled,상승,0.336250947292538,0.3018845908381579,0.3618644618693041,Logistic,20261001T001510_4203b04551ea:direction:Logistic,direction,1,2026-10-01,,,,,,,,,,,,,,,,,61.04999923706055,60.724998474121094,0.010432941292965126,2.0,1.0,,,,,,,1.0164855519927396,0.6114159707660041,scored,False,2026-10-02T05:52:38.636960+00:00
3,20261001T001510_4203b04551ea,2026-10-01T00:15:33.322792+00:00,github-actions,823ac12bac50,2026-10-01,2026-09-30,8b164d55c73a3d96fd99,9b0b1adcafba0fea37db,close_to_close,0.006628390767116,{},,disabled,,,,,Ridge,20261001T001510_4203b04551ea:price:1,price,1,2026-10-01,1거래일,1.0,60.55500030517578,없음,,,60.55500030517578,58.90895569032439,62.20104492002718,0.7917398945518453,simple,0.0169381934662434,0.0169779173895576,0.0,0.0,0.0,61.04999923706055,60.724998474121094,0.002807334953159657,,,,,,,1.0,-0.1699981689453125,,,scored,False,2026-10-02T05:52:38.636960+00:00
3,20261001T001510_4203b04551ea,2026-10-01T00:15:33.322792+00:00,github-actions,823ac12bac50,2026-10-01,2026-09-30,8b164d55c73a3d96fd99,9b0b1adcafba0fea37db,close_to_close,0.006628390767116,{},,disabled,,,,,Ridge,20261001T001510_4203b04551ea:price:5,price,5,2026-10-07,1주일,5.0,60.55500030517578,없음,,,60.55500030517578,56.59569002795463,64.51431058239694,0.7713280562884784,simple,0.0401606885054399,0.0402028187889179,0.0,0.0,0.0,,,,,,,,,,,,,,missing_actual,False,2026-10-07T13:37:04.439590+00:00
3,20261001T001510_4203b04551ea,2026-10-01T00:15:33.322792+00:00,github-actions,823ac12bac50,2026-10-01,2026-09-30,8b164d55c73a3d96fd99,9b0b1adcafba0fea37db,close_to_close,0.006628390767116,{},,disabled,,,,,Ridge,20261001T001510_4203b04551ea:price:20,price,20,2026-10-28,1개월,20.0,60.55500030517578,없음,,,60.55500030517578,52.02916011747828,69.08084049287329,0.8077601410934744,simple,0.0768964107392243,0.0774415240377143,0.0,0.0,0.0,,,,,,,,,,,,,,pending,False,2026-10-01T00:15:33.603778+00:00
3,20261001T003710_0508ba91b2c8,2026-10-01T00:37:31.124465+00:00,github-actions,823ac12bac50,2026-10-01,2026-09-30,26b51f7cb73f132c379e,9b0b1adcafba0fea37db,close_to_close,0.0066279283542265,{},,disabled,상승,0.3341984396882735,0.3035912701167765,0.36221029019495,Logistic,20261001T003710_0508ba91b2c8:direction:Logistic,direction,1,2026-10-01,,,,,,,,,,,,,,,,,61.04999923706055,60.724998474121094,0.010432941292965126,2.0,1.0,,,,,,,1.0155303236797617,0.6106319703144041,scored,False,2026-10-02T05:52:38.636960+00:00
3,20261001T003710_0508ba91b2c8,2026-10-01T00:37:31.124465+00:00,github-actions,823ac12bac50,2026-10-01,2026-09-30,26b51f7cb73f132c379e,9b0b1adcafba0fea37db,close_to_close,0.0066279283542265,{},,disabled,,,,,Ridge,20261001T003710_0508ba91b2c8:price:1,price,1,2026-10-01,1거래일,1.0,60.5,없음,,,60.5,58.85556516633387,62.14443483366613,0.7917398945518453,simple,0.0169389901081794,0.0169787140314935,0.0,0.0,0.0,61.04999923706055,60.724998474121094,0.0037189830433239646,,,,,,,1.0,-0.22499847412109375,,,scored,False,2026-10-02T05:52:38.636960+00:00
3,20261001T003710_0508ba91b2c8,2026-10-01T00:37:31.124465+00:00,github-actions,823ac12bac50,2026-10-01,2026-09-30,26b51f7cb73f132c379e,9b0b1adcafba0fea37db,close_to_close,0.0066279283542265,{},,disabled,,,,,Ridge,20261001T003710_0508ba91b2c8:price:5,price,5,2026-10-07,1주일,5.0,60.5,없음,,,60.5,56.5445618068848,64.4554381931152,0.7713280562884784,simple,0.0401614398517281,0.0402035701352061,0.0,0.0,0.0,,,,,,,,,,,,,,missing_actual,False,2026-10-07T13:37:04.439590+00:00
3,20261001T003710_0508ba91b2c8,2026-10-01T00:37:31.124465+00:00,github-actions,823ac12bac50,2026-10-01,2026-09-30,26b51f7cb73f132c379e,9b0b1adcafba0fea37db,close_to_close,0.0066279283542265,{},,disabled,,,,,Ridge,20261001T003710_0508ba91b2c8:price:20,price,20,2026-10-28,1개월,20.0,60.5,없음,,,60.5,51.982497822705625,69.01750217729438,0.8077601410934744,simple,0.076897161321938,0.0774422746204279,0.0,0.0,0.0,,,,,,,,,,,,,,pending,False,2026-10-01T00:37:31.371032+00:00
3,20261001T123247_a75f972db407,2026-10-01T12:33:09.447864+00:00,github-actions,823ac12bac50,2026-10-01,2026-09-30,00400020ccb4e9195928,9b0b1adcafba0fea37db,close_to_close,0.0066414790822553,{},,disabled,상승,0.3353438745897439,0.2997950205118544,0.3648611048984017,Logistic,20261001T123247_a75f972db407:direction:Logistic,direction,1,2026-10-01,,,,,,,,,,,,,,,,,61.04999923706055,60.724998474121094,0.010432941292965126,2.0,1.0,,,,,,,1.008238532346208,0.6057339846194443,scored,False,2026-10-02T05:52:38.636960+00:00
3,20261001T123247_a75f972db407,2026-10-01T12:33:09.447864+00:00,github-actions,823ac12bac50,2026-10-01,2026-09-30,00400020ccb4e9195928,9b0b1adcafba0fea37db,close_to_close,0.0066414790822553,{},,disabled,,,,,Ridge,20261001T123247_a75f972db407:price:1,price,1,2026-10-01,1거래일,1.0,60.09799957275391,없음,,,60.09799957275391,58.46115171878173,61.73484742672609,0.7917398945518453,simple,0.0169448128103914,0.0169845367337056,0.0,0.0,0.0,61.04999923706055,60.724998474121094,0.010432941292965126,,,,,,,1.0,-0.6269989013671804,,,scored,False,2026-10-02T05:52:38.636960+00:00
3,20261001T123247_a75f972db407,2026-10-01T12:33:09.447864+00:00,github-actions,823ac12bac50,2026-10-01,2026-09-30,00400020ccb4e9195928,9b0b1adcafba0fea37db,close_to_close,0.0066414790822553,{},,disabled,,,,,Ridge,20261001T123247_a75f972db407:price:5,price,5,2026-10-07,1주일,5.0,60.09799957275391,없음,,,60.09799957275391,56.16081070678593,64.03518843872189,0.7704485488126649,simple,0.0401669314854186,0.0402090617688966,0.0,0.0,0.0,,,,,,,,,,,,,,missing_actual,False,2026-10-07T13:37:04.439590+00:00
3,20261001T123247_a75f972db407,2026-10-01T12:33:09.447864+00:00,github-actions,823ac12bac50,2026-10-01,2026-09-30,00400020ccb4e9195928,9b0b1adcafba0fea37db,close_to_close,0.0066414790822553,{},,disabled,,,,,Ridge,20261001T123247_a75f972db407:price:20,price,20,2026-10-28,1개월,20.0,60.09799957275391,없음,,,60.09799957275391,51.61979485786994,68.57620428763786,0.8077601410934744,simple,0.076902647374617,0.077447760673107,0.0,0.0,0.0,,,,,,,,,,,,,,pending,False,2026-10-01T12:33:09.954521+00:00
3,20261001T124352_cef27afe845c,2026-10-01T12:44:14.697373+00:00,github-actions,823ac12bac50,2026-10-01,2026-09-30,00400020ccb4e9195928,9b0b1adcafba0fea37db,close_to_close,0.0066414790822553,{},,disabled,상승,0.3353438745897439,0.2997950205118544,0.3648611048984017,Logistic,20261001T124352_cef27afe845c:direction:Logistic,direction,1,2026-10-01,,,,,,,,,,,,,,,,,61.04999923706055,60.724998474121094,0.010432941292965126,2.0,1.0,,,,,,,1.008238532346208,0.6057339846194443,scored,False,2026-10-02T05:52:38.636960+00:00
3,20261001T124352_cef27afe845c,2026-10-01T12:44:14.697373+00:00,github-actions,823ac12bac50,2026-10-01,2026-09-30,00400020ccb4e9195928,9b0b1adcafba0fea37db,close_to_close,0.0066414790822553,{},,disabled,,,,,Ridge,20261001T124352_cef27afe845c:price:1,price,1,2026-10-01,1거래일,1.0,60.09799957275391,없음,,,60.09799957275391,58.46115171878173,61.73484742672609,0.7917398945518453,simple,0.0169448128103914,0.0169845367337056,0.0,0.0,0.0,61.04999923706055,60.724998474121094,0.010432941292965126,,,,,,,1.0,-0.6269989013671804,,,scored,False,2026-10-02T05:52:38.636960+00:00
3,20261001T124352_cef27afe845c,2026-10-01T12:44:14.697373+00:00,github-actions,823ac12bac50,2026-10-01,2026-09-30,00400020ccb4e9195928,9b0b1adcafba0fea37db,close_to_close,0.0066414790822553,{},,disabled,,,,,Ridge,20261001T124352_cef27afe845c:price:5,price,5,2026-10-07,1주일,5.0,60.09799957275391,없음,,,60.09799957275391,56.16081070678593,64.03518843872189,0.7704485488126649,simple,0.0401669314854186,0.0402090617688966,0.0,0.0,0.0,,,,,,,,,,,,,,missing_actual,False,2026-10-07T13:37:04.439590+00:00
3,20261001T124352_cef27afe845c,2026-10-01T12:44:14.697373+00:00,github-actions,823ac12bac50,2026-10-01,2026-09-30,00400020ccb4e9195928,9b0b1adcafba0fea37db,close_to_close,0.0066414790822553,{},,disabled,,,,,Ridge,20261001T124352_cef27afe845c:price:20,price,20,2026-10-28,1개월,20.0,60.09799957275391,없음,,,60.09799957275391,51.61979485786994,68.57620428763786,0.8077601410934744,simple,0.076902647374617,0.077447760673107,0.0,0.0,0.0,,,,,,,,,,,,,,pending,False,2026-10-01T12:44:15.205975+00:00
3,20261001T130005_d057559b8cb2,2026-10-01T13:00:28.959047+00:00,github-actions,823ac12bac50,2026-10-01,2026-09-30,00400020ccb4e9195928,9b0b1adcafba0fea37db,close_to_close,0.0066414790822553,{},,disabled,상승,0.3353438745897439,0.2997950205118544,0.3648611048984017,Logistic,20261001T130005_d057559b8cb2:direction:Logistic,direction,1,2026-10-01,,,,,,,,,,,,,,,,,61.04999923706055,60.724998474121094,0.010432941292965126,2.0,1.0,,,,,,,1.008238532346208,0.6057339846194443,scored,False,2026-10-02T05:52:38.636960+00:00
3,20261001T130005_d057559b8cb2,2026-10-01T13:00:28.959047+00:00,github-actions,823ac12bac50,2026-10-01,2026-09-30,00400020ccb4e9195928,9b0b1adcafba0fea37db,close_to_close,0.0066414790822553,{},,disabled,,,,,Ridge,20261001T130005_d057559b8cb2:price:1,price,1,2026-10-01,1거래일,1.0,60.09799957275391,없음,,,60.09799957275391,58.46115171878173,61.73484742672609,0.7917398945518453,simple,0.0169448128103914,0.0169845367337056,0.0,0.0,0.0,61.04999923706055,60.724998474121094,0.010432941292965126,,,,,,,1.0,-0.6269989013671804,,,scored,False,2026-10-02T05:52:38.636960+00:00
3,20261001T130005_d057559b8cb2,2026-10-01T13:00:28.959047+00:00,github-actions,823ac12bac50,2026-10-01,2026-09-30,00400020ccb4e9195928,9b0b1adcafba0fea37db,close_to_close,0.0066414790822553,{},,disabled,,,,,Ridge,20261001T130005_d057559b8cb2:price:5,price,5,2026-10-07,1주일,5.0,60.09799957275391,없음,,,60.09799957275391,56.16081070678593,64.03518843872189,0.7704485488126649,simple,0.0401669314854186,0.0402090617688966,0.0,0.0,0.0,,,,,,,,,,,,,,missing_actual,False,2026-10-07T13:37:04.439590+00:00
3,20261001T130005_d057559b8cb2,2026-10-01T13:00:28.959047+00:00,github-actions,823ac12bac50,2026-10-01,2026-09-30,00400020ccb4e9195928,9b0b1adcafba0fea37db,close_to_close,0.0066414790822553,{},,disabled,,,,,Ridge,20261001T130005_d057559b8cb2:price:20,price,20,2026-10-28,1개월,20.0,60.09799957275391,없음,,,60.09799957275391,51.61979485786994,68.57620428763786,0.8077601410934744,simple,0.076902647374617,0.077447760673107,0.0,0.0,0.0,,,,,,,,,,,,,,pending,False,2026-10-01T13:00:29.412338+00:00
3,20261001T130647_fcb99cc7fadd,2026-10-01T13:07:08.993350+00:00,github-actions,823ac12bac50,2026-10-01,2026-09-30,00400020ccb4e9195928,9b0b1adcafba0fea37db,close_to_close,0.0066414790822553,{},,disabled,상승,0.3353438745897439,0.2997950205118544,0.3648611048984017,Logistic,20261001T130647_fcb99cc7fadd:direction:Logistic,direction,1,2026-10-01,,,,,,,,,,,,,,,,,61.04999923706055,60.724998474121094,0.010432941292965126,2.0,1.0,,,,,,,1.008238532346208,0.6057339846194443,scored,False,2026-10-02T05:52:38.636960+00:00
3,20261001T130647_fcb99cc7fadd,2026-10-01T13:07:08.993350+00:00,github-actions,823ac12bac50,2026-10-01,2026-09-30,00400020ccb4e9195928,9b0b1adcafba0fea37db,close_to_close,0.0066414790822553,{},,disabled,,,,,Ridge,20261001T130647_fcb99cc7fadd:price:1,price,1,2026-10-01,1거래일,1.0,60.09799957275391,없음,,,60.09799957275391,58.46115171878173,61.73484742672609,0.7917398945518453,simple,0.0169448128103914,0.0169845367337056,0.0,0.0,0.0,61.04999923706055,60.724998474121094,0.010432941292965126,,,,,,,1.0,-0.6269989013671804,,,scored,False,2026-10-02T05:52:38.636960+00:00
3,20261001T130647_fcb99cc7fadd,2026-10-01T13:07:08.993350+00:00,github-actions,823ac12bac50,2026-10-01,2026-09-30,00400020ccb4e9195928,9b0b1adcafba0fea37db,close_to_close,0.0066414790822553,{},,disabled,,,,,Ridge,20261001T130647_fcb99cc7fadd:price:5,price,5,2026-10-07,1주일,5.0,60.09799957275391,없음,,,60.09799957275391,56.16081070678593,64.03518843872189,0.7704485488126649,simple,0.0401669314854186,0.0402090617688966,0.0,0.0,0.0,,,,,,,,,,,,,,missing_actual,False,2026-10-07T13:37:04.439590+00:00
3,20261001T130647_fcb99cc7fadd,2026-10-01T13:07:08.993350+00:00,github-actions,823ac12bac50,2026-10-01,2026-09-30,00400020ccb4e9195928,9b0b1adcafba0fea37db,close_to_close,0.0066414790822553,{},,disabled,,,,,Ridge,20261001T130647_fcb99cc7fadd:price:20,price,20,2026-10-28,1개월,20.0,60.09799957275391,없음,,,60.09799957275391,51.61979485786994,68.57620428763786,0.8077601410934744,simple,0.076902647374617,0.077447760673107,0.0,0.0,0.0,,,,,,,,,,,,,,pending,False,2026-10-01T13:07:09.244377+00:00
3,20261001T131741_336e1201ef9f,2026-10-01T13:18:03.553399+00:00,github-actions,823ac12bac50,2026-10-01,2026-09-30,00400020ccb4e9195928,9b0b1adcafba0fea37db,close_to_close,0.0066414790822553,{},,disabled,상승,0.3353438745897439,0.2997950205118544,0.3648611048984017,Logistic,20261001T131741_336e1201ef9f:direction:Logistic,direction,1,2026-10-01,,,,,,,,,,,,,,,,,61.04999923706055,60.724998474121094,0.010432941292965126,2.0,1.0,,,,,,,1.008238532346208,0.6057339846194443,scored,False,2026-10-02T05:52:38.636960+00:00
3,20261001T131741_336e1201ef9f,2026-10-01T13:18:03.553399+00:00,github-actions,823ac12bac50,2026-10-01,2026-09-30,00400020ccb4e9195928,9b0b1adcafba0fea37db,close_to_close,0.0066414790822553,{},,disabled,,,,,Ridge,20261001T131741_336e1201ef9f:price:1,price,1,2026-10-01,1거래일,1.0,60.09799957275391,없음,,,60.09799957275391,58.46115171878173,61.73484742672609,0.7917398945518453,simple,0.0169448128103914,0.0169845367337056,0.0,0.0,0.0,61.04999923706055,60.724998474121094,0.010432941292965126,,,,,,,1.0,-0.6269989013671804,,,scored,False,2026-10-02T05:52:38.636960+00:00
3,20261001T131741_336e1201ef9f,2026-10-01T13:18:03.553399+00:00,github-actions,823ac12bac50,2026-10-01,2026-09-30,00400020ccb4e9195928,9b0b1adcafba0fea37db,close_to_close,0.0066414790822553,{},,disabled,,,,,Ridge,20261001T131741_336e1201ef9f:price:5,price,5,2026-10-07,1주일,5.0,60.09799957275391,없음,,,60.09799957275391,56.16081070678593,64.03518843872189,0.7704485488126649,simple,0.0401669314854186,0.0402090617688966,0.0,0.0,0.0,,,,,,,,,,,,,,missing_actual,False,2026-10-07T13:37:04.439590+00:00
3,20261001T131741_336e1201ef9f,2026-10-01T13:18:03.553399+00:00,github-actions,823ac12bac50,2026-10-01,2026-09-30,00400020ccb4e9195928,9b0b1adcafba0fea37db,close_to_close,0.0066414790822553,{},,disabled,,,,,Ridge,20261001T131741_336e1201ef9f:price:20,price,20,2026-10-28,1개월,20.0,60.09799957275391,없음,,,60.09799957275391,51.61979485786994,68.57620428763786,0.8077601410934744,simple,0.076902647374617,0.077447760673107,0.0,0.0,0.0,,,,,,,,,,,,,,pending,False,2026-10-01T13:18:03.771998+00:00
3,20261001T132355_18ba0efe3ccb,2026-10-01T13:24:17.544211+00:00,github-actions,823ac12bac50,2026-10-01,2026-09-30,00400020ccb4e9195928,9b0b1adcafba0fea37db,close_to_close,0.0066414790822553,{},,disabled,상승,0.3353438745897439,0.2997950205118544,0.3648611048984017,Logistic,20261001T132355_18ba0efe3ccb:direction:Logistic,direction,1,2026-10-01,,,,,,,,,,,,,,,,,61.04999923706055,60.724998474121094,0.010432941292965126,2.0,1.0,,,,,,,1.008238532346208,0.6057339846194443,scored,False,2026-10-02T05:52:38.636960+00:00
3,20261001T132355_18ba0efe3ccb,2026-10-01T13:24:17.544211+00:00,github-actions,823ac12bac50,2026-10-01,2026-09-30,00400020ccb4e9195928,9b0b1adcafba0fea37db,close_to_close,0.0066414790822553,{},,disabled,,,,,Ridge,20261001T132355_18ba0efe3ccb:price:1,price,1,2026-10-01,1거래일,1.0,60.09799957275391,없음,,,60.09799957275391,58.46115171878173,61.73484742672609,0.7917398945518453,simple,0.0169448128103914,0.0169845367337056,0.0,0.0,0.0,61.04999923706055,60.724998474121094,0.010432941292965126,,,,,,,1.0,-0.6269989013671804,,,scored,False,2026-10-02T05:52:38.636960+00:00
3,20261001T132355_18ba0efe3ccb,2026-10-01T13:24:17.544211+00:00,github-actions,823ac12bac50,2026-10-01,2026-09-30,00400020ccb4e9195928,9b0b1adcafba0fea37db,close_to_close,0.0066414790822553,{},,disabled,,,,,Ridge,20261001T132355_18ba0efe3ccb:price:5,price,5,2026-10-07,1주일,5.0,60.09799957275391,없음,,,60.09799957275391,56.16081070678593,64.03518843872189,0.7704485488126649,simple,0.0401669314854186,0.0402090617688966,0.0,0.0,0.0,,,,,,,,,,,,,,missing_actual,False,2026-10-07T13:37:04.439590+00:00
3,20261001T132355_18ba0efe3ccb,2026-10-01T13:24:17.544211+00:00,github-actions,823ac12bac50,2026-10-01,2026-09-30,00400020ccb4e9195928,9b0b1adcafba0fea37db,close_to_close,0.0066414790822553,{},,disabled,,,,,Ridge,20261001T132355_18ba0efe3ccb:price:20,price,20,2026-10-28,1개월,20.0,60.09799957275391,없음,,,60.09799957275391,51.61979485786994,68.57620428763786,0.8077601410934744,simple,0.076902647374617,0.077447760673107,0.0,0.0,0.0,,,,,,,,,,,,,,pending,False,2026-10-01T13:24:17.934603+00:00
3,20261001T232419_1ae1bb6f7380,2026-10-01T23:24:35.875347+00:00,github-actions,823ac12bac50,2026-10-02,2026-10-01,a8110d2f278d41e560bb,9b0b1adcafba0fea37db,close_to_close,0.006841832410684,{},,disabled,상승,0.3388720895574997,0.2977006594733591,0.3634272509691411,Logistic,20261001T232419_1ae1bb6f7380:direction:Logistic,direction,1,2026-10-02,,,,,,,,,,,,,,,,,61.55500030517578,59.97700119018555,-0.012317781848184328,0.0,0.0,,,,,,,1.082132559743163,0.6577951633639267,scored,True,2026-10-05T00:00:38.288778+00:00
3,20261001T232419_1ae1bb6f7380,2026-10-01T23:24:35.875347+00:00,github-actions,823ac12bac50,2026-10-02,2026-10-01,a8110d2f278d41e560bb,9b0b1adcafba0fea37db,close_to_close,0.006841832410684,{},,disabled,,,,,Ridge,20261001T232419_1ae1bb6f7380:price:1,price,1,2026-10-02,1거래일,1.0,61.3849983215332,없음,,,61.3849983215332,59.662661175377785,63.10733546768863,0.7917398945518453,simple,0.0169513449958684,0.0169895562020253,0.0,0.0,0.0,61.55500030517578,59.97700119018555,-0.022937153536644272,,,,,,,1.0,1.4079971313476562,,,scored,True,2026-10-05T00:00:38.288778+00:00
3,20261001T232419_1ae1bb6f7380,2026-10-01T23:24:35.875347+00:00,github-actions,823ac12bac50,2026-10-02,2026-10-01,a8110d2f278d41e560bb,9b0b1adcafba0fea37db,close_to_close,0.006841832410684,{},,disabled,,,,,Ridge,20261001T232419_1ae1bb6f7380:price:5,price,5,2026-10-08,1주일,5.0,61.3849983215332,없음,,,61.3849983215332,57.244137659797566,65.52585898326883,0.7697715289982425,simple,0.0401620774517517,0.0402024211783267,0.0,0.0,0.0,,,,,,,,,,,,,,pending,True,2026-10-01T23:24:36.591062+00:00
3,20261001T232419_1ae1bb6f7380,2026-10-01T23:24:35.875347+00:00,github-actions,823ac12bac50,2026-10-02,2026-10-01,a8110d2f278d41e560bb,9b0b1adcafba0fea37db,close_to_close,0.006841832410684,{},,disabled,,,,,Ridge,20261001T232419_1ae1bb6f7380:price:20,price,20,2026-10-29,1개월,20.0,61.3849983215332,없음,,,61.3849983215332,52.46399391802748,70.30600272503894,0.8077601410934744,simple,0.0769291936745125,0.077463738198955,0.0,0.0,0.0,,,,,,,,,,,,,,pending,True,2026-10-01T23:24:36.591062+00:00
3,20261002T005234_f8f0be1ea613,2026-10-02T00:52:51.796393+00:00,github-actions,823ac12bac50,2026-10-02,2026-10-01,d351224365a921a7589c,9b0b1adcafba0fea37db,close_to_close,0.0067585954705281,{},,disabled,상승,0.336195142889196,0.302776606109248,0.361028251001556,Logistic,20261002T005234_f8f0be1ea613:direction:Logistic,direction,1,2026-10-02,,,,,,,,,,,,,,,,,61.55500030517578,59.97700119018555,-0.012317781848184328,0.0,0.0,,,,,,,1.0900635051994418,0.6626519595521722,scored,False,2026-10-05T00:00:38.288778+00:00
3,20261002T005234_f8f0be1ea613,2026-10-02T00:52:51.796393+00:00,github-actions,823ac12bac50,2026-10-02,2026-10-01,d351224365a921a7589c,9b0b1adcafba0fea37db,close_to_close,0.0067585954705281,{},,disabled,,,,,Ridge,20261002T005234_f8f0be1ea613:price:1,price,1,2026-10-02,1거래일,1.0,61.04499816894531,없음,,,61.04499816894531,59.35303842483396,62.73695791305666,0.7917398945518453,simple,0.0169463736117132,0.0169845848234812,0.0,0.0,0.0,61.55500030517578,59.97700119018555,-0.0174952413923255,,,,,,,1.0,1.0679969787597656,,,scored,False,2026-10-05T00:00:38.288778+00:00
3,20261002T005234_f8f0be1ea613,2026-10-02T00:52:51.796393+00:00,github-actions,823ac12bac50,2026-10-02,2026-10-01,d351224365a921a7589c,9b0b1adcafba0fea37db,close_to_close,0.0067585954705281,{},,disabled,,,,,Ridge,20261002T005234_f8f0be1ea613:price:5,price,5,2026-10-08,1주일,5.0,61.04499816894531,없음,,,61.04499816894531,56.97717116929541,65.11282516859522,0.7697715289982425,simple,0.0401667856811684,0.0402071294044037,0.0,0.0,0.0,,,,,,,,,,,,,,pending,False,2026-10-02T00:52:52.279643+00:00
3,20261002T005234_f8f0be1ea613,2026-10-02T00:52:51.796393+00:00,github-actions,823ac12bac50,2026-10-02,2026-10-01,d351224365a921a7589c,9b0b1adcafba0fea37db,close_to_close,0.0067585954705281,{},,disabled,,,,,Ridge,20261002T005234_f8f0be1ea613:price:20,price,20,2026-10-29,1개월,20.0,61.04499816894531,없음,,,61.04499816894531,52.28133632639353,69.8086600114971,0.8077601410934744,simple,0.0769338259023563,0.0774683706135478,0.0,0.0,0.0,,,,,,,,,,,,,,pending,False,2026-10-02T00:52:52.279643+00:00
3,20261002T010245_17612b6b8b2a,2026-10-02T01:03:08.058653+00:00,github-actions,823ac12bac50,2026-10-02,2026-10-01,66d5324871fd77c5f503,9b0b1adcafba0fea37db,close_to_close,0.0067543320454819,{},,disabled,상승,0.335767483801258,0.303216532373309,0.3610159838254329,Logistic,20261002T010245_17612b6b8b2a:direction:Logistic,direction,1,2026-10-02,,,,,,,,,,,,,,,,,61.55500030517578,59.97700119018555,-0.012317781848184328,0.0,0.0,,,,,,,1.0913363710663575,0.6634776416576512,scored,False,2026-10-05T00:00:38.288778+00:00
3,20261002T010245_17612b6b8b2a,2026-10-02T01:03:08.058653+00:00,github-actions,823ac12bac50,2026-10-02,2026-10-01,66d5324871fd77c5f503,9b0b1adcafba0fea37db,close_to_close,0.0067543320454819,{},,disabled,,,,,Ridge,20261002T010245_17612b6b8b2a:price:1,price,1,2026-10-02,1거래일,1.0,61.025001525878906,없음,,,61.025001525878906,59.33466298508296,62.71534006667485,0.7917398945518453,simple,0.0169460812355231,0.0169842924386646,0.0,0.0,0.0,61.55500030517578,59.97700119018555,-0.017173294706906872,,,,,,,1.0,1.0480003356933594,,,scored,False,2026-10-05T00:00:38.288778+00:00
3,20261002T010245_17612b6b8b2a,2026-10-02T01:03:08.058653+00:00,github-actions,823ac12bac50,2026-10-02,2026-10-01,66d5324871fd77c5f503,9b0b1adcafba0fea37db,close_to_close,0.0067543320454819,{},,disabled,,,,,Ridge,20261002T010245_17612b6b8b2a:price:5,price,5,2026-10-08,1주일,5.0,61.025001525878906,없음,,,61.025001525878906,56.96107223989584,65.08893081186197,0.7697715289982425,simple,0.0401670625652441,0.0402074063122686,0.0,0.0,0.0,,,,,,,,,,,,,,pending,False,2026-10-02T01:03:08.828022+00:00
3,20261002T010245_17612b6b8b2a,2026-10-02T01:03:08.058653+00:00,github-actions,823ac12bac50,2026-10-02,2026-10-01,66d5324871fd77c5f503,9b0b1adcafba0fea37db,close_to_close,0.0067543320454819,{},,disabled,,,,,Ridge,20261002T010245_17612b6b8b2a:price:20,price,20,2026-10-29,1개월,20.0,61.025001525878906,없음,,,61.025001525878906,52.26973685570889,69.78026619604893,0.8077601410934744,simple,0.076934098525327,0.0774686430626642,0.0,0.0,0.0,,,,,,,,,,,,,,pending,False,2026-10-02T01:03:08.828022+00:00
3,20261002T011027_a0c8210b13c1,2026-10-02T01:10:43.755675+00:00,github-actions,823ac12bac50,2026-10-02,2026-10-01,e3c71c6a790de8b3d7b3,9b0b1adcafba0fea37db,close_to_close,0.0067311974197596,{},,disabled,상승,0.3350051800213769,0.3037596605354669,0.3612351594431561,Logistic,20261002T011027_a0c8210b13c1:direction:Logistic,direction,1,2026-10-02,,,,,,,,,,,,,,,,,61.55500030517578,59.97700119018555,-0.012317781848184328,0.0,0.0,,,,,,,1.0936092845262386,0.664978882384946,scored,False,2026-10-05T00:00:38.288778+00:00
3,20261002T011027_a0c8210b13c1,2026-10-02T01:10:43.755675+00:00,github-actions,823ac12bac50,2026-10-02,2026-10-01,e3c71c6a790de8b3d7b3,9b0b1adcafba0fea37db,close_to_close,0.0067311974197596,{},,disabled,,,,,Ridge,20261002T011027_a0c8210b13c1:price:1,price,1,2026-10-02,1거래일,1.0,60.90999984741211,없음,,,60.90999984741211,59.22862551009469,62.59137418472952,0.7917398945518453,simple,0.0169443997130363,0.0169826109191932,0.0,0.0,0.0,61.55500030517578,59.97700119018555,-0.015317659818812168,,,,,,,1.0,0.9329986572265625,,,scored,False,2026-10-05T00:00:38.288778+00:00
3,20261002T011027_a0c8210b13c1,2026-10-02T01:10:43.755675+00:00,github-actions,823ac12bac50,2026-10-02,2026-10-01,e3c71c6a790de8b3d7b3,9b0b1adcafba0fea37db,close_to_close,0.0067311974197596,{},,disabled,,,,,Ridge,20261002T011027_a0c8210b13c1:price:5,price,5,2026-10-08,1주일,5.0,60.90999984741211,없음,,,60.90999984741211,56.86762239152854,64.95237730329568,0.7697715289982425,simple,0.0401686550964538,0.0402089988230288,0.0,0.0,0.0,,,,,,,,,,,,,,pending,False,2026-10-02T01:10:44.444923+00:00
3,20261002T011027_a0c8210b13c1,2026-10-02T01:10:43.755675+00:00,github-actions,823ac12bac50,2026-10-02,2026-10-01,e3c71c6a790de8b3d7b3,9b0b1adcafba0fea37db,close_to_close,0.0067311974197596,{},,disabled,,,,,Ridge,20261002T011027_a0c8210b13c1:price:20,price,20,2026-10-29,1개월,20.0,60.90999984741211,없음,,,60.90999984741211,52.20116609750895,69.61883359731527,0.8077601410934744,simple,0.0769356654064996,0.077470209930942,0.0,0.0,0.0,,,,,,,,,,,,,,pending,False,2026-10-02T01:10:44.444923+00:00
3,20261002T012509_2c8eb0cfafa3,2026-10-02T01:25:31.273985+00:00,github-actions,823ac12bac50,2026-10-02,2026-10-01,147898b79713d62cd6ae,9b0b1adcafba0fea37db,close_to_close,0.0066891327332602,{},,disabled,상승,0.3330608316148029,0.304788585017485,0.3621505833677121,Logistic,20261002T012509_2c8eb0cfafa3:direction:Logistic,direction,1,2026-10-02,,,,,,,,,,,,,,,,,61.55500030517578,59.97700119018555,-0.012317781848184328,0.0,0.0,,,,,,,1.0994301281632695,0.6688569809168731,scored,False,2026-10-05T00:00:38.288778+00:00
3,20261002T012509_2c8eb0cfafa3,2026-10-02T01:25:31.273985+00:00,github-actions,823ac12bac50,2026-10-02,2026-10-01,147898b79713d62cd6ae,9b0b1adcafba0fea37db,close_to_close,0.0066891327332602,{},,disabled,,,,,Ridge,20261002T012509_2c8eb0cfafa3:price:1,price,1,2026-10-02,1거래일,1.0,60.65999984741211,없음,,,60.65999984741211,58.995990710626,62.324008984198215,0.7917398945518453,simple,0.0169407442922922,0.0169789554954337,0.0,0.0,0.0,61.55500030517578,59.97700119018555,-0.011259456955895475,,,,,,,1.0,0.6829986572265625,,,scored,False,2026-10-05T00:00:38.288778+00:00
3,20261002T012509_2c8eb0cfafa3,2026-10-02T01:25:31.273985+00:00,github-actions,823ac12bac50,2026-10-02,2026-10-01,147898b79713d62cd6ae,9b0b1adcafba0fea37db,close_to_close,0.0066891327332602,{},,disabled,,,,,Ridge,20261002T012509_2c8eb0cfafa3:price:5,price,5,2026-10-08,1주일,5.0,60.65999984741211,없음,,,60.65999984741211,56.65937198505253,64.66062770977169,0.7697715289982425,simple,0.0401721170053895,0.040212460752414,0.0,0.0,0.0,,,,,,,,,,,,,,pending,False,2026-10-02T01:25:31.530734+00:00
3,20261002T012509_2c8eb0cfafa3,2026-10-02T01:25:31.273985+00:00,github-actions,823ac12bac50,2026-10-02,2026-10-01,147898b79713d62cd6ae,9b0b1adcafba0fea37db,close_to_close,0.0066891327332602,{},,disabled,,,,,Ridge,20261002T012509_2c8eb0cfafa3:price:20,price,20,2026-10-29,1개월,20.0,60.65999984741211,없음,,,60.65999984741211,52.041110758316734,69.2788889365075,0.8077601410934744,simple,0.0769390715792768,0.077473616116614,0.0,0.0,0.0,,,,,,,,,,,,,,pending,False,2026-10-02T01:25:31.530734+00:00
3,20261002T013105_e97b705891a1,2026-10-02T01:31:25.403962+00:00,github-actions,823ac12bac50,2026-10-02,2026-10-01,a31dcbf1bdb1b62adba9,9b0b1adcafba0fea37db,close_to_close,0.0066855521384341,{},,disabled,상승,0.3328815762177128,0.3045860074025545,0.3625324163797326,Logistic,20261002T013105_e97b705891a1:direction:Logistic,direction,1,2026-10-02,,,,,,,,,,,,,,,,,61.55500030517578,59.97700119018555,-0.012317781848184328,0.0,0.0,,,,,,,1.0999684792257969,0.6692493801813202,scored,False,2026-10-05T00:00:38.288778+00:00
3,20261002T013105_e97b705891a1,2026-10-02T01:31:25.403962+00:00,github-actions,823ac12bac50,2026-10-02,2026-10-01,a31dcbf1bdb1b62adba9,9b0b1adcafba0fea37db,close_to_close,0.0066855521384341,{},,disabled,,,,,Ridge,20261002T013105_e97b705891a1:price:1,price,1,2026-10-02,1거래일,1.0,60.6349983215332,없음,,,60.6349983215332,58.97256537263208,62.29743127043432,0.7917398945518453,simple,0.0169403787276054,0.0169785899307468,0.0,0.0,0.0,61.55500030517578,59.97700119018555,-0.010851771247002429,,,,,,,1.0,0.6579971313476562,,,scored,False,2026-10-05T00:00:38.288778+00:00
3,20261002T013105_e97b705891a1,2026-10-02T01:31:25.403962+00:00,github-actions,823ac12bac50,2026-10-02,2026-10-01,a31dcbf1bdb1b62adba9,9b0b1adcafba0fea37db,close_to_close,0.0066855521384341,{},,disabled,,,,,Ridge,20261002T013105_e97b705891a1:price:5,price,5,2026-10-08,1주일,5.0,60.6349983215332,없음,,,60.6349983215332,56.63815994628015,64.63183669678627,0.7697715289982425,simple,0.040172463219458,0.0402128069664825,0.0,0.0,0.0,,,,,,,,,,,,,,pending,False,2026-10-02T01:31:26.041943+00:00
3,20261002T013105_e97b705891a1,2026-10-02T01:31:25.403962+00:00,github-actions,823ac12bac50,2026-10-02,2026-10-01,a31dcbf1bdb1b62adba9,9b0b1adcafba0fea37db,close_to_close,0.0066855521384341,{},,disabled,,,,,Ridge,20261002T013105_e97b705891a1:price:20,price,20,2026-10-29,1개월,20.0,60.6349983215332,없음,,,60.6349983215332,52.02427324323796,69.24572339982844,0.8077601410934744,simple,0.0769394122186337,0.0774739567559709,0.0,0.0,0.0,,,,,,,,,,,,,,pending,False,2026-10-02T01:31:26.041943+00:00
3,20261002T013240_2fb6bfbdb656,2026-10-02T01:32:59.430758+00:00,github-actions,823ac12bac50,2026-10-02,2026-10-01,6e644ca1c688c423202d,9b0b1adcafba0fea37db,close_to_close,0.0066774275435875,{},,disabled,상승,0.3329171930932089,0.3046607867420409,0.3624220201647503,Logistic,20261002T013240_2fb6bfbdb656:direction:Logistic,direction,1,2026-10-02,,,,,,,,,,,,,,,,,61.55500030517578,59.97700119018555,-0.012317781848184328,0.0,0.0,,,,,,,1.0998614893148155,0.6691673869492212,scored,False,2026-10-05T00:00:38.288778+00:00
3,20261002T013240_2fb6bfbdb656,2026-10-02T01:32:59.430758+00:00,github-actions,823ac12bac50,2026-10-02,2026-10-01,6e644ca1c688c423202d,9b0b1adcafba0fea37db,close_to_close,0.0066774275435875,{},,disabled,,,,,Ridge,20261002T013240_2fb6bfbdb656:price:1,price,1,2026-10-02,1거래일,1.0,60.57500076293945,없음,,,60.57500076293945,58.91623103731476,62.23377048856415,0.7917398945518453,simple,0.0169395014616006,0.016977712664742,0.0,0.0,0.0,61.55500030517578,59.97700119018555,-0.00987205225294474,,,,,,,1.0,0.5979995727539062,,,scored,False,2026-10-05T00:00:38.288778+00:00
3,20261002T013240_2fb6bfbdb656,2026-10-02T01:32:59.430758+00:00,github-actions,823ac12bac50,2026-10-02,2026-10-01,6e644ca1c688c423202d,9b0b1adcafba0fea37db,close_to_close,0.0066774275435875,{},,disabled,,,,,Ridge,20261002T013240_2fb6bfbdb656:price:5,price,5,2026-10-08,1주일,5.0,60.57500076293945,없음,,,60.57500076293945,56.58696954672281,64.5630319791561,0.7697715289982425,simple,0.0401732940487025,0.0402136377957271,0.0,0.0,0.0,,,,,,,,,,,,,,pending,False,2026-10-02T01:32:59.675244+00:00
3,20261002T013240_2fb6bfbdb656,2026-10-02T01:32:59.430758+00:00,github-actions,823ac12bac50,2026-10-02,2026-10-01,6e644ca1c688c423202d,9b0b1adcafba0fea37db,close_to_close,0.0066774275435875,{},,disabled,,,,,Ridge,20261002T013240_2fb6bfbdb656:price:20,price,20,2026-10-29,1개월,20.0,60.57500076293945,없음,,,60.57500076293945,51.983249688109794,69.16675183776911,0.8077601410934744,simple,0.0769402296699314,0.0774747742072686,0.0,0.0,0.0,,,,,,,,,,,,,,pending,False,2026-10-02T01:32:59.675244+00:00
3,20261002T013913_8be4590714a5,2026-10-02T01:39:33.993573+00:00,github-actions,823ac12bac50,2026-10-02,2026-10-01,9375792d65c9364d0adf,9b0b1adcafba0fea37db,close_to_close,0.0066920795073619,{},,disabled,상승,0.3328328702395003,0.3011565385225322,0.3660105912379673,Logistic,20261002T013913_8be4590714a5:direction:Logistic,direction,1,2026-10-02,,,,,,,,,,,,,,,,,61.55500030517578,59.97700119018555,-0.012317781848184328,0.0,0.0,,,,,,,1.1001148061638966,0.6697709926261033,scored,False,2026-10-05T00:00:38.288778+00:00
3,20261002T013913_8be4590714a5,2026-10-02T01:39:33.993573+00:00,github-actions,823ac12bac50,2026-10-02,2026-10-01,9375792d65c9364d0adf,9b0b1adcafba0fea37db,close_to_close,0.0066920795073619,{},,disabled,,,,,Ridge,20261002T013913_8be4590714a5:price:1,price,1,2026-10-02,1거래일,1.0,60.68000030517578,없음,,,60.68000030517578,59.01470923085758,62.34529137949398,0.7917398945518453,simple,0.0169410367328863,0.0169792479360277,0.0,0.0,0.0,61.55500030517578,59.97700119018555,-0.011585351210525174,,,,,,,1.0,0.7029991149902344,,,scored,False,2026-10-05T00:00:38.288778+00:00
3,20261002T013913_8be4590714a5,2026-10-02T01:39:33.993573+00:00,github-actions,823ac12bac50,2026-10-02,2026-10-01,9375792d65c9364d0adf,9b0b1adcafba0fea37db,close_to_close,0.0066920795073619,{},,disabled,,,,,Ridge,20261002T013913_8be4590714a5:price:5,price,5,2026-10-08,1주일,5.0,60.68000030517578,없음,,,60.68000030517578,56.67629039543117,64.68371021492038,0.7697715289982425,simple,0.0401718400446997,0.0402121837917242,0.0,0.0,0.0,,,,,,,,,,,,,,pending,False,2026-10-02T01:39:34.384999+00:00
3,20261002T013913_8be4590714a5,2026-10-02T01:39:33.993573+00:00,github-actions,823ac12bac50,2026-10-02,2026-10-01,9375792d65c9364d0adf,9b0b1adcafba0fea37db,close_to_close,0.0066920795073619,{},,disabled,,,,,Ridge,20261002T013913_8be4590714a5:price:20,price,20,2026-10-29,1개월,20.0,60.68000030517578,없음,,,60.68000030517578,52.05447130217369,69.30552930817787,0.8077601410934744,simple,0.0769387990781861,0.0774733436155233,0.0,0.0,0.0,,,,,,,,,,,,,,pending,False,2026-10-02T01:39:34.384999+00:00
3,20261002T014555_9a0dc1f00e1e,2026-10-02T01:46:16.944987+00:00,github-actions,823ac12bac50,2026-10-02,2026-10-01,c3d52fe2b11d49a3d540,9b0b1adcafba0fea37db,close_to_close,0.0066884073421234,{},,disabled,상승,0.3326843756619146,0.3010832228331345,0.3662324015049509,Logistic,20261002T014555_9a0dc1f00e1e:direction:Logistic,direction,1,2026-10-02,,,,,,,,,,,,,,,,,61.55500030517578,59.97700119018555,-0.012317781848184328,0.0,0.0,,,,,,,1.1005610593029835,0.6700874214693991,scored,False,2026-10-05T00:00:38.288778+00:00
3,20261002T014555_9a0dc1f00e1e,2026-10-02T01:46:16.944987+00:00,github-actions,823ac12bac50,2026-10-02,2026-10-01,c3d52fe2b11d49a3d540,9b0b1adcafba0fea37db,close_to_close,0.0066884073421234,{},,disabled,,,,,Ridge,20261002T014555_9a0dc1f00e1e:price:1,price,1,2026-10-02,1거래일,1.0,60.65499877929688,없음,,,60.65499877929688,58.99130726613671,62.31869029245704,0.7917398945518453,simple,0.0169406711681994,0.0169788823713408,0.0,0.0,0.0,61.55500030517578,59.97700119018555,-0.01117793426356073,,,,,,,1.0,0.6779975891113352,,,scored,False,2026-10-05T00:00:38.288778+00:00
3,20261002T014555_9a0dc1f00e1e,2026-10-02T01:46:16.944987+00:00,github-actions,823ac12bac50,2026-10-02,2026-10-01,c3d52fe2b11d49a3d540,9b0b1adcafba0fea37db,close_to_close,0.0066884073421234,{},,disabled,,,,,Ridge,20261002T014555_9a0dc1f00e1e:price:5,price,5,2026-10-08,1주일,5.0,60.65499877929688,없음,,,60.65499877929688,56.65513455092199,64.65486300767178,0.7697715289982425,simple,0.0401721862587682,0.0402125300057927,0.0,0.0,0.0,,,,,,,,,,,,,,pending,False,2026-10-02T01:46:17.280916+00:00
3,20261002T014555_9a0dc1f00e1e,2026-10-02T01:46:16.944987+00:00,github-actions,823ac12bac50,2026-10-02,2026-10-01,c3d52fe2b11d49a3d540,9b0b1adcafba0fea37db,close_to_close,0.0066884073421234,{},,disabled,,,,,Ridge,20261002T014555_9a0dc1f00e1e:price:20,price,20,2026-10-29,1개월,20.0,60.65499877929688,없음,,,60.65499877929688,52.03775485112251,69.27224270747125,0.8077601410934744,simple,0.076939139717543,0.0774736842548802,0.0,0.0,0.0,,,,,,,,,,,,,,pending,False,2026-10-02T01:46:17.280916+00:00
3,20261002T015232_da04900ebb38,2026-10-02T01:52:53.472668+00:00,github-actions,823ac12bac50,2026-10-02,2026-10-01,c4276200e74bc612eb60,9b0b1adcafba0fea37db,close_to_close,0.0066848501968614,{},,disabled,상승,0.3330073217659852,0.3009051539795224,0.3660875242544924,Logistic,20261002T015232_da04900ebb38:direction:Logistic,direction,1,2026-10-02,,,,,,,,,,,,,,,,,61.55500030517578,59.97700119018555,-0.012317781848184328,0.0,0.0,,,,,,,1.0995908019581693,0.6694432199240076,scored,False,2026-10-05T00:00:38.288778+00:00
3,20261002T015232_da04900ebb38,2026-10-02T01:52:53.472668+00:00,github-actions,823ac12bac50,2026-10-02,2026-10-01,c4276200e74bc612eb60,9b0b1adcafba0fea37db,close_to_close,0.0066848501968614,{},,disabled,,,,,Ridge,20261002T015232_da04900ebb38:price:1,price,1,2026-10-02,1거래일,1.0,60.630001068115234,없음,,,60.630001068115234,58.96787965995424,62.29212247627624,0.7917398945518453,simple,0.0169403056592899,0.0169785168624313,0.0,0.0,0.0,61.55500030517578,59.97700119018555,-0.010770243549823921,,,,,,,1.0,0.6529998779296875,,,scored,False,2026-10-05T00:00:38.288778+00:00
3,20261002T015232_da04900ebb38,2026-10-02T01:52:53.472668+00:00,github-actions,823ac12bac50,2026-10-02,2026-10-01,c4276200e74bc612eb60,9b0b1adcafba0fea37db,close_to_close,0.0066848501968614,{},,disabled,,,,,Ridge,20261002T015232_da04900ebb38:price:5,price,5,2026-10-08,1주일,5.0,60.630001068115234,없음,,,60.630001068115234,56.63391170231031,64.62609043392017,0.7697715289982425,simple,0.0401725324200118,0.0402128761670363,0.0,0.0,0.0,,,,,,,,,,,,,,pending,False,2026-10-02T01:52:53.695212+00:00
3,20261002T015232_da04900ebb38,2026-10-02T01:52:53.472668+00:00,github-actions,823ac12bac50,2026-10-02,2026-10-01,c4276200e74bc612eb60,9b0b1adcafba0fea37db,close_to_close,0.0066848501968614,{},,disabled,,,,,Ridge,20261002T015232_da04900ebb38:price:20,price,20,2026-10-29,1개월,20.0,60.630001068115234,없음,,,60.630001068115234,52.02088964387187,69.2391124923586,0.8077601410934744,simple,0.0769394803049256,0.0774740248422629,0.0,0.0,0.0,,,,,,,,,,,,,,pending,False,2026-10-02T01:52:53.695212+00:00
3,20261002T020526_cc26ed00edf0,2026-10-02T02:05:45.422449+00:00,github-actions,823ac12bac50,2026-10-02,2026-10-01,0735c031ea66d1ab90de,9b0b1adcafba0fea37db,close_to_close,0.0066820866963203,{},,disabled,상승,0.3315086765817525,0.3020231269045421,0.3664681965137054,Logistic,20261002T020526_cc26ed00edf0:direction:Logistic,direction,1,2026-10-02,,,,,,,,,,,,,,,,,61.55500030517578,59.97700119018555,-0.012317781848184328,0.0,0.0,,,,,,,1.1041012959981344,0.6723975577266849,scored,False,2026-10-05T00:00:38.288778+00:00
3,20261002T020526_cc26ed00edf0,2026-10-02T02:05:45.422449+00:00,github-actions,823ac12bac50,2026-10-02,2026-10-01,0735c031ea66d1ab90de,9b0b1adcafba0fea37db,close_to_close,0.0066820866963203,{},,disabled,,,,,Ridge,20261002T020526_cc26ed00edf0:price:1,price,1,2026-10-02,1거래일,1.0,60.61000061035156,없음,,,60.61000061035156,58.949114388438645,62.27088683226449,0.7917398945518453,simple,0.0169400132186958,0.0169782244218372,0.0,0.0,0.0,61.55500030517578,59.97700119018555,-0.010443811479815546,,,,,,,1.0,0.6329994201660156,,,scored,False,2026-10-05T00:00:38.288778+00:00
3,20261002T020526_cc26ed00edf0,2026-10-02T02:05:45.422449+00:00,github-actions,823ac12bac50,2026-10-02,2026-10-01,0735c031ea66d1ab90de,9b0b1adcafba0fea37db,close_to_close,0.0066820866963203,{},,disabled,,,,,Ridge,20261002T020526_cc26ed00edf0:price:5,price,5,2026-10-08,1주일,5.0,60.61000061035156,없음,,,60.61000061035156,56.61688089201432,64.6031203286888,0.7697715289982425,simple,0.0401728093807016,0.0402131531277261,0.0,0.0,0.0,,,,,,,,,,,,,,pending,False,2026-10-02T02:05:45.788383+00:00
3,20261002T020526_cc26ed00edf0,2026-10-02T02:05:45.422449+00:00,github-actions,823ac12bac50,2026-10-02,2026-10-01,0735c031ea66d1ab90de,9b0b1adcafba0fea37db,close_to_close,0.0066820866963203,{},,disabled,,,,,Ridge,20261002T020526_cc26ed00edf0:price:20,price,20,2026-10-29,1개월,20.0,60.61000061035156,없음,,,60.61000061035156,52.00728694741923,69.2127142732839,0.8077601410934744,simple,0.0769397528060163,0.0774742973433535,0.0,0.0,0.0,,,,,,,,,,,,,,pending,False,2026-10-02T02:05:45.788383+00:00
3,20261002T021957_bfbd934ed497,2026-10-02T02:20:13.256944+00:00,github-actions,823ac12bac50,2026-10-02,2026-10-01,b1a7d37970be7f0b3050,9b0b1adcafba0fea37db,close_to_close,0.0067331147797716,{},,disabled,상승,0.3343050647667461,0.2990470562180753,0.3666478790151786,Logistic,20261002T021957_bfbd934ed497:direction:Logistic,direction,1,2026-10-02,,,,,,,,,,,,,,,,,61.55500030517578,59.97700119018555,-0.012317781848184328,0.0,0.0,,,,,,,1.0957013353066676,0.6670095558142319,scored,False,2026-10-05T00:00:38.288778+00:00
3,20261002T021957_bfbd934ed497,2026-10-02T02:20:13.256944+00:00,github-actions,823ac12bac50,2026-10-02,2026-10-01,b1a7d37970be7f0b3050,9b0b1adcafba0fea37db,close_to_close,0.0067331147797716,{},,disabled,,,,,Ridge,20261002T021957_bfbd934ed497:price:1,price,1,2026-10-02,1거래일,1.0,60.91999816894531,없음,,,60.91999816894531,59.237868822839175,62.60212751505146,0.7917398945518453,simple,0.0169445458998334,0.0169827571116015,0.0,0.0,0.0,61.55500030517578,59.97700119018555,-0.015479268008915859,,,,,,,1.0,0.9429969787597656,,,scored,False,2026-10-05T00:00:38.288778+00:00
3,20261002T021957_bfbd934ed497,2026-10-02T02:20:13.256944+00:00,github-actions,823ac12bac50,2026-10-02,2026-10-01,b1a7d37970be7f0b3050,9b0b1adcafba0fea37db,close_to_close,0.0067331147797716,{},,disabled,,,,,Ridge,20261002T021957_bfbd934ed497:price:5,price,5,2026-10-08,1주일,5.0,60.91999816894531,없음,,,60.91999816894531,56.875805513175095,64.96419082471553,0.7697715289982425,simple,0.040168516645861,0.0402088603690963,0.0,0.0,0.0,,,,,,,,,,,,,,pending,False,2026-10-02T02:20:13.768126+00:00
3,20261002T021957_bfbd934ed497,2026-10-02T02:20:13.256944+00:00,github-actions,823ac12bac50,2026-10-02,2026-10-01,b1a7d37970be7f0b3050,9b0b1adcafba0fea37db,close_to_close,0.0067331147797716,{},,disabled,,,,,Ridge,20261002T021957_bfbd934ed497:price:20,price,20,2026-10-29,1개월,20.0,60.91999816894531,없음,,,60.91999816894531,52.20725378125332,69.63274255663731,0.8077601410934744,simple,0.0769355289951923,0.0774700737063838,0.0,0.0,0.0,,,,,,,,,,,,,,pending,False,2026-10-02T02:20:13.768126+00:00
3,20261002T024021_f2724e1e0637,2026-10-02T02:40:40.124461+00:00,github-actions,823ac12bac50,2026-10-02,2026-10-01,d3811e82b9eacfd36d5d,9b0b1adcafba0fea37db,close_to_close,0.0067460171111164,{},,disabled,상승,0.335303595286043,0.2982819736695347,0.3664144310444222,Logistic,20261002T024021_f2724e1e0637:direction:Logistic,direction,1,2026-10-02,,,,,,,,,,,,,,,,,61.55500030517578,59.97700119018555,-0.012317781848184328,0.0,0.0,,,,,,,1.0927189029726212,0.6650529815334612,scored,False,2026-10-05T00:00:38.288778+00:00
3,20261002T024021_f2724e1e0637,2026-10-02T02:40:40.124461+00:00,github-actions,823ac12bac50,2026-10-02,2026-10-01,d3811e82b9eacfd36d5d,9b0b1adcafba0fea37db,close_to_close,0.0067460171111164,{},,disabled,,,,,Ridge,20261002T024021_f2724e1e0637:price:1,price,1,2026-10-02,1거래일,1.0,60.98500061035156,없음,,,60.98500061035156,59.29784959026479,62.67215163043833,0.7917398945518453,simple,0.0169454963457084,0.0169837075574765,0.0,0.0,0.0,61.55500030517578,59.97700119018555,-0.016528644913958,,,,,,,1.0,1.0079994201660156,,,scored,False,2026-10-05T00:00:38.288778+00:00
3,20261002T024021_f2724e1e0637,2026-10-02T02:40:40.124461+00:00,github-actions,823ac12bac50,2026-10-02,2026-10-01,d3811e82b9eacfd36d5d,9b0b1adcafba0fea37db,close_to_close,0.0067460171111164,{},,disabled,,,,,Ridge,20261002T024021_f2724e1e0637:price:5,price,5,2026-10-08,1주일,5.0,60.98500061035156,없음,,,60.98500061035156,56.92873479440543,65.0412664262977,0.7697715289982425,simple,0.0401676165104129,0.0402079602336482,0.0,0.0,0.0,,,,,,,,,,,,,,pending,False,2026-10-02T02:40:40.543625+00:00
3,20261002T024021_f2724e1e0637,2026-10-02T02:40:40.124461+00:00,github-actions,823ac12bac50,2026-10-02,2026-10-01,d3811e82b9eacfd36d5d,9b0b1adcafba0fea37db,close_to_close,0.0067460171111164,{},,disabled,,,,,Ridge,20261002T024021_f2724e1e0637:price:20,price,20,2026-10-29,1개월,20.0,60.98500061035156,없음,,,60.98500061035156,52.24624599824202,69.72375522246111,0.8077601410934744,simple,0.076934643353654,0.0774691880648456,0.0,0.0,0.0,,,,,,,,,,,,,,pending,False,2026-10-02T02:40:40.543625+00:00
3,20261002T030222_59a8c0dbb4a2,2026-10-02T03:02:45.603152+00:00,github-actions,823ac12bac50,2026-10-02,2026-10-01,24f2c5f8d55af6519fca,9b0b1adcafba0fea37db,close_to_close,0.0067618408723768,{},,disabled,상승,0.336262864559873,0.2980481632980892,0.3656889721420377,Logistic,20261002T030222_59a8c0dbb4a2:direction:Logistic,direction,1,2026-10-02,,,,,,,,,,,,,,,,,61.55500030517578,59.97700119018555,-0.012317781848184328,0.0,0.0,,,,,,,1.0898620898838214,0.66310811695393,scored,False,2026-10-05T00:00:38.288778+00:00
3,20261002T030222_59a8c0dbb4a2,2026-10-02T03:02:45.603152+00:00,github-actions,823ac12bac50,2026-10-02,2026-10-01,24f2c5f8d55af6519fca,9b0b1adcafba0fea37db,close_to_close,0.0067618408723768,{},,disabled,,,,,Ridge,20261002T030222_59a8c0dbb4a2:price:1,price,1,2026-10-02,1거래일,1.0,61.060001373291016,없음,,,61.060001373291016,59.36681313157907,62.75318961500296,0.7917398945518453,simple,0.0169465929926184,0.0169848041957598,0.0,0.0,0.0,61.55500030517578,59.97700119018555,-0.017736655072844387,,,,,,,1.0,1.0830001831054688,,,scored,False,2026-10-05T00:00:38.288778+00:00
3,20261002T030222_59a8c0dbb4a2,2026-10-02T03:02:45.603152+00:00,github-actions,823ac12bac50,2026-10-02,2026-10-01,24f2c5f8d55af6519fca,9b0b1adcafba0fea37db,close_to_close,0.0067618408723768,{},,disabled,,,,,Ridge,20261002T030222_59a8c0dbb4a2:price:5,price,5,2026-10-08,1주일,5.0,61.060001373291016,없음,,,61.060001373291016,56.98922080708844,65.1307819394936,0.7697715289982425,simple,0.0401665778972432,0.0402069216442677,0.0,0.0,0.0,,,,,,,,,,,,,,pending,False,2026-10-02T03:02:46.278783+00:00
3,20261002T030222_59a8c0dbb4a2,2026-10-02T03:02:45.603152+00:00,github-actions,823ac12bac50,2026-10-02,2026-10-01,24f2c5f8d55af6519fca,9b0b1adcafba0fea37db,close_to_close,0.0067618408723768,{},,disabled,,,,,Ridge,20261002T030222_59a8c0dbb4a2:price:20,price,20,2026-10-29,1개월,20.0,61.060001373291016,없음,,,61.060001373291016,52.28997641389592,69.8300263326861,0.8077601410934744,simple,0.0769336216614119,0.0774681661987491,0.0,0.0,0.0,,,,,,,,,,,,,,pending,False,2026-10-02T03:02:46.278783+00:00
3,20261002T102332_300839bba194,2026-10-02T10:23:45.367212+00:00,github-actions,823ac12bac50,2026-10-02,2026-10-01,54b5213f2fd38818315a,9b0b1adcafba0fea37db,close_to_close,0.0066989765840966,{},,disabled,상승,0.3351763271602281,0.2993089182001582,0.3655147546396136,Logistic,20261002T102332_300839bba194:direction:Logistic,direction,1,2026-10-02,,,,,,,,,,,,,,,,,61.55500030517578,59.97700119018555,-0.012317781848184328,0.0,0.0,,,,,,,1.0930985358984784,0.6651773803415699,scored,False,2026-10-05T00:00:38.288778+00:00
3,20261002T102332_300839bba194,2026-10-02T10:23:45.367212+00:00,github-actions,823ac12bac50,2026-10-02,2026-10-01,54b5213f2fd38818315a,9b0b1adcafba0fea37db,close_to_close,0.0066989765840966,{},,disabled,,,,,Ridge,20261002T102332_300839bba194:price:1,price,1,2026-10-02,1거래일,1.0,60.72499847412109,없음,,,60.72499847412109,59.056754901726336,62.39324204651585,0.7917398945518453,simple,0.0169416946793745,0.0169799058855313,0.0,0.0,0.0,61.55500030517578,59.97700119018555,-0.012317781848184217,,,,,,,1.0,0.7479972839355398,,,scored,False,2026-10-05T00:00:38.288778+00:00
3,20261002T102332_300839bba194,2026-10-02T10:23:45.367212+00:00,github-actions,823ac12bac50,2026-10-02,2026-10-01,54b5213f2fd38818315a,9b0b1adcafba0fea37db,close_to_close,0.0066989765840966,{},,disabled,,,,,Ridge,20261002T102332_300839bba194:price:5,price,5,2026-10-08,1주일,5.0,60.72499847412109,없음,,,60.72499847412109,56.71419013816747,64.73580681007472,0.7697715289982425,simple,0.0401712169432158,0.0402115606697908,0.0,0.0,0.0,,,,,,,,,,,,,,pending,False,2026-10-02T10:23:46.049035+00:00
3,20261002T102332_300839bba194,2026-10-02T10:23:45.367212+00:00,github-actions,823ac12bac50,2026-10-02,2026-10-01,54b5213f2fd38818315a,9b0b1adcafba0fea37db,close_to_close,0.0066989765840966,{},,disabled,,,,,Ridge,20261002T102332_300839bba194:price:20,price,20,2026-10-29,1개월,20.0,60.72499847412109,없음,,,60.72499847412109,52.08417673450175,69.36582021374045,0.8077601410934744,simple,0.0769381860026076,0.07747273052705,0.0,0.0,0.0,,,,,,,,,,,,,,pending,False,2026-10-02T10:23:46.049035+00:00
3,20261002T104729_d81fce165913,2026-10-02T10:47:45.154409+00:00,github-actions,823ac12bac50,2026-10-02,2026-10-01,54b5213f2fd38818315a,9b0b1adcafba0fea37db,close_to_close,0.0066989765840966,{},,disabled,상승,0.3351763271602281,0.2993089182001582,0.3655147546396136,Logistic,20261002T104729_d81fce165913:direction:Logistic,direction,1,2026-10-02,,,,,,,,,,,,,,,,,61.55500030517578,59.97700119018555,-0.012317781848184328,0.0,0.0,,,,,,,1.0930985358984784,0.6651773803415699,scored,False,2026-10-05T00:00:38.288778+00:00
3,20261002T104729_d81fce165913,2026-10-02T10:47:45.154409+00:00,github-actions,823ac12bac50,2026-10-02,2026-10-01,54b5213f2fd38818315a,9b0b1adcafba0fea37db,close_to_close,0.0066989765840966,{},,disabled,,,,,Ridge,20261002T104729_d81fce165913:price:1,price,1,2026-10-02,1거래일,1.0,60.72499847412109,없음,,,60.72499847412109,59.056754901726336,62.39324204651585,0.7917398945518453,simple,0.0169416946737632,0.0169799058855313,0.0,0.0,0.0,61.55500030517578,59.97700119018555,-0.012317781848184217,,,,,,,1.0,0.7479972839355398,,,scored,False,2026-10-05T00:00:38.288778+00:00
3,20261002T104729_d81fce165913,2026-10-02T10:47:45.154409+00:00,github-actions,823ac12bac50,2026-10-02,2026-10-01,54b5213f2fd38818315a,9b0b1adcafba0fea37db,close_to_close,0.0066989765840966,{},,disabled,,,,,Ridge,20261002T104729_d81fce165913:price:5,price,5,2026-10-08,1주일,5.0,60.72499847412109,없음,,,60.72499847412109,56.71419013816747,64.73580681007472,0.7697715289982425,simple,0.0401712169465555,0.0402115606697908,0.0,0.0,0.0,,,,,,,,,,,,,,pending,False,2026-10-02T10:47:45.724563+00:00
3,20261002T104729_d81fce165913,2026-10-02T10:47:45.154409+00:00,github-actions,823ac12bac50,2026-10-02,2026-10-01,54b5213f2fd38818315a,9b0b1adcafba0fea37db,close_to_close,0.0066989765840966,{},,disabled,,,,,Ridge,20261002T104729_d81fce165913:price:20,price,20,2026-10-29,1개월,20.0,60.72499847412109,없음,,,60.72499847412109,52.08417673450175,69.36582021374045,0.8077601410934744,simple,0.0769381858158585,0.07747273052705,0.0,0.0,0.0,,,,,,,,,,,,,,pending,False,2026-10-02T10:47:45.724563+00:00
3,20261002T130032_628e26a8ff35,2026-10-02T13:00:56.216134+00:00,github-actions,823ac12bac50,2026-10-02,2026-10-01,54b5213f2fd38818315a,9b0b1adcafba0fea37db,close_to_close,0.0066989765840966,{},,disabled,상승,0.3351763271602281,0.2993089182001582,0.3655147546396136,Logistic,20261002T130032_628e26a8ff35:direction:Logistic,direction,1,2026-10-02,,,,,,,,,,,,,,,,,61.55500030517578,59.97700119018555,-0.012317781848184328,0.0,0.0,,,,,,,1.0930985358984784,0.6651773803415699,scored,False,2026-10-05T00:00:38.288778+00:00
3,20261002T130032_628e26a8ff35,2026-10-02T13:00:56.216134+00:00,github-actions,823ac12bac50,2026-10-02,2026-10-01,54b5213f2fd38818315a,9b0b1adcafba0fea37db,close_to_close,0.0066989765840966,{},,disabled,,,,,Ridge,20261002T130032_628e26a8ff35:price:1,price,1,2026-10-02,1거래일,1.0,60.72499847412109,없음,,,60.72499847412109,59.056754901726336,62.39324204651585,0.7917398945518453,simple,0.0169416946823899,0.0169799058855313,0.0,0.0,0.0,61.55500030517578,59.97700119018555,-0.012317781848184217,,,,,,,1.0,0.7479972839355398,,,scored,False,2026-10-05T00:00:38.288778+00:00
3,20261002T130032_628e26a8ff35,2026-10-02T13:00:56.216134+00:00,github-actions,823ac12bac50,2026-10-02,2026-10-01,54b5213f2fd38818315a,9b0b1adcafba0fea37db,close_to_close,0.0066989765840966,{},,disabled,,,,,Ridge,20261002T130032_628e26a8ff35:price:5,price,5,2026-10-08,1주일,5.0,60.72499847412109,없음,,,60.72499847412109,56.71419013816747,64.73580681007472,0.7697715289982425,simple,0.0401712169227663,0.0402115606697908,0.0,0.0,0.0,,,,,,,,,,,,,,pending,False,2026-10-02T13:00:56.480001+00:00
3,20261002T130032_628e26a8ff35,2026-10-02T13:00:56.216134+00:00,github-actions,823ac12bac50,2026-10-02,2026-10-01,54b5213f2fd38818315a,9b0b1adcafba0fea37db,close_to_close,0.0066989765840966,{},,disabled,,,,,Ridge,20261002T130032_628e26a8ff35:price:20,price,20,2026-10-29,1개월,20.0,60.72499847412109,없음,,,60.72499847412109,52.08417673450175,69.36582021374045,0.8077601410934744,simple,0.0769381859897128,0.07747273052705,0.0,0.0,0.0,,,,,,,,,,,,,,pending,False,2026-10-02T13:00:56.480001+00:00
3,20261002T134228_dd02f7719a35,2026-10-02T13:42:46.013395+00:00,github-actions,823ac12bac50,2026-10-02,2026-10-01,54b5213f2fd38818315a,9b0b1adcafba0fea37db,close_to_close,0.0066989765840966,{},,disabled,상승,0.3351763271602281,0.2993089182001582,0.3655147546396136,Logistic,20261002T134228_dd02f7719a35:direction:Logistic,direction,1,2026-10-02,,,,,,,,,,,,,,,,,61.55500030517578,59.97700119018555,-0.012317781848184328,0.0,0.0,,,,,,,1.0930985358984784,0.6651773803415699,scored,False,2026-10-05T00:00:38.288778+00:00
3,20261002T134228_dd02f7719a35,2026-10-02T13:42:46.013395+00:00,github-actions,823ac12bac50,2026-10-02,2026-10-01,54b5213f2fd38818315a,9b0b1adcafba0fea37db,close_to_close,0.0066989765840966,{},,disabled,,,,,Ridge,20261002T134228_dd02f7719a35:price:1,price,1,2026-10-02,1거래일,1.0,60.72499847412109,없음,,,60.72499847412109,59.056754901726336,62.39324204651585,0.7917398945518453,simple,0.0169416946793745,0.0169799058855313,0.0,0.0,0.0,61.55500030517578,59.97700119018555,-0.012317781848184217,,,,,,,1.0,0.7479972839355398,,,scored,False,2026-10-05T00:00:38.288778+00:00
3,20261002T134228_dd02f7719a35,2026-10-02T13:42:46.013395+00:00,github-actions,823ac12bac50,2026-10-02,2026-10-01,54b5213f2fd38818315a,9b0b1adcafba0fea37db,close_to_close,0.0066989765840966,{},,disabled,,,,,Ridge,20261002T134228_dd02f7719a35:price:5,price,5,2026-10-08,1주일,5.0,60.72499847412109,없음,,,60.72499847412109,56.71419013816747,64.73580681007472,0.7697715289982425,simple,0.0401712169432158,0.0402115606697908,0.0,0.0,0.0,,,,,,,,,,,,,,pending,False,2026-10-02T13:42:46.698214+00:00
3,20261002T134228_dd02f7719a35,2026-10-02T13:42:46.013395+00:00,github-actions,823ac12bac50,2026-10-02,2026-10-01,54b5213f2fd38818315a,9b0b1adcafba0fea37db,close_to_close,0.0066989765840966,{},,disabled,,,,,Ridge,20261002T134228_dd02f7719a35:price:20,price,20,2026-10-29,1개월,20.0,60.72499847412109,없음,,,60.72499847412109,52.08417673450175,69.36582021374045,0.8077601410934744,simple,0.0769381860026076,0.07747273052705,0.0,0.0,0.0,,,,,,,,,,,,,,pending,False,2026-10-02T13:42:46.698214+00:00
3,20261003T134644_71e12c86a428,2026-10-03T13:47:05.534874+00:00,github-actions,823ac12bac50,2026-10-05,2026-10-02,cb4ab1f397bdddb2ab9e,9b0b1adcafba0fea37db,close_to_close,0.0061670707575115,{},,disabled,상승,0.3250287491173822,0.3098483221200904,0.3651229287625273,Logistic,20261003T134644_71e12c86a428:direction:Logistic,direction,1,2026-10-05,,,,,,,,,,,,,,,,,61.52000045776367,60.86899948120117,0.014872338951844588,2.0,1.0,,,,,,,1.0075211909708357,0.6047185660565166,scored,True,2026-10-06T06:31:33.777911+00:00
3,20261003T134644_71e12c86a428,2026-10-03T13:47:05.534874+00:00,github-actions,823ac12bac50,2026-10-05,2026-10-02,cb4ab1f397bdddb2ab9e,9b0b1adcafba0fea37db,close_to_close,0.0061670707575115,{},,disabled,,,,,Ridge,20261003T134644_71e12c86a428:price:1,price,1,2026-10-05,1거래일,1.0,59.97700119018555,없음,,,59.97700119018555,58.460135365278376,61.49386701509271,0.7917398945518453,simple,0.01694238679766,0.0169806660839025,0.0,0.0,0.0,61.52000045776367,60.86899948120117,0.014872338951844588,,,,,,,1.0,-0.891998291015625,,,scored,True,2026-10-06T06:31:33.777911+00:00
3,20261003T134644_71e12c86a428,2026-10-03T13:47:05.534874+00:00,github-actions,823ac12bac50,2026-10-05,2026-10-02,cb4ab1f397bdddb2ab9e,9b0b1adcafba0fea37db,close_to_close,0.0061670707575115,{},,disabled,,,,,Ridge,20261003T134644_71e12c86a428:price:5,price,5,2026-10-09,1주일,5.0,59.97700119018555,없음,,,59.97700119018555,56.3301367899664,63.62386559040471,0.7688927943760984,simple,0.0402182735513217,0.0402521280472036,0.0,0.0,0.0,,,,,,,,,,,,,,pending,True,2026-10-03T13:47:06.242605+00:00
3,20261003T134644_71e12c86a428,2026-10-03T13:47:05.534874+00:00,github-actions,823ac12bac50,2026-10-05,2026-10-02,cb4ab1f397bdddb2ab9e,9b0b1adcafba0fea37db,close_to_close,0.0061670707575115,{},,disabled,,,,,Ridge,20261003T134644_71e12c86a428:price:20,price,20,2026-10-30,1개월,20.0,59.97700119018555,없음,,,59.97700119018555,52.12025448195246,67.83374789841864,0.8077601410934744,simple,0.0770008122566531,0.0775365966955925,0.0,0.0,0.0,,,,,,,,,,,,,,pending,True,2026-10-03T13:47:06.242605+00:00
3,20261004T072616_67e6b2cd0a9c,2026-10-04T07:26:37.624545+00:00,github-actions,823ac12bac50,2026-10-05,2026-10-02,d210d17a1a80229cca68,9b0b1adcafba0fea37db,close_to_close,0.0061471249566365,{},,disabled,상승,0.3260159651748794,0.3105043024799006,0.3634797323452199,Logistic,20261004T072616_67e6b2cd0a9c:direction:Logistic,direction,1,2026-10-05,,,,,,,,,,,,,,,,,61.52000045776367,60.86899948120117,0.014872338951844588,2.0,1.0,,,,,,,1.012031740522545,0.6078573825427507,scored,True,2026-10-06T06:31:33.777911+00:00
3,20261004T072616_67e6b2cd0a9c,2026-10-04T07:26:37.624545+00:00,github-actions,823ac12bac50,2026-10-05,2026-10-02,d210d17a1a80229cca68,9b0b1adcafba0fea37db,close_to_close,0.0061471249566365,{},,disabled,,,,,Ridge,20261004T072616_67e6b2cd0a9c:price:1,price,1,2026-10-05,1거래일,1.0,60.415000915527344,없음,,,60.415000915527344,58.89199946936165,61.93800236169304,0.7917398945518453,simple,0.016936048617814,0.0169743279112748,0.0,0.0,0.0,61.52000045776367,60.86899948120117,0.00751466620531227,,,,,,,1.0,-0.4539985656738281,,,scored,True,2026-10-06T06:31:33.777911+00:00
3,20261004T072616_67e6b2cd0a9c,2026-10-04T07:26:37.624545+00:00,github-actions,823ac12bac50,2026-10-05,2026-10-02,d210d17a1a80229cca68,9b0b1adcafba0fea37db,close_to_close,0.0061471249566365,{},,disabled,,,,,Ridge,20261004T072616_67e6b2cd0a9c:price:5,price,5,2026-10-09,1주일,5.0,60.415000915527344,없음,,,60.415000915527344,56.753385191642295,64.07661663941239,0.7697715289982425,simple,0.0402122826637669,0.0402461371450837,0.0,0.0,0.0,,,,,,,,,,,,,,pending,True,2026-10-04T07:26:37.916976+00:00
3,20261004T072616_67e6b2cd0a9c,2026-10-04T07:26:37.624545+00:00,github-actions,823ac12bac50,2026-10-05,2026-10-02,d210d17a1a80229cca68,9b0b1adcafba0fea37db,close_to_close,0.0061471249566365,{},,disabled,,,,,Ridge,20261004T072616_67e6b2cd0a9c:price:20,price,20,2026-10-30,1개월,20.0,60.415000915527344,없음,,,60.415000915527344,52.52647419001498,68.30352764103971,0.8077601410934744,simple,0.0769950451734695,0.0775308295484361,0.0,0.0,0.0,,,,,,,,,,,,,,pending,True,2026-10-04T07:26:37.916976+00:00
3,20261004T082356_40a109175266,2026-10-04T08:24:18.069655+00:00,github-actions,823ac12bac50,2026-10-05,2026-10-02,d210d17a1a80229cca68,9b0b1adcafba0fea37db,close_to_close,0.0061471249566365,{},,disabled,상승,0.3260159606999511,0.3105042982178869,0.3634797410821619,Logistic,20261004T082356_40a109175266:direction:Logistic,direction,1,2026-10-05,,,,,,,,,,,,,,,,,61.52000045776367,60.86899948120117,0.014872338951844588,2.0,1.0,,,,,,,1.0120317164856014,0.607857365855726,scored,True,2026-10-06T06:31:33.777911+00:00
3,20261004T082356_40a109175266,2026-10-04T08:24:18.069655+00:00,github-actions,823ac12bac50,2026-10-05,2026-10-02,d210d17a1a80229cca68,9b0b1adcafba0fea37db,close_to_close,0.0061471249566365,{},,disabled,,,,,Ridge,20261004T082356_40a109175266:price:1,price,1,2026-10-05,1거래일,1.0,60.415000915527344,없음,,,60.415000915527344,58.89199946936165,61.93800236169304,0.7917398945518453,simple,0.0169360486250323,0.0169743279112748,0.0,0.0,0.0,61.52000045776367,60.86899948120117,0.00751466620531227,,,,,,,1.0,-0.4539985656738281,,,scored,True,2026-10-06T06:31:33.777911+00:00
3,20261004T082356_40a109175266,2026-10-04T08:24:18.069655+00:00,github-actions,823ac12bac50,2026-10-05,2026-10-02,d210d17a1a80229cca68,9b0b1adcafba0fea37db,close_to_close,0.0061471249566365,{},,disabled,,,,,Ridge,20261004T082356_40a109175266:price:5,price,5,2026-10-09,1주일,5.0,60.415000915527344,없음,,,60.415000915527344,56.753385191642295,64.07661663941239,0.7697715289982425,simple,0.0402122826492018,0.0402461371450837,0.0,0.0,0.0,,,,,,,,,,,,,,pending,True,2026-10-04T08:24:18.634067+00:00
3,20261004T082356_40a109175266,2026-10-04T08:24:18.069655+00:00,github-actions,823ac12bac50,2026-10-05,2026-10-02,d210d17a1a80229cca68,9b0b1adcafba0fea37db,close_to_close,0.0061471249566365,{},,disabled,,,,,Ridge,20261004T082356_40a109175266:price:20,price,20,2026-10-30,1개월,20.0,60.415000915527344,없음,,,60.415000915527344,52.52647419001498,68.30352764103971,0.8077601410934744,simple,0.0769950451094967,0.0775308295484361,0.0,0.0,0.0,,,,,,,,,,,,,,pending,True,2026-10-04T08:24:18.634067+00:00
3,20261004T094443_3eba517f6bd9,2026-10-04T09:45:02.755488+00:00,github-actions,823ac12bac50,2026-10-05,2026-10-02,cb4ab1f397bdddb2ab9e,9b0b1adcafba0fea37db,close_to_close,0.0061670707575115,{},,disabled,상승,0.3253832721224222,0.3076094978533475,0.3670072300242302,Logistic,20261004T094443_3eba517f6bd9:direction:Logistic,direction,1,2026-10-05,,,,,,,,,,,,,,,,,61.52000045776367,60.86899948120117,0.014872338951844588,2.0,1.0,,,,,,,1.0023737307831138,0.6011777237882807,scored,True,2026-10-06T06:31:33.777911+00:00
3,20261004T094443_3eba517f6bd9,2026-10-04T09:45:02.755488+00:00,github-actions,823ac12bac50,2026-10-05,2026-10-02,cb4ab1f397bdddb2ab9e,9b0b1adcafba0fea37db,close_to_close,0.0061670707575115,{},,disabled,,,,,Ridge,20261004T094443_3eba517f6bd9:price:1,price,1,2026-10-05,1거래일,1.0,59.97700119018555,없음,,,59.97700119018555,58.460135365278376,61.49386701509271,0.7917398945518453,simple,0.0169423867904418,0.0169806660839025,0.0,0.0,0.0,61.52000045776367,60.86899948120117,0.014872338951844588,,,,,,,1.0,-0.891998291015625,,,scored,True,2026-10-06T06:31:33.777911+00:00
3,20261004T094443_3eba517f6bd9,2026-10-04T09:45:02.755488+00:00,github-actions,823ac12bac50,2026-10-05,2026-10-02,cb4ab1f397bdddb2ab9e,9b0b1adcafba0fea37db,close_to_close,0.0061670707575115,{},,disabled,,,,,Ridge,20261004T094443_3eba517f6bd9:price:5,price,5,2026-10-09,1주일,5.0,59.97700119018555,없음,,,59.97700119018555,56.3301367899664,63.62386559040471,0.7688927943760984,simple,0.0402182735658868,0.0402521280472036,0.0,0.0,0.0,,,,,,,,,,,,,,pending,True,2026-10-04T09:45:03.165729+00:00
3,20261004T094443_3eba517f6bd9,2026-10-04T09:45:02.755488+00:00,github-actions,823ac12bac50,2026-10-05,2026-10-02,cb4ab1f397bdddb2ab9e,9b0b1adcafba0fea37db,close_to_close,0.0061670707575115,{},,disabled,,,,,Ridge,20261004T094443_3eba517f6bd9:price:20,price,20,2026-10-30,1개월,20.0,59.97700119018555,없음,,,59.97700119018555,52.12025448195246,67.83374789841864,0.8077601410934744,simple,0.0770008123206259,0.0775365966955925,0.0,0.0,0.0,,,,,,,,,,,,,,pending,True,2026-10-04T09:45:03.165729+00:00
3,20261004T110703_596c330318e2,2026-10-04T11:07:25.038306+00:00,github-actions,823ac12bac50,2026-10-05,2026-10-02,d210d17a1a80229cca68,9b0b1adcafba0fea37db,close_to_close,0.0061471249566365,{},,disabled,상승,0.3260159651748794,0.3105043024799006,0.3634797323452199,Logistic,20261004T110703_596c330318e2:direction:Logistic,direction,1,2026-10-05,,,,,,,,,,,,,,,,,61.52000045776367,60.86899948120117,0.014872338951844588,2.0,1.0,,,,,,,1.012031740522545,0.6078573825427507,scored,True,2026-10-06T06:31:33.777911+00:00
3,20261004T110703_596c330318e2,2026-10-04T11:07:25.038306+00:00,github-actions,823ac12bac50,2026-10-05,2026-10-02,d210d17a1a80229cca68,9b0b1adcafba0fea37db,close_to_close,0.0061471249566365,{},,disabled,,,,,Ridge,20261004T110703_596c330318e2:price:1,price,1,2026-10-05,1거래일,1.0,60.415000915527344,없음,,,60.415000915527344,58.89199946936165,61.93800236169304,0.7917398945518453,simple,0.016936048617814,0.0169743279112748,0.0,0.0,0.0,61.52000045776367,60.86899948120117,0.00751466620531227,,,,,,,1.0,-0.4539985656738281,,,scored,True,2026-10-06T06:31:33.777911+00:00
3,20261004T110703_596c330318e2,2026-10-04T11:07:25.038306+00:00,github-actions,823ac12bac50,2026-10-05,2026-10-02,d210d17a1a80229cca68,9b0b1adcafba0fea37db,close_to_close,0.0061471249566365,{},,disabled,,,,,Ridge,20261004T110703_596c330318e2:price:5,price,5,2026-10-09,1주일,5.0,60.415000915527344,없음,,,60.415000915527344,56.753385191642295,64.07661663941239,0.7697715289982425,simple,0.0402122826637669,0.0402461371450837,0.0,0.0,0.0,,,,,,,,,,,,,,pending,True,2026-10-04T11:07:25.251620+00:00
3,20261004T110703_596c330318e2,2026-10-04T11:07:25.038306+00:00,github-actions,823ac12bac50,2026-10-05,2026-10-02,d210d17a1a80229cca68,9b0b1adcafba0fea37db,close_to_close,0.0061471249566365,{},,disabled,,,,,Ridge,20261004T110703_596c330318e2:price:20,price,20,2026-10-30,1개월,20.0,60.415000915527344,없음,,,60.415000915527344,52.52647419001498,68.30352764103971,0.8077601410934744,simple,0.0769950451734695,0.0775308295484361,0.0,0.0,0.0,,,,,,,,,,,,,,pending,True,2026-10-04T11:07:25.251620+00:00
3,20261004T112824_025d24886e60,2026-10-04T11:28:41.884809+00:00,github-actions,823ac12bac50,2026-10-05,2026-10-02,d210d17a1a80229cca68,9b0b1adcafba0fea37db,close_to_close,0.0061471249566365,{},,disabled,상승,0.3260159606999511,0.3105042982178869,0.3634797410821619,Logistic,20261004T112824_025d24886e60:direction:Logistic,direction,1,2026-10-05,,,,,,,,,,,,,,,,,61.52000045776367,60.86899948120117,0.014872338951844588,2.0,1.0,,,,,,,1.0120317164856014,0.607857365855726,scored,True,2026-10-06T06:31:33.777911+00:00
3,20261004T112824_025d24886e60,2026-10-04T11:28:41.884809+00:00,github-actions,823ac12bac50,2026-10-05,2026-10-02,d210d17a1a80229cca68,9b0b1adcafba0fea37db,close_to_close,0.0061471249566365,{},,disabled,,,,,Ridge,20261004T112824_025d24886e60:price:1,price,1,2026-10-05,1거래일,1.0,60.415000915527344,없음,,,60.415000915527344,58.89199946936165,61.93800236169304,0.7917398945518453,simple,0.0169360486250323,0.0169743279112748,0.0,0.0,0.0,61.52000045776367,60.86899948120117,0.00751466620531227,,,,,,,1.0,-0.4539985656738281,,,scored,True,2026-10-06T06:31:33.777911+00:00
3,20261004T112824_025d24886e60,2026-10-04T11:28:41.884809+00:00,github-actions,823ac12bac50,2026-10-05,2026-10-02,d210d17a1a80229cca68,9b0b1adcafba0fea37db,close_to_close,0.0061471249566365,{},,disabled,,,,,Ridge,20261004T112824_025d24886e60:price:5,price,5,2026-10-09,1주일,5.0,60.415000915527344,없음,,,60.415000915527344,56.753385191642295,64.07661663941239,0.7697715289982425,simple,0.0402122826492018,0.0402461371450837,0.0,0.0,0.0,,,,,,,,,,,,,,pending,True,2026-10-04T11:28:42.340135+00:00
3,20261004T112824_025d24886e60,2026-10-04T11:28:41.884809+00:00,github-actions,823ac12bac50,2026-10-05,2026-10-02,d210d17a1a80229cca68,9b0b1adcafba0fea37db,close_to_close,0.0061471249566365,{},,disabled,,,,,Ridge,20261004T112824_025d24886e60:price:20,price,20,2026-10-30,1개월,20.0,60.415000915527344,없음,,,60.415000915527344,52.52647419001498,68.30352764103971,0.8077601410934744,simple,0.0769950451094967,0.0775308295484361,0.0,0.0,0.0,,,,,,,,,,,,,,pending,True,2026-10-04T11:28:42.340135+00:00
3,20261004T114912_8e763bc2c44b,2026-10-04T11:49:33.936418+00:00,github-actions,823ac12bac50,2026-10-05,2026-10-02,d210d17a1a80229cca68,9b0b1adcafba0fea37db,close_to_close,0.0061471249566365,{},,disabled,상승,0.3260159651748794,0.3105043024799006,0.3634797323452199,Logistic,20261004T114912_8e763bc2c44b:direction:Logistic,direction,1,2026-10-05,,,,,,,,,,,,,,,,,61.52000045776367,60.86899948120117,0.014872338951844588,2.0,1.0,,,,,,,1.012031740522545,0.6078573825427507,scored,True,2026-10-06T06:31:33.777911+00:00
3,20261004T114912_8e763bc2c44b,2026-10-04T11:49:33.936418+00:00,github-actions,823ac12bac50,2026-10-05,2026-10-02,d210d17a1a80229cca68,9b0b1adcafba0fea37db,close_to_close,0.0061471249566365,{},,disabled,,,,,Ridge,20261004T114912_8e763bc2c44b:price:1,price,1,2026-10-05,1거래일,1.0,60.415000915527344,없음,,,60.415000915527344,58.89199946936165,61.93800236169304,0.7917398945518453,simple,0.016936048617814,0.0169743279112748,0.0,0.0,0.0,61.52000045776367,60.86899948120117,0.00751466620531227,,,,,,,1.0,-0.4539985656738281,,,scored,True,2026-10-06T06:31:33.777911+00:00
3,20261004T114912_8e763bc2c44b,2026-10-04T11:49:33.936418+00:00,github-actions,823ac12bac50,2026-10-05,2026-10-02,d210d17a1a80229cca68,9b0b1adcafba0fea37db,close_to_close,0.0061471249566365,{},,disabled,,,,,Ridge,20261004T114912_8e763bc2c44b:price:5,price,5,2026-10-09,1주일,5.0,60.415000915527344,없음,,,60.415000915527344,56.753385191642295,64.07661663941239,0.7697715289982425,simple,0.0402122826637669,0.0402461371450837,0.0,0.0,0.0,,,,,,,,,,,,,,pending,True,2026-10-04T11:49:34.184809+00:00
3,20261004T114912_8e763bc2c44b,2026-10-04T11:49:33.936418+00:00,github-actions,823ac12bac50,2026-10-05,2026-10-02,d210d17a1a80229cca68,9b0b1adcafba0fea37db,close_to_close,0.0061471249566365,{},,disabled,,,,,Ridge,20261004T114912_8e763bc2c44b:price:20,price,20,2026-10-30,1개월,20.0,60.415000915527344,없음,,,60.415000915527344,52.52647419001498,68.30352764103971,0.8077601410934744,simple,0.0769950451734695,0.0775308295484361,0.0,0.0,0.0,,,,,,,,,,,,,,pending,True,2026-10-04T11:49:34.184809+00:00
3,20261004T212109_d46f76bba3a7,2026-10-04T21:21:24.502232+00:00,github-actions,823ac12bac50,2026-10-05,2026-10-02,d210d17a1a80229cca68,9b0b1adcafba0fea37db,close_to_close,0.0061471249566365,{},,disabled,상승,0.3260159606999511,0.3105042982178869,0.3634797410821619,Logistic,20261004T212109_d46f76bba3a7:direction:Logistic,direction,1,2026-10-05,,,,,,,,,,,,,,,,,61.52000045776367,60.86899948120117,0.014872338951844588,2.0,1.0,,,,,,,1.0120317164856014,0.607857365855726,scored,True,2026-10-06T06:31:33.777911+00:00
3,20261004T212109_d46f76bba3a7,2026-10-04T21:21:24.502232+00:00,github-actions,823ac12bac50,2026-10-05,2026-10-02,d210d17a1a80229cca68,9b0b1adcafba0fea37db,close_to_close,0.0061471249566365,{},,disabled,,,,,Ridge,20261004T212109_d46f76bba3a7:price:1,price,1,2026-10-05,1거래일,1.0,60.415000915527344,없음,,,60.415000915527344,58.89199946936165,61.93800236169304,0.7917398945518453,simple,0.0169360486250323,0.0169743279112748,0.0,0.0,0.0,61.52000045776367,60.86899948120117,0.00751466620531227,,,,,,,1.0,-0.4539985656738281,,,scored,True,2026-10-06T06:31:33.777911+00:00
3,20261004T212109_d46f76bba3a7,2026-10-04T21:21:24.502232+00:00,github-actions,823ac12bac50,2026-10-05,2026-10-02,d210d17a1a80229cca68,9b0b1adcafba0fea37db,close_to_close,0.0061471249566365,{},,disabled,,,,,Ridge,20261004T212109_d46f76bba3a7:price:5,price,5,2026-10-09,1주일,5.0,60.415000915527344,없음,,,60.415000915527344,56.753385191642295,64.07661663941239,0.7697715289982425,simple,0.0402122826492018,0.0402461371450837,0.0,0.0,0.0,,,,,,,,,,,,,,pending,True,2026-10-04T21:21:24.958316+00:00
3,20261004T212109_d46f76bba3a7,2026-10-04T21:21:24.502232+00:00,github-actions,823ac12bac50,2026-10-05,2026-10-02,d210d17a1a80229cca68,9b0b1adcafba0fea37db,close_to_close,0.0061471249566365,{},,disabled,,,,,Ridge,20261004T212109_d46f76bba3a7:price:20,price,20,2026-10-30,1개월,20.0,60.415000915527344,없음,,,60.415000915527344,52.52647419001498,68.30352764103971,0.8077601410934744,simple,0.0769950451094967,0.0775308295484361,0.0,0.0,0.0,,,,,,,,,,,,,,pending,True,2026-10-04T21:21:24.958316+00:00
3,20261005T000023_abdbc3c6efb5,2026-10-05T00:00:38.042791+00:00,github-actions,823ac12bac50,2026-10-05,2026-10-02,cb4ab1f397bdddb2ab9e,9b0b1adcafba0fea37db,close_to_close,0.0061670707575115,{},,disabled,상승,0.3250287491173822,0.3098483221200904,0.3651229287625273,Logistic,20261005T000023_abdbc3c6efb5:direction:Logistic,direction,1,2026-10-05,,,,,,,,,,,,,,,,,61.52000045776367,60.86899948120117,0.014872338951844588,2.0,1.0,,,,,,,1.0075211909708357,0.6047185660565166,scored,False,2026-10-06T06:31:33.777911+00:00
3,20261005T000023_abdbc3c6efb5,2026-10-05T00:00:38.042791+00:00,github-actions,823ac12bac50,2026-10-05,2026-10-02,cb4ab1f397bdddb2ab9e,9b0b1adcafba0fea37db,close_to_close,0.0061670707575115,{},,disabled,,,,,Ridge,20261005T000023_abdbc3c6efb5:price:1,price,1,2026-10-05,1거래일,1.0,59.97700119018555,없음,,,59.97700119018555,58.460135365278376,61.49386701509271,0.7917398945518453,simple,0.0169423867940206,0.0169806660839025,0.0,0.0,0.0,61.52000045776367,60.86899948120117,0.014872338951844588,,,,,,,1.0,-0.891998291015625,,,scored,False,2026-10-06T06:31:33.777911+00:00
3,20261005T000023_abdbc3c6efb5,2026-10-05T00:00:38.042791+00:00,github-actions,823ac12bac50,2026-10-05,2026-10-02,cb4ab1f397bdddb2ab9e,9b0b1adcafba0fea37db,close_to_close,0.0061670707575115,{},,disabled,,,,,Ridge,20261005T000023_abdbc3c6efb5:price:5,price,5,2026-10-09,1주일,5.0,59.97700119018555,없음,,,59.97700119018555,56.3301367899664,63.62386559040471,0.7688927943760984,simple,0.0402182735548734,0.0402521280472036,0.0,0.0,0.0,,,,,,,,,,,,,,pending,False,2026-10-05T00:00:38.288778+00:00
3,20261005T000023_abdbc3c6efb5,2026-10-05T00:00:38.042791+00:00,github-actions,823ac12bac50,2026-10-05,2026-10-02,cb4ab1f397bdddb2ab9e,9b0b1adcafba0fea37db,close_to_close,0.0061670707575115,{},,disabled,,,,,Ridge,20261005T000023_abdbc3c6efb5:price:20,price,20,2026-10-30,1개월,20.0,59.97700119018555,없음,,,59.97700119018555,52.12025448195246,67.83374789841864,0.8077601410934744,simple,0.0770008123185715,0.0775365966955925,0.0,0.0,0.0,,,,,,,,,,,,,,pending,False,2026-10-05T00:00:38.288778+00:00
3,20261005T212628_1c98ea3e523b,2026-10-05T21:26:54.767803+00:00,github-actions,823ac12bac50,2026-10-06,2026-10-05,8ed77aef10244bcb20d8,9b0b1adcafba0fea37db,close_to_close,0.0064299441040577,{},,disabled,하락,0.3599591753699186,0.2872737763882119,0.3527670482418695,Logistic,20261005T212628_1c98ea3e523b:direction:Logistic,direction,1,2026-10-06,,,,,,,,,,,,,,,,,60.91999816894531,61.167999267578125,0.004912185002635017,1.0,0.0,,,,,,,1.2473195932219363,0.7619938680821939,scored,True,2026-10-07T05:38:17.158369+00:00
3,20261005T212628_1c98ea3e523b,2026-10-05T21:26:54.767803+00:00,github-actions,823ac12bac50,2026-10-06,2026-10-05,8ed77aef10244bcb20d8,9b0b1adcafba0fea37db,close_to_close,0.0064299441040577,{},,disabled,,,,,Ridge,20261005T212628_1c98ea3e523b:price:1,price,1,2026-10-06,1거래일,1.0,61.400001525878906,없음,,,61.400001525878906,59.78209582931802,63.01790722243979,0.7910447761194029,simple,0.0169476164006332,0.0169865880334936,0.0,0.0,0.0,60.91999816894531,61.167999267578125,-0.0037785383149053775,,,,,,,1.0,0.23200225830078125,,,scored,True,2026-10-07T05:38:17.158369+00:00
3,20261005T212628_1c98ea3e523b,2026-10-05T21:26:54.767803+00:00,github-actions,823ac12bac50,2026-10-06,2026-10-05,8ed77aef10244bcb20d8,9b0b1adcafba0fea37db,close_to_close,0.0064299441040577,{},,disabled,,,,,Ridge,20261005T212628_1c98ea3e523b:price:5,price,5,2026-10-12,1주일,5.0,61.400001525878906,없음,,,61.400001525878906,57.50747557958616,65.29252747217166,0.7688927943760984,simple,0.0402124472715215,0.0402438580571273,0.0,0.0,0.0,,,,,,,,,,,,,,pending,True,2026-10-05T21:26:55.100780+00:00
3,20261005T212628_1c98ea3e523b,2026-10-05T21:26:54.767803+00:00,github-actions,823ac12bac50,2026-10-06,2026-10-05,8ed77aef10244bcb20d8,9b0b1adcafba0fea37db,close_to_close,0.0064299441040577,{},,disabled,,,,,Ridge,20261005T212628_1c98ea3e523b:price:20,price,20,2026-11-02,1개월,20.0,61.400001525878906,없음,,,61.400001525878906,53.01400548681322,69.7859975649446,0.8077601410934744,simple,0.0770573288540053,0.0775958402399714,0.0,0.0,0.0,,,,,,,,,,,,,,pending,True,2026-10-05T21:26:55.100780+00:00
3,20261005T220715_013488342ece,2026-10-05T22:07:42.948604+00:00,github-actions,823ac12bac50,2026-10-06,2026-10-05,8ed77aef10244bcb20d8,9b0b1adcafba0fea37db,close_to_close,0.0064299441040577,{},,disabled,하락,0.359977543156626,0.2872684731666919,0.3527539836766819,Logistic,20261005T220715_013488342ece:direction:Logistic,direction,1,2026-10-06,,,,,,,,,,,,,,,,,60.91999816894531,61.167999267578125,0.004912185002635017,1.0,0.0,,,,,,,1.2473380539061565,0.762005433918988,scored,True,2026-10-07T05:38:17.158369+00:00
3,20261005T220715_013488342ece,2026-10-05T22:07:42.948604+00:00,github-actions,823ac12bac50,2026-10-06,2026-10-05,8ed77aef10244bcb20d8,9b0b1adcafba0fea37db,close_to_close,0.0064299441040577,{},,disabled,,,,,Ridge,20261005T220715_013488342ece:price:1,price,1,2026-10-06,1거래일,1.0,61.400001525878906,없음,,,61.400001525878906,59.78209582931802,63.01790722243979,0.7910447761194029,simple,0.0169476164006332,0.0169865880334936,0.0,0.0,0.0,60.91999816894531,61.167999267578125,-0.0037785383149053775,,,,,,,1.0,0.23200225830078125,,,scored,True,2026-10-07T05:38:17.158369+00:00
3,20261005T220715_013488342ece,2026-10-05T22:07:42.948604+00:00,github-actions,823ac12bac50,2026-10-06,2026-10-05,8ed77aef10244bcb20d8,9b0b1adcafba0fea37db,close_to_close,0.0064299441040577,{},,disabled,,,,,Ridge,20261005T220715_013488342ece:price:5,price,5,2026-10-12,1주일,5.0,61.400001525878906,없음,,,61.400001525878906,57.50747557958616,65.29252747217166,0.7688927943760984,simple,0.0402124472715215,0.0402438580571273,0.0,0.0,0.0,,,,,,,,,,,,,,pending,True,2026-10-05T22:07:43.346503+00:00
3,20261005T220715_013488342ece,2026-10-05T22:07:42.948604+00:00,github-actions,823ac12bac50,2026-10-06,2026-10-05,8ed77aef10244bcb20d8,9b0b1adcafba0fea37db,close_to_close,0.0064299441040577,{},,disabled,,,,,Ridge,20261005T220715_013488342ece:price:20,price,20,2026-11-02,1개월,20.0,61.400001525878906,없음,,,61.400001525878906,53.01400548681322,69.7859975649446,0.8077601410934744,simple,0.0770573288540053,0.0775958402399714,0.0,0.0,0.0,,,,,,,,,,,,,,pending,True,2026-10-05T22:07:43.346503+00:00
3,20261005T224702_abc4be035939,2026-10-05T22:47:26.900414+00:00,github-actions,823ac12bac50,2026-10-06,2026-10-05,efe700980b75488d1be9,9b0b1adcafba0fea37db,close_to_close,0.0064468358964486,{},,disabled,하락,0.3609283008705262,0.28656277743712,0.3525089216923537,Logistic,20261005T224702_abc4be035939:direction:Logistic,direction,1,2026-10-06,,,,,,,,,,,,,,,,,60.91999816894531,61.167999267578125,0.004912185002635017,1.0,0.0,,,,,,,1.2497976483761137,0.7635244487802275,scored,True,2026-10-07T05:38:17.158369+00:00
3,20261005T224702_abc4be035939,2026-10-05T22:47:26.900414+00:00,github-actions,823ac12bac50,2026-10-06,2026-10-05,efe700980b75488d1be9,9b0b1adcafba0fea37db,close_to_close,0.0064468358964486,{},,disabled,,,,,Ridge,20261005T224702_abc4be035939:price:1,price,1,2026-10-06,1거래일,1.0,61.45000076293945,없음,,,61.45000076293945,59.82652379150635,63.07347773437256,0.7910447761194029,simple,0.0169483483059565,0.0169873199388169,0.0,0.0,0.0,60.91999816894531,61.167999267578125,-0.004589121104314198,,,,,,,1.0,0.2820014953613281,,,scored,True,2026-10-07T05:38:17.158369+00:00
3,20261005T224702_abc4be035939,2026-10-05T22:47:26.900414+00:00,github-actions,823ac12bac50,2026-10-06,2026-10-05,efe700980b75488d1be9,9b0b1adcafba0fea37db,close_to_close,0.0064468358964486,{},,disabled,,,,,Ridge,20261005T224702_abc4be035939:price:5,price,5,2026-10-12,1주일,5.0,61.45000076293945,없음,,,61.45000076293945,57.5440708635979,65.355930662281,0.7688927943760984,simple,0.0402131649464612,0.040244575732067,0.0,0.0,0.0,,,,,,,,,,,,,,pending,True,2026-10-05T22:47:27.142299+00:00
3,20261005T224702_abc4be035939,2026-10-05T22:47:26.900414+00:00,github-actions,823ac12bac50,2026-10-06,2026-10-05,efe700980b75488d1be9,9b0b1adcafba0fea37db,close_to_close,0.0064468358964486,{},,disabled,,,,,Ridge,20261005T224702_abc4be035939:price:20,price,20,2026-11-02,1개월,20.0,61.45000076293945,없음,,,61.45000076293945,53.03512746043969,69.86487406543921,0.8077601410934744,simple,0.077056661283337,0.0775951726693031,0.0,0.0,0.0,,,,,,,,,,,,,,pending,True,2026-10-05T22:47:27.142299+00:00
3,20261005T230634_bd0d3a8b43bb,2026-10-05T23:06:56.311018+00:00,github-actions,823ac12bac50,2026-10-06,2026-10-05,5305d3b6bad9527a53e7,9b0b1adcafba0fea37db,close_to_close,0.0064332866103694,{},,disabled,하락,0.3602656519649708,0.2874496921222711,0.352284655912758,Logistic,20261005T230634_bd0d3a8b43bb:direction:Logistic,direction,1,2026-10-06,,,,,,,,,,,,,,,,,60.91999816894531,61.167999267578125,0.004912185002635017,1.0,0.0,,,,,,,1.2467074179787399,0.7616237600339621,scored,True,2026-10-07T05:38:17.158369+00:00
3,20261005T230634_bd0d3a8b43bb,2026-10-05T23:06:56.311018+00:00,github-actions,823ac12bac50,2026-10-06,2026-10-05,5305d3b6bad9527a53e7,9b0b1adcafba0fea37db,close_to_close,0.0064332866103694,{},,disabled,,,,,Ridge,20261005T230634_bd0d3a8b43bb:price:1,price,1,2026-10-06,1거래일,1.0,61.40999984741211,없음,,,61.40999984741211,59.79098951249326,63.02901018233096,0.7910447761194029,simple,0.0169477627607981,0.016986734392222,0.0,0.0,0.0,60.91999816894531,61.167999267578125,-0.003940735717884558,,,,,,,1.0,0.24200057983398438,,,scored,True,2026-10-07T05:38:17.158369+00:00
3,20261005T230634_bd0d3a8b43bb,2026-10-05T23:06:56.311018+00:00,github-actions,823ac12bac50,2026-10-06,2026-10-05,5305d3b6bad9527a53e7,9b0b1adcafba0fea37db,close_to_close,0.0064332866103694,{},,disabled,,,,,Ridge,20261005T230634_bd0d3a8b43bb:price:5,price,5,2026-10-12,1주일,5.0,61.40999984741211,없음,,,61.40999984741211,57.5148162471666,65.30518344765763,0.7688927943760984,simple,0.0402125908106173,0.0402440015702132,0.0,0.0,0.0,,,,,,,,,,,,,,pending,True,2026-10-05T23:06:57.020613+00:00
3,20261005T230634_bd0d3a8b43bb,2026-10-05T23:06:56.311018+00:00,github-actions,823ac12bac50,2026-10-06,2026-10-05,5305d3b6bad9527a53e7,9b0b1adcafba0fea37db,close_to_close,0.0064332866103694,{},,disabled,,,,,Ridge,20261005T230634_bd0d3a8b43bb:price:20,price,20,2026-11-02,1개월,20.0,61.40999984741211,없음,,,61.40999984741211,53.01827820090576,69.80172149391846,0.8077601410934744,simple,0.0770571953290877,0.0775957067462107,0.0,0.0,0.0,,,,,,,,,,,,,,pending,True,2026-10-05T23:06:57.020613+00:00
3,20261005T235710_1c4672d51ec9,2026-10-05T23:57:27.095783+00:00,github-actions,823ac12bac50,2026-10-06,2026-10-05,580a816e491aede27bf7,9b0b1adcafba0fea37db,close_to_close,0.0063974921492912,{},,disabled,하락,0.3600396726085605,0.2880327302138306,0.3519275971776088,Logistic,20261005T235710_1c4672d51ec9:direction:Logistic,direction,1,2026-10-06,,,,,,,,,,,,,,,,,60.91999816894531,61.167999267578125,0.004912185002635017,1.0,0.0,,,,,,,1.2446811587276732,0.760378992754057,scored,True,2026-10-07T05:38:17.158369+00:00
3,20261005T235710_1c4672d51ec9,2026-10-05T23:57:27.095783+00:00,github-actions,823ac12bac50,2026-10-06,2026-10-05,580a816e491aede27bf7,9b0b1adcafba0fea37db,close_to_close,0.0063974921492912,{},,disabled,,,,,Ridge,20261005T235710_1c4672d51ec9:price:1,price,1,2026-10-06,1거래일,1.0,61.29999923706055,없음,,,61.29999923706055,59.692880903832894,62.9071175702882,0.7910447761194029,simple,0.0169461525299477,0.0169851241670063,0.0,0.0,0.0,60.91999816894531,61.167999267578125,-0.002153343737769875,,,,,,,1.0,0.13199996948242188,,,scored,True,2026-10-07T05:38:17.158369+00:00
3,20261005T235710_1c4672d51ec9,2026-10-05T23:57:27.095783+00:00,github-actions,823ac12bac50,2026-10-06,2026-10-05,580a816e491aede27bf7,9b0b1adcafba0fea37db,close_to_close,0.0063974921492912,{},,disabled,,,,,Ridge,20261005T235710_1c4672d51ec9:price:5,price,5,2026-10-12,1주일,5.0,61.29999923706055,없음,,,61.29999923706055,57.433426652422895,65.1665718216982,0.7688927943760984,simple,0.0402110118881623,0.0402424226524927,0.0,0.0,0.0,,,,,,,,,,,,,,pending,True,2026-10-05T23:57:27.294842+00:00
3,20261005T235710_1c4672d51ec9,2026-10-05T23:57:27.095783+00:00,github-actions,823ac12bac50,2026-10-06,2026-10-05,580a816e491aede27bf7,9b0b1adcafba0fea37db,close_to_close,0.0063974921492912,{},,disabled,,,,,Ridge,20261005T235710_1c4672d51ec9:price:20,price,20,2026-11-02,1개월,20.0,61.29999923706055,없음,,,61.29999923706055,52.96991670789642,69.63008176622468,0.8077601410934744,simple,0.0770586641524357,0.0775971754322403,0.0,0.0,0.0,,,,,,,,,,,,,,pending,True,2026-10-05T23:57:27.294842+00:00
3,20261006T014750_c9d564ac2b4e,2026-10-06T01:48:12.550811+00:00,github-actions,823ac12bac50,2026-10-06,2026-10-05,e4fbf8998d9f6c717379,9b0b1adcafba0fea37db,close_to_close,0.0063521985790809,{},,disabled,하락,0.3601325639149836,0.2888662938393094,0.3510011422457069,Logistic,20261006T014750_c9d564ac2b4e:direction:Logistic,direction,1,2026-10-06,,,,,,,,,,,,,,,,,60.91999816894531,61.167999267578125,0.004912185002635017,1.0,0.0,,,,,,,1.2417913490007884,0.7586084134876103,scored,False,2026-10-07T05:38:17.158369+00:00
3,20261006T014750_c9d564ac2b4e,2026-10-06T01:48:12.550811+00:00,github-actions,823ac12bac50,2026-10-06,2026-10-05,e4fbf8998d9f6c717379,9b0b1adcafba0fea37db,close_to_close,0.0063521985790809,{},,disabled,,,,,Ridge,20261006T014750_c9d564ac2b4e:price:1,price,1,2026-10-06,1거래일,1.0,61.150001525878906,없음,,,61.150001525878906,59.55816610895109,62.74183694280672,0.7910447761194029,simple,0.0169439568181761,0.0169829284510365,0.0,0.0,0.0,60.91999816894531,61.167999267578125,0.0002943211978760907,,,,,,,1.0,-0.01799774169921875,,,scored,False,2026-10-07T05:38:17.158369+00:00
3,20261006T014750_c9d564ac2b4e,2026-10-06T01:48:12.550811+00:00,github-actions,823ac12bac50,2026-10-06,2026-10-05,e4fbf8998d9f6c717379,9b0b1adcafba0fea37db,close_to_close,0.0063521985790809,{},,disabled,,,,,Ridge,20261006T014750_c9d564ac2b4e:price:5,price,5,2026-10-12,1주일,5.0,61.150001525878906,없음,,,61.150001525878906,57.3201981722036,64.97980487955421,0.7688927943760984,simple,0.0402123077921659,0.0402422791394068,0.0,0.0,0.0,,,,,,,,,,,,,,pending,False,2026-10-06T01:48:12.962066+00:00
3,20261006T014750_c9d564ac2b4e,2026-10-06T01:48:12.550811+00:00,github-actions,823ac12bac50,2026-10-06,2026-10-05,e4fbf8998d9f6c717379,9b0b1adcafba0fea37db,close_to_close,0.0063521985790809,{},,disabled,,,,,Ridge,20261006T014750_c9d564ac2b4e:price:20,price,20,2026-11-02,1개월,20.0,61.150001525878906,없음,,,61.150001525878906,52.89913404356715,69.40086900819065,0.8077601410934744,simple,0.0770606667582791,0.0775991781442452,0.0,0.0,0.0,,,,,,,,,,,,,,pending,False,2026-10-06T01:48:12.962066+00:00
3,20261006T063110_4ecd3d347a72,2026-10-06T06:31:33.367161+00:00,github-actions,823ac12bac50,2026-10-06,2026-10-05,d3a9f6a7b9dc38b14183,9b0b1adcafba0fea37db,close_to_close,0.0062785426348901,{},,disabled,하락,0.3575896922924402,0.2902608384351073,0.3521494692724524,Logistic,20261006T063110_4ecd3d347a72:direction:Logistic,direction,1,2026-10-06,,,,,,,,,,,,,,,,,60.91999816894531,61.167999267578125,0.004912185002635017,1.0,0.0,,,,,,,1.2369753173782982,0.755609314201509,scored,False,2026-10-07T05:38:17.158369+00:00
3,20261006T063110_4ecd3d347a72,2026-10-06T06:31:33.367161+00:00,github-actions,823ac12bac50,2026-10-06,2026-10-05,d3a9f6a7b9dc38b14183,9b0b1adcafba0fea37db,close_to_close,0.0062785426348901,{},,disabled,,,,,Ridge,20261006T063110_4ecd3d347a72:price:1,price,1,2026-10-06,1거래일,1.0,60.86899948120117,없음,,,60.86899948120117,59.30285207510114,62.43514688730121,0.7910447761194029,simple,0.0169398434175636,0.016978815050424,0.0,0.0,0.0,60.91999816894531,61.167999267578125,0.004912185002635017,,,,,,,1.0,-0.2989997863769531,,,scored,False,2026-10-07T05:38:17.158369+00:00
3,20261006T063110_4ecd3d347a72,2026-10-06T06:31:33.367161+00:00,github-actions,823ac12bac50,2026-10-06,2026-10-05,d3a9f6a7b9dc38b14183,9b0b1adcafba0fea37db,close_to_close,0.0062785426348901,{},,disabled,,,,,Ridge,20261006T063110_4ecd3d347a72:price:5,price,5,2026-10-12,1주일,5.0,60.86899948120117,없음,,,60.86899948120117,57.10099901805795,64.6369999443444,0.7688927943760984,simple,0.0402163412162206,0.0402463125634615,0.0,0.0,0.0,,,,,,,,,,,,,,pending,False,2026-10-06T06:31:33.777911+00:00
3,20261006T063110_4ecd3d347a72,2026-10-06T06:31:33.367161+00:00,github-actions,823ac12bac50,2026-10-06,2026-10-05,d3a9f6a7b9dc38b14183,9b0b1adcafba0fea37db,close_to_close,0.0062785426348901,{},,disabled,,,,,Ridge,20261006T063110_4ecd3d347a72:price:20,price,20,2026-11-02,1개월,20.0,60.86899948120117,없음,,,60.86899948120117,52.75127916408648,68.98671979831585,0.8077601410934744,simple,0.0770644185899826,0.0776029299759487,0.0,0.0,0.0,,,,,,,,,,,,,,pending,False,2026-10-06T06:31:33.777911+00:00
3,20261006T072904_6176a56feb25,2026-10-06T07:29:17.278372+00:00,github-actions,823ac12bac50,2026-10-06,2026-10-05,d3a9f6a7b9dc38b14183,9b0b1adcafba0fea37db,close_to_close,0.0062785426348901,{},,disabled,하락,0.3575897052027418,0.2902608261752886,0.3521494686219695,Logistic,20261006T072904_6176a56feb25:direction:Logistic,direction,1,2026-10-06,,,,,,,,,,,,,,,,,60.91999816894531,61.167999267578125,0.004912185002635017,1.0,0.0,,,,,,,1.236975359615546,0.7556093403791033,scored,False,2026-10-07T05:38:17.158369+00:00
3,20261006T072904_6176a56feb25,2026-10-06T07:29:17.278372+00:00,github-actions,823ac12bac50,2026-10-06,2026-10-05,d3a9f6a7b9dc38b14183,9b0b1adcafba0fea37db,close_to_close,0.0062785426348901,{},,disabled,,,,,Ridge,20261006T072904_6176a56feb25:price:1,price,1,2026-10-06,1거래일,1.0,60.86899948120117,없음,,,60.86899948120117,59.30285207510114,62.43514688730121,0.7910447761194029,simple,0.0169398434133654,0.016978815050424,0.0,0.0,0.0,60.91999816894531,61.167999267578125,0.004912185002635017,,,,,,,1.0,-0.2989997863769531,,,scored,False,2026-10-07T05:38:17.158369+00:00
3,20261006T072904_6176a56feb25,2026-10-06T07:29:17.278372+00:00,github-actions,823ac12bac50,2026-10-06,2026-10-05,d3a9f6a7b9dc38b14183,9b0b1adcafba0fea37db,close_to_close,0.0062785426348901,{},,disabled,,,,,Ridge,20261006T072904_6176a56feb25:price:5,price,5,2026-10-12,1주일,5.0,60.86899948120117,없음,,,60.86899948120117,57.10099901805795,64.6369999443444,0.7688927943760984,simple,0.0402163412374959,0.0402463125634615,0.0,0.0,0.0,,,,,,,,,,,,,,pending,False,2026-10-06T07:29:17.799102+00:00
3,20261006T072904_6176a56feb25,2026-10-06T07:29:17.278372+00:00,github-actions,823ac12bac50,2026-10-06,2026-10-05,d3a9f6a7b9dc38b14183,9b0b1adcafba0fea37db,close_to_close,0.0062785426348901,{},,disabled,,,,,Ridge,20261006T072904_6176a56feb25:price:20,price,20,2026-11-02,1개월,20.0,60.86899948120117,없음,,,60.86899948120117,52.75127916408648,68.98671979831585,0.8077601410934744,simple,0.0770644186961441,0.0776029299759487,0.0,0.0,0.0,,,,,,,,,,,,,,pending,False,2026-10-06T07:29:17.799102+00:00
3,20261006T074331_e69351a70b40,2026-10-06T07:43:53.964725+00:00,github-actions,823ac12bac50,2026-10-06,2026-10-05,d3a9f6a7b9dc38b14183,9b0b1adcafba0fea37db,close_to_close,0.0062785426348901,{},,disabled,하락,0.3575896922924402,0.2902608384351073,0.3521494692724524,Logistic,20261006T074331_e69351a70b40:direction:Logistic,direction,1,2026-10-06,,,,,,,,,,,,,,,,,60.91999816894531,61.167999267578125,0.004912185002635017,1.0,0.0,,,,,,,1.2369753173782982,0.755609314201509,scored,False,2026-10-07T05:38:17.158369+00:00
3,20261006T074331_e69351a70b40,2026-10-06T07:43:53.964725+00:00,github-actions,823ac12bac50,2026-10-06,2026-10-05,d3a9f6a7b9dc38b14183,9b0b1adcafba0fea37db,close_to_close,0.0062785426348901,{},,disabled,,,,,Ridge,20261006T074331_e69351a70b40:price:1,price,1,2026-10-06,1거래일,1.0,60.86899948120117,없음,,,60.86899948120117,59.30285207510114,62.43514688730121,0.7910447761194029,simple,0.0169398434175636,0.016978815050424,0.0,0.0,0.0,60.91999816894531,61.167999267578125,0.004912185002635017,,,,,,,1.0,-0.2989997863769531,,,scored,False,2026-10-07T05:38:17.158369+00:00
3,20261006T074331_e69351a70b40,2026-10-06T07:43:53.964725+00:00,github-actions,823ac12bac50,2026-10-06,2026-10-05,d3a9f6a7b9dc38b14183,9b0b1adcafba0fea37db,close_to_close,0.0062785426348901,{},,disabled,,,,,Ridge,20261006T074331_e69351a70b40:price:5,price,5,2026-10-12,1주일,5.0,60.86899948120117,없음,,,60.86899948120117,57.10099901805795,64.6369999443444,0.7688927943760984,simple,0.0402163412162206,0.0402463125634615,0.0,0.0,0.0,,,,,,,,,,,,,,pending,False,2026-10-06T07:43:54.351465+00:00
3,20261006T074331_e69351a70b40,2026-10-06T07:43:53.964725+00:00,github-actions,823ac12bac50,2026-10-06,2026-10-05,d3a9f6a7b9dc38b14183,9b0b1adcafba0fea37db,close_to_close,0.0062785426348901,{},,disabled,,,,,Ridge,20261006T074331_e69351a70b40:price:20,price,20,2026-11-02,1개월,20.0,60.86899948120117,없음,,,60.86899948120117,52.75127916408648,68.98671979831585,0.8077601410934744,simple,0.0770644185899826,0.0776029299759487,0.0,0.0,0.0,,,,,,,,,,,,,,pending,False,2026-10-06T07:43:54.351465+00:00
3,20261006T075245_0e17fac4032b,2026-10-06T07:53:04.675325+00:00,github-actions,823ac12bac50,2026-10-06,2026-10-05,d3a9f6a7b9dc38b14183,9b0b1adcafba0fea37db,close_to_close,0.0062785426348901,{},,disabled,하락,0.3575897052027418,0.2902608261752886,0.3521494686219695,Logistic,20261006T075245_0e17fac4032b:direction:Logistic,direction,1,2026-10-06,,,,,,,,,,,,,,,,,60.91999816894531,61.167999267578125,0.004912185002635017,1.0,0.0,,,,,,,1.236975359615546,0.7556093403791033,scored,False,2026-10-07T05:38:17.158369+00:00
3,20261006T075245_0e17fac4032b,2026-10-06T07:53:04.675325+00:00,github-actions,823ac12bac50,2026-10-06,2026-10-05,d3a9f6a7b9dc38b14183,9b0b1adcafba0fea37db,close_to_close,0.0062785426348901,{},,disabled,,,,,Ridge,20261006T075245_0e17fac4032b:price:1,price,1,2026-10-06,1거래일,1.0,60.86899948120117,없음,,,60.86899948120117,59.30285207510114,62.43514688730121,0.7910447761194029,simple,0.0169398434190001,0.016978815050424,0.0,0.0,0.0,60.91999816894531,61.167999267578125,0.004912185002635017,,,,,,,1.0,-0.2989997863769531,,,scored,False,2026-10-07T05:38:17.158369+00:00
3,20261006T075245_0e17fac4032b,2026-10-06T07:53:04.675325+00:00,github-actions,823ac12bac50,2026-10-06,2026-10-05,d3a9f6a7b9dc38b14183,9b0b1adcafba0fea37db,close_to_close,0.0062785426348901,{},,disabled,,,,,Ridge,20261006T075245_0e17fac4032b:price:5,price,5,2026-10-12,1주일,5.0,60.86899948120117,없음,,,60.86899948120117,57.10099901805795,64.6369999443444,0.7688927943760984,simple,0.0402163412425618,0.0402463125634615,0.0,0.0,0.0,,,,,,,,,,,,,,pending,False,2026-10-06T07:53:05.121926+00:00
3,20261006T075245_0e17fac4032b,2026-10-06T07:53:04.675325+00:00,github-actions,823ac12bac50,2026-10-06,2026-10-05,d3a9f6a7b9dc38b14183,9b0b1adcafba0fea37db,close_to_close,0.0062785426348901,{},,disabled,,,,,Ridge,20261006T075245_0e17fac4032b:price:20,price,20,2026-11-02,1개월,20.0,60.86899948120117,없음,,,60.86899948120117,52.75127916408648,68.98671979831585,0.8077601410934744,simple,0.0770644185588257,0.0776029299759487,0.0,0.0,0.0,,,,,,,,,,,,,,pending,False,2026-10-06T07:53:05.121926+00:00
3,20261006T080405_1f8a74bb58bd,2026-10-06T08:04:30.005941+00:00,github-actions,823ac12bac50,2026-10-06,2026-10-05,d3a9f6a7b9dc38b14183,9b0b1adcafba0fea37db,close_to_close,0.0062785426348901,{},,disabled,하락,0.3575896922924402,0.2902608384351073,0.3521494692724524,Logistic,20261006T080405_1f8a74bb58bd:direction:Logistic,direction,1,2026-10-06,,,,,,,,,,,,,,,,,60.91999816894531,61.167999267578125,0.004912185002635017,1.0,0.0,,,,,,,1.2369753173782982,0.755609314201509,scored,False,2026-10-07T05:38:17.158369+00:00
3,20261006T080405_1f8a74bb58bd,2026-10-06T08:04:30.005941+00:00,github-actions,823ac12bac50,2026-10-06,2026-10-05,d3a9f6a7b9dc38b14183,9b0b1adcafba0fea37db,close_to_close,0.0062785426348901,{},,disabled,,,,,Ridge,20261006T080405_1f8a74bb58bd:price:1,price,1,2026-10-06,1거래일,1.0,60.86899948120117,없음,,,60.86899948120117,59.30285207510114,62.43514688730121,0.7910447761194029,simple,0.0169398434175636,0.016978815050424,0.0,0.0,0.0,60.91999816894531,61.167999267578125,0.004912185002635017,,,,,,,1.0,-0.2989997863769531,,,scored,False,2026-10-07T05:38:17.158369+00:00
3,20261006T080405_1f8a74bb58bd,2026-10-06T08:04:30.005941+00:00,github-actions,823ac12bac50,2026-10-06,2026-10-05,d3a9f6a7b9dc38b14183,9b0b1adcafba0fea37db,close_to_close,0.0062785426348901,{},,disabled,,,,,Ridge,20261006T080405_1f8a74bb58bd:price:5,price,5,2026-10-12,1주일,5.0,60.86899948120117,없음,,,60.86899948120117,57.10099901805795,64.6369999443444,0.7688927943760984,simple,0.0402163412162206,0.0402463125634615,0.0,0.0,0.0,,,,,,,,,,,,,,pending,False,2026-10-06T08:04:30.575195+00:00
3,20261006T080405_1f8a74bb58bd,2026-10-06T08:04:30.005941+00:00,github-actions,823ac12bac50,2026-10-06,2026-10-05,d3a9f6a7b9dc38b14183,9b0b1adcafba0fea37db,close_to_close,0.0062785426348901,{},,disabled,,,,,Ridge,20261006T080405_1f8a74bb58bd:price:20,price,20,2026-11-02,1개월,20.0,60.86899948120117,없음,,,60.86899948120117,52.75127916408648,68.98671979831585,0.8077601410934744,simple,0.0770644185899826,0.0776029299759487,0.0,0.0,0.0,,,,,,,,,,,,,,pending,False,2026-10-06T08:04:30.575195+00:00
3,20261006T081719_2bac190b2b10,2026-10-06T08:17:32.854412+00:00,github-actions,823ac12bac50,2026-10-06,2026-10-05,d3a9f6a7b9dc38b14183,9b0b1adcafba0fea37db,close_to_close,0.0062785426348901,{},,disabled,하락,0.3575897052027418,0.2902608261752886,0.3521494686219695,Logistic,20261006T081719_2bac190b2b10:direction:Logistic,direction,1,2026-10-06,,,,,,,,,,,,,,,,,60.91999816894531,61.167999267578125,0.004912185002635017,1.0,0.0,,,,,,,1.236975359615546,0.7556093403791033,scored,False,2026-10-07T05:38:17.158369+00:00
3,20261006T081719_2bac190b2b10,2026-10-06T08:17:32.854412+00:00,github-actions,823ac12bac50,2026-10-06,2026-10-05,d3a9f6a7b9dc38b14183,9b0b1adcafba0fea37db,close_to_close,0.0062785426348901,{},,disabled,,,,,Ridge,20261006T081719_2bac190b2b10:price:1,price,1,2026-10-06,1거래일,1.0,60.86899948120117,없음,,,60.86899948120117,59.30285207510114,62.43514688730121,0.7910447761194029,simple,0.0169398434133654,0.016978815050424,0.0,0.0,0.0,60.91999816894531,61.167999267578125,0.004912185002635017,,,,,,,1.0,-0.2989997863769531,,,scored,False,2026-10-07T05:38:17.158369+00:00
3,20261006T081719_2bac190b2b10,2026-10-06T08:17:32.854412+00:00,github-actions,823ac12bac50,2026-10-06,2026-10-05,d3a9f6a7b9dc38b14183,9b0b1adcafba0fea37db,close_to_close,0.0062785426348901,{},,disabled,,,,,Ridge,20261006T081719_2bac190b2b10:price:5,price,5,2026-10-12,1주일,5.0,60.86899948120117,없음,,,60.86899948120117,57.10099901805795,64.6369999443444,0.7688927943760984,simple,0.0402163412374959,0.0402463125634615,0.0,0.0,0.0,,,,,,,,,,,,,,pending,False,2026-10-06T08:17:33.307426+00:00
3,20261006T081719_2bac190b2b10,2026-10-06T08:17:32.854412+00:00,github-actions,823ac12bac50,2026-10-06,2026-10-05,d3a9f6a7b9dc38b14183,9b0b1adcafba0fea37db,close_to_close,0.0062785426348901,{},,disabled,,,,,Ridge,20261006T081719_2bac190b2b10:price:20,price,20,2026-11-02,1개월,20.0,60.86899948120117,없음,,,60.86899948120117,52.75127916408648,68.98671979831585,0.8077601410934744,simple,0.0770644186961441,0.0776029299759487,0.0,0.0,0.0,,,,,,,,,,,,,,pending,False,2026-10-06T08:17:33.307426+00:00
3,20261006T083422_dc126de5c838,2026-10-06T08:34:45.105973+00:00,github-actions,823ac12bac50,2026-10-06,2026-10-05,d3a9f6a7b9dc38b14183,9b0b1adcafba0fea37db,close_to_close,0.0062785426348901,{},,disabled,하락,0.3575896922924402,0.2902608384351073,0.3521494692724524,Logistic,20261006T083422_dc126de5c838:direction:Logistic,direction,1,2026-10-06,,,,,,,,,,,,,,,,,60.91999816894531,61.167999267578125,0.004912185002635017,1.0,0.0,,,,,,,1.2369753173782982,0.755609314201509,scored,False,2026-10-07T05:38:17.158369+00:00
3,20261006T083422_dc126de5c838,2026-10-06T08:34:45.105973+00:00,github-actions,823ac12bac50,2026-10-06,2026-10-05,d3a9f6a7b9dc38b14183,9b0b1adcafba0fea37db,close_to_close,0.0062785426348901,{},,disabled,,,,,Ridge,20261006T083422_dc126de5c838:price:1,price,1,2026-10-06,1거래일,1.0,60.86899948120117,없음,,,60.86899948120117,59.30285207510114,62.43514688730121,0.7910447761194029,simple,0.0169398434175636,0.016978815050424,0.0,0.0,0.0,60.91999816894531,61.167999267578125,0.004912185002635017,,,,,,,1.0,-0.2989997863769531,,,scored,False,2026-10-07T05:38:17.158369+00:00
3,20261006T083422_dc126de5c838,2026-10-06T08:34:45.105973+00:00,github-actions,823ac12bac50,2026-10-06,2026-10-05,d3a9f6a7b9dc38b14183,9b0b1adcafba0fea37db,close_to_close,0.0062785426348901,{},,disabled,,,,,Ridge,20261006T083422_dc126de5c838:price:5,price,5,2026-10-12,1주일,5.0,60.86899948120117,없음,,,60.86899948120117,57.10099901805795,64.6369999443444,0.7688927943760984,simple,0.0402163412162206,0.0402463125634615,0.0,0.0,0.0,,,,,,,,,,,,,,pending,False,2026-10-06T08:34:45.607929+00:00
3,20261006T083422_dc126de5c838,2026-10-06T08:34:45.105973+00:00,github-actions,823ac12bac50,2026-10-06,2026-10-05,d3a9f6a7b9dc38b14183,9b0b1adcafba0fea37db,close_to_close,0.0062785426348901,{},,disabled,,,,,Ridge,20261006T083422_dc126de5c838:price:20,price,20,2026-11-02,1개월,20.0,60.86899948120117,없음,,,60.86899948120117,52.75127916408648,68.98671979831585,0.8077601410934744,simple,0.0770644185899826,0.0776029299759487,0.0,0.0,0.0,,,,,,,,,,,,,,pending,False,2026-10-06T08:34:45.607929+00:00
3,20261006T085527_9c4dad22c6bd,2026-10-06T08:55:41.301247+00:00,github-actions,823ac12bac50,2026-10-06,2026-10-05,d3a9f6a7b9dc38b14183,9b0b1adcafba0fea37db,close_to_close,0.0062785426348901,{},,disabled,하락,0.3575897052027418,0.2902608261752886,0.3521494686219695,Logistic,20261006T085527_9c4dad22c6bd:direction:Logistic,direction,1,2026-10-06,,,,,,,,,,,,,,,,,60.91999816894531,61.167999267578125,0.004912185002635017,1.0,0.0,,,,,,,1.236975359615546,0.7556093403791033,scored,False,2026-10-07T05:38:17.158369+00:00
3,20261006T085527_9c4dad22c6bd,2026-10-06T08:55:41.301247+00:00,github-actions,823ac12bac50,2026-10-06,2026-10-05,d3a9f6a7b9dc38b14183,9b0b1adcafba0fea37db,close_to_close,0.0062785426348901,{},,disabled,,,,,Ridge,20261006T085527_9c4dad22c6bd:price:1,price,1,2026-10-06,1거래일,1.0,60.86899948120117,없음,,,60.86899948120117,59.30285207510114,62.43514688730121,0.7910447761194029,simple,0.0169398434133654,0.016978815050424,0.0,0.0,0.0,60.91999816894531,61.167999267578125,0.004912185002635017,,,,,,,1.0,-0.2989997863769531,,,scored,False,2026-10-07T05:38:17.158369+00:00
3,20261006T085527_9c4dad22c6bd,2026-10-06T08:55:41.301247+00:00,github-actions,823ac12bac50,2026-10-06,2026-10-05,d3a9f6a7b9dc38b14183,9b0b1adcafba0fea37db,close_to_close,0.0062785426348901,{},,disabled,,,,,Ridge,20261006T085527_9c4dad22c6bd:price:5,price,5,2026-10-12,1주일,5.0,60.86899948120117,없음,,,60.86899948120117,57.10099901805795,64.6369999443444,0.7688927943760984,simple,0.0402163412374959,0.0402463125634615,0.0,0.0,0.0,,,,,,,,,,,,,,pending,False,2026-10-06T08:55:42.054437+00:00
3,20261006T085527_9c4dad22c6bd,2026-10-06T08:55:41.301247+00:00,github-actions,823ac12bac50,2026-10-06,2026-10-05,d3a9f6a7b9dc38b14183,9b0b1adcafba0fea37db,close_to_close,0.0062785426348901,{},,disabled,,,,,Ridge,20261006T085527_9c4dad22c6bd:price:20,price,20,2026-11-02,1개월,20.0,60.86899948120117,없음,,,60.86899948120117,52.75127916408648,68.98671979831585,0.8077601410934744,simple,0.0770644186961441,0.0776029299759487,0.0,0.0,0.0,,,,,,,,,,,,,,pending,False,2026-10-06T08:55:42.054437+00:00
3,20261006T112034_6088f8ad469c,2026-10-06T11:20:57.679594+00:00,github-actions,823ac12bac50,2026-10-06,2026-10-05,d3a9f6a7b9dc38b14183,9b0b1adcafba0fea37db,close_to_close,0.0062785426348901,{},,disabled,하락,0.3575896922924402,0.2902608384351073,0.3521494692724524,Logistic,20261006T112034_6088f8ad469c:direction:Logistic,direction,1,2026-10-06,,,,,,,,,,,,,,,,,60.91999816894531,61.167999267578125,0.004912185002635017,1.0,0.0,,,,,,,1.2369753173782982,0.755609314201509,scored,False,2026-10-07T05:38:17.158369+00:00
3,20261006T112034_6088f8ad469c,2026-10-06T11:20:57.679594+00:00,github-actions,823ac12bac50,2026-10-06,2026-10-05,d3a9f6a7b9dc38b14183,9b0b1adcafba0fea37db,close_to_close,0.0062785426348901,{},,disabled,,,,,Ridge,20261006T112034_6088f8ad469c:price:1,price,1,2026-10-06,1거래일,1.0,60.86899948120117,없음,,,60.86899948120117,59.30285207510114,62.43514688730121,0.7910447761194029,simple,0.0169398434175636,0.016978815050424,0.0,0.0,0.0,60.91999816894531,61.167999267578125,0.004912185002635017,,,,,,,1.0,-0.2989997863769531,,,scored,False,2026-10-07T05:38:17.158369+00:00
3,20261006T112034_6088f8ad469c,2026-10-06T11:20:57.679594+00:00,github-actions,823ac12bac50,2026-10-06,2026-10-05,d3a9f6a7b9dc38b14183,9b0b1adcafba0fea37db,close_to_close,0.0062785426348901,{},,disabled,,,,,Ridge,20261006T112034_6088f8ad469c:price:5,price,5,2026-10-12,1주일,5.0,60.86899948120117,없음,,,60.86899948120117,57.10099901805795,64.6369999443444,0.7688927943760984,simple,0.0402163412162206,0.0402463125634615,0.0,0.0,0.0,,,,,,,,,,,,,,pending,False,2026-10-06T11:20:58.212454+00:00
3,20261006T112034_6088f8ad469c,2026-10-06T11:20:57.679594+00:00,github-actions,823ac12bac50,2026-10-06,2026-10-05,d3a9f6a7b9dc38b14183,9b0b1adcafba0fea37db,close_to_close,0.0062785426348901,{},,disabled,,,,,Ridge,20261006T112034_6088f8ad469c:price:20,price,20,2026-11-02,1개월,20.0,60.86899948120117,없음,,,60.86899948120117,52.75127916408648,68.98671979831585,0.8077601410934744,simple,0.0770644185899826,0.0776029299759487,0.0,0.0,0.0,,,,,,,,,,,,,,pending,False,2026-10-06T11:20:58.212454+00:00
3,20261006T212127_beac6b5b826c,2026-10-06T21:21:47.145187+00:00,github-actions,823ac12bac50,2026-10-07,2026-10-06,4c1be330cceea0dcd144,9b0b1adcafba0fea37db,close_to_close,0.0063707429334614,{},,disabled,하락,0.3594936223969518,0.2864926271400169,0.3540137504630313,Logistic,20261006T212127_beac6b5b826c:direction:Logistic,direction,1,2026-10-07,,,,,,,,,,,,,,,,,,,,,,,,,,,,,,missing_actual,True,2026-10-07T13:37:04.439590+00:00
3,20261006T212127_beac6b5b826c,2026-10-06T21:21:47.145187+00:00,github-actions,823ac12bac50,2026-10-07,2026-10-06,4c1be330cceea0dcd144,9b0b1adcafba0fea37db,close_to_close,0.0063707429334614,{},,disabled,,,,,Ridge,20261006T212127_beac6b5b826c:price:1,price,1,2026-10-07,1거래일,1.0,61.70500183105469,없음,,,61.70500183105469,60.09402952232186,63.31597413978752,0.7910447761194029,simple,0.0169269057082173,0.016965410036514,0.0,0.0,0.0,,,,,,,,,,,,,,missing_actual,True,2026-10-07T13:37:04.439590+00:00
3,20261006T212127_beac6b5b826c,2026-10-06T21:21:47.145187+00:00,github-actions,823ac12bac50,2026-10-07,2026-10-06,4c1be330cceea0dcd144,9b0b1adcafba0fea37db,close_to_close,0.0063707429334614,{},,disabled,,,,,Ridge,20261006T212127_beac6b5b826c:price:5,price,5,2026-10-13,1주일,5.0,61.70500183105469,없음,,,61.70500183105469,57.82915695095373,65.58084671115564,0.7688927943760984,simple,0.0402117026981468,0.0402423938718242,0.0,0.0,0.0,,,,,,,,,,,,,,pending,True,2026-10-06T21:21:47.747233+00:00
3,20261006T212127_beac6b5b826c,2026-10-06T21:21:47.145187+00:00,github-actions,823ac12bac50,2026-10-07,2026-10-06,4c1be330cceea0dcd144,9b0b1adcafba0fea37db,close_to_close,0.0063707429334614,{},,disabled,,,,,Ridge,20261006T212127_beac6b5b826c:price:20,price,20,2026-11-03,1개월,20.0,61.70500183105469,없음,,,61.70500183105469,53.3582424755101,70.05176118659926,0.8079295154185022,simple,0.0770637788774541,0.0775955829015342,0.0,0.0,0.0,,,,,,,,,,,,,,pending,True,2026-10-06T21:21:47.747233+00:00
3,20261006T212832_4e86127e9931,2026-10-06T21:28:53.919293+00:00,github-actions,823ac12bac50,2026-10-07,2026-10-06,3140834a840c25705db1,9b0b1adcafba0fea37db,close_to_close,0.006369700648563,{},,disabled,하락,0.3595269438058704,0.2864794618135077,0.3539935943806219,Logistic,20261006T212832_4e86127e9931:direction:Logistic,direction,1,2026-10-07,,,,,,,,,,,,,,,,,,,,,,,,,,,,,,missing_actual,True,2026-10-07T13:37:04.439590+00:00
3,20261006T212832_4e86127e9931,2026-10-06T21:28:53.919293+00:00,github-actions,823ac12bac50,2026-10-07,2026-10-06,3140834a840c25705db1,9b0b1adcafba0fea37db,close_to_close,0.006369700648563,{},,disabled,,,,,Ridge,20261006T212832_4e86127e9931:price:1,price,1,2026-10-07,1거래일,1.0,61.70000076293945,없음,,,61.70000076293945,60.0894225619568,63.31057896392212,0.7910447761194029,simple,0.0169268335731009,0.0169653379020378,0.0,0.0,0.0,,,,,,,,,,,,,,missing_actual,True,2026-10-07T13:37:04.439590+00:00
3,20261006T212832_4e86127e9931,2026-10-06T21:28:53.919293+00:00,github-actions,823ac12bac50,2026-10-07,2026-10-06,3140834a840c25705db1,9b0b1adcafba0fea37db,close_to_close,0.006369700648563,{},,disabled,,,,,Ridge,20261006T212832_4e86127e9931:price:5,price,5,2026-10-13,1주일,5.0,61.70000076293945,없음,,,61.70000076293945,57.82510406828987,65.57489745758905,0.7688927943760984,simple,0.0402116302646357,0.0402423214347609,0.0,0.0,0.0,,,,,,,,,,,,,,pending,True,2026-10-06T21:28:54.636517+00:00
3,20261006T212832_4e86127e9931,2026-10-06T21:28:53.919293+00:00,github-actions,823ac12bac50,2026-10-07,2026-10-06,3140834a840c25705db1,9b0b1adcafba0fea37db,close_to_close,0.006369700648563,{},,disabled,,,,,Ridge,20261006T212832_4e86127e9931:price:20,price,20,2026-11-03,1개월,20.0,61.70000076293945,없음,,,61.70000076293945,53.35528335593302,70.04471816994588,0.8079295154185022,simple,0.0770638453331656,0.0775956493634799,0.0,0.0,0.0,,,,,,,,,,,,,,pending,True,2026-10-06T21:28:54.636517+00:00
3,20261007T002733_fcc567ead829,2026-10-07T00:27:52.086514+00:00,github-actions,823ac12bac50,2026-10-07,2026-10-06,e8ceab5805fc340decab,9b0b1adcafba0fea37db,close_to_close,0.0063914119627882,{},,disabled,하락,0.3603388563165544,0.2881864341344683,0.3514747095489773,Logistic,20261007T002733_fcc567ead829:direction:Logistic,direction,1,2026-10-07,,,,,,,,,,,,,,,,,,,,,,,,,,,,,,missing_actual,False,2026-10-07T13:37:04.439590+00:00
3,20261007T002733_fcc567ead829,2026-10-07T00:27:52.086514+00:00,github-actions,823ac12bac50,2026-10-07,2026-10-06,e8ceab5805fc340decab,9b0b1adcafba0fea37db,close_to_close,0.0063914119627882,{},,disabled,,,,,Ridge,20261007T002733_fcc567ead829:price:1,price,1,2026-10-07,1거래일,1.0,61.79999923706055,없음,,,61.79999923706055,60.18131213749353,63.418686336627566,0.7910447761194029,simple,0.0169282759327412,0.0169667802614266,0.0,0.0,0.0,,,,,,,,,,,,,,missing_actual,False,2026-10-07T13:37:04.439590+00:00
3,20261007T002733_fcc567ead829,2026-10-07T00:27:52.086514+00:00,github-actions,823ac12bac50,2026-10-07,2026-10-06,e8ceab5805fc340decab,9b0b1adcafba0fea37db,close_to_close,0.0063914119627882,{},,disabled,,,,,Ridge,20261007T002733_fcc567ead829:price:5,price,5,2026-10-13,1주일,5.0,61.79999923706055,없음,,,61.79999923706055,57.90559331007277,65.69440516404833,0.7688927943760984,simple,0.0402130786738192,0.0402437698445063,0.0,0.0,0.0,,,,,,,,,,,,,,pending,False,2026-10-07T00:27:52.768410+00:00
3,20261007T002733_fcc567ead829,2026-10-07T00:27:52.086514+00:00,github-actions,823ac12bac50,2026-10-07,2026-10-06,e8ceab5805fc340decab,9b0b1adcafba0fea37db,close_to_close,0.0063914119627882,{},,disabled,,,,,Ridge,20261007T002733_fcc567ead829:price:20,price,20,2026-11-03,1개월,20.0,61.79999923706055,없음,,,61.79999923706055,53.413268056908976,70.18673041721213,0.8079295154185022,simple,0.0770625165366249,0.077594320428741,0.0,0.0,0.0,,,,,,,,,,,,,,pending,False,2026-10-07T00:27:52.768410+00:00
3,20261007T004951_eb0d123a614a,2026-10-07T00:50:13.157040+00:00,github-actions,823ac12bac50,2026-10-07,2026-10-06,b4172dacbb004473e756,9b0b1adcafba0fea37db,close_to_close,0.0063666021807588,{},,disabled,하락,0.3587172229080678,0.2875854829761961,0.3536972941157359,Logistic,20261007T004951_eb0d123a614a:direction:Logistic,direction,1,2026-10-07,,,,,,,,,,,,,,,,,,,,,,,,,,,,,,missing_actual,False,2026-10-07T13:37:04.439590+00:00
3,20261007T004951_eb0d123a614a,2026-10-07T00:50:13.157040+00:00,github-actions,823ac12bac50,2026-10-07,2026-10-06,b4172dacbb004473e756,9b0b1adcafba0fea37db,close_to_close,0.0063666021807588,{},,disabled,,,,,Ridge,20261007T004951_eb0d123a614a:price:1,price,1,2026-10-07,1거래일,1.0,61.685001373291016,없음,,,61.685001373291016,60.0755979638184,63.29440478276364,0.7910447761194029,simple,0.0169266172246948,0.0169651215536317,0.0,0.0,0.0,,,,,,,,,,,,,,missing_actual,False,2026-10-07T13:37:04.439590+00:00
3,20261007T004951_eb0d123a614a,2026-10-07T00:50:13.157040+00:00,github-actions,823ac12bac50,2026-10-07,2026-10-06,b4172dacbb004473e756,9b0b1adcafba0fea37db,close_to_close,0.0063666021807588,{},,disabled,,,,,Ridge,20261007T004951_eb0d123a614a:price:5,price,5,2026-10-13,1주일,5.0,61.685001373291016,없음,,,61.685001373291016,57.812931114350285,65.55707163223174,0.7688927943760984,simple,0.0402114130086993,0.0402421041788245,0.0,0.0,0.0,,,,,,,,,,,,,,pending,False,2026-10-07T00:50:13.842514+00:00
3,20261007T004951_eb0d123a614a,2026-10-07T00:50:13.157040+00:00,github-actions,823ac12bac50,2026-10-07,2026-10-06,b4172dacbb004473e756,9b0b1adcafba0fea37db,close_to_close,0.0063666021807588,{},,disabled,,,,,Ridge,20261007T004951_eb0d123a614a:price:20,price,20,2026-11-03,1개월,20.0,61.685001373291016,없음,,,61.685001373291016,53.346370788493815,70.02363195808822,0.8079295154185022,simple,0.0770640446683068,0.0775958486986211,0.0,0.0,0.0,,,,,,,,,,,,,,pending,False,2026-10-07T00:50:13.842514+00:00
3,20261007T053758_e0222cc661e0,2026-10-07T05:38:16.354837+00:00,github-actions,823ac12bac50,2026-10-07,2026-10-06,4335de0837aa61f7550b,9b0b1adcafba0fea37db,close_to_close,0.0062854963377038,{},,disabled,하락,0.3565205131464593,0.291430009089329,0.3520494777642117,Logistic,20261007T053758_e0222cc661e0:direction:Logistic,direction,1,2026-10-07,,,,,,,,,,,,,,,,,,,,,,,,,,,,,,missing_actual,False,2026-10-07T13:37:04.439590+00:00
3,20261007T053758_e0222cc661e0,2026-10-07T05:38:16.354837+00:00,github-actions,823ac12bac50,2026-10-07,2026-10-06,4335de0837aa61f7550b,9b0b1adcafba0fea37db,close_to_close,0.0062854963377038,{},,disabled,,,,,Ridge,20261007T053758_e0222cc661e0:price:1,price,1,2026-10-07,1거래일,1.0,61.167999267578125,없음,,,61.167999267578125,59.59241557284364,62.74358296231261,0.7910447761194029,simple,0.0169191600827473,0.0169576644114326,0.0,0.0,0.0,,,,,,,,,,,,,,missing_actual,False,2026-10-07T13:37:04.439590+00:00
3,20261007T053758_e0222cc661e0,2026-10-07T05:38:16.354837+00:00,github-actions,823ac12bac50,2026-10-07,2026-10-06,4335de0837aa61f7550b,9b0b1adcafba0fea37db,close_to_close,0.0062854963377038,{},,disabled,,,,,Ridge,20261007T053758_e0222cc661e0:price:5,price,5,2026-10-13,1주일,5.0,61.167999267578125,없음,,,61.167999267578125,57.377295998934926,64.95870253622132,0.7688927943760984,simple,0.0402039245849901,0.0402346157556772,0.0,0.0,0.0,,,,,,,,,,,,,,pending,False,2026-10-07T05:38:17.158369+00:00
3,20261007T053758_e0222cc661e0,2026-10-07T05:38:16.354837+00:00,github-actions,823ac12bac50,2026-10-07,2026-10-06,4335de0837aa61f7550b,9b0b1adcafba0fea37db,close_to_close,0.0062854963377038,{},,disabled,,,,,Ridge,20261007T053758_e0222cc661e0:price:20,price,20,2026-11-03,1개월,20.0,61.167999267578125,없음,,,61.167999267578125,53.00459517107132,69.33140336408495,0.8079295154185022,simple,0.0770709155319271,0.0776027194240433,0.0,0.0,0.0,,,,,,,,,,,,,,pending,False,2026-10-07T05:38:17.158369+00:00
